"last_name, first_name","player_id","year","player_age","ab","pa","hit","single","double","triple","home_run","strikeout","walk","k_percent","bb_percent","batting_avg","slg_percent","on_base_percent","on_base_plus_slg","isolated_power","babip","b_rbi","b_lob","b_total_bases","r_total_caught_stealing","r_total_stolen_base","b_ab_scoring","b_ball","b_called_strike","b_catcher_interf","b_foul","b_foul_tip","b_game","b_gnd_into_dp","b_gnd_into_tp","b_gnd_rule_double","b_hit_by_pitch","b_hit_ground","b_hit_fly","b_hit_into_play","b_hit_line_drive","b_hit_popup","b_out_fly","b_out_ground","b_out_line_drive","b_out_popup","b_intent_ball","b_intent_walk","b_interference","b_pinch_hit","b_pinch_run","b_pitchout","b_played_dh","b_sac_bunt","b_sac_fly","b_swinging_strike","r_caught_stealing_2b","r_caught_stealing_3b","r_caught_stealing_home","r_defensive_indiff","r_interference","r_pickoff_1b","r_pickoff_2b","r_pickoff_3b","r_run","r_stolen_base_2b","r_stolen_base_3b","r_stolen_base_home","b_total_ball","b_total_sacrifices","b_total_strike","b_total_swinging_strike","b_total_pitches","r_stolen_base_pct","r_total_pickoff","b_reached_on_error","b_walkoff","b_reached_on_int","xba","xslg","woba","xwoba","xobp","xiso","wobacon","xwobacon","bacon","xbacon","xbadiff","xslgdiff","wobadiff","avg_swing_speed","fast_swing_rate","blasts_contact","blasts_swing","squared_up_contact","squared_up_swing","avg_swing_length","swords","attack_angle","attack_direction","ideal_angle_rate","vertical_swing_path","exit_velocity_avg","launch_angle_avg","sweet_spot_percent","barrel","barrel_batted_rate","solidcontact_percent","flareburner_percent","poorlyunder_percent","poorlytopped_percent","poorlyweak_percent","hard_hit_percent","avg_best_speed","avg_hyper_speed","z_swing_percent","z_swing_miss_percent","oz_swing_percent","oz_swing_miss_percent","oz_contact_percent","out_zone_swing_miss","out_zone_swing","out_zone_percent","out_zone","meatball_swing_percent","meatball_percent","pitch_count_offspeed","pitch_count_fastball","pitch_count_breaking","pitch_count","iz_contact_percent","in_zone_swing_miss","in_zone_swing","in_zone_percent","in_zone","edge_percent","edge","whiff_percent","swing_percent","pull_percent","straightaway_percent","opposite_percent","batted_ball","f_strike_percent","groundballs_percent","groundballs","flyballs_percent","flyballs","linedrives_percent","linedrives","popups_percent","popups","pop_2b_sba_count","pop_2b_sba","pop_2b_sb","pop_2b_cs","pop_3b_sba_count","pop_3b_sba","pop_3b_sb","pop_3b_cs","exchange_2b_3b_sba","maxeff_arm_2b_3b_sba","n_outs_above_average","n_fieldout_5stars","n_opp_5stars","n_5star_percent","n_fieldout_4stars","n_opp_4stars","n_4star_percent","n_fieldout_3stars","n_opp_3stars","n_3star_percent","n_fieldout_2stars","n_opp_2stars","n_2star_percent","n_fieldout_1stars","n_opp_1stars","n_1star_percent","rel_league_reaction_distance","rel_league_burst_distance","rel_league_routing_distance","rel_league_bootup_distance","f_bootup_distance","n_bolts","hp_to_1b","sprint_speed"
"Horwitz, Spencer",687462,2025,27,117,129,30,20,9,0,1,33,11,25.6,8.5,".256",".359",".326","0.685","0.103",".349","10","51","42","0","0","26","194","90","0","121","5","33","4","0","1","1","8","3","84","18","1","17","26","7","4","0","1","0","4","0","0","0","0","0","52","0","0","0","0","0","0","0","0","14","0","0","0","205","0","357","52","562",,"0","0","0","0",".250",".387",".304",".309",".321",".137",".371",".381",".357",".350",".006","-0.028","-0.005","68.1",4.8,8.3,6.5,29.3,22.9,"6.9",7,8.5,1,37.2,36.4,"87.1","14.3",44,9,10.7,4.8,29.8,17.9,28.6,7.1,41.7,"98.768584762","93.488191566",65.4,16.2,26.8,42.9,57.1,30,70,46.4,261,63,8.2,81,336,131,562,83.8,32,197,53.6,301,43.1,242,23.2,47.5,29.8,41.7,28.6,84,62,40.5,34,23.8,20,29.8,25,6,5,,,,,,,,,,,,,,,,,,,,,,,,,,,,,,,,,"4.75","25.4"
"Vázquez, Christian",543877,2025,34,128,142,22,14,6,0,2,24,12,16.9,8.5,".172",".266",".246","0.512","0.094",".194","9","63","34","1","0","33","198","94","0","92","4","42","2","0","0","0","5","3","103","14","0","25","32","14","8","0","0","0","2","0","0","0","0","1","38","1","0","0","0","0","1","1","0","10","0","0","0","207","1","332","38","539",,"2","2","0","0",".214",".316",".234",".270",".286",".102",".230",".279",".210",".263","-0.042","-0.050","-0.036","67.3",2.8,7.7,6.6,34.8,29.9,"6.8",5,7.9,-1.7,59.2,26.5,"86","15.3",37.1,6,5.7,2.9,25.7,32.4,30.5,2.9,27.6,"96.12892283","92.108432286",62.3,11.8,26,31.5,68.5,23,73,50.7,281,74.4,7,46,363,103,554,88.2,20,170,49.3,273,41.2,228,17.7,43.9,41.9,36.2,21.9,105,59.2,36.2,38,27.6,29,28.6,30,7.6,8,"24","1.94","1.94","1.95","0",,,,"0.59","80.2",,,,,,,,,,,,,,,,,,,,,,,"4.85","24.8"
"Pauley, Graham",688363,2025,24,81,89,17,11,6,0,0,21,6,23.6,6.7,".210",".284",".261","0.545","0.074",".279","5","36","23","0","0","21","112","56","0","52","4","28","1","0","0","0","5","1","62","11","0","16","19","4","6","0","0","0","2","0","0","0","1","1","36","0","0","0","0","0","1","0","0","6","0","0","0","114","2","214","36","328",,"1","0","0","0",".220",".331",".244",".278",".278",".111",".284",".332",".279",".302","-0.010","-0.047","-0.034","70.6",8.8,13.1,9.6,38.4,27.9,"7.2",4,9.5,-1.3,56.6,29,"88.6","15.6",30.6,4,6.5,4.8,24.2,32.3,27.4,4.8,41.9,"99.064756452","93.644207541",63.5,20.4,31.6,42,58,21,50,48.2,158,58.3,7.3,71,184,54,328,78.7,22,108,51.8,170,44.2,145,27.2,48.2,37.1,35.5,27.4,62,61.8,38.7,24,27.4,17,24.2,15,9.7,6,,,,,,,,,,,,,,,,,,,,,,,,,,,,,,,,,"4.43","26.6"
"Kim, Hyeseong",808975,2025,26,78,83,29,21,5,1,2,17,4,20.5,4.8,".372",".538",".410","0.948","0.166",".458","12","23","42","0","6","20","97","68","0","56","1","35","0","0","2","1","12","6","61","11","0","6","20","5","1","0","0","0","8","5","0","0","0","0","34","0","0","0","0","0","1","0","0","15","6","0","0","105","0","225","34","330",,"1","1","0","0",".287",".416",".412",".326",".330",".129",".503",".386",".475",".367",".085",".122",".086","68.7",4.3,7.4,5.8,40.7,31.7,"7.2",2,10.1,-1.3,44.6,41.9,"87.7","7.1",42.6,2,3.3,6.6,36.1,14.8,37.7,1.6,29.5,"96.440735806","92.378322459",65.7,14.8,27.1,50,50,21,42,47,155,76,7.6,40,183,81,330,83.5,17,115,53,175,44.8,148,24.2,47.6,39.3,37.7,23,61,60.2,52.5,32,19.7,12,26.2,16,1.6,1,,,,,,,,,,,"-1","0","2","0.0","0","2","0.0","1","1","100.0","0","0",,"0","0",,"-1","-2.7","-1.6","-5.3","28.6",,"4.07","28.7"
"Marchán, Rafael",665561,2025,26,53,61,10,7,2,0,1,11,7,18,11.5,".189",".283",".295","0.578","0.094",".220","5","33","15","0","0","17","94","46","0","34","1","21","1","0","0","1","1","2","41","7","0","7","19","2","3","0","0","0","0","0","0","0","0","0","20","0","0","0","0","0","0","0","0","5","0","0","0","99","0","144","20","243",,"0","0","0","0",".223",".303",".269",".288",".325",".080",".257",".285",".238",".281","-0.034","-0.020","-0.019","66.1",0,6.1,4.8,40.9,32.5,"7.5",3,12.8,-1.8,48.2,32.2,"85.2","9.8",31,1,2.4,2.4,28.6,23.8,40.5,2.4,19,"94.07015619","91.327171429",60,16,20.7,44,56,11,25,49.2,121,86.4,8.9,39,132,56,246,84,12,75,50.8,125,41.5,102,23,40.7,50,28.6,21.4,42,60.7,47.6,20,23.8,10,21.4,9,7.1,3,"13","1.9","1.92","1.88","0",,,,"0.62","87.2",,,,,,,,,,,,,,,,,,,,,,,,"26.4"
"Ramírez, Agustín",682663,2025,23,223,239,55,30,13,0,12,43,15,18,6.3,".247",".466",".293","0.759","0.219",".254","30","96","102","2","1","56","265","122","0","143","8","55","6","0","1","0","14","11","179","29","0","27","70","16","12","0","0","0","0","0","0","30","0","1","79","0","2","0","1","0","0","0","0","28","0","1","0","282","1","535","79","817",,"0","0","0","0",".286",".513",".328",".359",".330",".227",".375",".417",".304",".353","-0.039","-0.047","-0.031","74.7",50.8,21.8,17.3,34.3,27.2,"7.5",9,7.1,-1.9,51.1,25.4,"91.6","7.3",30.9,20,11,7.2,23.8,18.8,37,2.2,47.5,"104.000641319","96.307985967",69.9,13.7,33.1,39.9,60.1,57,143,52.2,432,82.4,8.9,80,411,253,828,86.3,38,277,47.8,396,40.9,339,22.6,50.7,35.4,38.7,26,181,64.9,47,85,21,38,25.4,46,6.6,12,"22","2.02","2.03","1.99","1","1.52","1.52",,"0.72","84.6",,,,,,,,,,,,,,,,,,,,,,,"4.77","26.7"
"Benson, Will",666181,2025,27,112,129,24,13,5,0,6,36,12,27.9,9.3,".214",".420",".287","0.707","0.206",".243","21","51","46","2","1","32","173","62","0","81","10","38","2","0","0","1","6","6","78","11","0","19","23","9","3","0","0","0","5","1","0","0","0","4","72","2","0","0","0","0","0","0","0","15","1","0","0","180","4","304","72","484",,"0","0","0","0",".279",".543",".305",".384",".351",".264",".378",".507",".300",".404","-0.065","-0.123","-0.079","71.7",19.1,19.9,13.5,37.7,25.6,"7.4",1,14,-3.3,51.2,32,"93.5","15.4",41.3,13,16.3,11.3,25,21.3,23.8,2.5,57.5,"102.91653625","96.68187325",72.5,28.8,21.3,64.4,35.6,29,45,42.4,211,90.2,8.2,77,278,121,498,71.2,60,208,57.6,287,44.8,223,35.2,50.8,38.8,37.5,23.8,80,65.9,36.3,29,31.3,25,27.5,22,5,4,,,,,,,,,,,"-1","0","5","0.0","0","3","0.0","3","5","60.0","12","12","100.0","8","10","80.0","-1.1","-0.1","0.1","-1.2","32.7","5","4.41","28.8"
"Altuve, Jose",514888,2025,35,304,335,80,58,10,0,12,56,27,16.7,8.1,".263",".414",".322","0.736","0.151",".285","34","136","125","5","6","74","361","205","0","198","15","78","7","0","0","1","36","15","247","27","1","44","80","15","28","0","3","0","10","0","0","21","0","3","90","3","2","0","1","0","1","0","0","36","5","1","0","384","3","775","90","1159",,"1","2","0","0",".240",".380",".320",".298",".304",".140",".354",".325",".319",".294",".023",".034",".022","69",7.2,9.1,7.4,31.3,25.4,"7.6",6,15.1,-5.3,55.1,28.6,"84.7","15.9",25.9,13,5.2,4.4,21.5,27.5,31.5,9.6,29.9,"96.960222764","92.481239431",62.3,11.3,38,32.6,66.1,79,242,54.2,637,66.2,6,142,636,275,1175,87.2,38,335,45.8,538,42.8,503,20.3,49.1,50.6,31.1,18.3,251,64.9,46.2,116,24.3,61,17.9,45,11.6,29,,,,,,,,,,,"-4","0","4","0.0","0","2","0.0","0","2","0.0","3","6","50.0","3","4","75.0","0","-2.6","-0.2","-2.8","31","13","4.41","27.2"
"Robert Jr., Luis",673357,2025,27,249,285,46,30,8,0,8,88,29,30.9,10.2,".185",".313",".270","0.583","0.128",".245","32","123","78","6","22","61","345","112","3","212","12","73","6","0","0","1","10","12","164","24","0","33","53","9","23","0","2","0","2","1","0","3","1","2","164","6","0","0","0","0","1","0","0","27","22","0","0","366","3","668","164","1034",,"1","4","0","3",".232",".403",".261",".311",".313",".171",".327",".414",".282",".356","-0.047","-0.090","-0.050","75.6",57.2,14.1,10,25.4,18,"7.8",14,12.4,-5.6,54.3,36.8,"90","20.4",34.1,19,11.6,3.7,26.8,29.3,23.2,4.3,42.1,"101.547961481","95.169498758",77.7,22.6,32.7,52.8,47.2,95,180,53.2,550,87.7,6.3,157,545,223,1034,77.4,85,376,46.8,484,44.2,457,32.4,53.8,45.1,29.9,25,164,72.4,38.4,63,27.4,45,20.1,33,14,23,,,,,,,,,,,"3","1","6","16.7","0","3","0.0","10","11","90.9","9","13","69.2","19","20","95.0","-0.7","-0.5","0.1","-1.1","33.4","15","4.37","29.1"
"Fermin, Freddy",666023,2025,30,137,149,36,30,4,0,2,23,10,15.4,6.7,".263",".336",".318","0.654","0.073",".304","8","51","44","1","0","36","202","82","0","120","4","46","1","0","1","1","20","3","112","11","0","20","38","13","7","0","1","0","0","3","0","3","1","0","65","1","0","0","0","0","1","0","1","12","0","0","0","215","1","392","65","607",,"2","0","2","0",".245",".352",".291",".286",".301",".107",".314",".308",".316",".295",".018","-0.016",".005","69.4",3.1,10.6,8.4,34.6,27.5,"7.1",9,7.5,-0.2,46.9,34.4,"88.7","11.9",27.8,4,3.5,3.5,24.3,27,35.7,6.1,32.2,"98.36961375","93.347548018",72.9,16.1,29.1,40.7,56,37,91,50.6,313,81.8,7.1,70,346,132,619,83,36,223,49.4,306,44.9,278,23.2,50.7,29.6,41.7,28.7,115,58.1,51.3,59,20.9,24,21.7,25,6.1,7,"9","1.87","1.85","1.93","2","1.51","1.51","1.5","0.62","83",,,,,,,,,,,,,,,,,,,,,,,"4.6","26.8"
"DeJong, Paul",657557,2025,31,54,57,11,7,4,0,0,24,2,42.1,3.5,".204",".278",".246","0.524","0.074",".367","2","24","15","0","2","13","67","28","0","70","2","16","1","0","0","1","3","2","30","6","0","5","6","4","4","0","0","0","3","0","0","0","0","0","42","0","0","0","1","0","0","0","0","3","2","0","0","75","0","172","42","247",,"0","0","0","0",".190",".258",".235",".220",".233",".068",".376",".347",".367",".342",".014",".020",".015","71.6",13.7,7.5,5.1,18.8,12.8,"6.6",1,12.8,-0.4,48.7,36.2,"89.2","23.4",36.7,1,3.3,6.7,33.3,40,13.3,3.3,36.7,"99.032708","93.534613",77.4,25.5,34.5,44.7,55.3,17,38,44.5,110,96.6,11.7,24,130,60,247,74.5,27,106,55.5,137,41.7,103,30.6,58.3,40,43.3,16.7,30,75.4,30,9,23.3,7,33.3,10,13.3,4,,,,,,,,,,,,,,,,,,,,,,,,,,,,,,,,,,"26.4"
"Soler, Jorge",624585,2025,33,237,265,49,31,10,0,8,79,22,29.8,8.3,".207",".350",".280","0.630","0.143",".270","26","102","83","0","0","52","386","184","1","178","11","67","5","0","1","3","19","6","160","24","0","27","53","15","15","0","0","0","0","0","0","37","0","2","132","0","0","0","0","0","0","0","0","25","0","0","0","403","2","674","132","1077",,"0","3","1","1",".207",".363",".281",".286",".282",".157",".354",".363",".306",".310",".000","-0.013","-0.005","73.9",40,15.9,11.3,29.2,20.8,"7.8",5,8.8,-8.4,53.3,33.5,"90","13.1",31.9,16,10,5,19.4,26.9,37.5,1.3,41.3,"101.25382925","94.765123563",66.3,20.7,25.7,56.3,43.7,80,142,51.3,552,77.2,7.3,121,510,304,1077,79.3,72,348,48.7,525,42.7,460,31,45.5,47.5,37.5,15,160,57.4,45,72,20.6,33,25,40,9.4,15,,,,,,,,,,,"-2","0","3","0.0","0","1","0.0","0","2","0.0","1","2","50.0","5","5","100.0","-0.6","-3.6","-0.3","-4.5","28.4",,"4.8","26.1"
"Mervis, Matt",670223,2025,27,120,134,21,10,4,0,7,50,11,37.3,8.2,".175",".383",".254","0.637","0.208",".219","14","61","46","0","0","23","160","63","0","105","12","42","1","0","0","2","6","8","71","7","0","17","20","2","10","0","1","0","14","0","0","13","0","1","96","0","0","0","0","0","0","0","0","15","0","0","0","180","1","356","96","536",,"0","2","0","0",".154",".288",".277",".235",".237",".134",".400",".322",".296",".265",".021",".095",".042","73.6",36.6,13,8,26.5,16.4,"8.3",6,18.9,-11.5,49.6,33.8,"88.3","22.3",26.8,6,8.5,7,15.5,35.2,28.2,5.6,38,"99.912860833","94.214077324",74.2,31.8,35.3,56.8,43.2,54,95,50.2,269,92.3,7.3,135,261,100,536,68.2,63,198,49.8,267,41.6,223,39.9,54.7,49.3,32.4,18.3,71,61.9,36.6,26,35.2,25,14.1,10,14.1,10,,,,,,,,,,,,,,,,,,,,,,,,,,,,,,,,,,"25.2"
"Paris, Kyren",677347,2025,23,126,140,24,13,4,1,6,59,10,42.1,7.1,".190",".381",".266","0.647","0.191",".295","11","31","48","1","7","12","183","84","1","76","4","44","1","0","0","3","8","9","67","7","0","18","17","5","3","0","0","0","5","2","0","1","0","0","113","1","0","0","1","0","0","0","0","20","7","0","0","194","0","353","113","547",,"0","2","0","1",".187",".372",".286",".280",".263",".185",".457",".447",".358",".354",".003",".009",".006","73.2",35.8,10.5,5.6,28.1,14.9,"7.5",0,16.2,-5.4,49.3,37.6,"88.9","17.8",34.3,11,16.4,4.5,19.4,32.8,17.9,7.5,47.8,"100.929316364","94.91915303",68.6,36,29.8,67.1,32.9,55,82,50.4,275,78.6,7.7,46,312,137,547,62.4,67,186,49.6,271,42.3,231,45.7,49.2,44.8,23.9,31.3,67,67.1,37.3,25,40.3,27,17.9,12,4.5,3,,,,,,,,,,,"0","0","2","0.0","0","0",,"1","2","50.0","2","3","66.7","8","8","100.0","0.7","0.1","-1.2","-0.4","32.1","2","4.44","29.0"
"Wilson, Will",669717,2025,26,51,59,9,6,3,0,0,23,5,39,8.5,".176",".235",".263","0.498","0.059",".321","1","26","12","0","1","12","82","24","0","49","4","24","0","0","0","1","4","1","30","4","0","7","9","2","3","0","0","0","5","1","0","1","2","0","49","0","0","0","2","0","0","0","0","2","0","1","0","92","2","159","49","251",,"0","0","0","0",".143",".226",".233",".215",".234",".083",".326",".288",".321",".261",".033",".009",".018","72.3",11,3,1.7,20.9,11.9,"7.3",2,15.3,-6.8,58.5,32.1,"86.9","17.7",36.7,1,3.3,13.3,16.7,26.7,33.3,6.7,40,"97.699195714","92.943927143",79.6,33.3,32.6,57.8,42.2,26,45,55,138,93.8,6.4,24,123,79,251,66.7,30,90,45,113,37.1,93,41.5,53.8,23.3,46.7,30,30,61,43.3,13,26.7,8,20,6,10,3,,,,,,,,,,,,,,,,,,,,,,,,,,,,,,,,,,"25.7"
"Kelenic, Jarred",672284,2025,25,60,65,10,6,2,0,2,23,5,35.4,7.7,".167",".300",".231","0.531","0.133",".229","2","27","18","1","0","11","86","37","0","38","4","23","1","0","1","0","3","5","37","2","0","8","14","0","5","0","0","0","9","0","0","0","0","0","49","1","0","0","0","0","1","0","0","7","0","0","0","91","0","167","49","258",,"1","0","0","0",".198",".428",".238",".296",".260",".230",".324",".427",".270",".321","-0.031","-0.128","-0.058","73.4",29.1,19.1,11.1,27.9,16.2,"7.3",1,14.2,-2,62.4,30.8,"89.1","16",21.6,5,13.5,5.4,13.5,27,37.8,2.7,37.8,"100.910482778","94.461611389",71.3,29.9,27,75.8,24.2,25,33,47.3,122,78.9,7.4,52,132,49,258,69.1,29,97,52.7,136,40.3,104,41.5,50.4,35.1,45.9,18.9,37,69.2,45.9,17,35.1,13,5.4,2,13.5,5,,,,,,,,,,,"0","0","0",,"0","1","0.0","2","4","50.0","2","2","100.0","5","5","100.0","-0.1","-0.7","-0.2","-1","33.1",,,"26.1"
"DeLuca, Jonny",676356,2025,26,23,25,10,9,0,1,0,4,2,16,8,".435",".522",".480","1.002","0.087",".526","1","4","12","0","4","4","23","21","0","18","2","9","0","0","0","0","5","2","19","2","1","3","4","1","1","0","0","0","0","1","0","1","0","0","10","0","0","0","0","0","0","0","0","4","4","0","0","25","0","70","10","95",,"0","0","0","0",".296",".348",".439",".313",".352",".052",".505",".339",".526",".358",".139",".174",".126","69.2",2.3,2.9,2.3,26.5,20.5,"7.6",0,6.6,-6.3,65.9,25.8,"82.5","14.4",26.3,0,0,0,36.8,26.3,36.8,0,10.5,"92.656076","90.690687368",61.7,20.7,41.7,30,70,6,20,50.5,48,40,10.5,15,48,21,95,79.3,6,29,49.5,47,46.3,44,24.5,51.6,57.9,36.8,5.3,19,72,47.4,9,26.3,5,15.8,3,10.5,2,,,,,,,,,,,,,,,,,,,,,,,,,,,,,,,,"3",,"29.6"
"Guerrero Jr., Vladimir",665489,2025,26,296,351,84,57,16,0,11,48,47,13.7,13.4,".284",".449",".390","0.839","0.165",".305","40","110","131","2","2","67","499","223","0","173","10","79","4","0","0","6","25","12","246","45","0","41","89","21","12","0","5","0","2","0","0","6","0","2","106","2","0","0","0","0","0","0","0","48","2","0","0","529","2","761","106","1290",,"0","0","0","0",".327",".548",".367",".418",".429",".221",".374",".445",".336",".390","-0.043","-0.099","-0.051","76.2",62.1,26.8,20.8,39.8,30.8,"7.6",2,1.5,-1.9,33.2,26.8,"93.5","7.5",34.4,37,14.8,6.8,26.8,14.8,33.2,2.8,54,"106.021210645","97.797654637",61.7,16.1,21.8,37.9,62.1,55,145,50.8,664,70.8,7.3,176,772,237,1307,83.9,64,397,49.2,643,44,575,22,41.5,33.2,38.8,28,250,55.1,46.4,116,21.2,53,27.6,69,4.8,12,,,,,,,,,,,,,,,,,,,,,,,,,,,,,,,,,"4.58","26.8"
"Laureano, Ramón",657656,2025,30,158,179,42,24,9,0,9,51,17,28.5,9.5,".266",".494",".341","0.835","0.228",".330","22","89","75","1","2","50","270","125","0","133","5","53","5","0","0","2","13","11","107","16","0","21","30","10","6","0","1","0","2","0","0","3","0","2","84","1","0","0","0","0","0","0","0","22","1","1","0","291","2","459","84","750",,"0","1","0","0",".245",".450",".359",".331",".322",".206",".471",".426",".385",".355",".021",".044",".028","72",18.2,13.7,10,27,19.6,"7.1",5,17.3,-0.4,50.9,35.7,"87.7","14.3",33.9,13,11.9,4.6,28.4,24.8,22.9,7.3,43.1,"100.613865818","94.43072",65.8,20.5,21.8,48.8,50,40,82,49,377,75,8.3,136,443,134,769,79.1,53,258,51,392,42.4,326,27.4,44.2,44,39.4,16.5,109,57,39.4,43,29.4,32,25.7,28,5.5,6,,,,,,,,,,,"-2","0","5","0.0","0","1","0.0","3","7","42.9","4","4","100.0","10","10","100.0","0.3","0.4","0.3","1","34.1",,"4.34","27.8"
"O'Hoppe, Logan",681351,2025,25,236,248,56,35,4,0,17,83,10,33.5,4,".237",".470",".270","0.740","0.233",".285","37","98","108","1","0","50","303","147","0","167","12","65","5","0","0","1","14","18","151","22","0","31","44","11","11","0","0","0","0","0","0","7","0","1","149","1","0","0","0","0","0","0","0","25","0","0","0","333","1","634","149","967",,"0","2","0","0",".246",".503",".318",".333",".280",".257",".463",".487",".364",".380","-0.009","-0.033","-0.015","71.5",16.9,19.8,13.3,35.3,23.6,"7.6",8,16.7,-3.3,51.1,33.4,"91.7","18.6",34.4,26,16.9,9.7,26,22.1,21.4,3.9,53.9,"102.565704935","95.930072013",71.1,24.4,32.2,55.8,44.2,92,165,52.3,513,76.1,9,105,483,236,980,75.6,81,332,47.7,467,39.7,389,34.8,50.7,46.1,29.9,24,154,67.3,38.3,59,32.5,50,22.1,34,7.1,11,"25","2","2.01","1.95","2","1.55","1.55",,"0.74","83.5",,,,,,,,,,,,,,,,,,,,,,,"4.58","27.2"
"Bohm, Alec",664761,2025,28,307,330,86,67,11,1,7,54,17,16.4,5.2,".280",".391",".321","0.712","0.111",".317","36","128","119","0","2","77","387","189","0","235","6","78","12","0","0","3","32","10","254","43","0","40","96","25","7","0","0","0","1","0","0","0","0","3","73","0","0","0","0","0","0","0","0","32","2","0","0","410","3","761","73","1171",,"0","1","0","0",".280",".422",".313",".328",".325",".142",".349",".368",".336",".341",".000","-0.031","-0.015","71.6",16.3,16.6,14.3,37.5,32.4,"7.3",6,5.4,4.9,48.3,29.7,"90.6","6.7",34.8,17,6.6,5.5,28.1,19.1,38.3,1.6,47.7,"100.712013071","94.935044016",68.4,10.2,26.6,27,73,40,148,47,557,80.8,8.3,104,672,309,1186,89.8,44,430,53,629,44.4,527,14.5,48.7,27,47.3,25.8,256,60.3,50,128,20.3,52,27,69,2.7,7,,,,,,,,,,,,,,,,,,,,,,,,,,,,,,,,,"4.64","26.6"
"Edman, Tommy",669242,2025,30,229,249,56,33,12,1,10,39,12,15.7,4.8,".245",".437",".289","0.726","0.192",".250","38","94","100","1","3","49","266","153","0","150","13","63","4","0","0","4","15","11","191","29","1","34","68","20","12","0","0","0","1","0","0","0","0","4","60","1","0","0","0","0","0","0","0","35","3","0","0","289","4","574","60","863",,"0","5","1","0",".292",".462",".313",".347",".338",".170",".344",".389",".289",".351","-0.047","-0.025","-0.034","69.7",10.3,14.5,12,36,29.9,"6.9",4,9.9,-1.4,58.7,26.7,"88.3","13.1",37.1,11,5.7,6.7,27.3,23.2,32.5,3.6,39.2,"99.349179896","93.88747733",65.2,8.7,30,44,56,55,125,47.5,416,72.4,8.7,193,432,197,876,91.3,26,300,52.5,460,43.8,384,19.1,48.5,42.3,35.1,22.7,194,62.7,43.8,85,23.7,46,25.8,50,6.7,13,,,,,,,,,,,"1","0","1","0.0","1","2","50.0","1","1","100.0","0","0",,"7","8","87.5",,,,,,,"4.27","28.5"
"Bell, Josh",605137,2025,32,242,273,47,31,4,1,11,49,27,17.9,9.9,".194",".355",".282","0.637","0.161",".197","28","108","82","1","0","61","359","155","0","174","13","69","8","0","0","3","18","11","190","17","0","36","78","17","13","0","0","0","3","0","0","61","0","1","111","1","0","0","2","0","0","0","0","23","0","0","0","389","1","646","111","1035",,"0","1","0","0",".244",".441",".285",".337",".329",".197",".293",".367",".242",".307","-0.050","-0.086","-0.052","72.2",27,16.8,12.7,35.7,27,"8",6,10.2,-2.9,55.2,33.5,"89.9","9.1",29.9,21,10.8,6.2,18.6,22.7,34.5,5.2,43.8,"102.050750421","95.313065316",68.4,19,28.4,39.9,60.1,63,158,52.7,556,75.9,7.5,237,558,206,1057,81,65,342,47.3,500,42.4,448,25.7,47.4,43.8,31.4,24.7,194,65.6,50,97,25.3,49,18,35,6.7,13,,,,,,,,,,,,,,,,,,,,,,,,,,,,,,,,,"4.75","24.9"
"Wisely, Brett",689172,2025,26,16,20,2,1,1,0,0,3,2,15,10,".125",".188",".222","0.410","0.063",".154","4","9","3","1","0","4","8","9","0","14","2","7","0","0","0","0","0","1","13","1","0","3","5","0","3","0","0","0","2","2","0","1","2","0","4","1","0","0","0","0","0","0","0","1","0","0","0","9","2","43","4","52",,"0","0","0","0",".137",".241",".197",".220",".233",".104",".165",".197",".154",".168","-0.012","-0.053","-0.023","68.2",0,3.7,3.1,22.2,18.8,"6.6",0,10.7,-0.4,56.3,33.2,"85.9","27.4",26.7,1,6.7,0,6.7,46.7,26.7,13.3,26.7,"94.923458571","91.937059231",76.2,18.8,35.5,9.1,90.9,1,11,42.5,31,85.7,9.6,9,41,18,73,75,6,32,57.5,42,50.7,37,16.3,58.9,40,40,20,15,85,40,6,33.3,5,6.7,1,20,3,,,,,,,,,,,,,,,,,,,,,,,,,,,,,,,,,,"26.8"
"Tauchman, Mike",643565,2025,34,110,128,29,17,7,1,4,29,17,22.7,13.3,".264",".455",".359","0.814","0.191",".321","14","37","50","0","0","19","200","97","0","100","6","30","1","0","0","0","7","5","79","17","0","17","24","6","3","0","0","0","2","0","0","7","0","1","44","0","0","0","0","0","0","0","0","17","0","0","0","207","1","328","44","535",,"0","1","0","0",".272",".437",".356",".352",".367",".166",".412",".406",".354",".366","-0.008",".018",".004","68.8",5,15.1,12,35.8,28.5,"7.1",7,8.7,2.2,49,34.3,"91.4","16",39,7,8.5,12.2,22,25.6,28,2.4,48.8,"100.97924122","95.264537407",62.6,18.8,21.2,36.4,63.6,20,55,46.6,259,71.1,8.1,98,309,125,556,81.2,35,186,53.4,297,39.9,222,22.8,43.3,50,32.9,17.1,82,59.4,39,32,29.3,24,28,23,3.7,3,,,,,,,,,,,"0","0","5","0.0","0","1","0.0","1","2","50.0","2","2","100.0","5","5","100.0","1.5","-0.1","-1.2","0.2","34",,"4.65","25.3"
"Peguero, Liover",678894,2025,24,9,10,2,2,0,0,0,3,0,30,0,".222",".222",".300","0.522","0.000",".333","0","3","2","0","0","1","8","3","0","5","0","4","0","0","0","1","2","0","6","0","0","1","2","0","1","0","0","0","1","0","0","0","0","0","4","0","0","0","0","0","0","0","0","0","0","0","0","9","0","18","4","27",,"0","0","0","0",".155",".173",".250",".202",".240",".018",".296",".216",".333",".233",".067",".049",".048","72.2",7.1,40,28.6,40,28.6,"7.4",0,5,-9.3,21.4,26.8,"92","9.9",0,0,0,0,16.7,33.3,50,0,66.7,"102.5453","97.246303333",75,16.7,27.3,66.7,33.3,2,3,40.7,11,75,14.8,3,13,8,27,83.3,2,12,59.3,16,40.7,11,26.7,55.6,50,50,0,6,90,66.7,4,16.7,1,0,0,16.7,1,,,,,,,,,,,,,,,,,,,,,,,,,,,,,,,,,,
"Clement, Ernie",676391,2025,29,256,280,79,58,17,0,4,30,17,10.7,6.1,".309",".422",".350","0.772","0.113",".333","20","116","106","3","3","62","236","119","0","162","3","78","6","0","0","1","22","7","230","47","1","48","61","22","22","0","0","0","0","0","0","0","3","3","60","3","0","0","1","0","0","0","0","36","3","0","0","260","6","582","60","842",,"0","1","1","0",".272",".366",".337",".302",".319",".094",".355",".312",".345",".307",".037",".056",".035","66.9",1.5,9.7,8.7,42.9,38.4,"7",18,11.8,-2.4,60.1,31.8,"86.7","16.5",35.8,5,2.2,6,28,31,28,4.7,26.7,"96.331079304","92.250877948",72.7,6.2,37,30.7,69.3,50,163,51.2,441,70.1,7.8,105,443,214,862,93.1,19,306,48.8,421,41,353,14.7,54.4,39.7,34.9,25.4,232,67.4,36.2,84,23.7,55,30.2,70,9.9,23,,,,,,,,,,,,,,,,,,,,,,,,,,,,,,,,"2","4.28","28.6"
"Wilson Jr., Jacob",805779,2025,23,308,331,105,81,15,0,9,24,18,7.3,5.4,".341",".477",".382","0.859","0.136",".348","40","102","147","1","5","67","309","191","0","200","5","77","14","1","1","3","41","13","284","51","0","36","112","20","10","0","1","0","1","0","0","0","1","1","42","1","0","0","0","0","0","0","0","41","4","1","0","327","2","727","42","1054",,"0","2","2","0",".297",".381",".375",".317",".341",".085",".384",".317",".368",".321",".044",".096",".058","63.6",0.2,3.5,3.2,45.8,41.6,"6",6,2.4,-0.7,36.4,35.5,"85.9","8.6",33.6,7,2.4,2.8,27.6,21.3,39.9,5.2,26.2,"95.496751206","91.779871388",67.6,7.5,32.6,15,85,25,167,48,513,67.6,10.1,101,653,217,1068,92.3,28,375,52,555,40.4,431,9.8,50.7,34.6,42.3,23.1,286,66.7,53.5,153,17.5,50,24.8,71,4.2,12,,,,,,,,,,,,,,,,,,,,,,,,,,,,,,,,"1","4.53","26.9"
"Verdugo, Alex",657077,2025,29,192,207,47,37,10,0,0,28,13,13.5,6.3,".245",".297",".300","0.597","0.052",".287","12","77","56","0","1","44","279","207","0","120","3","53","1","0","0","2","13","4","160","29","0","27","61","17","9","0","0","0","9","0","0","0","0","0","37","0","0","0","1","0","0","0","0","21","1","0","0","308","0","529","37","837",,"0","0","1","0",".276",".383",".270",".313",".329",".107",".277",".332",".287",".324","-0.031","-0.086","-0.043","67.3",3.8,13.4,11.7,40.1,35.2,"6.2",3,1.8,-0.7,30.3,31,"89.9","9.8",34.1,5,3,6.7,28,24.4,36,1.2,42.7,"99.909188659","94.25298865",53,6.9,21,32.1,67.9,26,81,45.1,385,44.6,7.6,102,535,172,853,93.1,17,248,54.9,468,44.4,379,13.1,38.6,31.7,43.3,25,164,57.5,45.1,74,19.5,32,29.9,49,5.5,9,,,,,,,,,,,"-5","0","7","0.0","0","1","0.0","1","4","25.0","8","11","72.7","2","3","66.7","0.4","-1.1","-0.3","-1","33.3",,"4.44","26.1"
"Mullins II, Cedric",656775,2025,30,234,265,50,26,12,0,12,67,27,25.3,10.2,".214",".419",".299","0.718","0.205",".244","35","99","96","2","8","49","390","160","0","240","12","64","2","0","0","2","12","13","165","24","0","41","35","15","24","0","0","0","0","0","0","2","1","1","108","2","0","0","0","0","2","0","0","31","7","1","0","411","2","692","108","1103",,"2","1","0","0",".210",".364",".315",".294",".298",".154",".375",".342",".298",".296",".004",".055",".021","71.1",11.1,11.8,9.4,29,23.1,"7.6",13,12.2,-6.8,64.7,29.5,"88.7","25.1",34.3,13,7.7,8.3,21.3,40.2,16.6,5.9,37.3,"99.227206951","93.794981646",68.9,15.4,27.3,41.8,56.9,64,153,49.7,560,79.3,8.2,197,669,198,1126,83.8,60,390,50.3,566,44.1,497,22.8,48.2,44.4,31.4,24.3,169,56.6,27.8,47,33.1,56,24.9,42,14.2,24,,,,,,,,,,,"1","1","12","8.3","1","6","16.7","6","9","66.7","6","7","85.7","12","12","100.0","-0.7","-0.4","0.6","-0.5","33.4","2","4.26","28.1"
"Pages, Andy",681624,2025,24,298,320,86,56,13,1,16,62,13,19.4,4.1,".289",".500",".325","0.825","0.211",".313","54","122","149","4","6","78","331","162","0","268","9","78","4","0","1","5","20","20","237","46","0","56","65","22","7","0","0","0","0","0","0","0","0","4","122","3","1","0","0","0","1","0","0","40","6","0","0","358","4","804","122","1162",,"1","0","0","0",".287",".477",".355",".345",".326",".190",".420",".408",".358",".360",".002",".023",".010","72.9",23.6,14.3,11.6,29.7,24.1,"7.9",18,8,-3.7,50,41.1,"89.1","16",39.2,21,8.8,7.1,28.3,27.9,25.4,2.1,38.3,"99.757752333","93.99036251",71.9,11.9,35.9,42.3,57.7,83,196,46.4,546,88.2,7.9,119,660,289,1177,88.1,54,454,53.6,631,44.1,519,21.1,55.2,41.7,34.2,24.2,240,67.8,35.4,85,32.5,78,29.2,70,2.9,7,,,,,,,,,,,"6","1","10","10.0","2","6","33.3","5","6","83.3","13","13","100.0","20","20","100.0","1.3","1.6","-0.2","2.7","36.8",,"4.36","28.4"
"Conine, Griffin",665052,2025,27,64,71,18,10,7,0,1,19,7,26.8,9.9,".281",".438",".352","0.790","0.157",".386","7","29","28","1","0","19","93","55","0","40","7","20","0","0","1","0","5","2","45","11","0","6","17","3","1","0","0","0","3","0","0","1","0","0","31","1","0","0","0","0","0","0","0","10","0","0","0","99","0","181","31","280",,"0","1","0","0",".255",".429",".347",".331",".328",".175",".440",".414",".400",".362",".026",".009",".016","74.5",46.5,20.8,14,35.1,23.7,"7.5",0,11.5,1.4,47.4,28.2,"91.6","8.8",37.8,7,15.6,4.4,22.2,17.8,35.6,4.4,51.1,"102.563045217","95.798960667",63.9,26.7,20.5,56,44,14,25,43.6,122,83.3,6.4,54,145,63,280,73.3,27,101,56.4,158,44.6,125,32.5,45,40,37.8,22.2,45,57.7,48.9,22,17.8,8,31.1,14,2.2,1,,,,,,,,,,,"-1","2","7","28.6","0","0",,"1","3","33.3","0","1","0.0","2","2","100.0","2.4","1.3","-2.7","1","33.3",,"4.38","27.4"
"Andujar, Miguel",609280,2025,30,169,180,50,39,7,1,3,23,9,12.8,5,".296",".402",".328","0.730","0.106",".324","20","56","68","0","1","41","200","89","0","128","3","46","5","0","1","0","19","8","148","22","1","25","53","10","9","0","0","0","0","0","0","2","0","2","44","0","0","0","1","0","0","0","0","19","1","0","0","211","2","417","44","628",,"0","1","0","0",".263",".374",".319",".299",".302",".111",".346",".321",".338",".306",".033",".028",".020","71.4",16,13,11.1,32.8,28.2,"7.7",4,5.8,-4.7,50.2,26.2,"87.5","9.3",31.8,7,4.7,6.8,23.6,23.6,37.2,3.4,34.5,"98.658281216","93.371581769",74,7.5,31.3,35,65,35,100,51,320,83.7,6.8,64,342,155,628,92.5,17,228,49,308,45.7,287,15.9,52.2,33.8,46.6,19.6,148,60.6,48.6,72,22.3,33,22.3,33,6.8,10,,,,,,,,,,,"-2","0","5","0.0","0","2","0.0","2","3","66.7","3","5","60.0","8","8","100.0","2.5","-2.2","-2.9","-2.3","31.1",,"4.54","27.1"
"Dubón, Mauricio",643289,2025,30,153,164,37,23,9,0,5,15,9,9.1,5.5,".242",".399",".282","0.681","0.157",".239","18","84","61","0","2","46","146","52","0","106","6","58","6","0","0","0","17","11","138","9","0","28","51","11","11","0","0","0","2","3","0","0","1","1","44","0","0","0","0","0","0","0","0","19","1","1","0","153","2","351","44","504",,"0","0","1","0",".242",".340",".297",".274",".283",".098",".303",".276",".266",".267",".000",".059",".023","68.6",4.3,9.1,7.8,34.1,29.1,"7.5",7,4.2,2.6,38,30.6,"84.9","8.8",28.6,3,2.1,5.7,22.9,25,37.1,7.1,30,"96.358320441","92.212362574",79,10.6,38.5,31.9,66,30,94,48.2,244,84.2,7.5,51,280,131,506,88.9,22,207,51.8,262,40.9,207,17.3,59.5,30,35.7,34.3,140,70.7,49.3,69,27.9,39,15,21,7.9,11,,,,,,,,,,,"0","0","0",,"0","2","0.0","1","1","100.0","2","2","100.0","1","1","100.0","-0.3","-0.1","0.3","-0.1","34.1",,"4.31","28.0"
"Knizner, Andrew",668800,2025,30,27,29,3,2,0,0,1,4,1,13.8,3.4,".111",".222",".143","0.365","0.111",".091","1","16","6","0","0","8","21","24","0","18","1","10","0","0","0","0","1","1","24","1","0","4","12","1","4","0","0","0","2","0","0","0","1","0","5","0","0","0","0","0","0","0","0","4","0","0","0","23","1","74","5","97",,"0","2","0","0",".199",".334",".162",".243",".227",".135",".167",".265",".130",".233","-0.088","-0.112","-0.081","68.8",9.5,8.1,7.1,35.1,31,"6.8",2,7.2,3.1,61.9,25.2,"87.8","18.3",16.7,1,4.2,0,16.7,29.2,45.8,4.2,16.7,"95.066493333","91.686866087",54.4,16.1,47.5,15.8,84.2,3,19,41.2,40,66.7,6.2,2,61,22,97,83.9,5,31,58.8,57,41.2,40,16,51.5,25,41.7,33.3,24,72.4,54.2,13,20.8,5,8.3,2,16.7,4,"4","1.98","2","1.93","0",,,,"0.7","80.6",,,,,,,,,,,,,,,,,,,,,,,,"25.0"
"Adell, Jo",666176,2025,26,235,261,55,29,8,0,18,64,17,24.5,6.5,".234",".498",".308","0.806","0.264",".242","41","93","112","0","3","53","293","126","1","185","9","73","1","0","0","8","19","19","166","15","0","26","46","23","18","0","0","0","3","1","0","0","0","0","132","0","0","0","0","0","1","0","0","29","3","0","0","338","0","625","132","963",,"1","1","1","1",".272",".569",".349",".386",".342",".297",".427",".485",".322",".374","-0.038","-0.071","-0.037","77.4",70.3,18.8,14,25.9,19.2,"7.7",14,7.9,-5.6,51.3,32.2,"90.7","14.9",34.5,27,15.8,7.6,21.1,22.2,29.8,3.5,48,"103.396074186","95.98739924",73.3,19.5,32.2,48.2,51.8,80,166,52.3,515,83.6,6.2,101,545,231,985,80.5,67,344,47.7,469,40,394,29,51.9,38,35.7,26.3,171,68.2,39.2,67,27.5,47,22.8,39,10.5,18,,,,,,,,,,,"-3","0","6","0.0","1","6","16.7","3","6","50.0","8","10","80.0","15","16","93.8","0.3","-0.7","-0.6","-0.9","33.3",,"4.54","27.8"
"Hernandez, Heriberto",681715,2025,25,54,57,18,12,4,0,2,16,3,28.1,5.3,".333",".519",".368","0.887","0.186",".444","7","24","24","0","0","15","53","28","0","26","4","17","0","0","0","0","4","1","36","12","0","8","7","2","2","0","0","0","4","0","0","4","0","0","30","0","0","0","0","0","0","0","0","7","0","0","0","57","0","125","30","182",,"0","1","0","0",".315",".546",".385",".383",".351",".232",".522",".519",".474",".447",".018","-0.027",".002","73.7",30.6,20.4,12.9,40.7,25.9,"7.8",0,16.2,-2.3,57.6,29.9,"91.4","14.9",47.4,4,10.5,7.9,39.5,18.4,21.1,2.6,47.4,"101.659312632","95.531097632",70.3,29.5,31.5,62.1,37.9,18,29,45.3,92,75,5.9,38,108,42,203,70.5,23,78,54.7,111,46.8,95,38.3,52.7,36.8,44.7,18.4,38,70.2,31.6,12,26.3,10,36.8,14,5.3,2,,,,,,,,,,,"1","0","0",,"1","2","50.0","0","0",,"2","2","100.0","4","4","100.0",,,,,,,,"28.4"
"Carpenter, Kerry",681481,2025,27,258,273,64,38,11,1,14,59,7,21.6,2.6,".248",".461",".278","0.739","0.213",".269","29","111","119","1","1","51","306","122","3","218","14","75","2","0","1","4","18","20","200","26","0","45","50","14","25","0","0","0","18","0","0","22","0","1","109","1","0","0","0","0","0","0","0","38","1","0","0","330","1","674","109","1004",,"0","1","0","3",".254",".507",".318",".337",".285",".253",".391",".418",".320",".331","-0.006","-0.046","-0.019","71.8",17.3,14.6,11.5,35.5,28,"7.4",15,15.5,0.7,52.8,33.8,"91","21.6",35,26,13,6,20.5,33.5,23,2.5,45,"100.748071717","94.891193046",74.1,18.1,35.9,36.8,63.2,67,182,49.7,507,86.5,7.2,200,547,213,1020,81.6,69,381,50.3,514,42,429,24.2,55.2,43.5,36.5,20,200,62.6,34.5,69,33,66,20.5,41,12.5,25,,,,,,,,,,,"-2","0","6","0.0","1","2","50.0","2","4","50.0","0","1","0.0","5","5","100.0","-0.5","0.5","0.5","0.5","34.2",,"4.51","26.6"
"Pérez, Wenceel",672761,2025,25,86,94,25,11,6,2,6,20,5,21.3,5.3,".291",".616",".340","0.956","0.325",".311","15","39","53","0","1","20","104","64","0","63","4","25","0","0","0","2","7","7","66","11","0","18","10","6","7","0","0","0","0","1","0","0","0","1","40","0","0","0","0","0","1","0","0","16","1","0","0","112","1","242","40","354",,"1","0","0","0",".288",".511",".403",".362",".338",".224",".492",".435",".373",".370",".003",".105",".041","71.2",10.9,19.2,13.9,40,29.1,"7.1",2,9.8,-6.6,57,30.3,"90.8","22.7",41.8,10,14.9,3,31.3,34.3,14.9,1.5,43.3,"100.229851176","94.59109791",67.8,21,32.8,42.6,57.4,26,61,50.4,186,68.6,9.5,58,203,81,369,79,26,124,49.6,183,41.2,152,28.1,50.1,46.3,26.9,26.9,67,64.9,26.9,18,37.3,25,25.4,17,10.4,7,,,,,,,,,,,"0","0","5","0.0","1","1","100.0","3","5","60.0","2","3","66.7","1","1","100.0","0.4","0.6","-0.1","0.9","34.1",,,"27.5"
"Encarnacion, Jerar",666464,2025,27,22,22,3,2,1,0,0,6,0,27.3,0,".136",".182",".136","0.318","0.046",".188","0","16","4","0","1","8","14","16","0","9","3","8","2","0","0","0","1","0","16","2","0","3","7","3","0","0","0","0","2","0","0","0","0","0","10","0","0","0","0","0","0","0","0","1","1","0","0","15","0","55","10","70",,"0","0","0","0",".202",".294",".138",".213",".202",".092",".190",".293",".188",".278","-0.066","-0.112","-0.075","73.6",47.1,14.3,8.8,42.9,26.5,"7.7",0,10.2,2.1,44.1,38.1,"89.4","2.3",31.3,0,0,12.5,31.3,12.5,43.8,0,56.3,"100.33862375","94.639951875",63.3,25.8,38.1,75,25,6,8,30,21,83.3,8.6,3,28,28,70,74.2,8,31,70,49,38.6,27,35.9,55.7,43.8,31.3,25,16,68.2,50,8,18.8,3,31.3,5,0,0,,,,,,,,,,,,,,,,,,,,,,,,,,,"1.7","0.9","-0.4","2.2","36.4",,,"26.5"
"Rodríguez, Johnathan",671286,2025,25,31,33,5,2,2,1,0,11,2,33.3,6.1,".161",".290",".212","0.502","0.129",".250","1","15","9","0","0","7","43","20","0","18","2","13","1","0","0","0","2","0","20","3","0","2","11","1","1","0","0","0","3","0","0","1","0","0","27","0","0","0","0","0","0","0","0","4","0","0","0","47","0","88","27","135",,"0","1","0","0",".182",".256",".221",".220",".232",".074",".295",".293",".250",".283","-0.021",".034",".001","76.7",62.9,25.7,14.5,31.4,17.7,"8.1",3,7.7,-2.3,35.5,31.3,"88.7","-6.1",20,0,0,15,10,15,50,10,50,"103.73613","96.135337",69,32.5,36.4,60.7,39.3,17,28,57,77,93.3,11.1,31,70,23,135,67.5,13,40,43,58,37,50,44.1,50.4,45,30,25,20,57.6,65,13,10,2,20,4,5,1,,,,,,,,,,,,,,,,,,,,,,,,,,,,,,,,,,"27.3"
"Marte, Ketel",606466,2025,31,202,238,62,36,11,0,15,36,32,15.1,13.4,".307",".584",".412","0.996","0.277",".311","32","81","118","1","2","47","315","138","0","127","10","54","6","0","1","4","14","21","165","27","0","24","56","11","12","0","4","0","1","0","0","6","0","0","70","1","0","0","0","0","1","0","0","46","1","1","0","348","0","515","70","863",,"1","0","0","0",".314",".611",".424",".432",".418",".297",".463",".475",".373",".382","-0.007","-0.027","-0.008","74.8",47.3,20.6,16.3,37,29.2,"7.8",9,11.2,-8,63.9,32.6,"91.2","12.3",33.1,27,16.3,3.6,20.5,22.3,33.7,3.6,46.4,"102.612099036","95.825367651",66.1,16.2,23.8,40.4,59.6,46,114,53.9,480,81.4,6.6,203,364,261,890,83.8,44,271,46.1,410,44.9,400,23.4,43.3,50,34.3,15.7,166,55.7,42.8,71,27.1,45,22.9,38,7.2,12,,,,,,,,,,,,,,,,,,,,,,,,,,,,,,,,,"4.53","26.5"
"Urías, Luis",649966,2025,28,209,241,51,37,7,0,7,32,24,13.3,10,".244",".378",".328","0.706","0.134",".256","17","83","79","0","2","40","339","192","3","169","6","66","7","0","0","3","19","9","179","23","0","33","62","14","17","0","0","0","5","0","0","0","0","2","49","0","0","0","0","0","1","0","0","22","2","0","0","357","2","597","49","954",,"1","2","1","3",".245",".366",".315",".313",".332",".121",".314",".311",".285",".291","-0.001",".012",".002","69.2",7.5,9.2,8.1,37.1,32.7,"7.4",8,11,-0.6,71.8,28.7,"86.7","12.7",31.8,7,3.9,4.5,27.4,27.4,31.8,5,30.7,"97.029913222","92.589501229",60.5,9.2,22.2,28,72,28,100,47.2,450,62.4,8.9,99,573,208,954,90.5,28,305,52.8,504,41.5,396,13.8,42.5,39.1,40.8,20.1,179,62.7,45.3,81,23.5,42,21.8,39,9.5,17,,,,,,,,,,,,,,,,,,,,,,,,,,,,,,,,,"4.72","25.8"
"Cruz, Oneil",665833,2025,26,264,312,54,30,10,1,13,103,42,33,13.5,".205",".398",".317","0.715","0.193",".272","31","117","105","3","26","64","479","245","0","176","11","72","5","0","0","3","17","13","164","24","0","27","59","15","8","0","3","0","1","0","0","2","0","3","164","3","0","0","1","0","0","0","0","42","23","3","0","514","3","767","164","1281",,"0","2","0","0",".237",".472",".314",".359",".351",".234",".413",".499",".329",".393","-0.032","-0.074","-0.045","78.5",75.1,25.2,16.5,32.5,21.3,"7.8",9,9.3,-7.5,49.2,33.7,"96","8.2",35.4,36,22,5.5,18.3,18.9,32.9,1.8,56.7,"107.96392622","99.139375031",57.4,26.9,26.8,49.2,50.8,92,187,54.4,697,63,6.3,220,537,429,1281,73.1,90,335,45.6,584,45.2,579,34.9,40.7,37.8,40.9,21.3,164,62.1,46.3,76,24.4,40,24.4,40,4.9,8,,,,,,,,,,,"2","0","12","0.0","1","6","16.7","5","7","71.4","14","14","100.0","9","9","100.0","-0.2","-0.1","-0.2","-0.5","34.3","22","4.25","29.2"
"Pozo, Yohel",650968,2025,28,71,73,22,16,4,0,2,4,1,5.5,1.4,".310",".451",".315","0.766","0.141",".303","9","25","32","0","0","14","72","24","0","66","2","27","1","0","1","0","4","4","68","14","0","9","19","8","10","0","0","0","1","0","0","1","0","1","22","0","0","0","0","0","0","0","0","7","0","0","0","74","1","183","22","257",,"0","0","1","0",".303",".406",".330",".308",".309",".104",".344",".321",".324",".317",".007",".045",".022","70",9.9,14,12.1,33.9,29.1,"7.7",2,6.6,-1.3,50.4,25,"87.8","17",36.8,0,0,10.3,27.9,30.9,30.9,0,33.8,"97.601792059","92.800896029",80.5,9.9,47.2,23.5,76.5,16,68,56,144,81.8,4.3,37,141,53,257,90.1,9,91,44,113,44,113,15.7,61.9,38.2,29.4,32.4,68,63,33.8,23,19.1,13,32.4,22,14.7,10,"14","1.99","1.99","1.96","1","1.62","1.62",,"0.69","81.7",,,,,,,,,,,,,,,,,,,,,,,"4.89","24.8"
"Dalbec, Bobby",666915,2025,30,18,21,4,3,1,0,0,6,3,28.6,14.3,".222",".278",".333","0.611","0.056",".333","1","2","5","0","0","2","30","18","0","12","0","7","1","0","0","0","2","0","12","2","0","3","3","0","2","0","0","0","1","0","0","0","0","0","12","0","0","0","0","0","0","0","0","2","0","0","0","32","0","55","12","87",,"0","0","0","0",".177",".236",".286",".257",".301",".059",".327",".279",".333",".274",".045",".042",".029","73.3",43.8,9.5,6.3,19,12.5,"7.2",1,11.5,1.2,28.1,35.2,"84.6","22.7",25,0,0,8.3,25,33.3,25,0,25,"93.579386667","91.948094545",56.5,26.9,26.8,54.5,45.5,6,11,47.1,41,85.7,8,10,47,21,87,73.1,7,26,52.9,46,46,40,35.1,42.5,16.7,50,33.3,12,66.7,41.7,5,25,3,16.7,2,16.7,2,,,,,,,,,,,,,,,,,,,,,,,,,,,,,,,,,,"27.4"
"Kepler, Max",596146,2025,32,240,273,51,28,14,0,9,56,29,20.5,10.6,".212",".383",".304","0.687","0.171",".239","27","117","90","0","0","61","373","143","0","211","9","72","5","0","0","3","15","12","181","22","0","51","54","13","13","0","1","0","1","0","0","0","0","1","99","0","0","0","0","0","0","0","0","32","0","0","0","401","1","653","99","1054",,"0","0","0","0",".238",".421",".304",".327",".328",".183",".331",".364",".276",".311","-0.026","-0.038","-0.023","71.7",20.5,17.8,14.3,35.6,28.5,"7.3",15,7,-5.6,45.4,31.1,"91.3","16.4",31.9,22,11.9,5.4,22.2,30.8,27.6,1.6,48.1,"101.00813087","94.892889185",69.9,12.3,25.9,52.9,47.1,73,138,49.4,533,83.1,7.7,158,617,258,1078,87.7,47,381,50.6,545,41.2,444,23.1,48.1,46.5,33,20.5,185,58.8,37.8,70,34.6,64,20.5,38,7,13,,,,,,,,,,,"-1","0","11","0.0","1","6","16.7","4","8","50.0","11","12","91.7","7","7","100.0","-0.7","-0.5","0.5","-0.7","33",,"4.41","26.7"
"Amador, Adael",691182,2025,22,89,102,13,8,4,0,1,25,10,24.5,9.8,".146",".225",".240","0.465","0.079",".190","5","35","20","1","1","20","120","62","0","71","2","33","1","0","0","1","2","4","66","7","0","16","23","8","5","0","0","0","3","0","1","0","2","0","30","1","0","0","0","0","0","0","0","3","1","0","0","135","2","238","30","373",,"0","1","0","0",".227",".316",".219",".284",".312",".089",".222",".324",".203",".316","-0.081","-0.091","-0.065","70.7",14,8.3,6.7,25,20,"7.3",4,5.4,-7.5,39.3,29.5,"83.3","15.8",34.8,3,4.5,1.5,27.3,27.3,25.8,13.6,22.7,"95.462268065","91.84118541",67,13.7,27.7,40.4,59.6,21,52,50.4,188,78.3,6.2,68,212,76,373,85.5,17,124,49.6,185,43.7,163,21.6,47.2,42.4,30.3,27.3,66,70.6,37.9,25,30.3,20,24.2,16,7.6,5,,,,,,,,,,,,,,,,,,,,,,,,,,,,,,,,,,"26.2"
"Sogard, Nick",686765,2025,27,52,56,12,9,3,0,0,10,2,17.9,3.6,".231",".288",".286","0.574","0.057",".286","2","18","15","0","0","8","66","39","0","32","0","14","2","0","1","2","5","1","40","6","0","9","14","4","1","0","0","0","1","0","0","0","0","0","14","0","0","0","0","0","0","0","0","8","0","0","0","72","0","125","14","197",,"0","0","0","0",".271",".428",".261",".330",".323",".157",".280",".372",".286",".336","-0.040","-0.140","-0.069","68.9",1.3,7.4,6.3,39.7,34.2,"7.2",2,16.3,-6,53.2,33,"88.4","7.9",33.3,3,7.1,2.4,31,23.8,33.3,2.4,38.1,"98.048411429","93.284498095",61.8,7.4,24.3,36,64,9,25,48.4,103,81,9.9,42,108,51,213,92.6,5,68,51.6,110,39.9,85,15.1,43.7,52.4,31,16.7,42,66.1,47.6,20,26.2,11,23.8,10,2.4,1,,,,,,,,,,,,,,,,,,,,,,,,,,,,,,,,,,"27.6"
"Moncada, Yoán",660162,2025,30,97,113,23,10,6,1,6,32,13,28.3,11.5,".237",".505",".336","0.841","0.268",".283","19","45","49","0","0","22","150","63","0","57","6","30","1","0","0","2","8","7","66","8","0","17","15","7","3","0","0","0","0","0","0","0","0","1","56","0","0","0","0","0","0","0","0","16","0","0","0","163","1","249","56","412",,"0","0","0","0",".229",".487",".362",".353",".333",".258",".462",".447",".348",".343",".008",".018",".009","71.9",23.5,18.2,12.3,40.9,27.8,"7.4",7,12.9,-5,43.2,38,"91.8","15.7",39.4,11,16.7,6.1,19.7,27.3,28.8,1.5,43.9,"101.850618485","95.405884848",66.7,22.1,24,66,34,33,50,50.5,208,82.1,9.5,82,211,91,412,77.9,30,136,49.5,204,43,177,33.9,45.1,53,27.3,19.7,66,56.6,34.8,23,36.4,24,24.2,16,4.5,3,,,,,,,,,,,,,,,,,,,,,,,,,,,,,,,,,,"26.9"
"Loftin, Nick",679845,2025,26,58,63,11,5,3,2,1,10,4,15.9,6.3,".190",".362",".238","0.600","0.172",".208","5","21","21","1","1","9","74","34","0","31","2","20","3","0","0","0","3","2","48","6","0","8","18","6","4","0","0","0","2","1","0","0","0","1","21","1","0","0","0","0","0","0","0","7","1","0","0","77","1","136","21","213",,"0","0","0","0",".249",".385",".258",".295",".295",".136",".276",".323",".224",".298","-0.059","-0.023","-0.037","69.4",5.6,16.4,13.3,43.8,35.6,"7.1",1,8.6,-6.2,51.1,29.4,"89.9","13.6",36.7,4,8.2,4.1,26.5,28.6,32.7,0,36.7,"98.1724552","93.240468367",65.6,18.8,24.2,34.8,65.2,8,23,43.8,95,89.5,8.8,29,132,38,217,81.3,15,80,56.2,122,43.3,94,22.3,47.5,36.7,51,12.2,49,66.7,42.9,21,22.4,11,26.5,13,8.2,4,,,,,,,,,,,,,,,,,,,,,,,,,,,,,,,,,"4.5","28.3"
"Reyes, Pablo",622569,2025,31,31,34,6,5,1,0,0,10,2,29.4,5.9,".194",".226",".242","0.468","0.032",".286","2","13","7","0","1","8","45","28","0","21","1","24","0","0","0","0","2","1","22","3","0","2","9","2","3","0","0","0","7","3","0","1","1","0","13","0","0","0","0","0","0","0","0","4","1","0","0","46","1","85","13","131",,"0","0","0","0",".199",".277",".215",".235",".249",".078",".272",".307",".286",".298","-0.005","-0.051","-0.020","69.3",5.8,7.9,5.8,26.3,19.2,"7",2,5.9,4.6,55.8,26.7,"87.8","16.5",27.3,1,4.5,4.5,18.2,27.3,36.4,4.5,31.8,"96.85312","92.42656",63.5,21.3,17.5,40,60,4,10,43.5,57,72.7,8.4,10,86,19,131,78.7,10,47,56.5,74,45,59,24.6,43.5,22.7,45.5,31.8,22,61.8,50,11,13.6,3,22.7,5,13.6,3,,,,,,,,,,,,,,,,,,,,,,,,,,,,,,,,,,"26.9"
"Sosa, Edmundo",624641,2025,29,113,123,31,22,7,0,2,26,6,21.1,4.9,".274",".389",".320","0.709","0.115",".337","16","37","44","0","0","22","122","62","0","97","5","41","3","0","0","2","9","4","88","18","0","15","32","6","4","0","0","0","8","3","0","1","1","1","51","0","0","0","0","0","0","1","0","12","0","0","0","133","2","309","51","442",,"1","1","0","0",".277",".405",".312",".317",".322",".128",".369",".375",".352",".356","-0.003","-0.016","-0.005","72",25.2,14.6,11,27.8,21,"8",2,8.8,-0.2,54.8,34.9,"87.1","10.6",38.2,4,4.5,5.6,27,21.3,38.2,3.4,37.1,"99.561254773","93.812425682",69.8,19.3,42.7,34,66,34,100,52.1,234,83.9,6.9,52,257,117,449,80.7,29,150,47.9,215,46.8,210,25.2,55.7,40.4,32.6,27,89,61,46.1,41,21.3,19,28.1,25,4.5,4,,,,,,,,,,,,,,,,,,,,,,,,,,,,,,,,"16","4.31","29.4"
"Muncy, Max",571970,2025,34,243,300,61,37,9,2,13,66,49,22,16.3,".251",".465",".377","0.842","0.214",".284","51","104","109","0","4","63","489","201","0","242","7","76","4","0","2","3","11","20","180","28","1","52","47","13","7","0","1","0","0","0","0","0","0","5","119","0","0","0","0","0","0","0","0","35","4","0","0","524","5","754","119","1278",,"0","0","1","0",".257",".528",".367",".389",".383",".271",".408",".444",".335",".346","-0.006","-0.063","-0.022","71.3",15.4,15.4,11.8,28.9,22.1,"7",8,17.7,-4.5,48.7,34.6,"91.3","19",37.9,25,13.7,7.7,20.3,31.9,24.2,2.2,51.6,"101.98431978","95.539617253",67,16.9,19.4,46.8,53.2,59,126,50.3,651,83.9,7.2,162,651,380,1294,83.1,73,431,49.7,643,45.2,585,23.7,43,50.5,33.5,15.9,182,56.2,32.4,59,40.1,73,23.1,42,4.4,8,,,,,,,,,,,,,,,,,,,,,,,,,,,,,,,,,"4.44","27.2"
"Walker, Jordan",691023,2025,23,176,191,37,29,4,1,3,63,12,33,6.3,".210",".295",".267","0.562","0.085",".306","23","94","52","2","3","53","244","125","0","121","11","55","3","0","1","2","20","4","114","13","0","21","32","12","11","0","0","1","3","3","0","0","0","1","127","2","0","0","0","0","1","0","0","21","2","1","0","273","1","500","127","773",,"1","2","0","0",".214",".362",".253",".279",".272",".148",".339",".382",".325",".332","-0.004","-0.067","-0.026","77.6",74.5,17.1,11.2,26.1,17.1,"8.2",9,5.8,-6.6,44.1,32.2,"91.7","11.5",30.7,10,8.8,6.1,21.1,26.3,37.7,0,46.5,"103.629795263","96.079761404",65.9,22,33.5,63.3,36.7,88,139,53.7,415,57.1,5.4,109,386,190,773,78,52,236,46.3,358,42.3,327,37.3,48.5,32.5,43.9,23.7,114,63.9,45.6,52,21.9,25,22.8,26,9.6,11,,,,,,,,,,,"-1","0","7","0.0","0","3","0.0","5","8","62.5","7","9","77.8","13","14","92.9","-0.2","-1.3","-0.9","-2.4","30.7","2","4.42","28.7"
"Doyle, Brenton",686668,2025,27,265,287,52,34,10,2,6,72,20,25.1,7,".196",".317",".251","0.568","0.121",".243","26","98","83","0","8","54","347","166","0","179","7","68","7","0","1","0","21","10","191","20","0","45","64","21","9","0","0","0","0","0","0","2","0","2","131","0","0","0","0","0","0","0","0","27","8","0","0","362","2","678","131","1040",,"0","2","0","0",".251",".429",".252",".316",".302",".178",".300",".394",".267",".342","-0.055","-0.112","-0.064","70.7",5.2,16.1,11.9,37.1,27.5,"7.3",12,12.4,-0.6,68.9,30.6,"90.8","12.6",33.8,25,12.8,8.2,19,24.6,31.3,3.6,46.7,"101.530821753","95.303246995",68.4,16.4,29.7,51.3,48.7,80,156,49.6,525,77.5,7.6,97,607,249,1059,83,60,365,50.4,534,44.2,468,26.9,49.2,39,37.4,23.6,195,68.3,43.6,85,29.7,58,22.1,43,4.6,9,,,,,,,,,,,"3","0","18","0.0","2","8","25.0","7","8","87.5","17","19","89.5","10","10","100.0","-1","0.7","0.7","0.4","34.9","15","4.35","29.4"
"Vierling, Matt",663837,2025,28,11,11,2,2,0,0,0,1,0,9.1,0,".182",".182",".182","0.364","0.000",".200","2","4","2","0","0","3","14","8","0","7","1","4","0","0","0","0","1","0","10","1","0","7","1","0","0","0","0","0","0","0","0","0","0","0","3","0","0","0","0","0","0","0","0","0","0","0","0","14","0","29","3","43",,"0","0","0","0",".187",".419",".161",".251",".187",".232",".178",".276",".200",".206","-0.005","-0.237","-0.090","71.2",0,13.3,11.8,46.7,41.2,"7.1",1,2.7,6.8,35.3,30.2,"92.1","25.1",20,2,20,0,10,50,20,0,30,"96.964022","93.631954",72,16.7,16.7,33.3,66.7,1,3,41.9,18,100,11.6,1,31,6,43,83.3,3,18,58.1,25,27.9,12,19,48.8,10,30,60,10,63.6,20,2,70,7,10,1,0,0,,,,,,,,,,,,,,,,,,,,,,,,,,,,,,,,,,
"McMahon, Ryan",641857,2025,30,279,323,62,37,12,1,12,100,42,31,13,".222",".401",".325","0.726","0.179",".298","25","113","111","1","2","65","511","207","0","217","13","79","3","0","0","1","15","16","177","30","0","39","57","12","7","0","1","0","0","0","1","1","0","1","193","1","0","0","0","0","0","0","0","32","2","0","0","544","1","818","193","1362",,"0","0","0","0",".237",".464",".322",".348",".339",".227",".413",".460",".344",".369","-0.015","-0.063","-0.026","74.2",43.1,19.8,13.1,33.1,21.9,"7.5",20,14.3,-0.8,46.8,39,"93.8","15.5",34.4,23,12.8,7.8,24.4,23.3,26.7,5,50,"103.24559931","96.602740058",64.2,24.9,24.9,63.3,36.1,107,169,49.2,680,74.7,6.3,191,795,319,1381,75.1,112,450,50.8,701,44.8,618,35.4,44.8,39.4,40,20.6,180,64.6,40.6,73,31.7,57,23.9,43,3.9,7,,,,,,,,,,,,,,,,,,,,,,,,,,,,,,,,,"4.56","26.7"
"Goodman, Hunter",696100,2025,25,289,310,83,49,17,3,14,82,17,26.5,5.5,".287",".512",".332","0.844","0.225",".356","48","107","148","2","1","71","354","123","0","224","16","76","10","0","0","3","28","18","208","37","0","46","48","12","19","0","0","0","1","0","0","26","0","1","180","2","0","0","1","0","0","0","0","40","1","0","0","386","1","764","180","1150",,"0","2","0","0",".260",".469",".364",".334",".308",".209",".475",".431",".399",".363",".027",".043",".030","74.2",41.1,17.8,12.3,32,22.2,"7.2",14,13.3,-7.1,60.8,25.7,"92.1","17.8",31.3,26,12.5,5.3,23.6,29.3,24,3.8,51.4,"103.612084466","96.572552439",77.3,21.3,36.3,54.3,45.7,119,219,52.5,604,81.7,8.1,130,576,315,1150,78.7,90,422,47.5,546,41.2,474,32.6,55.7,46.6,34.6,18.8,208,67.4,36.5,76,30.8,64,23.6,49,9.1,19,"27","1.97","1.98","1.94","0",,,,"0.68","83.2",,,,,,,,,,,,,,,,,,,,,,,"4.55","27.6"
"Butler, Lawrence",671732,2025,24,315,345,79,44,23,1,11,96,30,27.8,8.7,".251",".435",".316","0.751","0.184",".327","32","130","137","3","12","67","515","188","0","211","17","78","2","0","0","0","25","16","217","38","0","36","72","21","9","0","0","0","1","0","0","0","0","0","184","0","3","0","4","0","1","0","0","45","9","3","0","539","0","827","184","1366",,"1","1","0","0",".238",".411",".328",".312",".305",".173",".422",".397",".361",".343",".013",".024",".016","73.6",37.4,17.4,12.2,32.6,22.8,"7",16,6.1,2.5,44.1,30.2,"91.5","8.1",33.3,21,9.6,8.2,21.5,23.7,33.3,3.7,45.2,"102.280154771","95.69592078",68.6,22.2,25.3,58.4,41,104,178,50.5,703,81.6,7,304,715,292,1393,77.2,105,473,49.5,690,43.8,610,32.1,46.7,35.2,36.5,28.3,219,55.1,44.7,98,23.7,52,26.9,59,4.6,10,,,,,,,,,,,"1","0","6","0.0","2","5","40.0","4","7","57.1","8","8","100.0","19","22","86.4","-0.5","-0.4","-0.1","-1","33.5",,"4.5","26.8"
"Contreras, William",661388,2025,27,274,327,67,50,11,0,6,63,50,19.3,15.3,".245",".350",".358","0.708","0.105",".293","34","122","94","0","5","72","469","188","0","207","13","75","5","0","0","0","28","7","210","30","0","34","87","15","7","0","4","0","0","0","0","7","0","3","128","0","0","0","0","0","0","0","0","38","4","1","0","505","3","752","128","1257",,"0","4","0","0",".234",".356",".318",".318",".354",".122",".330",".331",".313",".307",".011","-0.006",".000","72.3",26.4,16.6,12.7,35,26.8,"7",14,10.8,5.4,68.3,29.2,"89.2","3.9",30.8,10,4.7,11.7,16.8,21,39.3,6.1,41.1,"101.559436075","95.004260563",65.3,20.4,25.7,39.3,60.7,66,168,51.6,654,75,6.6,153,706,302,1268,79.6,82,401,48.4,614,44.7,567,26,44.9,37.4,36,26.6,214,60.2,54.7,117,19.2,41,22.9,49,3.3,7,"27","1.94","1.92","1.96","5","1.45","1.44","1.47","0.66","83.5",,,,,,,,,,,,,,,,,,,,,,,"4.49","26.1"
"Amaya, Jacob",676070,2025,26,62,68,6,5,1,0,0,15,2,22.1,2.9,".097",".113",".119","0.232","0.016",".120","7","29","7","0","2","17","77","66","0","29","3","33","1","0","0","0","4","0","51","2","0","9","22","9","4","0","0","0","14","2","0","0","1","3","16","0","0","0","0","0","0","0","0","6","2","0","0","80","4","165","16","245",,"0","0","0","0",".178",".233",".106",".195",".203",".055",".114",".234",".120",".232","-0.081","-0.120","-0.089","66.8",2.5,9,7.6,47.8,40.5,"7",3,8,5.7,68.4,29.3,"88.1","11.9",23.5,0,0,3.9,17.6,33.3,35.3,9.8,29.4,"97.049165417","92.926125625",54.3,14.3,25,31,69,9,29,47.3,116,60,8.2,21,148,46,245,85.7,10,70,52.7,129,46.9,115,19.2,40.4,31.4,35.3,33.3,51,70.6,51,26,17.6,9,23.5,12,7.8,4,,,,,,,,,,,,,,,,,,,,,,,,,,,,,,,,,"4.45","27.7"
"Dunn, Blake",694362,2025,26,60,75,9,6,2,0,1,25,8,33.3,10.7,".150",".233",".320","0.553","0.083",".235","7","29","14","1","1","17","111","56","0","51","3","30","1","0","0","7","3","1","35","5","0","3","19","3","1","0","0","0","4","2","0","1","0","0","38","1","0","0","0","0","0","0","0","10","1","0","0","129","0","189","38","318",,"0","0","0","0",".199",".307",".274",".315",".359",".108",".283",".371",".257",".341","-0.049","-0.074","-0.041","70",6.4,10.1,7.3,27.8,20,"6.2",6,4.6,6.2,38.2,38.2,"88.6","-0.3",25.7,3,8.6,0,22.9,8.6,51.4,8.6,37.1,"99.079548824","93.890402424",62.5,26.7,24.7,46.5,53.5,20,43,54.7,174,68.4,6,39,185,77,318,70,24,90,45.3,144,45.3,144,33.1,41.8,25.7,45.7,28.6,35,60,62.9,22,11.4,4,22.9,8,2.9,1,,,,,,,,,,,"2","0","2","0.0","1","1","100.0","2","2","100.0","1","1","100.0","5","5","100.0","0.8","2.7","-0.1","3.4","37.4","9","4.26","29.7"
"Donovan, Brendan",680977,2025,28,293,327,88,62,21,0,5,43,26,13.1,8,".300",".423",".368","0.791","0.123",".337","29","110","123","1","3","70","398","234","0","209","5","74","4","0","1","6","29","9","248","49","0","36","82","28","15","0","3","0","1","0","0","2","1","1","66","0","1","0","0","0","0","1","0","43","3","0","0","432","2","771","66","1203",,"1","0","0","0",".308",".480",".347",".371",".377",".171",".366",".396",".351",".362","-0.008","-0.057","-0.024","68.8",4.4,18.5,16.1,42.6,37,"6.8",5,7.8,2.4,46.9,30.4,"89.9","10.3",41.3,22,8.7,6,31.3,20.6,29.4,4,42.1,"100.29671873","94.550455538",61.9,8.4,25.6,27.5,69.8,41,149,47.8,583,79.1,7.5,150,713,284,1219,91.1,33,394,52.2,636,42.7,520,13.6,44.5,32.9,41.3,25.8,252,60.3,44.8,113,18.3,46,31,78,6,15,,,,,,,,,,,"-1","0","2","0.0","0","4","0.0","1","1","100.0","2","2","100.0","3","3","100.0","-0.3","-0.8","0.5","-0.7","33.4",,"4.4","26.7"
"Canha, Mark",592192,2025,36,101,113,23,20,3,0,0,21,7,18.6,6.2,".228",".257",".292","0.549","0.029",".280","4","48","26","1","0","25","144","91","0","73","3","42","1","0","0","3","11","3","81","9","0","17","17","10","12","0","0","0","8","0","0","6","0","2","46","1","0","0","1","0","0","0","0","8","0","0","0","156","2","296","46","452",,"0","0","0","0",".222",".300",".253",".276",".299",".078",".263",".295",".280",".290",".006","-0.043","-0.023","68.6",7.4,11.1,8.5,35.6,27.3,"7.4",8,11.3,-1.2,52.3,32.2,"86.8","20.9",26.8,1,1.2,6.1,25.6,36.6,26.8,3.7,31.7,"97.170213415","92.597296829",62.8,14.7,26.3,50.9,49.1,29,57,47.6,217,71.4,6.1,37,277,89,456,85.3,22,150,52.4,239,46.5,212,24.6,45.4,35.4,40.2,24.4,82,64.6,34.1,28,24.4,20,25.6,21,15.9,13,,,,,,,,,,,"0","0","5","0.0","0","0",,"1","2","50.0","0","0",,"0","0",,"-0.4","-0.4","0.7","-0.1","34.1",,"4.41","27.6"
"Castro, Willi",650489,2025,28,203,232,56,36,12,1,7,56,22,24.1,9.5,".276",".448",".364","0.812","0.172",".350","19","76","91","1","3","39","280","119","0","182","12","59","3","0","0","6","16","12","146","28","0","26","38","15","11","0","1","0","1","0","0","0","0","0","106","1","0","0","0","0","0","0","0","35","3","0","0","303","0","571","106","874",,"0","0","0","0",".262",".394",".357",".330",".351",".133",".430",".388",".381",".361",".014",".054",".027","71.6",22.2,15.5,11.3,29.3,21.4,"7.2",6,7.3,-3.6,39,37.4,"88.1","14.4",37.8,10,6.8,6.8,27.7,29.1,23.6,6.1,41.9,"100.435321892","94.291658503",70.7,17.5,31,51.5,47.7,68,132,48,426,82.8,6.5,135,523,188,887,82.5,57,326,52,461,46.8,415,27.3,51.6,43.2,34.5,22.3,148,66.2,37.8,56,25.7,38,29.1,43,7.4,11,,,,,,,,,,,"0","0","3","0.0","0","0",,"1","1","100.0","2","2","100.0","3","3","100.0","-0.7","-0.9","0.1","-1.5","32.4",,"4.31","28.0"
"Hays, Austin",669720,2025,29,123,134,37,21,7,3,6,34,8,25.4,6,".301",".553",".343","0.896","0.252",".365","25","53","66","0","2","37","146","64","0","80","5","31","2","0","0","1","9","11","89","16","0","15","26","5","7","0","1","1","1","0","0","14","0","2","72","0","0","0","0","0","0","0","0","23","2","0","0","157","2","314","72","471",,"0","0","0","0",".265",".493",".378",".348",".315",".228",".491",".447",".407",".366",".036",".060",".030","72.3",23.6,17.2,12,31.2,21.8,"7.1",13,15,-4.2,65.3,31.1,"89.7","16.3",35.2,12,13.2,7.7,27.5,23.1,26.4,2.2,44,"100.786605652","94.611693736",71.5,23.4,36.9,51.6,48.4,48,93,51.3,252,81,8.6,48,232,154,491,76.6,40,171,48.7,239,38.3,188,33.3,53.8,49.5,30.8,19.8,91,62.7,38.5,35,28.6,26,24.2,22,8.8,8,,,,,,,,,,,"1","0","3","0.0","0","0",,"0","0",,"2","2","100.0","3","3","100.0","2.1","0.5","-2.1","0.6","33.7",,"4.37","27.4"
"Wong, Connor",657136,2025,29,73,84,11,11,0,0,0,20,9,23.8,10.7,".151",".151",".250","0.401","0.000",".204","1","46","11","0","1","23","113","54","0","55","3","29","5","0","0","1","6","0","53","5","0","9","22","6","5","0","0","0","3","1","0","1","0","1","38","0","0","0","0","0","1","0","0","6","1","0","0","122","1","204","38","326",,"1","1","0","0",".233",".325",".199",".292",".322",".092",".181",".326",".204",".316","-0.082","-0.174","-0.093","72.4",24.6,10.8,7.9,24.7,18.3,"7.3",5,12.1,-1.9,46,30.4,"84.9","8.5",33.3,3,5.6,3.7,24.1,22.2,35.2,9.3,33.3,"97.825634444","93.029929245",63.5,15.8,31.5,51.7,48.3,30,58,53.6,184,65.4,7.6,29,197,89,343,84.2,16,101,46.4,159,42.6,146,28.9,46.4,42.6,38.9,18.5,54,60.7,51.9,28,16.7,9,20.4,11,11.1,6,"18","1.97","1.97","1.96","0",,,,"0.69","82.7",,,,,,,,,,,,,,,,,,,,,,,"4.53","27.8"
"Lockridge, Brandon",663604,2025,28,88,95,19,15,4,0,0,24,4,25.3,4.2,".216",".261",".258","0.519","0.045",".297","5","38","23","1","8","19","104","55","0","58","8","47","2","0","0","1","11","1","66","7","0","12","31","3","1","0","0","0","12","5","0","0","2","0","38","0","1","0","1","0","0","0","0","9","6","2","0","107","2","239","38","346",,"0","0","0","0",".222",".274",".235",".242",".264",".052",".287",".297",".297",".306","-0.006","-0.013","-0.007","71.1",17,10,7.2,31.8,22.9,"6.8",3,5.5,2.2,37.9,29.2,"86.6","0.7",19.7,0,0,3,24.2,16.7,48.5,7.6,27.3,"97.045845313","92.633192698",68.7,17.6,36,54.2,42.4,32,59,47.4,164,81.3,9.2,43,206,79,346,79.2,22,125,52.6,182,43.9,152,29.3,53.2,21.2,48.5,30.3,66,68.4,63.6,42,19.7,13,15.2,10,1.5,1,,,,,,,,,,,"3","0","4","0.0","0","0",,"7","7","100.0","1","1","100.0","5","5","100.0","1.1","2.9","-0.3","3.6","37.9","18","4.17","29.9"
"Estrada, Thairo",642731,2025,29,80,87,23,16,6,0,1,13,3,14.9,3.4,".287",".400",".322","0.722","0.113",".324","10","28","29","1","0","18","87","44","0","59","2","19","3","0","0","2","8","3","64","9","0","11","26","5","2","0","0","0","1","0","0","0","0","2","35","1","0","0","0","0","0","0","0","6","0","0","0","92","2","206","35","298",,"0","1","0","0",".239",".327",".315",".269",".281",".088",".346",".288",".333",".281",".048",".073",".046","72",19.2,11.3,8.9,30.4,24,"7.2",5,11,-4.5,54.1,30.9,"87.3","7.9",27.5,2,2.9,4.3,26.1,27.5,34.8,4.3,30.4,"97.516278571","92.885885362",72.9,13.2,33.3,49,51,24,49,47,147,72.7,7,34,175,76,313,86.8,16,121,53,166,44.4,139,23.5,54.3,44.9,40.6,14.5,69,63.2,49.3,34,21.7,15,24.6,17,4.3,3,,,,,,,,,,,,,,,,,,,,,,,,,,,,,,,,,"4.33","28.0"
"Hampson, Garrett",641658,2025,30,54,66,9,8,1,0,0,17,10,25.8,15.2,".167",".185",".297","0.482","0.018",".243","0","20","10","1","2","11","107","59","0","46","1","29","1","0","0","0","6","1","39","2","0","10","12","5","3","0","0","0","9","5","0","1","2","0","21","1","0","0","0","0","0","0","0","10","2","0","0","110","2","169","21","279",,"0","0","0","0",".171",".216",".239",".250",".301",".045",".226",".245",".243",".250","-0.004","-0.031","-0.011","66.9",0,2.7,2.2,30.1,24.4,"6.7",3,8.6,-0.5,51.1,30,"85.6","18.3",25.6,0,0,7.7,15.4,35.9,28.2,12.8,20.5,"93.123392222","90.651342286",54.7,17.1,21.7,32.1,64.3,9,28,46.2,129,68.4,6.8,23,179,63,279,81.7,14,82,53.8,150,52,145,20.9,39.4,38.5,35.9,25.6,39,60.6,46.2,18,28.2,11,17.9,7,7.7,3,,,,,,,,,,,,,,,,,,,,,,,,,,,,,,,,"4","4.31","28.7"
"Caballero, José",676609,2025,28,187,217,42,28,11,1,2,65,25,30,11.5,".225",".326",".324","0.650","0.101",".331","23","86","61","6","29","50","307","159","0","148","11","66","0","0","2","3","12","8","120","22","0","20","30","16","11","0","0","0","4","7","0","1","1","1","97","3","3","0","0","0","1","1","0","28","20","9","0","332","2","549","97","881",,"2","1","0","0",".216",".315",".296",".289",".318",".099",".362",".348",".341",".330",".009",".011",".007","69",7.9,8.8,6.4,28.5,20.7,"6.8",12,11.1,-1.3,51.8,32.4,"85.1","18.2",43.5,6,4.8,5.6,23.4,30.6,22.6,12.9,28.2,"97.142912881","92.59681839",63.7,19.3,27,49.6,48.8,63,127,52.6,470,66.7,6,119,449,221,894,78.5,52,270,47.4,424,42.8,383,29,44.4,39.5,37.9,22.6,124,66.8,33.9,42,23.4,29,32.3,40,10.5,13,,,,,,,,,,,"-1","0","2","0.0","0","1","0.0","3","4","75.0","2","3","66.7","1","1","100.0","0.1","0.2","-0.6","-0.2","33.2",,"4.32","27.8"
"Santana, Carlos",467793,2025,39,261,302,61,46,6,0,9,57,35,18.9,11.6,".234",".360",".328","0.688","0.126",".263","37","116","94","0","4","65","468","206","0","222","10","74","6","0","0","3","26","10","207","25","0","35","63","19","28","0","1","0","0","0","1","15","0","3","118","0","0","0","2","0","0","0","0","36","4","0","0","502","3","769","118","1271",,"0","2","0","0",".225",".368",".308",".306",".322",".143",".324",".321",".295",".287",".009","-0.008",".002","71.6",18.3,16.2,12.5,30.2,23.3,"7.6",7,12.9,-5.5,66.5,26.7,"88.7","15.5",30,13,6.3,6.3,20.3,30,32.9,4.3,43.5,"100.791759423","94.541818889",65,14.9,24.7,46,54,74,161,51.4,653,79,6.4,218,686,292,1271,85.1,60,402,48.6,618,43.7,556,23.8,44.3,51.2,32.9,15.9,207,55.8,43,89,21.7,45,21.7,45,13.5,28,,,,,,,,,,,,,,,,,,,,,,,,,,,,,,,,,"4.64","25.3"
"Morel, Christopher",666624,2025,26,159,175,36,19,11,0,6,61,14,34.9,8,".226",".409",".297","0.706","0.183",".326","18","63","65","2","4","33","202","73","0","122","5","58","2","0","1","2","17","9","98","10","0","28","23","1","10","0","0","0","5","3","0","2","0","0","130","2","0","0","0","0","1","1","0","25","4","0","0","225","0","434","130","659",,"2","3","0","0",".220",".451",".310",".320",".291",".231",".441",".457",".367",".357",".006","-0.042","-0.010","75.2",54.3,14.6,9.3,28.3,18,"8.3",9,16.3,-11.4,62.4,27.6,"91.3","19.1",31.6,15,15.3,7.1,20.4,30.6,23.5,3.1,45.9,"102.778208571","95.902794227",78.9,28.7,32.3,62.7,37.3,69,110,51.7,341,90.9,6.7,79,329,188,659,71.3,72,251,48.3,318,43.2,285,39.1,54.8,57.1,27.6,15.3,98,72,40.8,40,37.8,37,11.2,11,10.2,10,,,,,,,,,,,"-2","0","4","0.0","0","2","0.0","0","2","0.0","8","8","100.0","2","4","50.0","-0.1","-0.1","0","-0.2","32.9",,"4.48","28.1"
"Workman, Gage",669398,2025,25,16,17,3,2,1,0,0,7,1,41.2,5.9,".188",".250",".235","0.485","0.062",".333","2","14","4","0","1","9","13","7","0","4","0","12","0","0","0","0","1","1","9","1","0","2","4","0","0","0","0","0","5","1","0","1","0","0","16","0","0","0","0","0","0","0","0","0","1","0","0","14","0","38","16","52",,"0","0","0","0",".260",".462",".220",".331",".303",".202",".338",".548",".333",".462","-0.072","-0.212","-0.111","71.8",15.4,10,3.8,60,23.1,"7.5",1,26.6,-10.3,15.4,45.1,"89.8","18.9",44.4,1,11.1,0,33.3,22.2,33.3,0,33.3,"96.66793","92.835233333",80.8,38.1,38.5,90,10,9,10,50,26,100,3.8,6,24,14,52,57.1,8,21,50,26,42.3,22,54.8,59.6,33.3,55.6,11.1,9,76.5,55.6,5,33.3,3,11.1,1,0,0,,,,,,,,,,,,,,,,,,,,,,,,,,,,,,,,,,"27.6"
"Winker, Jesse",608385,2025,31,67,78,16,8,5,2,1,20,9,25.6,11.5,".239",".418",".321","0.739","0.179",".313","10","35","28","0","1","18","109","52","0","55","0","24","1","0","0","0","5","4","49","7","0","6","13","4","10","0","1","0","6","0","0","20","0","2","28","0","0","0","0","0","0","0","0","8","1","0","0","120","2","187","28","307",,"0","0","0","0",".222",".382",".315",".300",".309",".160",".381",".358",".327",".308",".017",".036",".015","71.2",16.2,18.6,15.2,36,29.5,"7.4",4,13.3,4.2,67.6,35.5,"89.3","20.4",30.6,4,8.2,12.2,24.5,26.5,24.5,4.1,44.9,"100.9454628","94.958554694",67.1,17.6,18.5,44.4,55.6,12,27,47.6,146,80,8.1,42,179,61,307,82.4,19,108,52.4,161,41,126,23,44,55.1,22.4,22.4,49,59,36.7,18,20.4,10,22.4,11,20.4,10,,,,,,,,,,,,,,,,,,,,,,,,,,,,,,,,,,"25.8"
"Simon, Ronny",682927,2025,25,47,56,11,9,2,0,0,7,7,12.5,12.5,".234",".277",".327","0.604","0.043",".268","5","23","13","0","0","14","80","45","0","35","0","19","1","0","0","0","8","0","42","3","0","7","15","4","5","0","0","0","3","0","0","4","1","1","13","0","0","0","0","0","0","0","0","6","0","0","0","82","2","137","13","219",,"0","1","0","0",".277",".420",".279",".347",".367",".143",".256",".347",".268",".321","-0.043","-0.143","-0.068","72.3",27.6,17.2,14.5,31.3,26.3,"7.1",1,3,3.2,40.8,24.9,"87.6","9.9",28.6,3,7.1,0,28.6,21.4,38.1,4.8,33.3,"98.5856865","93.312682",57.7,12.5,25.9,21.4,75,6,28,49.3,108,63.6,10,35,139,37,219,87.5,8,64,50.7,111,43.8,96,15.2,42,28.6,42.9,28.6,42,57.1,54.8,23,16.7,7,16.7,7,11.9,5,,,,,,,,,,,,,,,,,,,,,,,,,,,,,,,,"1","4.18","28.6"
"Acuña, Luisangel",682668,2025,23,145,158,35,29,6,0,0,29,10,18.4,6.3,".241",".283",".293","0.576","0.042",".299","6","78","41","1","11","37","181","84","0","97","3","65","5","0","1","1","19","2","118","14","0","18","49","12","4","0","0","0","3","13","0","0","1","1","51","0","0","1","1","0","1","0","0","23","11","0","0","199","2","365","51","564",,"1","0","0","0",".252",".319",".261",".281",".305",".067",".285",".312",".299",".316","-0.011","-0.036","-0.020","70.8",18.1,13.9,10.9,35.3,27.7,"7.2",5,2.9,5.3,39.9,25.2,"88","2.6",31.4,1,0.8,3.4,22,20.3,44.9,5.9,34.7,"99.373296786","93.79236045",70,10.2,31.6,45.7,53.2,43,94,52.7,297,59.5,6.6,41,315,147,564,88.2,19,187,47.3,267,40.4,228,22.1,49.8,20.3,52.5,27.1,118,62,57.6,68,16.9,20,22,26,3.4,4,,,,,,,,,,,,,,,,,,,,,,,,,,,,,,,,"18","4.2","29.4"
"Contreras, Willson",575929,2025,33,289,333,71,43,18,0,10,81,28,24.3,8.4,".246",".412",".337","0.749","0.166",".305","50","131","118","0","3","86","401","193","0","228","15","77","8","0","2","13","20","12","208","38","0","35","71","24","8","0","1","0","2","0","0","12","1","2","145","0","0","0","0","0","0","0","0","39","2","0","1","450","3","801","145","1251",,"0","0","1","0",".268",".494",".332",".367",".358",".226",".389",".446",".338",".371","-0.022","-0.082","-0.035","76.3",63.4,18,13.2,28.6,21,"7.9",6,8.9,-1,48.5,33.3,"89.5","9.7",39.3,28,13.3,8.1,22.3,19,30.8,5.7,45.5,"102.994541635","95.80418875",65.6,18.4,31.9,47.1,52.9,97,206,50.9,645,74.1,6.4,146,704,310,1267,81.6,75,408,49.1,622,44.8,567,28,48.5,39.3,38.4,22.3,211,64.6,44.1,93,22.7,48,29.4,62,3.8,8,,,,,,,,,,,,,,,,,,,,,,,,,,,,,,,,,"4.52","27.2"
"Teel, Kyle",691019,2025,23,43,53,12,9,3,0,0,16,8,30.2,15.1,".279",".349",".396","0.745","0.070",".429","2","14","14","1","1","11","81","33","0","35","1","14","0","0","2","1","1","3","25","7","0","7","6","0","1","0","0","0","3","0","0","2","0","1","27","0","0","1","0","0","0","0","0","5","1","0","0","86","1","126","27","212",,"0","0","0","0",".265",".500",".341",".386",".388",".235",".421",".508",".429",".414",".014","-0.151","-0.045","69.7",10.6,12.3,8.2,31.6,21.2,"6.7",3,10.4,4.5,41.2,38,"89.5","17.1",50,4,14.3,21.4,28.6,14.3,21.4,0,42.9,"98.975943571","93.669561429",64.4,26.2,28.8,44.4,52.8,16,36,55.3,125,73.1,11.5,48,115,57,226,73.8,17,65,44.7,101,40.7,92,32.7,44.7,28.6,39.3,32.1,28,62.3,28.6,8,39.3,11,28.6,8,3.6,1,"4","1.98","2.09","1.94","1","1.58","1.58",,"0.73","86.2",,,,,,,,,,,,,,,,,,,,,,,,"27.4"
"Bae, Ji Hwan",678225,2025,25,11,12,1,1,0,0,0,5,1,41.7,8.3,".091",".091",".167","0.258","0.000",".167","0","4","1","0","2","2","15","7","0","4","1","7","0","0","0","0","1","0","6","0","0","3","1","0","1","0","0","0","2","4","0","1","0","0","9","0","0","0","0","0","0","0","0","3","2","0","0","15","0","30","9","45",,"0","0","0","0",".137",".385",".132",".257",".209",".249",".148",".399",".167",".251","-0.046","-0.294","-0.125","68.4",5.6,14.3,5.6,42.9,16.7,"6.9",0,8.9,2.1,44.4,30.8,"89.4","32.9",16.7,1,16.7,0,0,50,16.7,16.7,16.7,"94.65063","92.36285",63.2,41.7,42.3,54.5,45.5,6,11,57.8,26,100,4.4,7,30,7,45,41.7,5,12,42.2,19,53.3,24,47.8,51.1,0,50,50,6,50,33.3,2,50,3,0,0,16.7,1,,,,,,,,,,,,,,,,,,,,,,,,,,,,,,,,,,
"Rortvedt, Ben",666163,2025,27,63,70,6,5,1,0,0,14,7,20,10,".095",".111",".186","0.297","0.016",".122","6","31","7","0","0","21","104","48","0","49","3","26","0","0","0","0","1","1","49","4","0","8","23","2","9","0","0","0","3","0","0","0","0","0","26","0","0","0","0","0","0","0","0","2","0","0","0","109","0","179","26","288",,"0","1","0","0",".156",".207",".151",".210",".241",".051",".116",".201",".122",".201","-0.061","-0.096","-0.059","69.7",8.4,7.5,5.6,25,18.7,"7",0,10.9,-2.7,62.6,28.8,"81.8","16.1",22.4,1,2,0,12.2,34.7,40.8,10.2,18.4,"92.894624583","90.706309362",67.1,21.6,21.3,31,65.5,9,29,47.2,136,87,8,44,182,47,288,77.5,22,102,52.8,152,47.9,138,23.7,45.5,40.8,26.5,32.7,49,71.4,49,24,18.4,9,14.3,7,18.4,9,"12","1.94","1.96","1.9","1","1.5","1.5",,"0.69","84.4",,,,,,,,,,,,,,,,,,,,,,,"4.7","25.5"
"McGuire, Reese",624512,2025,30,46,49,11,5,1,0,5,11,2,22.4,4.1,".239",".587",".271","0.858","0.348",".200","8","23","27","0","0","11","62","23","0","32","1","14","1","0","0","0","3","6","36","2","0","8","11","3","3","0","0","0","3","0","0","0","1","0","26","0","0","0","0","0","0","0","0","8","0","0","0","66","1","122","26","188",,"0","0","0","0",".196",".452",".363",".288",".230",".256",".458",".355",".314",".258",".043",".135",".075","70",7.2,10.2,7.2,40.7,28.9,"8.3",1,15.2,-6.3,54.2,32.3,"88.2","17.3",41.7,7,19.4,5.6,13.9,22.2,30.6,8.3,41.7,"99.249807647","93.981271176",70.1,20.6,34.1,45.2,48.4,14,31,48.4,91,76.5,9,22,108,50,188,77.9,14,68,51.6,97,39.4,74,28.3,52.7,50,36.1,13.9,36,53.1,38.9,14,38.9,14,13.9,5,8.3,3,"7","1.93","1.93","1.93","0",,,,"0.7","78.7",,,,,,,,,,,,,,,,,,,,,,,,"25.3"
"Taveras, Leody",665750,2025,26,171,180,35,25,6,1,3,50,5,27.8,2.8,".205",".304",".226","0.530","0.099",".269","17","71","52","3","9","43","211","113","0","139","14","58","0","0","1","0","12","3","125","20","0","28","33","11","18","0","0","0","2","1","0","0","3","1","74","3","0","0","0","0","1","0","0","13","8","1","0","219","4","474","74","693",,"1","1","0","0",".209",".324",".232",".240",".231",".115",".308",".319",".287",".294","-0.004","-0.020","-0.008","71.2",17,12.4,9.3,27.6,20.7,"7.4",1,6.4,-4.2,39.7,31.2,"88.5","21.2",27.2,8,6.4,6.4,21.6,32.8,25.6,7.2,35.2,"99.243581864","93.754772203",67.3,17.1,34.4,43.6,54.5,48,110,46.2,320,74.5,7.4,147,412,99,693,81.3,43,251,53.8,373,47.3,328,25.2,52.1,31.2,36.8,32,125,65,36,45,24.8,31,24.8,31,14.4,18,,,,,,,,,,,"0","0","5","0.0","3","5","60.0","4","7","57.1","8","12","66.7","10","10","100.0","1","0.7","-1.3","0.4","34.8","9","4.26","28.8"
"Peña, Jeremy",665161,2025,27,317,350,102,72,18,1,11,55,20,15.7,5.7,".322",".489",".378","0.867","0.167",".360","40","94","155","2","15","50","365","194","0","173","10","81","6","0","1","9","40","17","263","45","0","39","91","18","13","0","1","0","2","0","0","2","1","2","135","1","1","0","3","0","1","1","0","48","10","5","0","394","3","780","135","1174",,"2","1","0","0",".290",".453",".378",".350",".351",".163",".420",".385",".386",".350",".032",".036",".028","72.5",18.1,19.4,14.8,37.4,28.5,"7.5",6,10.2,-7.6,61.9,29.8,"88.3","7.8",28.7,21,7.9,5.7,26,16.2,38.9,4.9,41.5,"100.282594427","94.242428092",66.6,11.9,34.6,49.8,50.2,106,213,52.1,615,81.2,7.2,161,617,286,1181,88.1,45,377,47.9,566,42.3,500,25.6,50,43,35.8,21.1,265,66.8,49.8,132,21.5,57,23.8,63,4.9,13,,,,,,,,,,,,,,,,,,,,,,,,,,,,,,,,"47","4.27","29.6"
"Cowser, Colton",681297,2025,25,83,91,20,8,6,0,6,28,5,30.8,5.5,".241",".530",".308","0.838","0.289",".286","11","28","38","0","1","14","115","72","0","47","5","22","1","0","0","3","8","6","51","3","0","10","21","1","2","0","0","0","1","0","0","0","0","0","42","0","0","0","0","0","1","0","0","8","1","0","0","123","0","219","42","342",,"1","0","0","0",".214",".409",".360",".302",".283",".195",".493",".397",".364",".323",".027",".121",".058","73.3",30.3,19.8,13.6,38.5,26.5,"7.3",4,14.9,-2.5,51.5,37.1,"91.3","11.6",29.1,7,12.7,3.6,20,21.8,38.2,3.6,45.5,"101.711847778","95.003170926",62.4,21.6,24,59.1,40.9,26,44,49.6,183,70.4,7.3,92,201,57,369,77.6,25,116,50.4,186,43.1,159,31.9,43.4,47.3,30.9,21.8,55,57.1,52.7,29,29.1,16,12.7,7,5.5,3,,,,,,,,,,,"-2","0","3","0.0","0","3","0.0","1","1","100.0","4","7","57.1","3","3","100.0","1","-1.6","-1.8","-2.4","32.2",,"4.35","27.1"
"Anthony, Roman",701350,2025,21,47,58,6,2,3,0,1,15,10,25.9,17.2,".128",".255",".293","0.548","0.127",".161","5","21","10","0","1","9","92","52","0","36","1","15","0","0","0","1","2","2","30","1","0","7","14","3","1","0","0","0","1","0","0","3","0","0","18","0","0","0","0","0","0","0","0","5","1","0","0","102","0","138","18","240",,"0","0","0","0",".230",".473",".264",".372",".379",".243",".239",".437",".188",".341","-0.102","-0.218","-0.108","74.1",42.3,15.9,12.8,33.3,26.9,"7.1",4,7.7,4.5,48.7,29.8,"92.7","9.3",31.3,5,15.6,6.3,25,18.8,28.1,3.1,46.9,"101.804518125","95.974344839",54.6,13.8,19.6,44.4,55.6,12,27,53.7,138,50,6.2,54,131,59,257,86.2,9,65,46.3,119,43.6,112,22.8,35.8,21.9,40.6,37.5,32,48.3,53.1,17,28.1,9,15.6,5,3.1,1,,,,,,,,,,,,,,,,,,,,,,,,,,,"1.6","-0.8","-0.1","0.7","34.5",,,"27.6"
"McCarthy, Jake",664983,2025,27,50,57,5,3,1,0,1,7,5,12.3,8.8,".100",".180",".193","0.373","0.080",".093","3","26","5","0","1","12","63","32","0","31","0","16","1","0","0","1","0","0","43","4","0","13","20","2","4","0","0","0","0","0","0","1","0","1","17","0","0","0","0","0","1","0","0","2","1","0","0","68","1","130","17","198",,"1","0","0","0",".192",".312",".179",".264",".276",".120",".136",".246",".114",".221","-0.092","-0.132","-0.085","68.4",2.5,3.2,2.5,41.9,32.9,"7",0,10.5,-3.4,59.5,31.4,"85.4","10.6",29.5,1,2.3,6.8,15.9,36.4,29.5,9.1,22.7,"94.788844091","91.473479535",64.4,13.8,34.6,35.1,59.5,13,37,51.4,107,75,3.8,23,117,48,208,84.6,9,65,48.6,101,44.2,92,21.6,49,40.9,38.6,20.5,44,63.2,45.5,20,31.8,14,13.6,6,9.1,4,,,,,,,,,,,"1","0","2","0.0","0","0",,"2","3","66.7","2","2","100.0","3","3","100.0","-1","0.1","0.1","-0.7","33.2",,"4.3","28.9"
"De La Cruz, Elly",682829,2025,23,315,352,88,53,15,2,18,90,34,25.6,9.7,".279",".511",".352","0.863","0.232",".337","55","134","159","6","21","83","464","241","0","184","17","81","4","0","0","2","37","22","223","27","0","33","83","10","10","0","5","0","0","0","0","2","0","1","149","3","3","0","0","0","1","2","0","64","17","4","0","497","1","822","149","1319",,"3","2","0","0",".272",".517",".369",".365",".347",".245",".471",".466",".389",".381",".007","-0.006",".004","74.7",47.4,23.5,16.4,36.9,25.7,"7.2",10,8.8,0,52,34.1,"91.7","7.4",32.7,35,15.5,4.9,19.9,16.4,39.4,3.5,47.3,"103.670773036","96.280070938",62.6,22.5,27.2,47.3,52.7,88,186,51.4,685,72.5,6.8,334,625,316,1332,77.5,91,405,48.6,647,40.3,537,30.3,44.4,40.7,35.8,23.5,226,64.9,53.5,121,24.3,55,17.7,40,4.4,10,,,,,,,,,,,,,,,,,,,,,,,,,,,,,,,,"29","4.29","29.1"
"Ornelas, Tirso",672359,2025,25,14,16,1,1,0,0,0,2,2,12.5,12.5,".071",".071",".188","0.259","0.000",".083","1","6","1","0","0","4","20","13","0","11","0","7","1","0","0","0","0","0","12","1","0","4","5","0","2","0","0","0","3","0","0","1","0","0","4","0","0","0","0","0","1","0","0","0","0","0","0","21","0","41","4","62",,"1","0","0","0",".176",".387",".142",".293",".279",".211",".074",".275",".083",".206","-0.105","-0.316","-0.151","72.9",34.8,10,8.7,35,30.4,"7.6",1,1.2,3.4,30.4,26.1,"90.5","17.7",16.7,1,8.3,0,8.3,41.7,41.7,0,41.7,"99.520206667","94.265940833",62.5,5,26.7,37.5,62.5,3,8,48.4,30,80,8.1,14,28,18,62,90,1,20,51.6,32,41.9,26,14.3,45.2,25,58.3,16.7,12,62.5,41.7,5,33.3,4,8.3,1,16.7,2,,,,,,,,,,,,,,,,,,,,,,,,,,,,,,,,,,"26.8"
"Aranda, Jonathan",666018,2025,27,260,299,86,61,16,0,9,70,30,23.4,10,".331",".496",".411","0.907","0.165",".421","41","98","124","1","0","65","416","187","0","255","13","76","4","0","3","7","31","17","187","36","0","28","43","21","11","0","1","0","3","0","0","6","0","2","127","0","0","1","0","0","0","0","0","41","0","0","0","448","2","775","127","1223",,"0","0","1","0",".316",".543",".396",".409",".402",".226",".484",".504",".448",".433",".015","-0.047","-0.013","70.5",14.6,16.3,12.6,31.3,24.2,"7.3",8,9.9,4,57.5,35.8,"93","14.8",41.7,22,11.5,8.9,35.9,18.8,22.9,1.6,55.7,"102.857505208","96.412395183",68.9,20.7,26.8,35.2,64.8,57,162,48.9,605,84.8,8,176,730,247,1236,79.3,90,435,51.1,631,43.5,538,24.6,48.3,40.1,36.5,23.4,192,63.1,38.5,74,25.5,49,30.2,58,5.7,11,,,,,,,,,,,,,,,,,,,,,,,,,,,,,,,,,"4.55","26.0"
"Crews, Dylan",686611,2025,23,158,173,31,21,2,1,7,48,11,27.7,6.4,".196",".354",".266","0.620","0.158",".233","15","80","56","3","11","41","210","105","0","87","6","45","0","0","0","4","14","9","110","8","0","19","39","13","6","0","0","0","0","0","0","0","0","0","80","3","0","0","0","0","1","0","0","24","9","2","0","226","0","394","80","620",,"1","1","0","0",".258",".469",".276",".343",".323",".211",".339",".445",".282",".373","-0.062","-0.115","-0.067","73.4",36.9,16.9,12,33.3,23.7,"7.2",11,7.7,-1.4,50.6,25.6,"90.1","7.7",30,16,14.5,4.5,24.5,18.2,32.7,3.6,40.9,"101.26588","95.040919352",64.6,19.6,28,60,38.8,51,85,49,304,73.2,6.6,83,337,155,620,80.4,40,204,51,316,43.5,270,31.5,46.6,35.5,38.2,26.4,110,64.7,48.2,53,25.5,28,20.9,23,5.5,6,,,,,,,,,,,"1","0","9","0.0","3","5","60.0","2","5","40.0","6","7","85.7","12","13","92.3","1.5","1.6","-0.4","2.8","36.8","5","4.2","29.4"
"Lux, Gavin",666158,2025,27,237,269,64,45,14,1,4,64,32,23.8,11.9,".270",".388",".357","0.745","0.118",".355","35","101","91","0","1","68","401","194","0","197","17","72","2","0","0","0","22","10","171","31","0","37","54","13","4","0","0","0","12","0","0","27","0","0","84","0","0","0","3","0","0","0","0","24","1","0","0","429","0","668","84","1097",,"0","0","1","0",".249",".347",".333",".308",".338",".099",".390",".351",".370",".341",".021",".041",".025","69.4",5.4,11.8,9.5,34.7,27.9,"7.5",19,11.8,2,45.4,33.6,"88.6","11.8",39.3,7,4,7.5,32.4,22.5,32.4,1.2,37.6,"97.549428851","92.850200751",66.1,15.2,19.1,49,51,50,102,48.2,535,82.4,6.7,174,575,311,1111,84.5,58,381,51.8,576,41.4,460,22.4,43.5,36.4,43.9,19.7,173,65.4,43.9,76,27.2,47,26.6,46,2.3,4,,,,,,,,,,,"-5","0","3","0.0","0","3","0.0","1","5","20.0","2","5","40.0","1","2","50.0","-0.1","-2.5","-0.1","-2.6","31.7",,"4.29","27.6"
"Mateo, Jorge",622761,2025,30,61,65,11,7,3,0,1,23,4,35.4,6.2,".180",".279",".231","0.510","0.099",".270","3","36","17","1","14","17","62","43","0","57","3","31","1","0","0","0","4","4","38","3","0","9","11","4","3","0","0","0","6","9","0","4","0","0","40","1","0","0","0","0","0","0","0","7","11","3","0","73","0","185","40","258",,"0","0","0","0",".187",".285",".228",".231",".237",".098",".318",".323",".289",".300","-0.007","-0.006","-0.003","71.7",15.8,9.2,6.7,24.1,17.5,"7.4",2,5.3,1.7,40,30.1,"88","15.8",23.7,2,5.3,5.3,26.3,28.9,31.6,2.6,36.8,"98.294779474","93.362520526",66.4,22.5,42.7,47.2,52.8,25,53,48.1,124,75,9.3,33,148,56,258,75.3,20,89,51.9,134,46.5,120,31.7,55,28.9,50,21.1,38,67.7,39.5,15,34.2,13,18.4,7,7.9,3,,,,,,,,,,,"-2","0","0",,"0","1","0.0","0","1","0.0","0","0",,"1","1","100.0",,,,,,"8",,"29.3"
"Gurriel Jr., Yuli",493329,2025,41,36,40,4,3,1,0,0,8,4,20,10,".111",".139",".200","0.339","0.028",".143","3","22","5","0","0","14","45","29","0","29","0","16","0","0","0","0","2","0","28","2","0","8","9","1","6","0","0","0","2","0","0","8","0","0","12","0","0","0","0","0","0","0","0","2","0","0","0","49","0","99","12","148",,"0","0","0","0",".128",".170",".168",".186",".217",".043",".140",".166",".143",".165","-0.017","-0.031","-0.018","72.8",34.9,3.6,3.2,23.6,20.6,"7.9",2,3,-9.8,31.7,24.7,"85.1","22.4",14.3,0,0,3.6,14.3,46.4,28.6,3.6,17.9,"94.735272857","91.508708519",58,5,38,36.7,63.3,11,30,53.4,79,58.3,8.1,36,66,34,148,95,2,40,46.6,69,44.6,66,18.6,47.3,28.6,53.6,17.9,28,65,39.3,11,28.6,8,10.7,3,21.4,6,,,,,,,,,,,,,,,,,,,,,,,,,,,,,,,,,,"26.8"
"Brooks, Trenton",670092,2025,29,11,12,2,0,1,0,1,8,1,66.7,8.3,".182",".545",".250","0.795","0.363",".500","2","7","6","0","0","5","15","5","0","17","0","7","0","0","0","0","0","1","2","1","0","0","0","0","0","0","0","0","3","1","0","3","0","0","8","0","0","0","0","0","0","0","0","2","0","0","0","16","0","33","8","49",,"0","0","0","0",".152",".336",".335",".245",".223",".184","1.111",".748",".667",".557",".030",".209",".090","65",0,9.5,7.1,14.3,10.7,"7.3",2,14.6,-6.8,42.9,30.9,"98.1","9.4",66.7,1,33.3,0,33.3,0,33.3,0,66.7,"102.350335","98.08854",73,29.6,24.1,57.1,42.9,4,7,43.9,29,75,6.1,14,36,13,66,70.4,8,27,56.1,37,40.9,27,35.3,51.5,100,0,0,3,58.3,33.3,1,33.3,1,33.3,1,0,0,,,,,,,,,,,,,,,,,,,,,,,,,,,,,,,,,,"25.7"
"Rosario, Amed",642708,2025,29,119,127,33,22,7,0,4,16,5,12.6,3.9,".277",".437",".315","0.752","0.160",".290","16","39","52","0","1","25","120","56","0","76","2","38","5","0","0","2","11","4","104","18","0","18","38","8","6","0","0","0","3","2","0","0","0","1","42","0","0","0","0","0","0","1","0","16","1","0","0","131","1","283","42","414",,"1","1","1","0",".321",".486",".327",".366",".360",".165",".352",".400",".317",".372","-0.044","-0.049","-0.039","73.4",33.3,17.4,14.1,37.9,30.8,"7.4",3,7.3,-6.9,56.6,29.7,"91.3","9.9",36.5,5,4.8,10.6,26,22.1,34.6,1.9,45.2,"101.834320577","95.17379",73.9,9.8,35.7,43.2,56.8,32,74,50,207,71.4,5.1,76,183,118,414,90.2,15,153,50,207,43,178,20.7,54.8,47.1,34.6,18.3,104,70.1,47.1,49,21.2,22,26,27,5.8,6,,,,,,,,,,,,,,,,,,,,,,,,,,,,,,,,,"4.47","27.3"
"Mayer, Marcelo",691785,2025,22,77,84,16,8,3,1,4,26,6,31,7.1,".208",".429",".262","0.691","0.221",".250","7","37","33","0","0","16","106","52","0","68","2","27","2","0","1","0","4","6","52","6","0","8","26","1","1","0","0","0","4","0","0","0","0","1","47","0","0","0","0","0","0","0","0","12","0","0","0","114","1","221","47","335",,"0","0","0","0",".218",".407",".297",".292",".272",".189",".399",".392",".308",".324","-0.010",".022",".005","74.4",41.9,17.9,12.8,29.2,20.9,"7.9",2,8.7,-4,45.3,32.2,"92.6","3.5",25,5,9.6,5.8,17.3,17.3,50,0,61.5,"102.111628077","96.277368846",68.5,15.1,28.5,69.8,30.2,30,43,45.1,151,76.7,9,62,184,87,335,84.9,19,126,54.9,184,40,134,29,50.4,48.1,30.8,21.2,52,73.8,57.7,30,26.9,14,13.5,7,1.9,1,,,,,,,,,,,,,,,,,,,,,,,,,,,,,,,,"1","4.47","27.2"
"Bleday, JJ",668709,2025,27,202,230,39,21,10,0,8,56,27,24.3,11.7,".193",".361",".287","0.648","0.168",".223","22","81","73","2","1","42","314","160","0","118","4","60","4","0","0","0","10","10","145","18","1","36","38","9","22","0","1","0","1","0","0","0","0","1","85","2","0","0","0","0","0","0","0","29","1","0","0","330","1","517","85","847",,"0","1","0","0",".192",".318",".288",".273",".288",".127",".325",".302",".265",".267",".001",".043",".015","72.1",19.9,14.2,10.6,33.5,25,"7.6",10,14.1,-13.7,56.1,30.4,"87.4","23.9",27.9,8,5.4,4.8,21.8,41.5,21.8,4.8,38.1,"99.215254054","93.688224898",62.5,17.6,22.2,51.5,48.5,50,97,50.6,437,70.5,7.1,225,416,181,864,82,47,267,49.4,427,40.2,347,26.6,42.1,44.9,39.5,15.6,147,56.3,32.7,48,32,47,19,28,16.3,24,,,,,,,,,,,"-6","0","8","0.0","2","12","16.7","2","5","40.0","12","17","70.6","12","13","92.3","0.6","0","-0.5","0.1","34.2",,"4.46","27.0"
"Slater, Austin",596103,2025,32,73,83,16,9,5,0,2,26,9,31.3,10.8,".219",".370",".305","0.675","0.151",".311","5","40","27","0","0","18","112","58","0","76","8","34","1","0","0","0","5","5","48","6","0","9","19","4","0","0","0","0","4","0","0","3","1","0","40","0","0","0","0","0","0","0","0","10","0","0","0","122","1","232","40","354",,"0","1","0","0",".244",".487",".301",".351",".328",".243",".392",".482",".340",".382","-0.025","-0.117","-0.050","69.4",5.9,17.5,13.2,27.2,20.4,"6.7",6,9.6,5.2,53.3,37.6,"91.7","6.9",39.6,8,16.7,8.3,22.9,14.6,31.3,2.1,50,"102.6448","96.094539565",71.7,21.7,25.9,44.4,53.3,20,45,49.2,174,77.3,6.2,29,193,95,354,77.5,28,129,50.8,180,44.1,156,27.6,49.2,47.9,39.6,12.5,48,75.9,50,24,29.2,14,20.8,10,0,0,,,,,,,,,,,"0","0","1","0.0","0","0",,"0","0",,"3","3","100.0","4","5","80.0",,,,,,,"4.45","27.9"
"Monasterio, Andruw",655316,2025,28,26,31,5,3,2,0,0,7,5,22.6,16.1,".192",".269",".323","0.592","0.077",".263","2","16","7","0","0","8","50","24","0","24","1","20","0","0","0","0","3","0","19","2","0","3","5","4","2","0","0","0","3","6","0","0","0","0","11","0","0","0","0","0","0","0","0","5","0","0","0","55","0","80","11","135",,"0","0","0","0",".226",".291",".279",".298",".351",".065",".273",".304",".263",".309","-0.034","-0.022","-0.019","69.2",2,5.1,4.1,28.2,22.4,"7.1",0,15.8,-5.9,53.1,34.2,"85.3","17.4",52.6,0,0,5.3,31.6,26.3,31.6,5.3,21.1,"93.721322","91.011222105",64.8,13,15.6,60,40,6,10,47.4,64,75,8.9,12,71,18,135,84.8,6,46,52.6,71,43,58,21.4,41.5,36.8,36.8,26.3,19,64.5,42.1,8,15.8,3,31.6,6,10.5,2,,,,,,,,,,,,,,,,,,,,,,,,,,,,,,,,,,"27.2"
"Edwards, Xavier",669364,2025,25,260,296,74,64,9,1,0,44,31,14.9,10.5,".285",".327",".361","0.688","0.042",".339","19","72","84","6","14","48","378","179","0","219","6","64","0","0","0","1","35","6","216","31","1","43","65","27","7","0","1","1","0","0","0","1","2","2","41","5","1","0","1","0","2","0","0","29","14","0","0","394","4","677","41","1071",,"2","2","0","0",".263",".325",".312",".302",".343",".062",".320",".307",".339",".315",".022",".002",".010","66.6",1.5,4.6,4.1,37.5,33.7,"6.4",2,2.2,2.9,31.9,31,"87.3","10.2",35.5,0,0,3.2,32.3,25.9,31.8,5.9,30.9,"96.401504615","92.267392788",66.6,7.9,23.1,17.2,77.6,20,116,46,502,84.8,9.1,169,664,193,1092,90.1,31,393,54,590,41.7,455,10,46.6,24.5,37.7,37.7,220,62,46.8,103,22.3,49,27.3,60,3.6,8,,,,,,,,,,,,,,,,,,,,,,,,,,,,,,,,"3","4.28","27.9"
"Seager, Corey",608369,2025,31,186,214,45,31,6,0,8,44,25,20.6,11.7,".242",".403",".336","0.739","0.161",".274","17","75","71","0","1","29","293","72","0","145","11","49","5","0","1","1","19","8","141","17","0","32","52","8","5","0","2","0","1","0","0","5","0","1","107","0","0","0","0","0","0","0","0","23","1","0","0","310","1","479","107","789",,"0","0","0","0",".286",".522",".324",".381",".375",".236",".361",".446",".315",".372","-0.044","-0.119","-0.057","72.8",24.6,19.8,14.3,35.7,25.7,"6.8",9,13,2.9,57.1,34.1,"92.8","11.3",28,20,14,5.6,28.7,21,28.7,2.1,51.7,"103.885216389","96.555286014",78.3,19,25.6,61.9,38.1,65,105,50.9,410,90.3,7.7,168,363,210,806,81,59,310,49.1,396,44.8,361,29.9,51.5,37.1,39.2,23.8,143,58.5,49.7,71,29.4,42,17.5,25,3.5,5,,,,,,,,,,,,,,,,,,,,,,,,,,,,,,,,,"4.76","24.8"
"Biggio, Cavan",624415,2025,30,69,83,12,9,2,0,1,21,11,25.3,13.3,".174",".246",".296","0.542","0.072",".234","4","32","17","0","1","19","131","76","0","47","2","37","0","0","0","1","3","2","50","7","0","21","11","5","1","0","0","0","7","6","0","11","2","0","30","0","0","0","0","0","0","0","0","9","1","0","0","135","2","206","30","341",,"0","0","0","0",".215",".339",".258",".304",".331",".124",".262",".340",".250",".308","-0.041","-0.093","-0.046","68",5.4,8.3,6.3,40.5,30.6,"7",3,13.8,-6.7,56.8,36.9,"89.8","20.9",34,2,4,12,24,36,20,4,36,"97.68916375","93.2967125",55.7,16.7,17.7,57.1,42.9,16,28,46.3,158,76.5,10,68,197,59,341,83.3,17,102,53.7,183,45.7,156,25.4,38.1,40,40,20,50,59,28,14,46,23,24,12,2,1,,,,,,,,,,,,,,,,,,,,,,,,,,,,,,,,,,"28.1"
"Heyward, Jason",518792,2025,35,85,95,15,11,2,0,2,20,6,21.1,6.3,".176",".271",".223","0.494","0.095",".197","12","47","23","1","0","24","112","68","1","49","3","34","1","0","0","0","6","4","69","5","0","17","25","3","8","0","0","0","5","1","0","0","0","3","36","1","0","0","0","0","0","0","0","9","0","0","0","118","3","229","36","347",,"0","0","0","1",".205",".297",".219",".250",".255",".092",".242",".285",".221",".264","-0.029","-0.026","-0.031","72.6",21.1,13.5,10.5,30.8,24.1,"8.2",2,10,-7.3,64.7,28.1,"85.1","11.5",22.1,3,4.4,2.9,19.1,35.3,32.4,4.4,33.8,"98.149889118","93.15069",60.3,15.2,32.4,48.2,51.8,27,56,49.9,173,64.3,8.1,56,185,78,347,83.8,16,105,50.1,174,41.2,143,26.7,46.4,45.6,35.3,19.1,68,57.9,47.1,32,30.9,21,11.8,8,11.8,8,,,,,,,,,,,"1","0","3","0.0","0","1","0.0","2","2","100.0","3","4","75.0","3","3","100.0","-0.1","-0.6","0.3","-0.3","33.6",,"4.45","27.2"
"Caglianone, Jac",695506,2025,22,78,83,14,9,3,0,2,17,4,20.5,4.8,".179",".295",".229","0.524","0.116",".203","4","26","22","0","0","10","88","29","0","51","5","20","1","0","0","1","5","2","57","6","0","4","27","8","5","0","0","0","0","0","0","4","0","0","34","0","0","0","0","0","0","0","0","3","0","0","0","95","0","177","34","272",,"0","0","0","0",".277",".468",".234",".339",".320",".191",".261",".404",".230",".354","-0.098","-0.173","-0.105","77.4",73.2,24.5,18.1,30.4,22.5,"7.4",1,7.5,-2.6,44.2,28.3,"89.1","4",27.9,6,9.8,6.6,26.2,11.5,37.7,8.2,47.5,"104.342705484","96.541647213",75.6,19.6,35.5,40.7,59.3,22,54,53,152,81.3,5.6,38,138,89,287,80.4,20,102,47,135,45.3,130,26.9,54.4,41,37.7,21.3,61,66.3,57.4,35,11.5,7,23,14,8.2,5,,,,,,,,,,,"0","0","3","0.0","1","1","100.0","0","1","0.0","3","4","75.0","4","4","100.0","0.1","-0.7","-1.4","-2","30.6",,"4.48","26.3"
"Giménez, Andrés",665926,2025,26,194,219,39,28,7,0,4,36,15,16.4,6.8,".201",".299",".284","0.583","0.098",".226","14","95","55","1","9","48","236","144","0","161","14","54","3","0","0","8","8","9","156","19","0","27","67","19","7","0","0","0","1","0","0","0","1","1","73","1","0","0","0","0","0","0","0","22","9","0","0","267","2","551","73","818",,"0","2","0","0",".262",".367",".267",".322",".343",".104",".264",".340",".245",".325","-0.061","-0.068","-0.055","69.8",9.1,9.5,7.4,31.9,24.8,"7",2,6.6,2.9,46.2,30.6,"86.6","7.7",31.3,5,3.1,6.9,25.6,21.3,35,6.9,28.7,"96.920217662","92.485703117",62.7,17.3,34,33.3,66.7,43,129,45.6,379,71.8,8.5,122,478,183,832,82.7,49,284,54.4,453,44.5,370,22.3,49.6,33.8,41.3,25,160,62.6,47.5,76,22.5,36,25,40,5,8,,,,,,,,,,,,,,,,,,,,,,,,,,,,,,,,"1","4.25","28.2"
"Duran, Ezequiel",677649,2025,26,58,66,8,4,4,0,0,20,3,30.3,4.5,".138",".207",".215","0.422","0.069",".205","2","23","12","0","1","11","65","36","0","63","0","27","2","0","0","3","4","2","38","2","0","7","17","3","3","0","0","0","5","0","0","2","0","1","34","0","0","0","0","0","0","0","0","4","1","0","0","76","1","175","34","251",,"0","0","0","0",".190",".275",".198",".251",".269",".085",".221",".309",".205",".294","-0.052","-0.068","-0.053","72.1",21.8,13.2,10.1,25.3,19.3,"7.3",1,6.4,-1.4,43.7,27.6,"87.8","4.5",22.5,1,2.5,5,22.5,22.5,40,7.5,45,"100.8260125","94.840043077",75.2,16,38.5,40.4,59.6,21,52,51.9,135,78.9,7.3,26,128,70,260,80.9,15,94,48.1,125,37.7,98,24.7,56.2,37.5,30,32.5,40,68.2,57.5,23,22.5,9,12.5,5,7.5,3,,,,,,,,,,,,,,,,,,,,,,,,,,,,,,,,,"4.33","28.9"
"Fairchild, Stuart",656413,2025,29,39,42,8,4,3,1,0,12,3,28.6,7.1,".205",".333",".262","0.595","0.128",".296","2","16","9","1","2","6","41","19","0","22","2","23","2","0","0","0","4","2","24","0","0","5","6","1","5","0","0","0","2","7","0","5","0","0","20","1","0","0","0","0","0","0","0","7","1","1","0","45","0","90","20","135",,"0","1","0","0",".183",".344",".262",".256",".242",".160",".331",".321",".296",".265",".022","-0.011",".006","69.9",7,12.8,8.8,30.8,21.1,"7.2",3,12.1,-0.4,59.6,36.9,"85.6","26",25.9,4,14.8,3.7,3.7,33.3,25.9,18.5,25.9,"96.37342","92.39231913",79.3,24.6,21.3,61.5,30.8,8,13,42.7,61,100,9.1,24,83,27,143,72.3,16,65,57.3,82,45.5,65,30.8,54.5,40.7,25.9,33.3,27,73.8,37,10,29.6,8,11.1,3,22.2,6,,,,,,,,,,,"0","0","2","0.0","0","0",,"0","0",,"0","0",,"1","1","100.0",,,,,,,,"28.7"
"Winn, Masyn",691026,2025,23,269,299,68,47,14,0,7,54,24,18.1,8,".253",".383",".319","0.702","0.130",".290","29","103","103","5","4","60","446","248","0","218","20","70","4","0","0","3","24","8","215","34","2","50","52","22","23","0","0","0","0","0","0","0","1","2","83","4","0","1","1","0","1","0","0","49","4","0","0","474","3","793","83","1267",,"1","0","0","0",".254",".378",".311",".308",".320",".125",".340",".336",".313",".314","-0.001",".005",".003","71.3",18.2,12.9,10.5,32.2,26.2,"7.5",3,6.4,-4.6,46.1,29.2,"88.3","17.3",33.9,12,5.5,6,25.7,32.1,26.1,4.6,35.8,"99.352084766","93.730147103",60,14.4,25.2,33.3,66,52,156,48.3,619,68.2,8.4,162,730,298,1281,84.9,57,397,51.7,662,44.6,571,19.7,43.2,38.5,35.3,26.1,218,52.2,35.8,78,26.6,58,25.7,56,11.9,26,,,,,,,,,,,,,,,,,,,,,,,,,,,,,,,,"1","4.31","28.4"
"Trejo, Alan",676701,2025,29,40,43,7,5,2,0,0,7,1,16.3,2.3,".175",".225",".190","0.415","0.050",".206","1","16","9","0","0","5","39","20","0","29","0","13","3","0","0","0","1","4","35","2","0","12","14","2","0","0","0","0","2","0","0","0","1","1","19","0","0","0","0","0","1","0","0","3","0","0","0","42","2","106","19","148",,"1","0","0","0",".212",".333",".182",".240",".227",".121",".205",".276",".206",".251","-0.037","-0.108","-0.058","66.1",0,7.5,5.9,39.6,30.9,"7",1,16.1,-2.4,49.3,36.9,"87.9","16.1",17.1,3,8.6,2.9,20,31.4,34.3,2.9,28.6,"96.444043529","92.222021765",76.5,16.9,33.3,38.1,57.1,8,21,42.6,63,92.9,9.5,22,72,46,148,80,11,65,57.4,85,43.2,64,22.1,58.1,40,37.1,22.9,35,62.8,42.9,15,45.7,16,11.4,4,0,0,,,,,,,,,,,,,,,,,,,,,,,,,,,,,,,,,"4.77","26.2"
"Clarke, Denzel",672016,2025,25,91,96,19,15,2,0,2,40,3,41.7,3.1,".209",".297",".250","0.547","0.088",".347","5","42","27","0","4","19","126","75","0","64","4","30","1","0","0","2","8","3","51","8","0","9","18","3","2","0","0","0","6","1","0","0","0","0","49","0","0","0","1","0","0","0","0","10","4","0","0","138","0","250","49","388",,"0","0","0","0",".197",".317",".245",".244",".239",".120",".392",".390",".373",".351",".012","-0.020",".001","74",40,13,9,27.8,19.4,"7.7",4,5.5,1.7,47.1,30.4,"88.8","6.8",31.4,4,7.8,3.9,27.5,19.6,37.3,3.9,37.3,"100.0350932","94.1187464",63,21,28.1,57.1,39.3,32,56,51.3,199,64,6.4,52,218,79,388,78.2,25,119,48.7,189,45.4,176,32.6,45.1,31.4,49,19.6,51,61.5,51,26,23.5,12,21.6,11,3.9,2,,,,,,,,,,,"11","1","5","20.0","3","3","100.0","12","12","100.0","8","8","100.0","12","12","100.0","0.5","2.5","0.4","3.3","37.3","6","4.25","29.3"
"White, Eli",642201,2025,31,167,176,42,29,7,3,3,39,7,22.2,4,".251",".383",".286","0.669","0.132",".312","16","73","63","1","5","39","185","97","0","125","7","62","2","0","1","1","19","5","128","17","0","21","45","16","5","0","1","0","6","7","0","1","1","0","67","1","0","0","0","0","1","0","0","25","5","0","0","203","1","433","67","636",,"1","3","0","0",".277",".417",".290",".313",".310",".140",".356",".388",".328",".362","-0.026","-0.034","-0.023","72.5",22,15.2,11.9,27.7,21.7,"7.1",5,8.1,3.9,44.4,34.5,"87.3","8.7",34.9,9,7,3.1,30.2,19.4,31.8,7.8,36.4,"99.389846613","93.704916774",73.6,18.7,26.6,40,56,30,75,44.2,282,87,10.8,55,358,162,638,80.9,49,262,55.8,356,43.7,279,23.4,52.8,34.9,32.6,32.6,129,66.5,49.6,64,20.2,26,26.4,34,3.9,5,,,,,,,,,,,"1","0","2","0.0","1","3","33.3","4","5","80.0","3","3","100.0","7","7","100.0","-0.1","2.1","-0.5","1.6","35.5","25","4.24","29.9"
"Palacios, Joshua",641943,2025,29,128,145,26,19,4,0,3,36,12,24.8,8.3,".203",".305",".292","0.597","0.102",".258","9","63","39","0","0","33","178","77","0","114","10","51","0","0","0","4","9","3","93","14","0","15","35","7","10","0","0","0","15","2","0","4","1","0","65","0","0","0","0","0","1","0","0","11","0","0","0","193","1","365","65","558",,"1","1","0","0",".232",".376",".273",".308",".318",".144",".306",".361",".283",".324","-0.029","-0.071","-0.035","72",22.8,14.1,10.4,25,18.4,"7.2",10,7.8,3.7,48.8,30.3,"88.3","11",29,8,8.6,6.5,23.7,22.6,28,9.7,39.8,"101.061781778","94.71795191",72.4,20.5,28,49.3,50.7,36,73,46.8,261,84.1,7.9,114,302,119,558,79.1,44,215,53.2,297,48.9,273,27.8,51.6,36.6,28,35.5,93,66.9,47.3,44,19.4,18,22.6,21,10.8,10,,,,,,,,,,,"-4","0","3","0.0","0","2","0.0","1","1","100.0","4","5","80.0","4","5","80.0","0.7","-0.1","-1.5","-0.9","32.8",,"4.47","26.8"
"Harris II, Michael",671739,2025,24,306,326,65,46,11,2,6,68,10,20.9,3.1,".212",".320",".238","0.558","0.108",".249","43","149","98","3","11","78","289","164","0","226","13","80","3","0","0","2","26","12","245","27","0","35","107","23","13","0","1","0","0","0","1","0","3","5","121","3","0","0","0","0","1","0","0","18","11","0","0","315","8","790","121","1105",,"1","1","0","0",".258",".393",".242",".296",".287",".135",".289",".361",".267",".332","-0.046","-0.073","-0.054","73.4",31.4,16.8,12.9,28.6,22,"7.9",10,6.3,0.9,49.7,30,"89.4","5.6",28,15,6.1,6.5,23.6,19.9,39,4.5,40.2,"102.212996281","95.175205685",71.6,12.9,42.3,42.5,57.5,102,240,50.8,568,71.8,6.4,179,633,238,1118,86,51,394,49.2,550,42.6,476,24.1,56.7,35.8,41.5,22.8,246,67.4,54.1,133,19.5,48,21.1,52,5.3,13,,,,,,,,,,,"7","0","7","0.0","0","2","0.0","13","13","100.0","11","11","100.0","19","19","100.0","0.6","1.5","0","2.1","36.1","1","4.29","28.4"
"Heineman, Tyler",623168,2025,34,69,77,26,19,5,0,2,12,3,15.6,3.9,".377",".536",".408","0.944","0.159",".421","11","23","37","0","2","18","77","42","0","51","1","28","1","0","0","2","14","4","60","8","0","10","13","3","8","0","0","0","3","3","0","0","1","2","25","0","0","0","0","0","0","0","0","17","2","0","0","83","3","185","25","268",,"0","0","0","0",".247",".366",".406",".296",".297",".120",".463",".322",".441",".298",".130",".170",".110","65.6",1.8,9.6,7.9,35.1,28.9,"7",6,6.8,-11.7,43.9,28.5,"85.2","16.6",33.3,4,6.7,1.7,21.7,30,33.3,6.7,26.7,"96.553901379","92.365220351",70.3,13.3,37.9,34,66,18,53,52.2,140,68.8,6,47,141,58,268,84.4,12,90,47.8,128,44.8,120,21,53.4,38.3,36.7,25,60,63.6,45,27,23.3,14,18.3,11,13.3,8,"13","1.91","1.94","1.88","0",,,,"0.55","78.7",,,,,,,,,,,,,,,,,,,,,,,,"26.7"
"Stallings, Jacob",607732,2025,35,84,93,12,9,3,0,0,31,5,33.3,5.4,".143",".179",".217","0.396","0.036",".226","6","48","15","0","0","23","97","46","0","72","4","28","1","0","0","3","2","3","54","7","0","12","21","6","3","0","0","0","7","0","0","0","1","0","57","0","0","0","0","0","0","0","0","4","0","0","0","110","1","240","57","350",,"0","0","0","0",".173",".242",".189",".223",".245",".069",".222",".281",".226",".274","-0.030","-0.063","-0.034","66.9",0,2.6,1.8,31.6,21.9,"7.2",11,12,4,51.5,31.9,"85.7","16",40.7,1,1.9,5.6,27.8,29.6,27.8,7.4,29.6,"94.823602963","91.481967736",70.3,27.6,40.6,47.9,52.1,34,71,50,175,92.3,7.4,29,211,84,350,72.4,34,123,50,175,42.3,148,35.1,55.4,38.9,29.6,31.5,54,71,42.6,23,27.8,15,24.1,13,5.6,3,"27","2.01","1.99","2.08","4","1.53","1.56","1.51","0.67","79.9",,,,,,,,,,,,,,,,,,,,,,,,"23.3"
"Brown, Seth",664913,2025,32,65,76,12,9,2,0,1,23,9,30.3,11.8,".185",".262",".303","0.565","0.077",".268","3","38","17","0","1","17","102","43","0","56","2","38","2","0","1","2","3","2","42","7","0","13","11","3","3","0","0","0","3","2","0","2","0","0","45","0","0","0","0","0","0","0","0","6","1","0","0","110","0","188","45","298",,"0","0","0","0",".202",".349",".267",".301",".317",".148",".300",".362",".286",".312","-0.017","-0.087","-0.034","72.8",24,10,7,23.3,16.3,"7.2",2,12.2,-11.6,51.9,31.2,"87.2","18.7",40.5,4,9.5,11.9,14.3,31,31,2.4,40.5,"98.639958095","93.322191667",69.7,18.2,29.5,63,37,29,46,52.3,156,71.4,7,71,141,77,298,81.8,18,99,47.7,142,45,134,32.4,48.7,50,26.2,23.8,42,59.2,33.3,14,35.7,15,23.8,10,7.1,3,,,,,,,,,,,"-3","0","3","0.0","0","1","0.0","0","2","0.0","3","3","100.0","0","1","0.0","-0.6","-1.4","0.2","-1.8","32.2",,"4.51","27.7"
"Muncy, Max",691777,2025,22,139,147,27,18,4,0,5,49,6,33.3,4.1,".194",".331",".231","0.562","0.137",".256","16","62","46","0","1","29","175","95","0","89","7","41","1","0","0","1","6","7","91","13","1","13","33","8","9","0","0","0","2","1","0","0","0","1","89","0","0","0","0","0","0","0","0","9","1","0","0","186","1","379","89","565",,"0","1","0","0",".217",".362",".247",".273",".258",".146",".345",".389",".297",".341","-0.023","-0.031","-0.026","72.9",31.8,12.7,8.4,28.7,18.8,"7.3",10,9.3,-5.7,45.6,30.8,"88.1","8.5",37.4,8,8.8,5.5,18.7,26.4,31.9,7.7,34.1,"100.556792667","94.373444045",66.7,23.2,32.8,64.4,34.4,58,90,48.5,274,81.3,8.5,66,302,145,565,76.8,45,194,51.5,291,42.7,241,36.3,50.3,42.9,37.4,19.8,91,64.6,42.9,39,22,20,24.2,22,11,10,,,,,,,,,,,,,,,,,,,,,,,,,,,,,,,,,"4.34","28.3"
"Saggese, Thomas",695336,2025,23,55,58,16,11,4,0,1,13,2,22.4,3.4,".291",".418",".310","0.728","0.127",".357","7","25","23","0","0","15","55","36","0","46","7","18","1","0","0","0","8","4","43","4","0","11","11","4","1","0","0","0","3","0","0","1","0","1","27","0","0","0","0","0","0","0","0","4","0","0","0","57","1","159","27","216",,"0","1","0","0",".243",".385",".315",".280",".268",".142",".393",".345",".372",".315",".048",".033",".035","70",3,13.5,10.1,36.5,27.3,"7",3,7.5,6.8,44.4,39.2,"90.8","15",32.6,2,4.7,7,23.3,30.2,30.2,4.7,46.5,"100.230637727","94.826449535",71.2,27.4,39.8,28.2,71.8,11,39,45.4,98,85,9.3,17,145,44,216,72.6,23,84,54.6,118,47.2,102,27.6,56.9,27.9,30.2,41.9,43,70.7,44.2,19,34.9,15,18.6,8,2.3,1,,,,,,,,,,,,,,,,,,,,,,,,,,,,,,,,,"4.22","28.5"
"France, Ty",664034,2025,30,290,319,76,55,15,0,6,48,14,15,4.4,".262",".376",".326","0.702","0.114",".295","42","120","109","0","1","78","381","153","0","247","9","79","7","0","0","14","20","13","243","43","0","48","92","21","6","0","0","0","2","0","0","0","0","1","105","0","0","0","2","0","1","0","0","34","1","0","0","423","1","766","105","1189",,"1","3","2","0",".277",".465",".314",".351",".341",".189",".330",".379",".313",".333","-0.015","-0.089","-0.037","70.7",11.8,16.1,13.1,34.6,28.1,"7.4",7,10.2,6,48.5,34.9,"89.1","9.9",37,21,8.6,6.6,26.3,19.3,34.2,4.5,42,"100.605865702","94.55149686",73.6,11.6,30.6,41.5,58.5,78,188,51.3,615,74.5,8.5,129,713,253,1199,88.4,50,430,48.7,584,41.6,499,20.7,51.5,32.5,40.3,27.2,243,62.4,46.1,112,25.1,61,26.3,64,2.5,6,,,,,,,,,,,,,,,,,,,,,,,,,,,,,,,,,"4.89","24.9"
"Machado, Manny",592518,2025,32,308,342,91,58,20,0,13,57,31,16.7,9.1,".295",".487",".357","0.844","0.192",".324","47","136","150","2","8","80","458","190","0","235","8","80","9","0","3","0","24","19","252","48","0","43","75","17","23","0","1","0","2","0","0","6","0","3","140","2","0","0","1","0","3","0","0","52","6","2","0","486","3","828","140","1314",,"3","0","0","0",".300",".523",".365",".382",".364",".223",".408",".431",".358",".369","-0.005","-0.036","-0.017","74.6",46.1,20.3,15.8,34.9,27.1,"7.8",9,7,-0.1,53.2,26.8,"92.3","14.7",35.4,31,12.2,7.9,24.4,23.2,30.7,1.6,49.6,"103.323137165","96.171878583",68.2,17,29.9,38.4,61.6,78,203,51.2,678,81.7,7.8,160,727,319,1325,83,75,441,48.8,647,43.4,575,23.8,48.6,33.9,39,27.2,254,61,39.4,100,24.8,63,26.4,67,9.4,24,,,,,,,,,,,,,,,,,,,,,,,,,,,,,,,,,"4.64","25.9"
"Westburg, Jordan",676059,2025,26,136,147,31,18,5,1,7,38,9,25.9,6.1,".228",".434",".286","0.720","0.206",".264","14","48","57","1","1","23","184","94","0","115","7","35","2","0","0","2","9","9","97","12","0","19","36","5","7","0","0","0","1","0","0","10","0","0","58","1","0","0","0","0","0","0","0","20","1","0","0","194","0","373","58","567",,"0","3","0","0",".256",".463",".313",".334",".312",".207",".392",".423",".316",".355","-0.028","-0.029","-0.021","70.9",10.4,14.4,10.8,28.7,21.7,"6.7",4,9.9,-0.3,60.4,30.4,"90","11.8",26.5,13,13.3,7.1,24.5,21.4,30.6,3.1,45.9,"101.669184082","95.199636633",71.1,18.9,23.9,41.3,58.7,26,63,46.4,264,77.8,9.5,89,363,85,569,81.1,41,217,53.6,305,42.9,244,23.9,49.2,33.7,43.9,22.4,98,66,46.9,46,28.6,28,17.3,17,7.1,7,,,,,,,,,,,,,,,,,,,,,,,,,,,,,,,,"4","4.21","29.1"
"Varsho, Daulton",662139,2025,28,92,100,19,5,5,1,8,31,5,31,5,".207",".543",".240","0.783","0.336",".196","20","54","50","0","1","29","118","33","0","87","1","24","0","0","1","0","4","8","64","7","0","15","15","5","8","0","1","0","0","1","0","1","0","3","54","0","0","0","0","0","0","0","0","14","1","0","0","123","3","246","54","369",,"0","0","0","0",".218",".509",".320",".321",".260",".292",".452",".453",".297",".328","-0.011",".034","-0.001","75.1",48.4,14.1,10.2,28.1,20.4,"7.9",4,13.8,-3.7,59.7,29.8,"89.3","23.4",37.5,11,17.2,7.8,14.1,34.4,20.3,6.3,40.6,"101.90193875","95.448226825",80.3,23.2,34.3,40.3,59.7,25,62,49.1,181,96,6.8,61,206,71,369,75.5,35,151,50.9,188,45.5,168,28.2,57.7,48.4,21.9,29.7,64,52.5,29.7,19,35.9,23,21.9,14,12.5,8,,,,,,,,,,,"4","1","2","50.0","0","0",,"3","3","100.0","4","4","100.0","4","4","100.0","2.5","3.3","-0.2","5.6","39","1",,"27.9"
"Benintendi, Andrew",643217,2025,30,194,217,46,26,9,2,9,36,17,16.6,7.8,".237",".443",".301","0.744","0.206",".243","30","77","85","0","0","41","272","98","1","142","7","53","3","0","0","2","9","13","158","23","0","45","40","10","18","0","1","0","3","0","0","19","0","3","81","0","0","0","0","0","0","0","0","24","0","0","0","294","3","491","81","785",,"0","3","0","1",".252",".506",".320",".356",".321",".253",".349",".398",".286",".312","-0.015","-0.063","-0.036","69",4.3,13.4,10.4,42.9,33.1,"7.1",8,16.8,-5.8,54.5,32.4,"89.1","20.9",37.9,23,14.3,3.7,21.1,34.2,21.1,4.3,37.3,"98.485641625","93.466197358",72.2,19.1,28.9,34.7,65.3,41,118,51,408,81.8,6.9,188,398,166,800,80.9,54,283,49,392,45,360,23.7,50.1,48.4,29.8,21.7,161,51.4,31.7,51,36,58,21.1,34,11.2,18,,,,,,,,,,,"-5","0","6","0.0","0","3","0.0","1","4","25.0","6","7","85.7","7","8","87.5","0","-1.7","0","-1.7","32",,"4.36","27.1"
"Torres, Gleyber",650402,2025,28,253,302,72,51,13,0,8,38,41,12.6,13.6,".285",".431",".387","0.818","0.146",".303","40","78","107","1","4","55","489","217","0","181","9","69","7","0","0","4","21","15","217","34","0","58","61","17","10","0","0","0","3","0","0","8","0","4","69","1","0","0","0","0","0","0","0","40","3","1","0","516","4","695","69","1211",,"0","1","0","0",".296",".519",".363",".395",".399",".222",".357",".401",".329",".344","-0.011","-0.088","-0.032","70.1",12.4,16.8,14,38.6,32.3,"7.2",8,9.6,2.8,57.2,33.8,"90.2","15.3",37.9,23,10.5,6.8,27.4,27.9,26.5,0.5,38.4,"100.130001193","94.39632422",64.1,13.5,16.5,29.8,70.2,31,104,51.2,632,82.3,7.8,145,665,282,1234,86.5,52,386,48.8,602,44.4,548,16.9,39.7,36.1,37.4,26.5,219,57.6,37.9,83,33.3,73,24.2,53,4.6,10,,,,,,,,,,,,,,,,,,,,,,,,,,,,,,,,,"4.73","26.1"
"Schmitt, Casey",669477,2025,26,98,112,27,19,4,0,4,29,10,25.9,8.9,".276",".439",".360","0.799","0.163",".354","15","54","43","0","0","25","134","64","0","69","3","34","3","0","0","3","9","5","70","13","0","11","21","7","4","0","0","0","3","0","0","1","1","0","51","0","0","0","0","0","0","0","0","13","0","0","0","149","1","259","51","408",,"0","1","0","0",".295",".500",".354",".380",".377",".205",".438",".479",".391",".418","-0.019","-0.061","-0.026","72.7",27.4,19.7,14.3,32.8,23.8,"7.5",1,10.4,-8.9,48.2,34.2,"91.2","14.2",41.4,7,10,11.4,31.4,18.6,24.3,4.3,50,"103.000825143","96.117171884",67.3,19.7,26.9,52.8,47.2,28,53,48.3,197,85.7,8.6,44,201,123,408,80.3,28,142,51.7,211,38.5,157,28.7,47.8,48.6,28.6,22.9,70,67.9,42.9,30,22.9,16,28.6,20,5.7,4,,,,,,,,,,,,,,,,,,,,,,,,,,,,,,,,,"4.55","27.2"
"Bouchard, Sean",656248,2025,29,66,73,11,9,0,1,1,27,7,37,9.6,".167",".242",".247","0.489","0.075",".263","7","23","16","1","1","14","93","58","0","38","3","32","2","0","0","0","1","3","39","7","0","7","14","4","3","0","0","0","4","0","0","5","0","0","34","1","0","0","0","0","1","0","0","7","1","0","0","97","0","176","34","273",,"1","1","0","0",".175",".228",".226",".224",".254",".053",".299",".294",".282",".297","-0.008",".014",".002","72.8",23.2,7.6,5.1,24.2,16.2,"7.4",4,13.8,-5,51.5,38.2,"86.6","18.1",28.2,0,0,7.7,25.6,30.8,33.3,2.6,30.8,"96.339928","92.310214872",59.4,22.4,25.4,66.7,33.3,22,33,47.6,130,76.9,9.5,34,151,63,273,77.6,19,85,52.4,143,40.7,111,34.7,43.2,51.3,20.5,28.2,39,67.1,38.5,15,25.6,10,28.2,11,7.7,3,,,,,,,,,,,"-1","0","1","0.0","0","0",,"0","0",,"0","1","0.0","4","4","100.0",,,,,,,"4.64","26.8"
"Acuña Jr., Ronald",660670,2025,27,112,137,41,27,5,0,9,33,25,24.1,18.2,".366",".652",".482","1.134","0.286",".457","18","31","73","0","4","17","226","85","0","108","7","31","1","0","0","0","16","10","78","15","0","15","17","2","3","0","2","0","1","0","0","0","0","0","63","0","0","0","1","0","0","0","0","31","4","0","0","241","0","341","63","582",,"0","0","0","0",".286",".612",".480",".430",".417",".325",".619",".533",".519",".406",".080",".040",".050","75.9",65.6,22.2,16.5,29.3,21.9,"7.5",10,11.7,7.8,52.7,39.3,"93.3","13.6",34.2,15,19,10.1,22.8,19,27.8,1.3,57,"105.48091175","97.870452658",67.3,23.5,23.7,36,64,27,75,53.7,316,75.7,6.3,54,324,162,588,76.5,43,183,46.3,272,41,241,27.1,43.9,32.9,49.4,17.7,79,57.8,43,34,31.6,25,21.5,17,3.8,3,,,,,,,,,,,"-3","0","3","0.0","0","1","0.0","1","3","33.3","2","4","50.0","5","6","83.3","-0.8","-1.4","1","-1.2","33","1","4.37","27.9"
"Rivas, Leo",660844,2025,27,60,73,17,16,1,0,0,15,12,20.5,16.4,".283",".300",".411","0.711","0.017",".378","4","35","18","0","4","18","141","79","0","48","1","30","1","0","0","1","7","2","45","8","0","9","15","2","2","0","0","0","4","4","0","2","0","0","25","0","0","0","0","0","1","0","0","14","4","0","0","149","0","200","25","349",,"1","0","0","0",".213",".262",".336",".293",".353",".049",".344",".274",".378",".283",".070",".038",".043","65.7",2,3.8,2.9,37.2,28.4,"7",3,13.5,-0.8,56.9,37.5,"84.9","9.6",33.3,0,0,2.2,24.4,31.1,37.8,4.4,17.8,"93.824625","90.933987727",54.2,17.3,10.8,52.9,41.2,9,17,45,157,79.2,6.9,44,224,54,349,82.7,18,104,55,192,43,150,22.3,34.7,35.6,37.8,26.7,45,50.7,48.9,22,24.4,11,22.2,10,4.4,2,,,,,,,,,,,,,,,,,,,,,,,,,,,,,,,,,,"27.9"
"Crow-Armstrong, Pete",691718,2025,23,317,340,85,41,20,3,21,81,14,23.8,4.1,".268",".549",".304","0.853","0.281",".295","61","140","174","4","24","84","342","91","0","285","9","80","1","0","0","3","19","30","240","34","2","59","52","19","25","0","0","0","0","0","0","0","4","2","177","3","1","0","0","0","1","0","0","59","22","2","0","361","6","834","177","1195",,"1","2","0","0",".265",".527",".362",".351",".301",".262",".462",".446",".357",".354",".003",".022",".011","72.2",23,13.9,10.6,32,24.3,"7.3",14,15.1,-2.8,49.3,35.2,"89.8","22.6",36.8,33,13.6,7,19.8,33.1,18.6,7.4,43.8,"100.678491034","94.778224052",82.5,17.3,44.6,44.3,54.3,129,291,53.8,653,88.8,7.3,185,608,307,1213,81,80,462,46.2,560,41.7,506,27.8,62.1,45,30.2,24.8,242,69.1,30.2,73,36.8,89,21.9,53,11.2,27,,,,,,,,,,,"11","7","12","58.3","4","5","80.0","5","6","83.3","19","19","100.0","19","21","90.5","2.2","2.5","-0.9","3.9","38","26","4.17","29.5"
"Gorski, Matt",685301,2025,27,41,42,8,5,0,1,2,16,1,38.1,2.4,".195",".390",".214","0.604","0.195",".261","4","27","16","1","0","14","50","38","0","30","2","15","1","0","0","0","2","3","25","3","0","4","9","2","2","0","0","0","3","0","0","0","0","0","33","1","0","0","0","0","0","0","0","2","0","0","0","53","0","128","33","181",,"0","0","0","0",".194",".384",".259",".254",".213",".190",".407",".399",".320",".318",".001",".006",".005","74.8",46.3,13.5,8.8,23.1,15,"7.9",4,16.5,-4.4,46.3,31.5,"85.3","8.4",32,3,12,0,20,28,36,4,32,"97.866259231","93.1304548",56.8,36,43,42.5,57.5,17,40,51.4,93,62.5,8.8,33,69,61,181,64,18,50,48.6,88,39.8,72,38.9,49.7,36,40,24,25,76.2,44,11,28,7,20,5,8,2,,,,,,,,,,,,,,,,,,,,,,,,,,,,,,,,,,"28.7"
"Turner, Justin",457759,2025,40,103,121,21,17,3,0,1,20,13,16.5,10.7,".204",".262",".289","0.551","0.058",".233","12","41","25","0","1","22","186","70","0","125","2","42","2","0","0","1","8","4","85","8","0","21","25","10","6","0","0","0","7","0","0","11","0","4","29","0","0","0","0","0","0","0","0","7","1","0","0","199","4","314","29","513",,"0","1","1","0",".241",".359",".254",".308",".328",".118",".241",".317",".241",".295","-0.037","-0.097","-0.054","65.9",0,3.5,3.1,36.5,31.6,"6.4",3,8.9,2.6,57.7,34.2,"88.4","16.8",39.1,2,2.3,8,29.9,31,27.6,1.1,28.7,"96.485130455","92.436585747",68.7,6.6,25.7,33.3,66.7,22,66,49.2,257,78.7,9,47,356,83,522,93.4,12,182,50.8,265,43.1,225,13.7,47.5,31,43.7,25.3,87,61.2,39.1,34,28.7,25,25.3,22,6.9,6,,,,,,,,,,,,,,,,,,,,,,,,,,,,,,,,,"4.8","25.3"
"LeMahieu, DJ",518934,2025,36,107,118,26,21,3,0,2,26,11,22,9.3,".243",".327",".314","0.641","0.084",".304","10","55","34","0","0","34","149","91","0","70","4","35","4","0","0","0","10","3","78","12","0","11","35","5","2","0","0","0","0","0","0","0","0","0","33","0","0","0","0","0","0","0","0","10","0","0","0","163","0","279","33","442",,"0","1","0","0",".252",".347",".290",".298",".322",".096",".328",".341",".321",".333","-0.009","-0.020","-0.008","67.6",4.4,12.9,10.8,40.2,33.5,"7.2",9,5.9,12.2,50.6,28.4,"91.8","3.5",27.2,4,4.9,4.9,27.2,14.8,44.4,2.5,48.1,"100.56573525","95.214503125",60.6,14.7,22.9,36.7,63.3,18,49,47.6,214,73.5,7.6,64,270,97,450,84.6,21,143,52.4,236,43.6,196,20.3,42.7,14.8,45.7,39.5,81,70.3,59.3,48,17.3,14,21,17,2.5,2,,,,,,,,,,,,,,,,,,,,,,,,,,,,,,,,,"4.87","25.5"
"Lile, Daylen",695734,2025,22,69,76,14,8,4,1,1,14,4,18.4,5.3,".203",".333",".253","0.586","0.130",".236","3","34","21","2","1","17","91","40","1","54","2","20","1","0","0","1","5","3","51","4","0","10","17","9","3","0","0","0","3","0","0","0","0","1","15","2","0","0","1","0","1","0","0","7","1","0","0","96","1","166","15","262",,"1","2","0","1",".275",".411",".258",".323",".324",".135",".283",".371",".250",".345","-0.072","-0.078","-0.065","68.9",0,12.1,10.3,39.6,33.6,"7.1",0,9.9,-1.5,50.5,37.1,"90.9","15.1",37.5,2,3.6,10.7,28.6,21.4,35.7,0,48.2,"100.545705714","94.600927679",71.5,7.8,25.5,34.3,65.7,12,35,48.8,137,81.5,9.6,35,172,58,282,90.3,8,103,51.2,144,48.8,137,14.5,48.9,50,25,25,56,53.9,42.9,24,23.2,13,26.8,15,7.1,4,,,,,,,,,,,"-5","0","5","0.0","0","1","0.0","0","2","0.0","0","1","0.0","7","8","87.5","-1.5","-1.7","0.8","-2.4","30.6","2","4.28","28.8"
"Gorman, Nolan",669357,2025,25,157,182,34,19,8,1,6,53,22,29.1,12.1,".217",".395",".308","0.703","0.178",".277","21","84","62","1","0","43","244","104","0","113","10","53","1","0","2","0","6","11","105","17","0","30","22","10","9","0","1","0","3","0","0","13","0","3","80","1","0","0","0","0","1","1","1","22","0","0","0","262","3","420","80","682",,"3","1","0","0",".226",".454",".307",".337",".321",".227",".383",".434",".318",".341","-0.009","-0.059","-0.030","72.1",20.3,15.1,10.8,29.8,21.3,"7.4",8,16.1,-0.9,51.7,35.5,"88.5","22.9",38.3,12,11.2,7.5,20.6,40.2,14,5.6,42.1,"100.548052264","94.536455238",67.6,23.3,25.4,52.9,47.1,46,87,49.1,343,76.4,7.9,89,413,149,698,76.3,56,240,50.9,355,43.7,305,31.2,46.8,39.3,35.5,25.2,107,58.6,26.2,28,40.2,43,25.2,27,8.4,9,,,,,,,,,,,,,,,,,,,,,,,,,,,,,,,,,,"25.7"
"Alexander Jr., CJ",680769,2025,28,17,17,3,3,0,0,0,8,0,47.1,0,".176",".176",".176","0.352","0.000",".333","0","8","3","0","0","4","21","10","0","11","4","6","0","0","0","0","0","1","9","2","0","1","2","1","2","0","0","0","1","0","0","0","0","0","12","0","0","0","0","0","0","0","0","0","0","0","0","21","0","46","12","67",,"0","0","0","0",".188",".212",".157",".176",".188",".024",".296",".332",".333",".354","-0.012","-0.036","-0.019","74.9",46.9,5.6,3.1,11.1,6.3,"8",1,12.7,-9.4,56.3,36.5,"81.7","24.5",22.2,0,0,0,44.4,33.3,22.2,0,11.1,"89.636234","90.093032222",69.4,40,35.5,54.5,45.5,6,11,46.3,31,75,6,7,43,14,67,60,10,25,53.7,36,50.7,34,44.4,53.7,77.8,11.1,11.1,9,64.7,22.2,2,22.2,2,33.3,3,22.2,2,,,,,,,,,,,,,,,,,,,,,,,,,,,,,,,,,,
"Rodgers, Brendan",663898,2025,28,115,128,22,16,4,0,2,46,11,35.9,8.6,".191",".278",".266","0.544","0.087",".294","11","66","32","1","0","28","155","87","0","73","9","43","2","0","0","1","3","5","70","14","0","17","25","3","3","0","0","0","5","0","0","2","0","1","75","1","0","0","0","0","0","0","0","12","0","0","0","170","1","317","75","487",,"0","3","0","0",".228",".415",".248",".311",".299",".187",".334",".449",".314",".375","-0.037","-0.137","-0.063","74.1",41.6,19.2,12.2,30.4,19.3,"7.3",3,9.8,-8.1,56.9,31.5,"90.5","10.8",40,10,14.3,7.1,22.9,18.6,34.3,2.9,48.6,"101.904707429","95.241190286",63.8,23.5,28.2,75,25,48,64,46.6,227,68.8,9.9,41,276,108,487,76.5,39,166,53.4,260,43.3,211,37.8,47.2,38.6,35.7,25.7,70,65.6,40,28,31.4,22,24.3,17,4.3,3,,,,,,,,,,,,,,,,,,,,,,,,,,,,,,,,,"4.66","26.4"
"Barrosa, Jorge",678489,2025,24,15,16,3,1,2,0,0,5,0,31.3,0,".200",".333",".188","0.521","0.133",".273","4","6","5","0","0","4","23","11","0","15","0","5","0","0","0","0","1","0","11","2","0","3","2","1","0","0","0","0","0","1","0","1","0","1","8","0","0","0","0","0","0","0","0","1","0","0","0","23","1","49","8","72",,"0","0","0","0",".223",".279",".213",".213",".217",".056",".310",".310",".273",".316","-0.023",".054",".000","68",6.3,4.5,3.1,31.8,21.9,"8",2,15.7,-2.7,46.9,29.1,"88.6","18",36.4,0,0,0,36.4,36.4,18.2,9.1,27.3,"95.286828","91.78054",63.6,19,42.5,41.2,52.9,7,17,54.8,40,66.7,4.1,21,32,18,72,81,4,21,45.2,33,35.6,26,28.9,52.8,27.3,54.5,18.2,11,62.5,27.3,3,27.3,3,45.5,5,0,0,,,,,,,,,,,,,,,,,,,,,,,,,,,"2.6","0.4","-0.3","2.7","38.1",,,"28.1"
"Senger, Hayden",663584,2025,28,37,38,6,5,1,0,0,12,1,31.6,2.6,".162",".189",".184","0.373","0.027",".240","0","10","7","0","0","5","29","24","0","16","1","15","0","0","0","0","2","0","22","4","0","3","8","3","2","0","0","0","6","0","0","0","0","0","19","0","0","0","0","0","0","0","0","3","0","0","0","32","0","87","19","119",,"0","0","0","0",".229",".363",".168",".265",".249",".134",".228",".376",".240",".338","-0.067","-0.174","-0.097","72.6",25.5,20,12.7,34.3,21.8,"7.5",1,5.3,1.9,45.5,28,"86.4","6.9",36,1,4,12,24,20,28,12,40,"99.29113","93.692684583",66.7,25,37.7,60.9,34.8,14,23,45.9,61,63.6,8.3,2,90,22,133,72.9,12,48,54.1,72,46.6,62,36.6,53.4,36,28,36,25,65.8,44,11,20,5,28,7,8,2,"6","1.89","1.86","1.91","0",,,,"0.63","88.7",,,,,,,,,,,,,,,,,,,,,,,,"26.1"
"Miller, Owen",680911,2025,28,14,17,2,2,0,0,0,4,2,23.5,11.8,".143",".143",".294","0.437","0.000",".200","1","6","2","0","1","2","19","14","0","18","1","9","0","0","0","1","1","0","10","1","0","2","6","0","0","0","0","0","2","1","0","2","0","0","3","0","0","0","1","0","0","0","0","0","1","0","0","22","0","46","3","68",,"0","0","0","0",".183",".197",".229",".269",".336",".014",".178",".243",".200",".265","-0.040","-0.054","-0.040","70.6",10.7,8,7.1,16,14.3,"6.6",1,5.8,1.8,32.1,35.9,"76.7","-1.5",10,0,0,0,20,20,40,10,20,"92.43828","92.288553333",62.9,13.6,30.3,10,90,1,10,48.5,33,100,5.9,5,43,17,68,86.4,3,22,51.5,35,55.9,38,12.5,47.1,40,50,10,10,70.6,70,7,20,2,10,1,0,0,,,,,,,,,,,,,,,,,,,,,,,,,,,,,,,,"2",,"29.9"
"Freeman, Freddie",518692,2025,35,266,301,81,50,21,1,9,61,29,20.3,9.6,".305",".492",".375","0.867","0.187",".362","42","100","131","1","0","62","387","125","0","218","5","70","7","0","0","3","25","14","206","41","1","45","60","16","4","0","5","0","2","0","0","0","0","3","159","1","0","0","0","0","0","0","0","42","0","0","0","422","3","713","159","1135",,"0","2","1","0",".296",".505",".371",".374",".370",".209",".438",".442",".389",".382",".009","-0.013","-0.003","69.5",7.1,15.2,11.3,38,28.2,"6.9",6,11.2,1.1,48.1,43.2,"91.2","13.5",39.9,20,9.6,5.8,34.6,22.1,23.6,4.3,44.7,"100.778906346","95.00750226",75.9,23.2,29.5,39.8,60.2,70,176,51.7,596,86.5,6.4,196,603,293,1153,76.8,98,423,48.3,557,42.1,485,28,52,41.8,33.7,24.5,208,59.7,41.3,86,28.8,60,27.4,57,2.4,5,,,,,,,,,,,,,,,,,,,,,,,,,,,,,,,,,"4.69","25.6"
"Koss, Christian",683766,2025,27,87,96,21,18,1,0,2,25,4,26,4.2,".241",".322",".280","0.602","0.081",".311","12","42","26","0","1","23","92","42","0","54","9","37","2","0","0","1","7","2","64","10","0","10","27","4","4","0","0","0","3","6","0","1","3","1","44","0","0","0","0","0","0","0","0","10","1","0","0","102","4","218","44","320",,"0","3","0","0",".265",".413",".267",".309",".302",".149",".339",".401",".333",".366","-0.024","-0.091","-0.042","70.1",7.4,14,9.4,35,23.5,"7.1",2,9.9,4.2,56.4,28.5,"88.6","8.4",28.8,4,6.1,4.5,25.8,16.7,31.8,15.2,39.4,"100.471010323","94.630009344",72,26.7,33.8,48.1,51.9,25,52,45.8,154,69.2,7.7,33,199,82,336,71.8,35,131,54.2,182,43.5,146,32.8,54.5,28.8,45.5,25.8,66,61.5,53,35,18.2,12,22.7,15,6.1,4,,,,,,,,,,,,,,,,,,,,,,,,,,,,,,,,"3","4.32","28.9"
"Greene, Riley",682985,2025,24,312,339,91,53,21,0,17,104,24,30.7,7.1,".292",".522",".345","0.867","0.230",".385","61","138","163","1","1","84","482","181","0","276","23","80","6","0","1","2","30","22","207","39","0","36","58","14","8","0","1","0","2","0","0","11","0","1","184","1","0","0","0","0","0","0","0","44","1","0","0","508","1","883","184","1391",,"0","2","0","0",".263",".531",".373",".360",".319",".268",".520",".498",".435",".393",".029","-0.009",".013","75.1",52.4,15.7,10.9,27.2,18.9,"7.2",3,13.1,2.6,43.5,45.2,"90.6","12.3",39.7,38,18.2,3.3,23.9,21.1,30.6,2.9,47.4,"102.97035219","95.815164545",71.1,24.1,30.7,48.2,51.8,105,218,50.6,711,87.5,7.4,256,747,292,1404,75.9,119,493,49.4,693,42.7,599,31.5,50.6,38.8,32.1,29.2,209,60.4,42.6,89,27.8,58,25.4,53,4.3,9,,,,,,,,,,,"1","1","12","8.3","1","3","33.3","2","6","33.3","14","14","100.0","11","12","91.7","1.2","-0.3","-0.8","0.2","34.1",,"4.49","26.8"
"Trout, Mike",545361,2025,33,196,234,45,30,2,1,12,66,33,28.2,14.1,".230",".434",".342","0.776","0.204",".273","29","63","84","0","2","37","412","186","0","152","9","54","3","0","0","2","13","12","130","19","0","32","31","17","6","0","5","0","1","0","0","31","0","3","101","0","0","0","0","0","0","0","0","26","2","0","0","425","3","583","101","1008",,"0","0","0","0",".276",".562",".334",".397",".384",".286",".418",".526",".338",".412","-0.046","-0.128","-0.063","74",40.2,20.2,14.7,33.7,24.6,"7.4",11,7.7,-0.1,42.8,36.2,"92.5","16.7",47.4,22,16.5,11.3,26.3,23.3,17.3,5.3,54.1,"104.098730597","96.936720977",57.4,18,20.4,60.2,39.8,62,103,48.7,505,64.9,7.4,80,664,189,1038,82,55,306,51.3,533,44.4,461,28.6,39.4,34.6,36.8,28.6,133,49.1,34.6,46,33.1,44,27.8,37,4.5,6,,,,,,,,,,,"-2","0","3","0.0","0","2","0.0","3","3","100.0","1","1","100.0","3","4","75.0","-0.8","0.6","0.3","0.8","32.8",,"4.49","28.4"
"Allen, Nick",669397,2025,26,211,239,50,43,7,0,0,50,19,20.9,7.9,".237",".270",".305","0.575","0.033",".305","14","88","55","4","6","55","294","156","0","178","9","71","4","0","0","3","21","3","164","24","0","28","57","18","13","0","0","0","14","1","0","0","3","3","64","4","0","0","0","0","1","0","0","21","6","0","0","310","6","581","64","891",,"1","0","0","0",".230",".274",".264",".261",".299",".044",".287",".283",".305",".297",".007","-0.004",".003","64.5",0,4.7,3.9,36.1,30,"6.3",11,6.5,1.1,49.2,29.9,"84.7","11.9",32.3,0,0,2.4,28.1,27.5,34.7,6.6,22.2,"94.71963963","91.382405926",66.7,12.5,25.7,35.2,63,38,108,46.2,421,75.4,7.6,55,569,209,911,86.5,41,327,53.8,490,44,401,18.2,47.7,29.9,40.7,29.3,167,64.9,47.9,80,18.6,31,25.7,43,7.8,13,,,,,,,,,,,,,,,,,,,,,,,,,,,,,,,,,"4.45","27.2"
"Campbell, Kristian",692225,2025,23,229,263,51,35,10,0,6,72,29,27.4,11,".223",".345",".319","0.664","0.122",".296","21","115","79","1","2","67","379","216","0","170","8","67","1","0","0","4","22","6","157","23","0","23","64","14","5","0","0","1","1","0","0","1","0","1","114","1","0","0","0","0","1","0","0","24","2","0","0","404","1","666","114","1070",,"1","1","0","0",".222",".338",".301",".296",".319",".116",".355",".348",".323",".323",".001",".007",".005","73.4",39.4,17.2,12.7,30.5,22.5,"6.8",8,11.5,7.7,42.7,34.7,"88.6","4.7",30.4,8,5.1,4.4,27.2,17.1,40.5,4.4,41.8,"100.531882308","94.411397756",60.7,19.7,23.4,47.2,53.6,59,125,50,535,75,7.9,137,555,275,1070,80.3,64,325,50,535,41.4,443,27.3,42.1,27.8,39.2,32.3,158,61.2,54.4,86,18.4,29,23.4,37,3.2,5,,,,,,,,,,,,,,,,,,,,,,,,,,,"1","0.5","0","1.5","35.1",,"4.47","27.2"
"Canzone, Dominic",686527,2025,27,51,54,14,8,2,0,4,7,3,13,5.6,".275",".549",".315","0.864","0.274",".250","7","23","27","0","1","10","64","33","0","33","3","16","1","0","0","0","4","4","41","5","0","6","16","3","3","0","0","0","2","0","0","0","0","0","13","0","0","0","0","0","0","0","0","8","1","0","0","65","0","124","13","189",,"0","0","0","0",".300",".515",".370",".365",".339",".215",".407",".401",".318",".348","-0.025",".034",".005","73.7",42.5,14.7,12.5,45.6,38.8,"7.3",2,13.7,-3.7,57.5,33.5,"92.7","15.1",27.3,5,11.4,4.5,22.7,22.7,38.6,0,43.2,"101.452141364","95.426714545",64.9,8.2,33,35.3,64.7,12,34,52.3,103,73.3,7.6,39,83,62,197,91.8,5,61,47.7,94,42.1,83,17.9,48.2,40.9,40.9,18.2,44,64.8,45.5,20,25,11,22.7,10,6.8,3,,,,,,,,,,,"-1","0","1","0.0","0","0",,"0","1","0.0","0","1","0.0","2","2","100.0",,,,,,,"4.55","26.6"
"Alonso, Pete",624413,2025,30,312,363,91,49,23,1,18,84,37,23.1,10.2,".292",".545",".383","0.928","0.253",".343","65","139","169","2","0","83","513","222","0","280","21","82","12","0","0","11","16","26","228","48","0","40","64","17","17","0","2","0","0","0","0","0","0","3","148","2","0","0","0","0","0","0","0","46","0","0","0","574","3","910","148","1484",,"0","0","1","0",".302",".609",".398",".421",".392",".307",".482",".518",".394",".409","-0.010","-0.064","-0.023","76.2",62.7,21.4,16.1,31.2,23.5,"7.1",6,10.2,0.1,59.9,33.5,"94.4","16",40.7,47,20.3,8.2,21.6,23.4,22.9,3.5,55,"105.955334655","98.150896407",66.6,19,27.7,41.9,58.1,90,215,51.6,776,81.7,6.2,116,830,393,1504,81,92,485,48.4,728,40.5,609,26,46.5,42,30.3,27.7,231,59,35.5,82,29,67,28.1,65,7.4,17,,,,,,,,,,,,,,,,,,,,,,,,,,,,,,,,,"4.71","25.7"
"Meadows, Parker",678009,2025,25,72,80,13,8,2,1,2,20,8,25,10,".181",".319",".263","0.582","0.138",".220","7","21","23","0","2","13","114","52","0","49","3","20","0","0","0","0","3","2","50","8","0","8","17","8","4","0","0","0","2","0","0","0","0","0","34","0","0","0","0","0","0","0","0","10","2","0","0","117","0","189","34","306",,"0","0","0","0",".238",".407",".261",".317",".314",".169",".296",".381",".250",".330","-0.057","-0.088","-0.056","70.2",7,9.6,7,34.9,25.2,"7.2",2,7.6,-2.9,43.5,29.7,"87.5","16.9",36.5,4,7.7,7.7,32.7,21.2,25,5.8,28.8,"97.6840336","92.8420168",64.4,17.5,26.1,57.1,42.9,24,42,50.2,161,75,6.2,58,161,76,321,82.5,18,103,49.8,160,49.8,160,29,45.2,30.8,40.4,28.8,52,65,40.4,21,19.2,10,30.8,16,9.6,5,,,,,,,,,,,"2","0","2","0.0","1","1","100.0","2","3","66.7","4","4","100.0","3","3","100.0","2.4","0.7","-1.2","2","36.4","1","4.3","28.6"
"Rivera, Emmanuel",656896,2025,29,69,76,16,13,3,0,0,12,6,15.8,7.9,".232",".275",".303","0.578","0.043",".281","3","29","19","0","1","17","103","40","0","55","3","25","3","0","0","1","7","2","57","7","0","11","20","8","2","0","0","0","0","0","0","2","0","0","41","0","0","0","0","0","0","0","0","3","1","0","0","107","0","196","41","303",,"0","1","0","0",".241",".304",".266",".279",".311",".062",".269",".286",".281",".292","-0.009","-0.029","-0.013","68.3",2.9,5.9,4.3,36.6,26.6,"6.8",3,4.9,1.2,48.2,32.7,"86.8","9.2",33.3,1,1.8,3.5,28.1,28.1,36.8,1.8,31.6,"96.210883448","92.240629649",74.3,19.8,32.9,43.6,56.4,24,55,55.1,167,82.6,7.6,31,185,64,303,80.2,20,101,44.9,136,44.2,134,28.2,51.5,26.3,43.9,29.8,57,64.5,47.4,27,22.8,13,26.3,15,3.5,2,,,,,,,,,,,,,,,,,,,,,,,,,,,,,,,,,"4.79","26.0"
"Ahmed, Nick",605113,2025,35,9,10,0,0,0,0,0,3,1,30,10,".000",".000",".100","0.100","0.000",".000","0","6","0","0","1","4","6","5","0","3","0","5","1","0","0","0","0","0","6","0","0","1","4","0","1","0","0","0","3","0","0","0","0","0","9","0","0","0","0","0","0","0","0","1","1","0","0","8","0","23","9","31",,"0","1","0","0",".163",".181",".069",".206",".247",".018",".000",".228",".000",".245","-0.163","-0.181","-0.137","68.8",0,0,0,44.4,25,"7.4",0,15.8,-0.9,81.3,26.4,"83.4","13.2",16.7,0,0,0,33.3,33.3,33.3,0,16.7,"93.38864","90.69432",70.6,50,42.9,50,50,3,6,45.2,14,100,12.9,4,16,2,31,50,6,12,54.8,17,41.9,13,50,58.1,50,16.7,33.3,6,50,66.7,4,16.7,1,0,0,16.7,1,,,,,,,,,,,,,,,,,,,,,,,,,,,,,,,,,,
"Pillar, Kevin",607680,2025,36,43,43,9,7,2,0,0,8,0,18.6,0,".209",".256",".209","0.465","0.047",".257","1","10","11","0","3","4","42","23","0","36","2","20","0","0","0","0","4","0","35","5","0","9","11","3","3","0","0","0","5","0","0","3","0","0","14","0","0","0","0","0","0","0","0","6","2","1","0","42","0","112","14","154",,"0","0","0","0",".216",".295",".203",".220",".216",".080",".250",".270",".257",".265","-0.007","-0.039","-0.017","69.1",2.5,7.6,6.3,34.8,29.1,"7.4",4,8.9,-2.2,51.9,32.1,"86.1","14.9",34.3,1,2.9,5.7,20,28.6,40,2.9,20,"94.907728333","91.579498",69.9,15.5,43.7,25.8,74.2,8,31,46.1,71,75,7.8,18,96,26,154,82.8,9,58,53.9,83,46.8,72,19.1,57.8,42.9,40,17.1,35,65.1,42.9,15,25.7,9,22.9,8,8.6,3,,,,,,,,,,,"-1","0","1","0.0","0","1","0.0","1","2","50.0","3","4","75.0","0","0",,"-1.6","-2.6","0.8","-3.4","30.6",,"4.38","28.4"
"Iglesias, Jose",578428,2025,35,152,171,34,29,5,0,0,30,10,17.5,5.8,".224",".257",".290","0.547","0.033",".274","20","59","39","1","2","39","194","170","0","138","3","56","3","0","0","5","18","2","126","14","0","13","67","8","4","0","0","0","2","0","0","5","2","2","47","1","0","0","1","0","0","0","0","10","1","1","0","209","4","490","47","699",,"0","3","1","0",".231",".275",".252",".261",".297",".045",".259",".271",".274",".284","-0.007","-0.018","-0.009","68",8.3,4.3,3.6,30,25.4,"6.5",7,1.4,5.5,28.6,33.5,"83.5","-0.6",23,1,0.8,1.6,21.4,14.3,50.8,10.3,22.2,"94.542205","91.339772033",53.8,11.1,37.6,26.9,73.1,35,130,49.5,346,51.4,10,62,434,159,699,88.9,21,190,50.5,353,41.8,292,17.5,45.8,29.4,35.7,34.9,126,65.5,67.5,85,11.9,15,17.5,22,3.2,4,,,,,,,,,,,,,,,,,,,,,,,,,,,,,,,,,"4.25","27.9"
"Pereda, Jhonny",640902,2025,29,40,46,7,5,2,0,0,13,6,28.3,13,".175",".225",".283","0.508","0.050",".259","3","12","9","0","0","5","85","35","0","30","1","17","0","0","0","0","5","0","27","2","0","3","13","4","0","0","0","0","3","0","0","0","0","0","23","0","0","0","0","0","0","0","0","3","0","0","0","88","0","116","23","204",,"0","1","0","0",".176",".227",".242",".242",".283",".052",".258",".258",".259",".260","-0.001","-0.002",".000","70.8",12.5,19.1,14.1,27.7,20.3,"7.3",2,3.5,7,48.4,29.8,"89.2","-2.1",25.9,0,0,3.7,29.6,11.1,51.9,3.7,48.1,"100.4121","94.435903704",60.8,27.1,20.6,36.4,63.6,8,22,52.5,107,64.7,8.3,15,125,48,204,72.9,16,59,47.5,97,45.6,93,29.6,39.7,37,44.4,18.5,27,60.9,66.7,18,11.1,3,22.2,6,0,0,"8","1.94","1.93","2","1","1.78","1.78",,"0.71","86.5",,,,,,,,,,,,,,,,,,,,,,,,"24.1"
"Frelick, Sal",686217,2025,25,288,322,86,70,9,3,4,42,23,13,7.1,".299",".392",".358","0.750","0.093",".337","32","124","111","2","15","68","399","247","3","220","11","78","1","0","0","4","32","9","248","43","0","38","86","15","24","0","0","0","2","0","0","0","3","1","49","2","0","0","1","0","1","0","0","36","14","1","0","425","4","780","49","1205",,"1","0","0","3",".276",".356",".334",".311",".338",".080",".351",".321",".348",".324",".023",".036",".023","68.1",5.2,8,7.2,34.2,30.5,"7.1",5,8.1,-2,53.6,28.3,"85.5","10.9",30.4,7,2.8,3.2,28,22.4,35.2,7.6,28.8,"96.285030328","92.159562551",58.2,9,27.2,19,79.7,29,153,45.8,563,60.3,9.4,138,753,252,1228,90.4,35,387,54.2,665,44.8,550,11.9,44,41.2,34.8,24,250,55.6,48,120,18.8,47,23.2,58,10,25,,,,,,,,,,,"4","0","9","0.0","4","8","50.0","9","11","81.8","10","11","90.9","12","13","92.3","0.7","1.3","-0.1","1.9","36.3","20","4.18","28.9"
"Kingery, Scott",664068,2025,31,25,27,4,3,1,0,0,10,2,37,7.4,".160",".200",".222","0.422","0.040",".267","0","16","5","1","1","5","29","15","0","19","0","12","1","0","0","0","2","2","15","0","0","2","8","0","1","0","0","0","6","1","0","0","0","0","21","1","0","0","0","0","0","0","0","3","1","0","0","29","0","71","21","100",,"0","0","0","0",".157",".212",".197",".200",".220",".055",".262",".268",".267",".262",".003","-0.012","-0.003","69.3",2,6.7,4.1,23.3,14.3,"7",2,13.7,1.5,69.4,33.5,"84.5","10.4",13.3,1,6.7,0,26.7,20,33.3,13.3,26.7,"96.750197143","92.711644615",73.2,29.3,34.1,66.7,33.3,10,15,44,44,40,5,12,51,32,100,70.7,12,41,56,56,49,49,39.3,56,40,46.7,13.3,15,63,66.7,10,26.7,4,0,0,6.7,1,,,,,,,,,,,,,,,,,,,,,,,,,,,,,,,,,,"28.1"
"Tatis Jr., Fernando",665487,2025,26,302,345,78,51,11,1,15,60,38,17.4,11,".258",".450",".348","0.798","0.192",".276","37","90","136","2","16","52","480","164","0","209","13","78","4","0","0","4","33","13","240","32","0","46","89","14","13","0","3","0","4","0","0","2","0","1","152","1","1","0","0","0","0","1","0","57","8","7","1","516","1","782","152","1298",,"1","6","1","0",".286",".532",".348",".388",".375",".246",".378",".435",".321",".359","-0.028","-0.082","-0.040","73.6",39.3,21.9,16.4,37.4,28,"7.2",13,7.5,2.6,54.5,30.8,"93.1","7.7",27.6,29,11.9,7,18.1,19.3,39.5,2.9,50.6,"103.76269975","96.629398958",73.7,16,24.7,54.9,45.1,95,173,53.4,699,89.7,7.4,193,704,323,1308,83.5,72,449,46.6,609,42.4,554,26.8,47.6,34.6,42,23.5,243,58,50.6,123,24.7,60,19.3,47,5.3,13,,,,,,,,,,,"9","2","11","18.2","1","5","20.0","15","18","83.3","18","19","94.7","11","11","100.0","0.4","0.9","-0.1","1.3","34.6","15","4.37","28.8"
"Taylor, Tyrone",621438,2025,31,215,237,48,33,10,3,2,52,10,21.9,4.2,".223",".326",".281","0.607","0.103",".282","16","89","70","1","9","48","258","160","1","159","11","73","2","0","0","8","9","8","166","31","0","30","43","21","23","0","1","0","8","1","0","0","1","2","83","1","0","0","0","0","0","0","0","22","8","1","0","282","3","585","83","867",,"0","1","0","1",".271",".392",".269",".315",".325",".121",".308",".373",".291",".354","-0.048","-0.066","-0.046","70.5",11.5,12.8,9.9,31.1,24.1,"7.6",2,7.8,-8.8,53.1,32,"86.5","19.9",43.4,7,4.2,8.4,28.3,28.3,24.7,6,36.7,"98.221670361","93.186872485",65.2,12.1,30.1,52.1,47.9,63,121,46.2,402,70,9.2,73,453,227,871,87.6,37,306,53.8,469,42,366,23.4,49,45.8,31.3,22.9,166,60.6,31.3,52,22.9,38,31.3,52,14.5,24,,,,,,,,,,,"4","1","7","14.3","2","4","50.0","10","14","71.4","8","10","80.0","16","17","94.1","0.3","0.4","-0.8","-0.1","34.2","5","4.39","29.2"
"Wagner, Will",695238,2025,26,59,68,11,9,2,0,0,15,8,22.1,11.8,".186",".220",".284","0.504","0.034",".250","2","20","13","0","1","15","95","46","0","68","5","20","0","0","0","0","5","1","45","5","0","7","19","5","3","0","0","0","5","0","0","5","1","0","30","0","0","0","0","0","0","0","0","4","1","0","0","102","1","195","30","297",,"0","2","0","0",".216",".276",".240",".270",".310",".060",".239",".286",".250",".290","-0.030","-0.056","-0.030","68.6",2.4,7.4,5.5,28.4,21.3,"6.4",1,5.8,-1.8,40.9,31.5,"88","10.2",28.9,1,2.2,0,28.9,26.7,33.3,8.9,37.8,"97.559690909","92.92367907",71.2,12.8,27.8,55,45,22,40,48.5,144,66.7,9.1,59,170,53,297,87.2,14,109,51.5,153,42.1,125,24.2,50.2,28.9,48.9,22.2,45,60.3,53.3,24,17.8,8,22.2,10,6.7,3,,,,,,,,,,,,,,,,,,,,,,,,,,,,,,,,,"4.58","26.5"
"Baldwin, Brooks",681460,2025,24,133,145,28,19,6,0,3,41,7,28.3,4.8,".211",".323",".252","0.575","0.112",".275","16","67","43","0","2","37","181","93","0","97","8","47","7","0","1","1","11","6","96","11","0","16","39","8","5","0","0","0","3","2","0","0","2","2","54","0","0","0","0","0","1","0","0","9","2","0","0","196","4","363","54","559",,"1","0","1","0",".222",".354",".253",".280",".268",".133",".326",".367",".298",".323","-0.011","-0.031","-0.027","70.7",12.2,14.5,10.8,37,27.5,"6.9",5,9.2,5,58.1,28.8,"89.8","10",30.2,6,6.3,4.2,20.8,21.9,36.5,10.4,38.5,"99.766993478","94.216143626",64.5,18.7,31.8,40.9,56.8,36,88,49.6,277,80.9,8.4,93,348,95,559,78.6,34,182,50.4,282,43.6,244,25.9,48.3,44.8,33.3,21.9,96,60,52.1,50,22.9,22,19.8,19,5.2,5,,,,,,,,,,,"-3","0","2","0.0","1","2","50.0","4","6","66.7","3","5","60.0","4","6","66.7","1.3","0.2","-0.7","0.7","34.9","3","4.31","29.0"
"Jansen, Danny",643376,2025,30,173,200,35,22,5,0,8,49,22,24.5,11,".202",".370",".302","0.672","0.168",".231","23","89","62","0","0","46","288","140","0","143","9","54","3","0","2","3","6","11","122","16","0","25","28","9","26","0","0","0","4","0","1","0","1","1","59","0","0","0","0","0","0","0","0","18","0","0","0","310","2","482","59","792",,"0","1","0","0",".202",".355",".301",".296",".304",".154",".339",".333",".280",".284",".000",".015",".005","69",5,9.4,7.7,32.4,26.4,"6.8",16,14.4,-4.3,66.6,29.6,"87.9","24.2",35.7,9,7.1,8.7,17.5,42.1,18.3,6.3,38.1,"98.161880635","93.37948008",64.9,15.9,19.7,43.4,55.3,33,76,48.1,385,82.3,7.7,107,476,160,801,84.1,43,270,51.9,416,41.6,333,22,43.2,46.8,37.3,15.9,126,63,27,34,30.2,38,22.2,28,20.6,26,"45","2","2","1.98","5","1.51","1.53","1.5","0.63","78.8",,,,,,,,,,,,,,,,,,,,,,,"4.72","26.0"
"Keirsey Jr., DaShawn",680577,2025,28,67,70,7,6,0,0,1,22,2,31.4,2.9,".104",".149",".143","0.292","0.045",".136","4","33","10","3","5","12","92","44","0","63","2","51","1","0","0","1","2","2","45","3","0","10","21","1","6","0","0","0","11","16","0","2","0","0","23","3","0","0","0","0","0","0","0","7","5","0","0","97","0","183","23","280",,"0","1","1","0",".160",".219",".136",".187",".196",".059",".164",".244",".156",".238","-0.056","-0.070","-0.051","68.8",7.4,8.2,6.6,28.9,23.1,"6.7",3,3.7,6.3,33.1,31.6,"87.4","10.7",15.6,1,2.2,4.4,20,26.7,42.2,4.4,33.3,"98.077953182","93.146183409",68.2,13.9,28.8,39.5,57.9,15,38,47.1,132,90.9,7.9,35,176,57,280,85.1,14,101,52.9,148,46.4,130,20.9,49.6,31.1,31.1,37.8,45,62.9,51.1,23,26.7,12,8.9,4,13.3,6,,,,,,,,,,,"1","0","4","0.0","0","0",,"2","2","100.0","0","0",,"5","5","100.0","-1.6","-2","0.8","-2.7","28.5","5","4.28","28.7"
"Volpe, Anthony",683011,2025,24,283,323,65,33,20,3,9,82,31,25.4,9.6,".230",".417",".307","0.724","0.187",".284","44","149","118","7","8","84","461","243","0","227","18","79","5","0","0","3","20","17","206","28","0","37","75","15","12","0","0","0","0","1","0","0","1","5","132","4","3","0","0","0","1","0","0","33","6","2","0","483","6","830","132","1313",,"1","1","0","0",".234",".395",".316",".312",".314",".160",".379",".372",".316",".325","-0.004",".022",".004","72.1",22.9,15.7,11.7,32.4,24.1,"7.2",8,9.9,6.4,61.2,31,"89.3","8.7",31.4,18,8.7,8.2,20.8,21.7,35.3,5.3,42.5,"100.558115922","94.692371456",65.4,23.2,21.7,36,64,50,139,48.2,640,71.2,7.8,146,743,311,1327,76.8,104,449,51.8,687,42.3,561,26.2,44.3,30,40.6,29.5,207,63.8,46.4,96,26.1,54,21.7,45,5.8,12,,,,,,,,,,,,,,,,,,,,,,,,,,,,,,,,,"4.38","28.3"
"Margot, Manuel",622534,2025,30,19,20,6,6,0,0,0,6,0,30,0,".316",".316",".300","0.616","0.000",".429","3","3","6","0","0","4","16","14","0","13","2","6","0","0","0","0","2","0","14","4","0","2","3","2","1","0","0","0","2","0","0","0","0","1","9","0","0","0","0","0","0","0","0","1","0","0","0","16","1","52","9","68",,"0","0","0","0",".319",".362",".266",".303",".314",".043",".380",".432",".429",".448","-0.003","-0.046","-0.037","71.2",12.5,0,0,19,12.5,"7",0,3,0.3,28.1,26.1,"79.5","10.1",42.9,0,0,7.1,42.9,7.1,28.6,14.3,14.3,"91.220212857","90.001579286",71.4,23.3,30.8,50,50,4,8,38.2,26,100,4.4,10,38,16,68,76.7,7,30,61.8,42,41.2,28,28.9,55.9,35.7,21.4,42.9,14,85,35.7,5,14.3,2,42.9,6,7.1,1,,,,,,,,,,,,,,,,,,,,,,,,,,,,,,,,,,"25.3"
"Mastrobuoni, Miles",670156,2025,29,126,145,32,28,3,0,1,23,15,15.9,10.3,".254",".302",".331","0.633","0.048",".301","10","50","37","3","4","32","188","118","0","80","2","59","2","0","0","0","7","2","105","22","0","18","46","9","1","0","0","0","9","4","0","0","3","1","30","3","0","0","0","0","0","0","0","17","4","0","0","203","4","337","30","540",,"0","0","0","0",".302",".399",".290",".342",".374",".097",".295",".367",".308",".366","-0.048","-0.097","-0.052","67.6",2.2,8.6,7.3,39.1,33,"6.7",0,8.4,-2.4,46.9,33.2,"88.4","4.6",34.6,2,1.9,4.7,31.8,17.8,35.5,7.5,37.4,"98.147204808","93.436865728",56.5,12.6,20.2,25,75,12,48,43.6,238,81.3,8.8,90,295,122,546,86.8,22,174,56.4,308,43.2,236,15.3,40.7,30.8,40.2,29,107,65.5,50.5,54,18.7,20,29.9,32,0.9,1,,,,,,,,,,,"0","0","1","0.0","0","1","0.0","0","1","0.0","2","2","100.0","1","1","100.0","0.7","-0.8","-1.4","-1.5","33.9",,"4.27","28.4"
"Barnhart, Tucker",571466,2025,34,13,15,3,3,0,0,0,4,1,26.7,6.7,".231",".231",".333","0.564","0.000",".333","0","11","3","0","0","4","19","13","0","15","0","8","2","0","0","1","1","0","9","2","0","1","4","0","1","0","0","0","0","0","0","0","0","0","1","0","0","0","0","0","0","0","0","0","0","0","0","20","0","38","1","58",,"0","0","0","0",".154",".195",".272",".224",".267",".041",".296",".215",".333",".223",".077",".036",".048","66.5",0,4.8,4.5,23.8,22.7,"7.1",0,7.8,-2.1,59.1,31,"85.4","-0.5",22.2,0,0,0,33.3,22.2,44.4,0,11.1,"95.017356","91.959773333",63.6,4.8,16,0,100,0,4,43.1,25,83.3,10.3,8,36,5,58,95.2,1,21,56.9,33,32.8,19,4,43.1,44.4,44.4,11.1,9,60,55.6,5,11.1,1,22.2,2,11.1,1,"2","1.93","1.93",,"0",,,,"0.55","73.2",,,,,,,,,,,,,,,,,,,,,,,,
"Wade, Tyler",642180,2025,30,103,123,22,19,1,2,0,31,15,25.2,12.2,".214",".262",".319","0.581","0.048",".306","9","46","27","2","1","25","164","94","0","72","3","51","0","0","1","1","9","1","76","12","0","15","31","5","3","0","0","0","7","4","0","1","4","0","42","2","0","0","0","0","1","0","0","13","0","1","0","175","4","303","42","478",,"1","1","0","0",".185",".228",".273",".249",".294",".043",".296",".256",".306",".264",".029",".034",".024","65.1",1.2,2.4,1.8,28.6,21.7,"6.7",5,7.3,-1.3,47,31.9,"82.8","9.9",30.3,0,0,3.9,23.7,23.7,38.2,10.5,14.5,"92.241000294","90.338046029",60,18,26.2,49.2,45.9,30,61,48.2,233,83.7,8.9,58,271,109,483,80,27,150,51.8,250,43.1,208,27,43.7,32.9,34.2,32.9,76,66.7,52.6,40,21.1,16,22.4,17,3.9,3,,,,,,,,,,,"-2","0","4","0.0","0","0",,"0","1","0.0","2","4","50.0","4","4","100.0","-1","-1.8","0.2","-2.6","32.3",,"4.26","28.0"
"Harper, Bryce",547180,2025,32,213,253,55,33,13,0,9,47,35,18.6,13.8,".258",".446",".368","0.814","0.188",".289","34","85","95","0","8","49","333","85","0","154","14","57","2","0","0","3","11","13","168","31","0","40","48","22","3","0","2","0","1","0","0","1","0","2","155","0","0","0","1","0","0","0","0","32","6","2","0","361","2","584","155","945",,"0","1","0","0",".286",".506",".356",".387",".392",".220",".383",".429",".327",".365","-0.028","-0.060","-0.031","74.6",48,19.7,13.1,32,21.3,"7.5",7,12.4,-3.8,50.1,35.4,"91.6","14.5",42.3,18,10.7,8.9,23.8,26.2,28.6,1.2,50,"102.418722289","95.672966627",76.7,20.6,35.3,59.1,40.9,114,193,57.8,546,87.5,5.9,113,443,310,945,79.4,63,306,42.2,399,37,350,35.5,52.8,34.5,35.1,30.4,168,66.7,35.1,59,31.5,53,31.5,53,1.8,3,,,,,,,,,,,,,,,,,,,,,,,,,,,,,,,,,"4.53","26.8"
"Tucker, Kyle",663656,2025,28,304,361,86,50,16,4,16,52,53,14.4,14.7,".283",".520",".391","0.911","0.237",".294","49","111","158","1","19","68","527","173","0","247","16","80","5","0","4","2","15","27","250","44","0","62","58","25","19","0","7","0","3","0","0","10","0","2","108","1","0","0","1","0","0","0","0","57","15","4","0","574","2","800","108","1374",,"0","1","0","0",".289",".549",".388",".398",".396",".260",".410",".423",".339",".346","-0.006","-0.029","-0.010","72.1",24.5,16.9,13.9,37.8,31.1,"7.5",12,11.1,-8.1,50.6,33.7,"91.3","19.5",38.2,35,13.8,7.5,22.8,32.3,22.4,1.2,46.1,"100.710518976","94.856216811",71.6,16,17.3,40.4,59.6,46,114,47.6,658,86,7.7,232,737,335,1383,83.8,83,519,52.4,725,43.4,600,20.4,45.8,44.1,33.1,22.8,254,57.1,29.1,74,35.4,90,27.6,70,7.9,20,,,,,,,,,,,"-3","0","8","0.0","0","7","0.0","4","7","57.1","8","10","80.0","15","16","93.8","0.2","-0.6","-0.1","-0.6","32.4",,"4.51","26.5"
"Veen, Zac",691728,2025,23,34,37,4,2,1,0,1,14,2,37.8,5.4,".118",".235",".189","0.424","0.117",".158","2","14","8","1","1","6","44","7","0","26","2","12","0","0","0","1","2","2","20","0","0","5","7","2","1","0","0","0","1","2","0","0","0","0","35","1","0","0","0","0","0","0","0","1","1","0","0","46","0","94","35","140",,"0","0","0","0",".130",".242",".195",".203",".201",".112",".255",".269",".200",".222","-0.012","-0.007","-0.008","71",13,10.5,5.8,26.3,14.5,"6.9",1,7,6,46.4,30.1,"90.2","18.3",30,1,5,0,10,40,35,10,30,"98.461172222","93.739707778",88,36.4,32.3,66.7,28.6,14,21,46.4,65,100,7.9,17,98,11,140,60.6,24,66,53.6,75,44.3,62,43.7,62.1,45,35,20,20,59.5,45,9,35,7,10,2,10,2,,,,,,,,,,,,,,,,,,,,,,,,,,,,,,,,,,"28.2"
"Hoskins, Rhys",656555,2025,32,256,300,62,39,11,0,12,80,35,26.7,11.7,".242",".426",".337","0.763","0.184",".296","40","122","108","1","2","68","465","250","0","203","15","76","5","0","2","4","15","17","179","29","0","45","38","14","20","0","2","0","5","0","0","1","0","5","124","1","0","0","1","0","0","0","0","28","2","0","0","515","5","775","124","1290",,"0","1","0","0",".235",".414",".333",".327",".333",".180",".405",".395",".343",".336",".007",".012",".006","71.1",15.6,13.1,9.8,32.8,24.5,"8.2",17,16.9,-7.5,47.1,33.8,"90.2","22.1",39.2,20,11,5.5,26,35.9,18.8,2.8,45.9,"99.89759","94.298119834",61,21,19,48.3,51.7,58,120,48.5,632,68.5,8.5,154,650,356,1302,79,86,409,51.5,670,41.6,541,27.2,40.6,52.5,32.6,14.9,181,56,29.8,54,34.3,62,24.9,45,11,20,,,,,,,,,,,,,,,,,,,,,,,,,,,,,,,,,"4.79","24.7"
"Raleigh, Cal",663728,2025,28,298,353,82,34,16,0,32,89,50,25.2,14.2,".275",".651",".385","1.036","0.376",".281","69","133","192","2","9","79","488","165","0","292","22","79","3","0","2","4","15","37","208","29","0","46","39","15","26","0","6","0","1","0","0","18","0","1","176","2","0","0","0","0","0","0","0","58","6","3","0","529","1","873","176","1402",,"0","1","0","0",".256",".583",".431",".397",".370",".327",".555",".499",".390",".365",".019",".068",".034","74.9",51.6,17.2,12.7,27.8,20.5,"7.9",17,17.8,-8.7,44.6,34,"92","23.2",37.1,42,20,9,18.6,31.9,16.2,4.3,50,"103.08534819","96.421981238",74.2,21.5,29.5,48,52,106,221,53,750,83.7,6.9,298,712,321,1414,78.5,106,493,47,664,41.5,587,29.7,50.5,53.3,27.6,19,210,59.7,25.7,54,40,84,21.9,46,12.4,26,"30","1.98","1.98","1.98","1","1.45","1.45",,"0.7","83.3",,,,,,,,,,,,,,,,,,,,,,,"4.7","26.0"
"Fulford, Braxton",690924,2025,26,32,34,9,5,2,1,1,15,1,44.1,2.9,".281",".500",".294","0.794","0.219",".471","8","10","11","0","0","8","33","21","0","29","1","11","0","0","0","0","3","2","15","1","0","4","2","1","1","0","0","0","0","2","0","0","0","1","20","0","0","0","0","0","0","0","0","4","0","0","0","35","1","87","20","122",,"0","0","0","0",".184",".339",".333",".230",".205",".155",".591",".396",".500",".332",".097",".161",".103","71.5",25,9.3,6.7,20.9,15,"6.5",4,10.9,-5.9,45,30,"89.8","18.5",44.4,1,5.6,22.2,16.7,33.3,11.1,11.1,55.6,"104.323415556","96.98052",65.8,15.4,32.3,70,30,14,20,44,62,80,3.5,11,76,46,141,84.6,8,52,56,79,44,62,30.6,51.1,33.3,61.1,5.6,18,67.6,27.8,5,38.9,7,27.8,5,5.6,1,"6","1.97","1.98","1.96","2","1.49","1.49",,"0.68","83.6",,,,,,,,,,,,,,,,,,,,,,,,"28.3"
"Beck, Jordan",687597,2025,24,260,285,70,40,16,4,10,80,21,28.1,7.4,".269",".477",".330","0.807","0.208",".351","28","78","121","4","9","49","382","193","0","191","13","70","4","0","2","3","20","14","178","33","1","38","47","13","11","0","0","0","2","2","0","3","0","1","146","4","0","0","1","0","3","0","0","38","8","1","0","403","1","730","146","1133",,"3","3","0","0",".251",".459",".349",".335",".315",".208",".458",".436",".387",".364",".018",".018",".014","73.9",40.7,15.1,10.7,27.8,19.6,"7.7",3,9.9,-3.9,53.9,32,"89.1","15.4",37,24,13.3,8.8,20.4,24.3,26.5,6.1,43.1,"101.413338444","94.979132179",66.5,23.3,27,48.7,50.6,75,154,49.5,570,72.6,7.3,102,632,319,1152,76.2,90,387,50.5,582,43.7,503,30.5,47,45.3,31.5,23.2,181,59.3,37.6,68,29.3,53,26.5,48,6.6,12,,,,,,,,,,,"-4","0","10","0.0","2","9","22.2","4","7","57.1","9","12","75.0","11","11","100.0","-0.6","0.2","-0.1","-0.5","32.6","1","4.38","28.7"
"Santander, Anthony",623993,2025,30,184,209,33,22,5,0,6,55,24,26.3,11.5,".179",".304",".273","0.577","0.125",".218","18","107","56","0","0","49","287","138","0","195","10","50","6","0","0","0","11","7","130","15","0","27","37","15","17","0","1","0","1","0","0","29","0","1","85","0","0","0","2","0","0","0","0","14","0","0","0","308","1","564","85","872",,"0","0","0","0",".197",".320",".261",".274",".292",".123",".294",".316",".254",".284","-0.018","-0.016","-0.013","71.9",19.9,12.9,10,27.8,21.5,"7.2",3,7.9,-9.3,57.2,24.1,"89.9","18.5",28.5,6,4.6,7.7,21.5,36.2,25.4,4.6,40.8,"100.034286769","94.228834846",68.5,18.2,31.5,34.2,65.8,50,146,53.1,463,75.4,7,152,545,146,872,81.8,51,280,46.9,409,42.4,370,23.7,48.9,50,31.5,18.5,130,61.1,36.9,48,26.2,34,23.8,31,13.1,17,,,,,,,,,,,"-1","0","0",,"0","4","0.0","3","4","75.0","2","3","66.7","4","4","100.0","-1.3","-1.9","0.5","-2.7","31.7",,"4.78","25.9"
"Profar, Jurickson",595777,2025,32,15,16,3,3,0,0,0,3,1,18.8,6.3,".200",".200",".250","0.450","0.000",".250","0","2","3","0","0","1","25","16","0","30","2","4","0","0","0","0","2","0","12","1","0","3","5","0","1","0","0","0","0","0","0","0","0","0","4","0","0","0","0","0","0","0","0","2","0","0","0","26","0","64","4","90",,"0","0","0","0",".132",".157",".210",".165",".190",".025",".222",".162",".250",".168",".068",".043",".045","68.2",4.8,5.4,4.8,18.9,16.7,"7",1,7.5,-1.6,54.8,29,"83.9","0.7",25,0,0,0,16.7,33.3,41.7,0,16.7,"92.007485","90.347284545",65.3,6.3,39,25,75,4,16,45.6,41,80,5.6,14,61,13,90,93.8,2,32,54.4,49,46.7,42,12.5,53.3,33.3,41.7,25,12,75,58.3,7,25,3,8.3,1,8.3,1,,,,,,,,,,,,,,,,,,,,,,,,,,,,,,,,,,"23.6"
"Kreidler, Ryan",668952,2025,27,38,44,4,4,0,0,0,19,4,43.2,9.1,".105",".105",".190","0.295","0.000",".211","0","22","4","0","2","9","66","21","0","32","4","17","0","0","0","0","1","1","21","2","0","7","9","1","0","0","0","0","6","0","0","0","2","0","31","0","0","0","0","0","0","0","0","5","1","1","0","67","2","112","31","179",,"0","0","0","0",".187",".261",".151",".241",".264",".074",".187",".388",".211",".373","-0.082","-0.156","-0.090","71",13.2,8.5,5.3,25.5,15.8,"7.7",3,17,-1.4,46.1,38.8,"89.6","16.5",38.1,1,4.8,4.8,42.9,23.8,9.5,14.3,28.6,"98.99076","93.991411579",71.6,30.2,30.8,67.9,32.1,19,28,50.8,91,90,5.6,28,85,46,179,69.8,19,63,49.2,88,46.9,84,41.8,50.8,52.4,33.3,14.3,21,70.5,47.6,10,38.1,8,14.3,3,0,0,,,,,,,,,,,"1","0","1","0.0","1","1","100.0","1","1","100.0","3","3","100.0","0","0",,"0.7","1.4","0.7","2.8","37.7",,,"27.4"
"Rocchio, Brayan",677587,2025,24,91,102,15,12,3,0,0,21,5,20.6,4.9,".165",".198",".235","0.433","0.033",".208","8","45","18","2","2","19","96","58","0","67","5","35","3","0","0","4","6","0","72","9","0","14","30","10","2","0","0","0","2","0","0","0","0","2","41","2","0","0","0","0","0","0","1","8","2","0","0","107","2","250","41","357",,"1","0","0","0",".232",".314",".204",".278",".300",".081",".201",".305",".208",".301","-0.067","-0.116","-0.074","70.6",9.3,9.4,6.8,34.2,24.8,"7.4",3,11.5,-4.4,50.9,30.3,"86.1","7.5",33.3,2,2.8,8.3,22.2,23.6,37.5,5.6,30.6,"96.876021389","92.461057639",70.6,15.9,35.3,48.3,51.7,29,60,47.6,170,76.9,7.3,77,182,74,357,81.8,21,132,52.4,187,42.3,151,26,53.8,45.8,33.3,20.8,72,65.7,50,36,19.4,14,27.8,20,2.8,2,,,,,,,,,,,,,,,,,,,,,,,,,,,,,,,,,"4.52","26.4"
"Wagaman, Eric",676572,2025,27,281,302,70,46,18,1,5,57,17,18.9,5.6,".249",".374",".288","0.662","0.125",".291","31","117","105","1","2","70","377","215","0","160","13","73","9","0","5","0","18","8","224","44","0","44","80","16","14","0","0","0","1","0","0","8","0","4","109","1","0","0","1","0","0","0","0","31","1","1","0","409","4","725","109","1134",,"0","3","0","0",".281",".447",".289",".330",".319",".166",".331",".385",".307",".348","-0.032","-0.073","-0.041","72.7",30.5,20,15.6,38.3,29.9,"7.1",18,6.5,-2.6,45.5,28.2,"90.9","10.8",35.5,14,6.1,7.5,22.4,26.8,33.8,3.5,45.6,"101.930236667","95.312193114",64.4,13.9,25.6,51.4,48.6,75,146,49.7,571,78.7,8.2,132,629,283,1150,86.1,52,373,50.3,579,41.4,476,24.5,45.1,37.3,38.6,24.1,228,62.6,43.9,100,23.2,53,26.3,60,6.6,15,,,,,,,,,,,"-1","0","1","0.0","0","0",,"0","1","0.0","0","0",,"1","1","100.0",,,,,,,"4.67","26.9"
"Hedges, Austin",595978,2025,32,65,77,7,4,0,0,3,26,10,33.8,13,".108",".246",".224","0.470","0.138",".108","4","33","16","0","1","12","103","33","0","56","3","28","1","0","0","0","0","3","41","4","0","10","12","2","10","0","0","0","5","0","0","0","1","1","46","0","0","0","0","0","0","0","0","5","0","1","0","110","2","188","46","298",,"0","0","0","0",".132",".210",".220",".218",".246",".078",".244",".240",".175",".216","-0.024",".036",".002","71.6",17.5,9.4,6.3,28.2,19,"7.7",5,14.1,-10.8,61.9,27.2,"88.4","30.1",19.5,1,2.4,4.9,17.1,51.2,19.5,4.9,34.1,"98.5059615","93.8742045",75.6,19.6,32.5,66,34,35,53,54.7,163,85,6.7,56,157,61,298,77.5,20,102,45.3,135,41.6,124,35.5,52,46.3,34.1,19.5,41,64.9,29.3,12,31.7,13,14.6,6,24.4,10,"14","1.96","1.93","1.98","1","1.5",,"1.5","0.63","81.2",,,,,,,,,,,,,,,,,,,,,,,,"24.7"
"Steer, Spencer",668715,2025,27,276,298,69,46,13,1,9,75,20,25.2,6.7,".250",".402",".302","0.704","0.152",".311","27","110","99","1","6","72","390","195","0","222","9","74","7","0","1","1","18","10","199","38","0","36","55","21","20","0","0","0","0","0","0","17","0","1","136","1","0","0","0","0","0","0","0","30","6","0","0","405","1","774","136","1179",,"0","1","0","0",".234",".353",".309",".283",".289",".120",".384",".346",".342",".322",".016",".049",".026","70.8",5.4,10.5,8,30.1,22.7,"7.4",12,12.8,-3.9,57.7,28.6,"87.2","17.1",36.1,12,5.9,5,27.7,31.2,25.7,4,32.7,"97.7968338","92.97696795",69.3,19.1,24,53.1,46.1,68,128,44.5,533,75.7,8.9,89,730,293,1197,80.2,88,460,55.5,664,43.4,519,26.5,49.1,45.5,31.7,22.8,202,67.4,36.1,73,24.3,49,29.7,60,9.9,20,,,,,,,,,,,,,,,,,,,,,,,,,,,,,,,,,"4.45","28.3"
"Crim, Blaine",688760,2025,28,11,13,0,0,0,0,0,6,1,46.2,7.7,".000",".000",".154","0.154","0.000",".000","0","6","0","0","0","2","19","7","0","7","1","5","0","0","0","1","0","0","5","0","0","1","3","0","1","0","0","0","1","0","0","2","0","0","9","0","0","0","0","0","0","0","0","1","0","0","0","21","0","29","9","50",,"0","0","0","0",".043",".054",".109",".145",".191",".011",".000",".092",".000",".096","-0.043","-0.054","-0.036","75.2",57.9,0,0,9.1,5.3,"7.3",1,9.4,-5.9,52.6,28.9,"85.8","14.2",20,0,0,0,0,40,60,0,20,"91.015163333","90.35824",66.7,28.6,27.6,75,25,6,8,58,29,75,8,5,28,8,50,71.4,4,14,42,21,42,21,45.5,44,40,20,40,5,53.8,60,3,20,1,0,0,20,1,,,,,,,,,,,,,,,,,,,,,,,,,,,,,,,,,,
"Massey, Michael",686681,2025,27,198,209,40,33,5,0,2,32,5,15.3,2.4,".202",".258",".221","0.479","0.056",".226","14","96","51","0","1","57","205","124","0","160","9","56","3","0","2","1","16","5","171","18","1","44","39","22","25","0","0","0","4","0","0","4","1","4","66","0","0","0","1","0","0","0","0","10","1","0","0","225","5","534","66","759",,"0","0","0","0",".224",".314",".211",".243",".245",".090",".234",".273",".235",".265","-0.022","-0.056","-0.032","70.2",6.7,9.6,7.9,32.9,27,"7.2",2,12.3,-5.9,62.6,30.8,"87","22.6",33.9,5,2.9,4.7,22.2,43.9,21.6,4.7,31,"97.157002738","92.588633869",68.8,14.8,38.1,27.3,72.7,38,139,48.1,365,72.6,8.2,152,401,176,759,84.9,40,271,51.9,394,44.8,340,19,54,46.2,29.2,24.6,171,69.4,32.2,55,28.7,49,24,41,15.2,26,,,,,,,,,,,,,,,,,,,,,,,,,,,,,,,,,"4.53","26.1"
"Amaya, Miguel",665804,2025,26,93,100,26,13,9,0,4,22,4,22,4,".280",".505",".313","0.818","0.225",".324","25","26","47","0","0","26","106","54","0","77","5","27","0","0","0","1","5","9","73","12","0","15","21","6","5","0","0","0","1","0","0","1","1","1","44","0","0","0","0","0","0","0","0","14","0","0","0","119","2","258","44","377",,"0","2","0","0",".259",".425",".350",".315",".298",".166",".433",".385",".361",".340",".021",".080",".035","72.1",21.9,12.8,9.8,28.4,21.9,"7.7",2,11.2,-11.4,54.6,34.9,"87.6","19.3",39.7,5,6.8,11,27.4,27.4,23.3,4.1,34.2,"98.293880833","93.276662917",71.8,17,36.5,44.9,55.1,31,69,50.1,189,78.9,5,58,163,107,377,83,23,135,49.9,188,40.3,152,26.5,54.1,52.1,35.6,12.3,73,62,35.6,26,32.9,24,24.7,18,6.8,5,"7","1.98","1.95","2.02","1","1.68","1.68",,"0.63","82.7",,,,,,,,,,,,,,,,,,,,,,,"4.72","25.9"
"Witt Jr., Bobby",677951,2025,25,321,355,89,48,27,3,11,64,26,18,7.3,".277",".483",".332","0.815","0.206",".311","40","115","151","6","21","65","417","169","0","242","13","81","1","0","1","3","32","11","258","45","0","60","59","27","21","0","6","0","0","0","0","2","0","5","139","6","0","0","1","0","1","0","0","42","19","2","0","445","5","825","139","1270",,"1","4","1","0",".303",".521",".345",".380",".364",".218",".398",".446",".340",".382","-0.026","-0.038","-0.035","74.6",47.8,21,16.3,36.8,28.5,"7",12,5.2,-1,46.6,28.8,"93.3","15.4",38.2,33,12.6,8.8,24.8,27.5,23.7,1.9,50,"104.004157385","96.804483846",73.2,15.3,31.4,41.8,58.2,87,208,51.4,663,88,8.4,159,752,274,1289,84.7,70,458,48.6,626,39.6,510,23.6,51.7,30.2,39.3,30.5,262,63,34.7,91,27.5,72,29.4,77,8.4,22,,,,,,,,,,,,,,,,,,,,,,,,,,,,,,,,"54","4.13","30.4"
"Tellez, Rowdy",642133,2025,30,173,185,36,19,6,0,11,49,8,26.5,4.3,".208",".434",".249","0.683","0.226",".217","27","86","75","0","1","45","243","145","0","105","6","62","6","0","0","2","8","12","126","16","0","29","38","11","11","0","0","0","21","0","1","3","0","2","77","0","0","0","0","0","0","0","0","20","1","0","0","260","2","467","77","727",,"0","0","0","0",".256",".504",".293",".347",".301",".248",".375",".454",".286",".363","-0.048","-0.070","-0.054","74.8",50.5,23,17.1,36.4,27,"8",7,7.5,-8.4,56.6,29.9,"91.4","17.2",38.9,20,15.9,4.8,23.8,26.2,27.8,1.6,48.4,"103.028197302","96.033494921",57.6,17.6,30.1,50,50,53,106,48.4,352,64.3,5.8,188,348,132,727,82.4,38,216,51.6,375,43.3,315,28.3,44.3,34.1,39.7,26.2,126,65.9,36.5,46,32.5,41,22.2,28,8.7,11,,,,,,,,,,,,,,,,,,,,,,,,,,,,,,,,,"4.91","23.2"
"Walker, Christian",572233,2025,34,298,328,64,42,11,1,10,91,23,27.7,7,".215",".359",".280","0.639","0.144",".271","37","146","106","0","0","71","445","161","0","263","11","78","8","0","0","5","18","13","207","32","0","45","60","19","19","0","0","0","2","0","0","0","0","2","168","0","0","0","0","0","0","0","0","32","0","0","0","476","2","817","168","1293",,"0","2","1","0",".239",".420",".284",".314",".303",".181",".351",".399",".306",".341","-0.024","-0.061","-0.030","74.1",40.7,15.6,11.6,27.4,20.4,"7.4",27,8.6,-3.8,53.3,29.3,"90.5","17.7",34.9,25,12,6.2,21.5,30.6,25.8,3.8,45,"102.311706286","95.433587512",74.2,19.3,28.1,53,47,98,185,50.4,659,83.5,7,132,774,299,1307,80.7,93,481,49.6,648,43.8,572,28.7,51,43.5,36.8,19.6,209,62.5,37.8,79,27.8,58,24.9,52,9.6,20,,,,,,,,,,,,,,,,,,,,,,,,,,,,,,,,,"4.67","26.2"
"Lindor, Francisco",596019,2025,31,325,367,85,55,14,0,16,67,28,18.3,7.6,".262",".452",".330","0.782","0.190",".278","43","116","147","2","13","66","480","237","0","298","13","80","5","0","0","8","31","19","262","35","0","53","82","21","19","0","2","0","2","0","0","1","0","6","123","2","0","0","0","0","0","0","0","50","11","2","0","520","6","945","123","1465",,"0","1","3","0",".263",".465",".338",".344",".335",".202",".377",".386",".322",".329","-0.001","-0.013","-0.006","70.7",14.5,13.4,10.8,31.5,25.3,"7.5",5,11.1,-1.6,50.3,34.2,"90.5","13.7",30.3,24,9.1,8,22.3,26.5,28.4,4.5,44.3,"100.818897462","94.8784165",67.4,15.6,28.7,31.4,68.1,66,210,49.4,732,66.4,8.2,259,840,298,1481,83.6,79,505,50.6,749,44.2,655,20.3,48.3,42.8,37.9,19.3,264,60.8,43.2,114,27.3,72,22,58,7.6,20,,,,,,,,,,,,,,,,,,,,,,,,,,,,,,,,"1","4.37","27.3"
"Montes, Coco",663796,2025,28,10,10,2,2,0,0,0,3,0,30,0,".200",".200",".200","0.400","0.000",".286","1","3","2","0","0","2","5","10","0","1","0","5","0","0","0","0","1","0","7","1","0","0","4","1","0","0","0","0","1","0","0","0","0","0","2","0","0","0","0","0","0","0","0","0","0","0","0","6","0","21","2","27",,"0","0","0","0",".266",".309",".178",".251",".266",".043",".254",".358",".286",".380","-0.066","-0.109","-0.073","72.7",30,37.5,30,37.5,30,"7.7",1,15.1,-6.6,40,38.2,"90.3","-3.5",28.6,0,0,0,28.6,0,71.4,0,42.9,"100.900335","95.37162",35.7,0,46.2,50,50,3,6,48.1,13,33.3,11.1,4,8,15,27,100,0,5,51.9,14,48.1,13,27.3,40.7,28.6,28.6,42.9,7,80,71.4,5,0,0,28.6,2,0,0,,,,,,,,,,,,,,,,,,,,,,,,,,,,,,,,,,"25.6"
"Johnson, Daniel",669288,2025,29,23,25,4,2,1,0,1,7,2,28,8,".174",".348",".240","0.588","0.174",".200","1","4","8","0","1","2","36","16","0","16","0","12","0","0","0","0","1","2","16","1","0","2","6","0","4","0","0","0","1","0","0","0","0","0","16","0","0","0","0","0","0","0","0","4","1","0","0","37","0","64","16","101",,"0","0","0","0",".164",".249",".260",".218",".231",".085",".319",".254",".250",".236",".010",".099",".042","73.7",35.7,11.1,7.1,14.8,9.5,"7.8",1,16.3,-14.4,57.1,30.3,"81.5","18.6",25,1,6.3,0,12.5,37.5,31.3,12.5,25,"92.72631375","90.95760125",61.7,27.6,35.2,42.1,57.9,8,19,53.5,54,62.5,7.9,15,45,35,101,72.4,8,29,46.5,47,44.6,45,33.3,47.5,18.8,62.5,18.8,16,40,43.8,7,25,4,6.3,1,25,4,,,,,,,,,,,,,,,,,,,,,,,,,,,,,,,,"1",,"29.5"
"Miranda, Jose",669304,2025,27,36,36,6,5,0,0,1,13,0,36.1,0,".167",".250",".167","0.417","0.083",".227","5","25","9","0","0","16","29","24","0","27","1","12","0","0","0","0","3","2","23","1","0","4","10","3","0","0","0","0","2","0","0","0","0","0","16","0","0","0","0","0","0","0","0","2","0","0","0","35","0","92","16","127",,"0","0","0","0",".206",".272",".181",".206",".206",".066",".283",".322",".261",".323","-0.039","-0.022","-0.025","71",14.9,14.7,10.6,29.4,21.3,"7.7",0,11.1,-5.3,63.8,25.8,"88.5","6.6",26.1,1,4.3,0,34.8,13,43.5,4.3,43.5,"99.880571667","94.345161304",66.2,11.1,39,56.5,43.5,13,23,46.5,59,71.4,11,11,67,38,127,88.9,5,45,53.5,68,37.8,48,26.5,53.5,56.5,34.8,8.7,23,72.2,56.5,13,26.1,6,17.4,4,0,0,,,,,,,,,,,,,,,,,,,,,,,,,,,,,,,,,,"23.8"
"Baker, Luken",663609,2025,28,34,41,8,5,3,0,0,10,7,24.4,17.1,".235",".324",".366","0.690","0.089",".333","2","22","11","0","0","11","66","26","0","25","2","19","3","0","0","0","4","0","24","4","0","5","5","1","5","0","0","0","5","0","0","11","0","0","22","0","0","0","0","0","0","0","0","3","0","0","0","71","0","99","22","170",,"0","0","0","0",".224",".375",".319",".330",".356",".151",".343",".361",".333",".317",".011","-0.051","-0.011","75.6",64.3,24.3,16.1,40.5,26.8,"8",0,10.3,-5.4,64.3,28.7,"94.6","22.1",25,2,8.3,16.7,25,25,20.8,4.2,54.2,"103.404434167","97.450175",67.1,27.3,20.5,50,50,9,18,51.8,88,72.7,12.9,25,107,25,170,72.7,15,55,48.2,82,42.4,72,32.9,42.9,45.8,33.3,20.8,24,46.3,37.5,9,20.8,5,20.8,5,20.8,5,,,,,,,,,,,,,,,,,,,,,,,,,,,,,,,,,,"25.1"
"García, Luis",671277,2025,25,264,287,72,46,19,0,7,39,16,13.6,5.6,".273",".424",".314","0.738","0.151",".291","36","100","109","4","7","65","298","146","0","188","11","72","1","0","1","2","16","12","224","41","0","44","86","14","10","0","0","0","2","0","0","1","0","5","90","3","1","0","1","0","0","0","0","36","6","0","1","323","5","670","90","993",,"0","2","0","0",".310",".506",".320",".371",".353",".196",".345",".409",".313",".362","-0.037","-0.082","-0.051","72.5",28.2,19.8,16,39.3,31.7,"7.4",10,10.4,-2.6,63.7,29.1,"90.6","8.4",34.3,23,10,9.1,27,16.5,33,3.9,48.3,"101.095650957","95.204739301",69.3,10.2,39.1,37.6,61.9,79,210,53.4,537,77.9,6.8,195,455,286,1006,89.5,33,325,46.6,469,42.9,432,20.9,53.2,35.7,43.9,20.4,230,67.9,45.7,105,24.8,57,25.2,58,4.3,10,,,,,,,,,,,,,,,,,,,,,,,,,,,,,,,,,"4.31","26.5"
"Dezenzo, Zach",701305,2025,25,98,109,24,16,6,0,2,37,11,33.9,10.1,".245",".367",".321","0.688","0.122",".373","10","50","36","0","1","24","166","87","0","80","6","34","2","0","0","0","7","4","61","13","0","14","15","5","3","0","0","0","2","1","0","5","0","0","62","0","0","0","1","0","0","0","0","17","1","0","0","181","0","299","62","480",,"0","1","0","0",".242",".440",".308",".329",".318",".198",".425",".463",".393",".388",".003","-0.073","-0.021","73.5",28.6,17.5,11.9,24.6,16.8,"7.6",4,13.8,1,47.6,39.7,"89.3","17.5",42.6,10,16.4,3.3,24.6,26.2,27.9,1.6,41,"100.586424839","94.450580984",68,23.8,20.1,66.7,33.3,32,48,49.8,239,78.8,10.8,62,249,144,480,76.2,39,164,50.2,241,40.2,193,33.5,44.2,34.4,42.6,23,61,56,36.1,22,29.5,18,29.5,18,4.9,3,,,,,,,,,,,"-2","0","0",,"0","2","0.0","2","4","50.0","1","2","50.0","4","4","100.0","-0.5","-0.6","-0.2","-1.2","32.4",,"4.44","28.1"
"Caratini, Victor",605170,2025,31,171,190,42,29,7,0,6,32,10,16.8,5.3,".246",".392",".305","0.697","0.146",".265","18","71","67","0","0","33","226","106","0","120","3","54","7","0","0","6","13","7","138","22","0","32","42","7","14","0","0","0","2","0","0","15","0","2","55","0","0","0","0","0","0","0","0","18","0","0","0","241","2","424","55","665",,"0","0","0","0",".250",".416",".307",".318",".312",".167",".331",".346",".296",".304","-0.004","-0.024","-0.011","71.6",19.2,16.4,13.6,37.8,31.5,"7",3,10.8,-3.3,60.1,34.6,"88.6","16.6",31,12,8.5,7.7,21.8,29.6,25.4,7,38.7,"99.801569014","94.041818451",70.6,15.8,20.9,32.3,67.7,21,65,45.9,311,81.8,11.4,161,341,150,678,84.2,41,259,54.1,367,39.5,268,19.1,47.8,38,37.3,24.6,142,62.1,38.7,55,29.6,42,21.8,31,9.9,14,"15","2.04","2.04","2.04","2","1.72","1.71","1.74","0.67","77.5",,,,,,,,,,,,,,,,,,,,,,,"4.89","24.0"
"Martínez, Angel",682657,2025,23,218,230,51,35,10,1,5,47,6,20.4,2.6,".234",".358",".256","0.614","0.124",".274","25","88","78","0","5","48","219","126","0","179","10","63","5","0","1","1","23","9","174","19","0","39","53","14","16","0","0","1","1","1","0","0","3","2","73","0","0","0","1","0","0","0","0","25","4","1","0","229","5","582","73","811",,"0","1","1","0",".230",".331",".267",".256",".254",".102",".322",".307",".295",".293",".004",".027",".011","70.1",8.3,9.8,7.8,36.1,28.8,"7.4",3,11.5,-5.3,55.3,33.6,"87.5","16.7",31.3,5,2.8,4.5,24.4,31.3,29.5,7.4,29.5,"97.080383765","92.629090353",69.2,12.2,42.7,37.3,60.4,63,169,48.2,396,82.5,7.7,156,432,171,821,86.7,36,294,51.8,425,44.8,368,21.4,56.4,45.5,38.1,16.5,176,67,43.8,77,27.8,49,19.3,34,9.1,16,,,,,,,,,,,"-2","0","7","0.0","1","3","33.3","3","5","60.0","6","8","75.0","5","7","71.4","-0.1","-0.7","-0.2","-1","33",,"4.35","27.7"
"Taylor, Michael A.",572191,2025,34,148,165,30,16,9,1,4,61,15,37,9.1,".203",".358",".274","0.632","0.155",".310","17","61","53","2","7","34","229","93","0","88","9","70","2","0","0","0","12","7","87","11","0","22","19","8","7","0","0","0","13","10","0","2","1","1","119","0","2","0","1","0","1","1","0","21","4","3","0","236","2","413","119","649",,"2","0","0","0",".207",".409",".280",".301",".281",".202",".403",".444",".341",".354","-0.004","-0.051","-0.021","72.1",23.5,19,11,32.7,18.9,"7",13,14,1.3,54.2,31.6,"91.2","17.9",47.2,11,12.4,14.6,14.6,24.7,23.6,9,47.2,"102.399868537","95.897059012",68.4,30.2,29.5,66.3,31.6,63,95,48.7,322,87.7,8.6,87,364,130,661,65.1,70,232,51.3,339,44.5,294,40.7,49.5,38.2,30.3,31.5,89,70.9,36,32,32.6,29,23.6,21,7.9,7,,,,,,,,,,,"2","1","7","14.3","1","2","50.0","0","1","0.0","4","4","100.0","14","14","100.0","0.3","1.7","0.5","2.5","35.5",,"4.31","27.7"
"Lowe, Josh",666139,2025,27,138,155,36,23,8,0,5,33,15,21.3,9.7,".261",".428",".338","0.766","0.167",".310","13","58","54","1","6","26","218","97","0","145","13","37","2","0","0","1","10","5","102","19","0","14","35","13","6","0","0","0","1","0","0","1","1","0","54","1","0","0","0","0","1","0","0","25","6","0","0","226","1","417","54","643",,"1","0","0","0",".280",".424",".338",".342",".354",".144",".389",".396",".343",".367","-0.019",".004","-0.004","72.1",28.5,11.3,8.8,29.4,22.9,"7.3",5,7,-1.9,47.2,35.2,"90.5","9",31.1,6,5.7,4.7,30.2,19.8,35.8,3.8,47.2,"100.51628","95.004194712",66.6,16.7,33.6,33,67,37,112,50.8,333,78.2,8.4,97,358,146,657,82.8,36,215,49.2,323,43.8,287,22.3,49.8,35.8,39.6,24.5,106,63.9,44.3,47,19.8,21,30.2,32,5.7,6,,,,,,,,,,,"1","0","3","0.0","0","0",,"2","2","100.0","5","5","100.0","8","9","88.9","0.2","-0.2","0.4","0.5","34.4",,"4.28","27.9"
"Trevino, Jose",624431,2025,32,151,164,44,23,17,0,4,18,10,11,6.1,".291",".483",".331","0.814","0.192",".305","15","61","74","0","0","35","168","115","0","89","3","51","4","0","0","0","17","7","136","21","0","23","48","10","10","0","0","0","3","0","0","1","1","2","40","0","0","0","0","0","0","0","0","22","0","0","0","181","3","385","40","566",,"0","0","0","0",".246",".366",".350",".292",".293",".120",".372",".301",".326",".280",".045",".117",".058","69",3,13.9,11.9,41.1,35.2,"7.2",8,9.7,-2.5,75,23.3,"87.9","10",28.7,7,5.1,8.8,21.3,21.3,38.2,4.4,39.7,"98.98713209","93.621572256",63,9.2,31.4,32.6,67.4,28,86,48.4,274,66.1,9.9,40,324,167,566,90.8,17,184,51.6,292,42.9,243,16.7,47.7,48.5,30.9,20.6,136,62.8,47.8,65,22.1,30,22.8,31,7.4,10,"26","2.03","2.03","2.02","4","1.58","1.59","1.56","0.64","77.7",,,,,,,,,,,,,,,,,,,,,,,"4.86","24.4"
"Rengifo, Luis",650859,2025,28,254,273,57,45,8,0,4,48,15,17.6,5.5,".224",".303",".268","0.571","0.079",".260","18","83","74","5","2","40","297","127","0","206","13","73","5","0","1","1","21","8","205","26","0","26","91","23","10","0","0","0","0","0","0","1","1","2","97","5","0","0","0","0","1","0","0","21","2","0","0","315","3","652","97","967",,"1","2","0","0",".272",".391",".255",".309",".314",".118",".280",".351",".274",".334","-0.048","-0.088","-0.054","70.1",9.5,10.4,8.2,34.1,26.8,"7.1",7,7.7,3.6,52.4,33.2,"87.7","4.5",32.1,8,3.8,4.8,24.9,15.8,45,5.3,34.4,"98.01477767","93.116856293",74.1,13.7,30.5,43.4,56.6,59,136,45.6,446,80,8.2,125,513,267,978,85.8,54,394,54.4,532,45.7,447,21.3,54.2,34,41.1,24.9,209,63,55,115,16.3,34,23.9,50,4.8,10,,,,,,,,,,,,,,,,,,,,,,,,,,,,,,,,,"4.39","26.9"
"Castellanos, Nick",592206,2025,33,308,333,87,56,21,1,9,65,18,19.5,5.4,".282",".445",".324","0.769","0.163",".328","41","149","133","0","2","78","344","111","0","242","19","80","7","0","1","3","22","20","246","42","2","53","70","28","6","0","0","0","4","0","0","3","0","4","167","0","0","0","0","0","0","0","0","36","2","0","0","392","4","797","167","1189",,"0","1","0","0",".275",".472",".334",".341",".322",".197",".391",".400",".352",".349",".007","-0.027","-0.007","70.8",19.1,14,10.1,35.3,25.5,"7.7",10,15.2,-4.1,48.2,39.6,"89","15.7",42.1,24,9.7,7.7,27.1,25.9,26.7,2.4,39.3,"99.603252683","94.051098333",78.7,16.7,38.7,50.4,49.6,124,246,53,636,94,5.6,128,535,404,1200,83.3,74,444,47,564,39.9,479,28.7,57.5,40.5,36,23.5,247,69.4,37.2,92,30,74,29.6,73,3.2,8,,,,,,,,,,,"-7","0","13","0.0","0","2","0.0","0","5","0.0","4","5","80.0","13","17","76.5","0.7","-1.6","-0.3","-1.2","32.8",,"4.38","27.6"
"Olson, Matt",621566,2025,31,301,356,77,42,20,0,15,81,50,22.8,14,".256",".472",".362","0.834","0.216",".298","52","141","141","0","0","76","598","234","0","279","13","80","9","0","0","2","23","23","220","30","0","38","70","18","16","0","1","0","0","0","0","0","0","3","151","0","0","0","1","0","0","0","0","46","0","0","0","638","3","901","151","1539",,"0","0","0","0",".271",".544",".363",".393",".378",".273",".420",".467",".345",".370","-0.015","-0.072","-0.030","73.7",41.8,19,14.2,30.4,22.8,"7.4",8,8.7,1.8,53.4,33.7,"93.9","13.9",38.6,38,17,9.4,19.3,21.5,30.9,1.8,54.3,"104.241718482","97.016381211",64.9,20.2,23.6,37.2,62.8,71,191,52.1,811,71,6.9,213,833,397,1557,79.8,98,484,47.9,746,43.8,682,25,43.4,38.1,33.2,28.7,223,54.6,41.7,93,28.3,63,22.9,51,7.2,16,,,,,,,,,,,,,,,,,,,,,,,,,,,,,,,,,"4.71","25.2"
"Encarnacion-Strand, Christian",687952,2025,25,111,118,22,13,4,0,5,28,3,23.7,2.5,".198",".369",".229","0.598","0.171",".212","15","47","41","2","0","28","97","61","0","79","7","29","1","0","0","2","5","5","84","12","0","20","28","5","9","0","0","0","0","0","0","0","0","2","47","2","0","0","1","0","0","0","0","10","0","0","0","105","2","281","47","386",,"0","0","1","0",".219",".406",".258",".283",".251",".187",".317",".352",".259",".289","-0.021","-0.037","-0.025","73.5",35,19.3,14.5,34,25.5,"7.4",1,15.6,-3.8,60,35,"88.9","20.2",31.8,7,8.2,14.1,12.9,32.9,30.6,1.2,44.7,"100.896326744","94.607398706",66.7,11.7,47.4,46,54,46,100,52.4,211,80,7.4,35,246,94,403,88.3,15,128,47.6,192,42.2,170,26.8,56.6,49.4,34.1,16.5,85,63.6,38.8,33,30.6,26,20,17,10.6,9,,,,,,,,,,,,,,,,,,,,,,,,,,,,,,,,,"4.54","27.6"
"Gonzalez, Oscar",660757,2025,27,59,61,13,12,1,0,0,13,2,21.3,3.3,".220",".237",".246","0.483","0.017",".283","4","30","14","1","0","15","47","20","0","59","1","21","1","0","0","0","7","0","46","6","0","10","17","5","1","0","0","0","5","1","0","2","0","0","34","0","0","1","0","0","0","0","0","2","0","0","0","52","0","164","34","216",,"0","0","0","0",".267",".396",".218",".297",".291",".129",".259",".364",".283",".342","-0.047","-0.159","-0.079","73.3",35.9,14.9,10.9,25.5,18.8,"7",3,2.9,5.7,37.5,30.5,"89.1","2.5",34.8,3,6.5,4.3,32.6,13,41.3,2.2,45.7,"100.983558261","94.74139413",81.9,18.6,52.3,39.7,60.3,23,58,51.4,111,100,5.1,29,110,64,216,81.4,16,86,48.6,105,47.2,102,27.1,66.7,43.5,30.4,26.1,46,73.8,52.2,24,21.7,10,23.9,11,2.2,1,,,,,,,,,,,"1","0","4","0.0","0","0",,"1","1","100.0","0","0",,"5","5","100.0","1.8","0.8","-0.9","1.7","34.4",,"4.44","28.1"
"Ortiz, Joey",687401,2025,26,255,281,54,42,8,0,4,46,18,16.4,6.4,".212",".290",".272","0.562","0.078",".244","19","119","74","3","8","69","306","228","0","178","6","79","5","0","0","3","24","6","211","24","0","35","71","26","25","0","0","1","11","2","1","0","5","0","70","3","0","0","0","0","1","0","0","31","8","0","0","328","5","708","70","1036",,"1","0","0","0",".254",".340",".255",".290",".311",".085",".266",".313",".258",".311","-0.042","-0.050","-0.035","72.7",26.2,13.7,11.5,28.7,24,"7.6",5,2.7,-1.9,35,27.6,"86.2","13.3",29.4,7,3.3,3.7,25.2,26.6,32.2,8.4,34.6,"98.37086068","93.210885512",59.4,10.8,30,31,66.2,44,142,45,473,65.4,7.7,94,612,257,1052,87.2,37,344,55,579,43.9,462,16.7,46.2,29.4,37.9,32.7,214,68,44.4,95,19.6,42,23.8,51,12.1,26,,,,,,,,,,,,,,,,,,,,,,,,,,,,,,,,"2","4.27","28.7"
"Noda, Ryan",676116,2025,29,24,31,3,2,0,0,1,14,6,45.2,19.4,".125",".250",".300","0.550","0.125",".222","1","6","5","0","0","3","59","20","0","19","2","11","0","0","0","0","0","1","8","1","0","2","2","0","2","0","1","0","4","1","0","3","0","0","24","0","0","0","0","0","0","0","0","1","0","0","0","59","0","73","24","132",,"0","0","0","0",".129",".252",".252",".253",".303",".123",".384",".386",".300",".310","-0.004","-0.002","-0.001","72.5",26.5,3.7,2,18.5,10.2,"7.5",4,19.7,-2.3,42.9,35.4,"85.3","21.8",27.3,1,9.1,0,18.2,36.4,27.3,9.1,27.3,"95.253528","92.117273",62.5,37.8,19.7,66.7,33.3,10,15,51.4,76,90.9,7.4,13,93,33,147,62.2,17,45,48.6,72,45.3,67,45,40.8,45.5,9.1,45.5,11,54.8,36.4,4,27.3,3,18.2,2,18.2,2,,,,,,,,,,,,,,,,,,,,,,,,,,,,,,,,,,"25.5"
"Hilliard, Sam",656541,2025,31,46,55,10,4,3,1,2,19,9,34.5,16.4,".217",".457",".345","0.802","0.240",".320","3","14","21","1","2","6","97","36","0","40","3","18","1","0","0","0","3","5","27","2","0","3","10","1","3","0","0","0","1","2","0","2","0","0","39","1","0","0","0","0","0","0","0","7","2","0","0","102","0","146","39","248",,"0","0","0","0",".198",".419",".351",".329",".329",".222",".484",".439",".370",".337",".019",".038",".022","75.3",57.3,20.7,12.5,32.8,19.8,"7.2",2,8.4,-1.7,50,25.2,"94.2","16.6",22.2,5,18.5,7.4,11.1,18.5,40.7,3.7,59.3,"104.098257692","97.531970385",68.7,36.7,23.3,45.2,54.8,14,31,53.6,133,73.7,7.7,37,137,55,248,63.3,29,79,46.4,115,47.2,117,39.1,44.4,29.6,44.4,25.9,27,49.1,48.1,13,29.6,8,11.1,3,11.1,3,,,,,,,,,,,"-1","0","2","0.0","0","1","0.0","0","0",,"0","1","0.0","1","1","100.0",,,,,,"3",,"28.8"
"Lawlar, Jordan",691783,2025,22,19,22,0,0,0,0,0,9,3,40.9,13.6,".000",".000",".136","0.136","0.000",".000","0","6","0","0","0","3","31","13","0","13","1","8","0","0","0","0","0","0","10","0","0","2","7","0","1","0","0","0","3","1","0","1","0","0","15","0","0","0","1","0","0","0","0","1","0","0","0","33","0","53","15","86",,"0","0","0","0",".096",".110",".095",".172",".219",".014",".000",".170",".000",".182","-0.096","-0.110","-0.077","72.6",20.6,9.5,5.9,19,11.8,"7.9",2,17.5,-17.6,41.2,33.5,"83.3","11.7",0,0,0,0,10,30,50,10,30,"92.889278","91.965084444",69.2,29.6,27.7,61.5,38.5,8,13,54.7,47,100,2.3,8,38,33,86,66.7,8,27,45.3,39,45.3,39,40,46.5,90,0,10,10,63.6,70,7,20,2,0,0,10,1,,,,,,,,,,,,,,,,,,,,,,,,,,,,,,,,"5",,"29.9"
"House, Brady",691781,2025,22,43,47,11,9,2,0,0,11,3,23.4,6.4,".256",".302",".298","0.600","0.046",".333","3","12","10","0","2","5","35","14","0","22","4","10","1","0","0","0","0","2","31","7","0","7","11","3","1","0","0","0","0","0","0","0","0","1","21","0","0","0","0","0","0","0","0","0","2","0","0","36","1","93","21","129",,"0","0","0","0",".321",".385",".268",".326",".357",".064",".319",".401",".333",".418","-0.065","-0.083","-0.058","72.3",21.1,12.2,8.5,36.7,25.4,"7.5",0,8.7,3.5,47.9,34.5,"88.3","13",39.4,1,3,3,39.4,24.2,30.3,0,36.4,"99.122919412","93.762971818",78.7,30.5,41.9,45.2,54.8,14,31,49.7,74,91.7,8.1,12,74,40,149,69.5,18,59,50.3,75,39.6,59,35.6,60.4,48.5,27.3,24.2,33,78.7,36.4,12,27.3,9,33.3,11,3,1,,,,,,,,,,,,,,,,,,,,,,,,,,,,,,,,,,"27.6"
"Buxton, Byron",621439,2025,31,248,280,69,38,10,3,18,74,25,26.4,8.9,".278",".560",".346","0.906","0.282",".319","48","85","135","0","13","52","369","141","0","189","10","64","0","0","0","3","27","20","175","20","1","30","45","13","16","0","2","0","3","0","0","1","0","4","140","0","0","0","0","0","0","0","0","49","13","0","0","385","4","659","140","1044",,"0","2","0","0",".253",".511",".383",".356",".328",".258",".497",".454",".388",".359",".025",".049",".027","75.1",50.2,18.6,13.6,30.1,22.1,"8",6,13,-6,59.7,33.9,"91.4","17.3",30.9,27,15.2,3.9,24.7,27,26.4,2.8,53.4,"102.941165506","96.133757697",73.1,19.4,27.2,56.5,43.5,83,147,50.9,541,85.5,7.2,142,599,254,1062,80.6,74,381,49.1,521,41.6,442,29.7,49.7,50,32,18,178,65.1,41,73,29.2,52,20.2,36,9.6,17,,,,,,,,,,,"4","1","9","11.1","1","3","33.3","8","10","80.0","6","7","85.7","12","12","100.0","-1.5","0.7","1","0.2","35.2","36","4.11","30.3"
"Carroll, Corbin",682998,2025,24,286,323,73,31,13,9,20,80,30,24.8,9.3,".255",".573",".341","0.914","0.318",".285","44","112","164","4","10","68","427","189","0","246","11","72","2","0","3","7","19","24","206","30","0","45","59","10","19","0","1","0","0","1","0","0","0","0","136","4","0","0","1","0","0","0","0","57","8","2","0","464","0","796","136","1260",,"0","1","0","0",".269",".565",".388",".389",".353",".295",".484",".487",".354",".375","-0.014",".008","-0.001","75",49,18.5,14.1,29.1,22.1,"7.3",11,10.9,-3.3,72,25.4,"92.7","16.1",31.6,32,15.5,10.7,18.9,26.7,25.2,1.9,50,"104.080187647","96.588525",65.8,20.3,31.7,35.7,64.3,74,207,51.8,653,70.6,6.7,175,638,353,1260,79.8,81,400,48.2,608,44.1,556,25.5,48.2,41.7,37.4,20.9,206,59.6,37.9,78,33.5,69,19.4,40,9.2,19,,,,,,,,,,,"3","0","14","0.0","4","5","80.0","8","13","61.5","14","15","93.3","15","16","93.8","2.2","0.4","-1.3","1.3","35.3","28","4.12","29.6"
"Higashioka, Kyle",543309,2025,35,125,135,28,20,7,0,1,23,8,17,5.9,".224",".304",".281","0.585","0.080",".267","16","53","38","0","0","33","173","101","0","81","0","39","2","0","1","2","9","5","101","14","0","27","31","7","8","0","0","1","5","0","1","7","0","0","41","0","0","0","0","0","0","0","0","10","0","0","0","193","0","327","41","520",,"0","0","0","0",".231",".367",".264",".288",".289",".136",".281",".313",".275",".284","-0.007","-0.063","-0.024","71.1",7.5,14.9,12.4,44.6,37.3,"7.2",6,13.6,-7.7,57.2,32.4,"90.5","17.4",34.3,6,5.9,6.9,19.6,35.3,28.4,2.9,38.2,"99.0518872","93.868863",63.5,11.2,22.5,43.1,56.9,25,58,49.2,258,68.2,8.4,62,279,132,524,88.8,19,169,50.8,266,40.5,212,19.4,43.3,49,35.3,15.7,102,63,39.2,40,32.4,33,20.6,21,7.8,8,"22","2.04","2.04","2.04","2","1.64","1.64",,"0.64","76.1",,,,,,,,,,,,,,,,,,,,,,,"4.75","25.4"
"Ward, Taylor",621493,2025,31,303,339,63,26,16,1,20,91,30,26.8,8.8,".208",".465",".277","0.742","0.257",".218","53","145","137","1","1","76","512","331","0","196","12","78","7","0","4","1","17","26","213","19","0","55","56","20","20","0","1","0","1","0","0","3","0","5","101","1","0","0","1","0","0","0","0","43","1","0","0","537","5","861","101","1398",,"0","3","0","0",".229",".474",".317",".328",".298",".245",".398",".415",".290",".322","-0.021","-0.009","-0.011","69.5",7.3,15,11.6,38.1,29.5,"7.2",10,10.6,-3.6,59.1,32.1,"90.6","20.3",32.7,30,13.8,8.3,19.4,33.6,21.7,3.2,42.9,"100.915213486","94.95276894",54.1,12.7,20.4,52.2,47.8,72,138,47.7,675,67.6,7.2,124,754,352,1416,87.3,51,401,52.3,741,45.4,643,22.8,38.1,35,34.1,30.9,217,61.1,34.6,75,38.2,83,18,39,9.2,20,,,,,,,,,,,"1","0","15","0.0","1","3","33.3","7","8","87.5","4","6","66.7","16","16","100.0","0.6","-0.1","-0.1","0.4","33.8",,"4.53","27.3"
"Ruiz, Keibert",660688,2025,26,247,259,61,47,12,0,2,24,8,9.3,3.1,".247",".320",".278","0.598","0.073",".266","24","97","79","2","0","63","261","130","0","165","3","66","4","0","1","3","19","6","224","36","0","39","91","15","17","0","0","0","2","0","0","0","0","1","44","1","1","0","0","0","0","0","0","19","0","0","0","279","1","577","44","856",,"0","3","0","0",".274",".351",".265",".288",".304",".077",".272",".298",".272",".302","-0.027","-0.031","-0.023","66",0.8,8.3,7.5,44.8,40.3,"7",2,10.1,-8.4,53.2,34.2,"86.1","11.1",31.3,5,2.2,2.2,29.9,25,36.6,3.6,30.8,"96.123229821","92.080180404",68.5,5.9,34.7,26.6,73.4,38,143,48.1,412,76.8,8.1,155,390,252,856,93.4,18,304,51.9,444,42.3,362,12.5,52.2,43.3,38.8,17.9,224,66,49.1,110,20.1,45,23.2,52,7.6,17,"40","2","2","2","3","1.55","1.63","1.52","0.65","79.4",,,,,,,,,,,,,,,,,,,,,,,"4.89","24.4"
"Neto, Zach",687263,2025,24,246,263,68,40,15,1,12,70,11,26.6,4.2,".276",".492",".319","0.811","0.216",".339","29","56","121","6","13","38","336","190","0","170","5","61","4","0","1","5","21","16","177","31","0","31","50","15","13","0","1","0","0","0","0","0","0","1","112","6","0","0","1","0","0","0","0","46","10","3","0","355","1","662","112","1017",,"0","1","0","0",".281",".538",".349",".367",".325",".256",".457",".484",".384",".393","-0.005","-0.046","-0.018","71.5",14.7,21.3,16.1,39,29.6,"7",8,15.4,-4.3,54,36.9,"92","15.8",41.8,26,14.7,11.3,24.3,20.9,26,2.8,48.6,"102.612382299","95.92680931",66.3,17.7,26.9,46.4,53.6,64,138,50.1,513,69.6,6.7,131,530,228,1024,81.7,60,339,49.9,511,38.6,395,26,46.6,42.9,35.6,21.5,177,63.4,40.1,71,26.6,47,26,46,7.3,13,,,,,,,,,,,,,,,,,,,,,,,,,,,,,,,,,"4.43","28.1"
"Lopez, Otto",672640,2025,26,241,268,63,47,9,0,7,37,24,13.8,9,".261",".386",".332","0.718","0.125",".283","32","98","86","3","8","64","308","187","0","143","4","64","4","0","0","2","19","11","202","30","0","35","77","19","10","0","1","0","1","0","0","1","0","1","72","3","0","0","0","0","1","0","0","31","8","0","0","341","1","617","72","958",,"1","5","0","0",".299",".480",".318",".366",".367",".182",".330",".392",".307",".353","-0.038","-0.094","-0.048","71.3",19.7,14.9,12.2,36,29.5,"6.8",10,7.8,-2,47.9,30.4,"87.6","7.9",35.1,15,7.3,4.9,25.9,20.5,37.1,3.4,33.7,"98.766259608","93.420849803",60.6,10.1,30.3,38.8,61.2,59,152,51.4,502,73.1,6.9,120,517,246,977,89.9,29,288,48.6,475,42.5,415,20,45,32.7,42,25.4,205,58.8,47.8,98,22.9,47,24.4,50,4.9,10,,,,,,,,,,,,,,,,,,,,,,,,,,,,,,,,,"4.21","28.5"
"Guillorme, Luis",641645,2025,30,16,17,2,2,0,0,0,7,1,41.2,5.9,".125",".125",".176","0.301","0.000",".222","0","11","2","0","0","4","21","14","0","12","0","10","2","0","0","0","0","0","9","2","0","0","6","0","1","0","0","0","1","0","0","0","0","0","10","0","0","0","0","0","0","0","0","1","0","0","0","22","0","45","10","67",,"0","0","0","0",".239",".269",".145",".251",".284",".030",".197",".398",".222",".425","-0.114","-0.144","-0.106","66.5",3.6,0,0,22.2,14.3,"7.5",0,8.5,8.9,42.9,34.4,"87.4","9.3",33.3,0,0,0,55.6,11.1,33.3,0,22.2,"93.602448","91.433905556",60,33.3,25.9,28.6,71.4,2,7,40.3,27,66.7,9,9,39,9,67,66.7,8,24,59.7,40,38.8,26,32.3,46.3,33.3,55.6,11.1,9,70.6,66.7,6,0,0,22.2,2,11.1,1,,,,,,,,,,,,,,,,,,,,,,,,,,,,,,,,,,
"Canario, Alexander",672744,2025,25,144,156,32,23,5,1,3,49,12,31.4,7.7,".222",".333",".282","0.615","0.111",".315","10","74","44","1","2","36","181","61","0","105","9","47","3","0","1","0","14","7","91","9","0","17","30","8","6","0","0","0","4","0","0","0","0","0","105","1","0","0","0","0","0","0","0","15","2","0","0","194","0","373","105","567",,"0","2","0","0",".228",".435",".275",".311",".287",".207",".364",".423",".337",".346","-0.006","-0.102","-0.036","76.3",63.5,16.8,10.9,26.5,17.2,"8",0,12.4,3.6,51.6,34.6,"88.3","10.8",34.7,14,14.7,8.4,17.9,20,29.5,9.5,49.5,"102.214693125","95.444943368",77.6,29.4,32.1,55.4,44.6,51,92,49.4,287,82.2,7.7,87,310,147,581,70.6,67,228,50.6,294,39.4,229,36.9,55.1,41.1,35.8,23.2,95,62.8,47.4,45,27.4,26,18.9,18,6.3,6,,,,,,,,,,,"1","1","8","12.5","1","3","33.3","1","2","50.0","6","7","85.7","9","10","90.0","0.3","0.1","-0.1","0.3","34.7","1","4.56","27.9"
"Williams, Luke",663897,2025,28,14,15,2,1,1,0,0,3,0,20,0,".143",".214",".200","0.414","0.071",".182","2","16","3","0","3","8","14","10","0","7","0","17","1","0","0","1","0","0","11","2","0","2","5","1","1","0","0","0","2","10","0","2","0","0","6","0","0","0","0","0","0","0","0","3","3","0","0","15","0","34","6","49",,"0","0","0","0",".152",".184",".192",".183",".208",".033",".196",".183",".182",".193","-0.009",".030",".009","66.9",0,6.3,4.8,31.3,23.8,"7.5",1,10.3,-3.4,52.4,34.1,"80","15.4",27.3,0,0,0,18.2,36.4,27.3,18.2,9.1,"90.755591667","90.024315455",65.4,11.8,30.4,57.1,42.9,4,7,46.9,23,100,8.2,5,30,10,49,88.2,2,17,53.1,26,46.9,23,25,49,36.4,27.3,36.4,11,66.7,45.5,5,18.2,2,27.3,3,9.1,1,,,,,,,,,,,,,,,,,,,,,,,,,,,,,,,,,,"27.8"
"Martini, Nick",605361,2025,35,102,111,23,18,4,0,1,18,9,16.2,8.1,".225",".294",".288","0.582","0.069",".265","4","31","30","0","0","15","150","79","0","73","4","43","1","0","0","0","10","2","84","11","0","21","28","6","6","0","1","0","14","0","0","18","0","0","27","0","0","0","1","0","0","0","0","9","0","0","0","159","0","273","27","432",,"0","1","0","0",".220",".299",".260",".259",".284",".079",".275",".273",".274",".268",".005","-0.005",".001","69.7",3.6,9.2,7.7,34.5,29,"6.7",5,6.9,-1.2,50.9,30.4,"85.7","14.6",26.2,3,3.6,3.6,19,33.3,32.1,7.1,31,"97.063985476","92.605228313",63.8,11.8,26.5,36.2,63.8,21,58,50.7,219,71.8,9,54,280,84,432,88.2,16,136,49.3,213,41.2,178,19.1,44.9,33.3,35.7,31,84,58.2,45.2,38,27.4,23,20.2,17,7.1,6,,,,,,,,,,,"-1","0","4","0.0","0","0",,"0","1","0.0","0","0",,"4","4","100.0","-0.4","-0.6","0.4","-0.6","30.4",,"4.42","27.4"
"Fry, David",681807,2025,29,40,44,6,4,1,0,1,19,3,43.2,6.8,".150",".250",".227","0.477","0.100",".250","3","22","10","0","1","13","58","27","0","40","0","17","1","0","0","1","3","1","19","2","0","5","4","2","2","0","0","0","7","0","0","11","0","0","22","0","0","0","0","0","0","0","0","3","1","0","0","61","0","110","22","171",,"0","0","0","0",".130",".210",".220",".195",".209",".080",".328",".276",".286",".248",".020",".040",".025","70.3",3.8,8.2,6.4,24.6,19.2,"7.8",3,15.4,-1.9,71.8,31.3,"90.8","23.8",28.6,1,4.8,9.5,28.6,38.1,14.3,4.8,52.4,"99.485542","94.817609",70.5,22.4,25.9,47.6,52.4,10,21,46,81,61.9,11.9,30,93,41,176,77.6,15,67,54,95,44.9,79,28.4,50,38.1,42.9,19,21,59.1,33.3,7,33.3,7,23.8,5,9.5,2,,,,,,,,,,,,,,,,,,,,,,,,,,,,,,,,,,"25.9"
"Anderson, Tim",641313,2025,32,83,90,17,14,3,0,0,29,3,32.2,3.3,".205",".241",".258","0.499","0.036",".315","3","23","20","1","1","10","97","42","0","71","8","31","1","0","0","3","8","2","55","7","0","10","26","2","0","0","0","0","4","1","0","0","1","0","50","1","0","0","0","0","0","0","0","8","1","0","0","103","1","227","50","330",,"0","0","0","0",".185",".237",".230",".218",".240",".052",".300",".281",".315",".285",".020",".004",".012","69.2",2.6,7.1,5.1,28.6,20.5,"7.1",10,8.9,3.1,52.6,36.9,"88.6","0.7",20,0,0,3.6,21.8,20,50.9,3.6,36.4,"97.435145185","92.993100556",72,21.4,36.5,57.4,42.6,31,54,44.8,148,85.7,8.5,17,214,67,330,78.6,28,131,55.2,182,41.5,137,31.9,56.1,34.5,40,25.5,55,70,61.8,34,21.8,12,16.4,9,0,0,,,,,,,,,,,,,,,,,,,,,,,,,,,,,,,,"3","4.4","27.9"
"Báez, Javier",595879,2025,32,235,250,67,45,12,1,9,54,9,21.6,3.6,".285",".460",".324","0.784","0.175",".335","36","94","108","1","1","59","268","146","0","145","13","69","3","0","0","5","23","16","180","27","1","34","60","10","8","0","0","0","1","0","0","0","0","1","108","1","0","0","1","0","1","0","0","38","1","0","0","281","1","601","108","882",,"1","2","1","0",".253",".410",".341",".307",".296",".157",".414",".368",".368",".330",".032",".050",".034","73.3",31.8,18.8,13.5,31.9,23.1,"8.2",3,10.6,-6.2,52.6,30.5,"88","9.5",31.9,13,7.1,6.6,24.2,22.5,36.3,3.3,40.7,"99.780800659","93.944515714",63.8,16.2,40.5,46,54,87,189,52.3,467,62.5,7.2,100,465,221,893,83.5,44,272,47.7,426,41.4,370,28.4,51.6,41.2,35.2,23.6,182,66.4,46.2,84,27.5,50,21.4,39,4.9,9,,,,,,,,,,,"2","1","2","50.0","1","2","50.0","3","5","60.0","3","3","100.0","4","4","100.0","2.3","1.3","-0.1","3.5","38.7",,"4.51","27.4"
"Vaughn, Andrew",683734,2025,27,185,193,35,22,8,0,5,43,7,22.3,3.6,".189",".314",".218","0.532","0.125",".217","19","91","58","0","0","48","257","113","0","146","7","48","4","0","0","0","7","6","143","22","0","36","52","11","9","0","0","0","0","0","1","17","0","1","76","0","0","0","0","0","0","0","0","9","0","0","0","269","1","490","76","759",,"0","0","0","0",".258",".461",".232",".321",".286",".203",".280",".399",".245",".337","-0.069","-0.147","-0.089","70",9.4,15,11.8,36.9,29.1,"7.4",7,8.4,-1.9,50.6,27.9,"91.5","15.4",35.7,19,13.3,4.9,23.1,25.2,31.5,2.1,48.3,"101.570772222","95.294714685",67.3,12.6,34.2,42,58,58,138,53.2,404,77.6,7.6,67,407,197,759,87.4,30,239,46.8,355,44.9,341,23.3,49.7,37.8,33.6,28.7,143,61.1,41.3,59,29.4,42,23.1,33,6.3,9,,,,,,,,,,,,,,,,,,,,,,,,,,,,,,,,,"4.8","25.7"
"McKinstry, Zach",656716,2025,30,243,278,68,45,11,8,4,64,29,23,10.4,".280",".440",".357","0.797","0.160",".360","24","105","106","2","9","53","392","186","0","203","10","73","3","0","1","2","16","9","182","42","0","25","57","22","11","0","1","0","9","0","0","1","1","3","103","1","1","0","2","0","0","1","0","38","9","0","0","417","4","690","103","1107",,"1","1","0","0",".266",".371",".347",".320",".348",".104",".412",".370",".374",".359",".014",".069",".027","67.4",0.9,9.5,7.3,34,26.4,"6.7",3,9.2,3,42.7,37.5,"86.3","13.2",46.4,12,6.6,4.4,33.9,21.9,28.4,4.9,32.2,"97.398149341","92.717950879",65,15.8,24.6,45,55,59,131,48.1,533,78.5,7.1,179,627,236,1108,84,59,374,51.9,575,46.4,514,23.4,45.6,43.7,32.8,23.5,183,60.8,39.9,73,18.6,34,35.5,65,6,11,,,,,,,,,,,"1","0","4","0.0","1","2","50.0","3","3","100.0","7","9","77.8","0","0",,"2.5","1.1","-1.3","2.3","36.8",,"4.31","28.2"
"Huff, Sam",669087,2025,27,53,58,11,8,1,0,2,25,4,43.1,6.9,".208",".340",".259","0.599","0.132",".333","4","26","18","0","0","9","77","39","0","34","4","20","2","0","0","0","2","4","29","5","0","3","12","2","0","0","0","0","10","0","0","0","0","1","41","0","0","0","0","0","0","0","0","5","0","0","0","85","1","147","41","232",,"0","0","0","0",".196",".323",".263",".263",".258",".127",".431",".431",".379",".379",".012",".017",".000","73.6",36.5,12.7,7.3,29.1,16.7,"7.5",1,10.9,-5.3,56.3,30.4,"89.3","4.1",34.5,4,13.8,0,27.6,17.2,37.9,3.4,37.9,"98.959443333","93.867601034",65.6,32.9,24.3,69.2,30.8,18,26,46.1,107,76.2,9.1,28,135,46,232,67.1,27,82,53.9,125,41.8,97,41.7,46.6,34.5,27.6,37.9,29,60.3,48.3,14,24.1,7,27.6,8,0,0,"11","1.98","1.98","1.93","2","1.47","1.47","1.47","0.66","82.9",,,,,,,,,,,,,,,,,,,,,,,,"23.4"
"Dingler, Dillon",693307,2025,26,220,231,59,41,9,1,8,57,6,24.7,2.6,".268",".427",".299","0.726","0.159",".327","34","94","93","0","0","51","243","150","0","160","5","62","2","0","0","4","14","15","160","29","0","32","40","14","15","0","0","0","2","0","0","0","0","1","97","0","0","0","0","0","0","0","0","24","0","0","0","258","1","578","97","836",,"0","1","0","0",".276",".467",".316",".334",".308",".191",".402",".427",".360",".373","-0.008","-0.040","-0.018","72",18.7,16.1,12.1,33.2,25,"7.7",4,11.6,-0.9,51.3,39.1,"89","16.7",39.6,14,8.5,11,29.3,23.8,24.4,3,44.5,"100.924643902","94.681122134",66.4,15.5,33.1,48,52,60,125,44.7,378,77.2,9.3,73,448,184,845,84.5,48,310,55.3,467,43.2,365,24.8,51.5,39.6,32.3,28,164,71.4,34.8,57,28.7,47,27.4,45,9.1,15,"34","1.96","1.97","1.93","1","1.53",,"1.53","0.74","89",,,,,,,,,,,,,,,,,,,,,,,"4.55","27.4"
"De La Cruz, Bryan",650559,2025,28,47,50,9,8,1,0,0,18,3,36,6,".191",".213",".240","0.453","0.022",".310","0","20","10","0","1","9","46","33","0","35","4","16","1","0","0","0","3","2","29","4","0","8","8","3","1","0","0","0","2","0","0","1","0","0","26","0","0","0","0","0","0","0","0","1","1","0","0","49","0","130","26","179",,"0","1","0","0",".207",".307",".209",".248",".254",".100",".288",".356",".310",".335","-0.016","-0.094","-0.039","71.8",18.2,19.7,13.6,31.1,21.6,"7.7",3,12.6,4.8,54.5,41.3,"91.5","15.6",44.8,2,6.9,6.9,27.6,31,27.6,0,51.7,"101.415012","95.216104483",69.9,22.2,32.9,68,32,17,25,42.5,76,71.4,7.8,22,89,48,179,77.8,16,72,57.5,103,34.6,62,34,54.2,37.9,24.1,37.9,29,68,37.9,11,34.5,10,24.1,7,3.4,1,,,,,,,,,,,"0","0","2","0.0","0","0",,"0","1","0.0","0","0",,"1","1","100.0",,,,,,,,"27.8"
"Adams, Riley",656180,2025,29,73,75,9,3,3,0,3,34,1,45.3,1.3,".123",".288",".147","0.435","0.165",".167","8","30","18","0","0","13","74","46","0","46","6","24","3","0","0","1","2","3","37","2","0","8","17","3","2","0","0","0","6","1","0","0","0","0","47","0","0","0","0","0","0","0","0","7","0","0","0","79","0","184","47","263",,"0","0","0","0",".185",".386",".188",".253",".207",".202",".325",".455",".231",".350","-0.062","-0.098","-0.065","79",85.2,14.1,9,21.8,13.9,"7.9",6,9.9,-0.8,44.3,34.6,"92.1","12.3",25.6,5,12.8,5.1,23.1,23.1,30.8,2.6,48.7,"103.032791053","95.942553421",64.3,28.9,40.7,61.4,38.6,35,57,50,140,45,7.1,29,141,84,280,71.1,26,90,50,140,46.1,129,41.5,52.5,48.7,20.5,30.8,39,68,48.7,19,30.8,12,15.4,6,5.1,2,"13","1.94","1.94","1.93","1","2.1","2.1",,"0.79","87.6",,,,,,,,,,,,,,,,,,,,,,,"4.62","26.1"
"Vilade, Ryan",668723,2025,26,13,15,1,1,0,0,0,5,2,33.3,13.3,".077",".077",".200","0.277","0.000",".125","0","9","1","0","0","3","19","8","0","18","0","7","1","0","0","0","0","0","8","1","0","1","6","0","0","0","0","0","2","0","0","1","0","0","5","0","0","0","0","0","0","0","0","1","0","0","0","19","0","41","5","60",,"0","0","0","0",".221",".351",".152",".305",".325",".131",".111",".398",".125",".359","-0.144","-0.274","-0.153","74.4",44.8,21.7,17.2,21.7,17.2,"7.1",0,-0.8,5.2,3.4,33.7,"96.6","-1.4",25,1,12.5,0,25,0,62.5,0,75,"105.358295","99.62571875",76.5,15.4,26.9,42.9,57.1,3,7,43.3,26,100,5,8,33,16,60,84.6,4,26,56.7,34,43.3,26,21.2,55,0,87.5,12.5,8,60,75,6,12.5,1,12.5,1,0,0,,,,,,,,,,,,,,,,,,,,,,,,,,,,,,,,,,"27.5"
"Wells, Austin",669224,2025,25,226,255,49,24,13,1,11,64,17,25.1,6.7,".217",".429",".278","0.707","0.212",".241","45","112","97","1","3","74","360","134","0","220","15","68","7","0","0","5","13","11","169","25","0","47","44","10","17","0","0","0","1","0","0","0","0","7","124","1","0","0","0","0","0","0","0","26","2","1","0","377","7","668","124","1045",,"0","1","0","0",".218",".401",".304",".298",".284",".183",".367",".358",".290",".299","-0.001",".028",".006","73.7",35.3,17.1,12.7,30.4,22.6,"7.6",5,11.2,-5.5,51.1,32.6,"91","21.3",30.8,16,9.5,8.3,20.7,33.7,21.9,5.9,49.7,"101.915485357","95.576356369",72.9,17,29.7,51.6,48.4,81,157,50.5,528,81.4,9.3,152,558,263,1045,83,64,377,49.5,517,43.5,455,27.2,51.1,38.5,31.4,30.2,169,62.4,33.7,57,34.3,58,21.9,37,10.1,17,"19","2.01","2.01","2","4","1.56","1.57","1.52","0.65","80.3",,,,,,,,,,,,,,,,,,,,,,,"4.55","26.7"
"Smith, Pavin",656976,2025,29,203,242,55,32,14,1,8,77,38,31.8,15.7,".271",".468",".384","0.852","0.197",".395","25","95","93","2","2","50","392","213","0","144","12","72","6","0","3","0","17","14","125","22","0","18","40","9","4","0","1","0","24","0","0","45","0","1","117","2","0","0","0","0","0","0","0","31","2","0","0","418","1","618","117","1036",,"0","2","0","0",".226",".419",".373",".338",".348",".193",".506",".439",".433",".364",".045",".049",".035","72.2",22.4,15.7,10.8,33.9,23.2,"7.3",17,13.7,0.8,53.8,33,"90","10.7",37,15,11.8,5.5,28.3,19.7,33.1,1.6,46.5,"100.344218125","94.530395512",56.5,26,21.8,53.6,46.4,60,112,48.5,514,69.6,7.5,195,477,309,1060,74,80,308,51.5,545,42.5,450,33.5,39.7,40.9,34.6,24.4,127,53.5,44.9,57,25.2,32,26.8,34,3.1,4,,,,,,,,,,,,,,,,,,,,,,,,,,,,,,,,,"4.55","26.2"
"Jeffers, Ryan",680777,2025,28,217,251,53,32,15,0,6,47,30,18.7,12,".244",".396",".347","0.743","0.152",".287","29","96","86","0","0","59","373","230","0","144","8","64","7","0","1","4","14","8","170","31","0","37","45","20","15","0","1","0","1","0","0","15","0","0","70","0","0","0","1","0","0","0","0","25","0","0","0","405","0","628","70","1033",,"0","0","0","0",".266",".464",".331",".361",".365",".199",".352",".395",".312",".339","-0.022","-0.068","-0.030","71.9",25.8,13.3,10.7,35.1,28.2,"7.2",8,9.5,-1.9,55.2,28.8,"89.5","16.5",37.1,14,8.2,12.9,24.7,27.1,22.4,4.1,44.1,"100.919670588","94.690926331",53.2,14,24.1,36.5,63.5,46,126,50.5,522,58.9,7.1,98,609,242,1033,86,38,272,49.5,511,39.3,406,21.1,38.5,34.7,34.1,31.2,170,58.8,34.7,59,26.5,45,30,51,8.8,15,"22","2","2.01","1.97","2","1.54","1.54",,"0.68","83.9",,,,,,,,,,,,,,,,,,,,,,,"4.72","25.7"
"Smith, Will",669257,2025,30,216,260,69,44,15,1,9,48,37,18.5,14.2,".319",".523",".415","0.938","0.204",".366","42","82","113","3","2","62","422","224","0","183","9","64","4","0","1","2","21","15","170","33","0","47","33","11","10","0","0","1","1","0","0","0","0","5","82","3","0","0","1","0","2","0","0","39","2","0","0","445","5","672","82","1117",,"2","0","1","0",".291",".509",".405",".387",".392",".219",".452",".425",".399",".364",".028",".014",".018","69.7",5.2,16.4,13.2,35.4,28.6,"7.2",12,11,1.5,62.6,33.3,"91","19.6",42.2,20,11.6,11,26.6,29.5,19.1,2.3,45.7,"100.950762644","94.903340462",58.2,14.7,19.9,41.7,58.3,45,108,47.8,543,72.2,6.9,107,635,287,1137,85.3,51,346,52.2,594,44.2,503,21.1,39.9,30.1,38.7,31.2,173,60.4,31.2,54,37,64,25.4,44,6.4,11,"38","1.94","1.94","1.94","0",,,,"0.63","82.5",,,,,,,,,,,,,,,,,,,,,,,"4.56","27.0"
"Bellinger, Cody",641355,2025,29,277,310,73,46,14,3,10,46,27,14.8,8.7,".264",".444",".326","0.770","0.180",".279","38","129","121","2","7","65","413","199","0","251","12","72","3","0","1","1","21","18","232","31","1","65","57","21","16","0","1","0","1","0","0","0","0","5","102","2","0","0","2","0","0","0","0","37","6","1","0","444","5","802","102","1246",,"0","1","0","0",".265",".445",".333",".336",".331",".181",".356",".361",".309",".317","-0.001","-0.001","-0.003","70.4",10.3,13.2,10.7,35.6,28.8,"7.8",6,13.4,-3.8,59.1,32.4,"89.4","18.4",34.7,20,8.5,6.4,23.7,31.8,25,3.8,41.9,"99.516996325","94.023105128",65.4,13.6,32,32.2,67.8,65,202,50.1,631,77.1,6.6,202,671,299,1259,86.1,56,411,49.9,628,43.4,546,19.7,48.7,40.7,33.9,25.4,236,59.5,33.9,80,35.6,84,23.3,55,7.2,17,,,,,,,,,,,"3","0","10","0.0","1","4","25.0","10","13","76.9","10","11","90.9","4","4","100.0","0.4","0.7","-0.1","0.9","34.9","1","4.08","28.4"
"Valdez, Enmanuel",665839,2025,26,91,102,19,11,4,2,2,16,11,15.7,10.8,".209",".363",".294","0.657","0.154",".233","12","38","33","0","0","17","128","88","0","60","5","31","2","0","0","0","6","3","75","10","0","16","20","11","9","0","0","0","6","0","0","0","0","0","29","0","0","0","0","0","0","0","0","7","0","0","0","133","0","260","29","393",,"0","0","0","0",".264",".433",".292",".339",".344",".169",".295",".359",".253",".321","-0.055","-0.070","-0.047","70.5",7.5,16.4,13.4,38.2,31.3,"7.4",0,8.6,-5,59.7,27.2,"89.8","15.7",37.3,6,8,8,25.3,30.7,26.7,1.3,42.7,"100.139290263","94.238050933",57.9,13.6,26.6,42.6,57.4,20,47,45,177,57.9,9.7,53,214,99,393,86.4,17,125,55,216,41.7,164,21.5,43.8,46.7,36,17.3,75,64.7,34.7,26,25.3,19,28,21,12,9,,,,,,,,,,,,,,,,,,,,,,,,,,,,,,,,,"4.66","26.1"
"Story, Trevor",596115,2025,32,305,323,70,52,7,0,11,98,14,30.3,4.3,".230",".361",".270","0.631","0.131",".301","41","139","110","0","11","93","373","161","0","270","12","78","1","0","0","3","29","15","207","26","0","39","66","14","18","0","0","0","2","1","0","0","1","0","176","0","0","0","1","0","0","0","0","35","11","0","0","390","1","845","176","1235",,"0","1","1","0",".240",".403",".278",".296",".281",".163",".376",".403",".338",".355","-0.010","-0.042","-0.018","70.7",11.6,14.3,9.7,27.6,18.8,"7.3",12,10.7,-4.7,48,29.8,"90.2","13.9",29.3,21,10.1,5.3,25,25,29.3,4.8,45.7,"102.266709417","95.466215437",72.6,19.9,37.9,51.7,48.3,120,232,49.2,612,81.4,8.2,127,699,309,1243,80.1,91,458,50.8,631,42.1,523,30.6,55.5,34.1,42.8,23.1,208,65.9,45.7,95,26,54,19.7,41,8.7,18,,,,,,,,,,,,,,,,,,,,,,,,,,,,,,,,,"4.38","28.5"
"Bogaerts, Xander",593428,2025,32,279,318,68,49,15,0,4,52,33,16.4,10.4,".244",".341",".321","0.662","0.097",".281","29","131","95","1","13","73","429","270","0","175","5","78","8","0","0","1","30","3","229","33","2","45","67","31","15","0","3","1","2","0","0","4","0","5","87","1","0","0","0","0","0","0","0","33","13","0","0","462","5","768","87","1230",,"0","1","0","0",".274",".395",".293",".328",".353",".121",".305",".353",".293",".337","-0.030","-0.054","-0.035","72.4",25.6,15.3,12.7,35.7,29.6,"7.3",5,9.4,-6.3,51.2,30.7,"89.7","11.1",36.2,12,5.2,8.6,28,22.4,31.9,2.6,38.4,"100.100771913","94.191075022",58.3,12.5,21,37.6,62.4,47,125,47.9,594,69.1,7.8,166,679,290,1241,87.5,47,377,52.1,647,42.6,529,18.7,40.5,37.5,39.2,23.3,232,60.4,43.1,100,20.7,48,28.9,67,7.3,17,,,,,,,,,,,,,,,,,,,,,,,,,,,,,,,,,"4.35","27.9"
"Pederson, Joc",592626,2025,33,122,146,16,8,5,1,2,28,20,19.2,13.7,".131",".238",".269","0.507","0.107",".152","6","67","29","0","1","35","232","94","1","100","6","46","4","0","2","3","6","4","94","6","0","20","37","10","11","0","0","0","11","0","0","38","0","0","49","0","0","0","0","0","1","0","0","10","1","0","0","243","0","348","49","591",,"1","0","0","1",".207",".354",".243",".312",".334",".147",".204",".310",".170",".269","-0.076","-0.116","-0.069","73.5",32,14,11.3,31.5,25.2,"7.6",5,10.4,-7.9,54.1,28.3,"90.5","15.8",24.5,8,8.5,6.4,16,30.9,34,3.2,43.6,"100.935022766","94.852117742",63.1,15.4,26.3,37.6,61.2,32,85,54.7,323,73.8,7.1,112,307,144,591,84,26,169,45.3,268,41.8,247,22.8,43,41.5,31.9,26.6,94,50.7,45.7,43,25.5,24,17,16,11.7,11,,,,,,,,,,,,,,,,,,,,,,,,,,,,,,,,,"4.6","25.2"
"Bryant, Kris",592178,2025,33,39,41,6,4,2,0,0,13,2,31.7,4.9,".154",".205",".195","0.400","0.051",".231","1","25","8","0","0","11","53","26","0","28","1","11","1","0","0","0","2","1","26","3","0","7","8","5","0","0","0","0","0","0","0","10","0","0","27","0","0","0","0","0","0","0","0","2","0","0","0","57","0","110","27","167",,"0","0","0","0",".165",".307",".182",".222",".206",".141",".234",".297",".231",".248","-0.011","-0.102","-0.040","71.2",13.6,6.8,4.5,36.4,24.2,"7.8",3,14.7,-2.4,54.5,35.1,"90.8","13",46.2,2,7.7,11.5,15.4,30.8,30.8,3.8,34.6,"97.886280769","93.540250769",74.1,23.8,25.6,71.4,28.6,15,21,49.1,82,100,4.2,16,89,32,167,76.2,15,63,50.9,85,47.9,80,35.7,50.3,42.3,38.5,19.2,26,58.5,38.5,10,30.8,8,30.8,8,0,0,,,,,,,,,,,,,,,,,,,,,,,,,,,,,,,,,,"25.7"
"Pagés, Pedro",686780,2025,26,193,209,42,26,10,0,6,49,12,23.4,5.7,".218",".363",".266","0.629","0.145",".259","22","99","66","0","0","47","247","132","0","153","9","62","6","0","3","1","13","9","144","19","0","31","48","10","14","0","0","0","4","0","0","0","2","1","85","0","0","0","0","0","0","0","0","23","0","0","0","266","3","529","85","795",,"0","1","0","0",".207",".336",".276",".261",".258",".128",".332",".312",".290",".279",".011",".027",".015","72.5",27.1,14.1,10.9,27.5,21.2,"7.1",8,6.4,-2,40.1,30.7,"88","15.1",29.9,10,6.8,7.5,16.3,31.3,34,2.7,36.1,"99.262792639","93.717649441",66.1,11.5,33.6,52.6,45.9,71,135,49.7,402,68.6,8.7,84,474,181,809,88.5,31,269,50.3,407,42.2,341,25.2,49.9,32.7,29.9,37.4,147,60.3,42.2,62,27.2,40,20.4,30,10.2,15,"25","1.94","1.92","1.97","0",,,,"0.68","83.7",,,,,,,,,,,,,,,,,,,,,,,"4.81","25.5"
"Malloy, Justyn-Henry",669234,2025,25,93,115,20,15,4,0,1,31,19,27,16.5,".215",".290",".348","0.638","0.075",".302","16","36","27","0","0","26","192","90","0","73","5","45","1","0","0","1","5","3","64","12","0","17","16","4","6","0","0","0","8","0","0","22","0","2","53","0","0","0","0","0","0","0","0","13","0","0","0","210","2","286","53","496",,"0","1","1","0",".198",".318",".299",".298",".334",".120",".319",".319",".313",".288",".017","-0.028",".001","70.6",8.8,8.8,6.4,25.6,18.7,"7.1",5,15.9,-0.3,53.8,40.6,"86.4","18.7",35.9,3,4.7,4.7,25,40.6,20.3,4.7,29.7,"96.415660625","92.245835",61.5,22.2,19.8,51.9,48.1,27,52,52.8,262,91.4,7.1,65,256,140,496,77.8,32,144,47.2,234,41.5,206,30.1,39.5,39.1,34.4,26.6,64,55.7,32.8,21,31.3,20,26.6,17,9.4,6,,,,,,,,,,,"0","0","1","0.0","0","1","0.0","0","1","0.0","1","1","100.0","3","3","100.0",,,,,,,"4.65","26.7"
"Wood, James",695578,2025,22,309,363,86,45,19,0,22,99,50,27.3,13.8,".278",".553",".377","0.930","0.275",".335","63","112","170","4","9","77","588","306","0","203","11","81","5","0","0","1","33","22","211","30","0","31","74","17","3","0","3","0","0","0","0","14","0","2","156","4","0","0","0","0","1","0","0","50","8","1","0","624","2","893","156","1517",,"1","2","2","0",".286",".591",".396",".408",".385",".305",".514",".537",".404",".418","-0.008","-0.038","-0.012","76.1",64.5,25.6,18.9,34.5,25.4,"7.6",23,9.9,0.9,39.5,40.3,"94.2","5.9",32.9,41,19.2,7.5,21.6,12.7,33.8,3.8,57.7,"107.053304286","98.633842524",54.1,19.9,23.1,51.1,48.9,92,180,50.6,779,67,7.5,239,758,425,1538,80.1,82,412,49.4,761,43.4,669,29.4,38.5,32.4,39.9,27.7,213,52.8,50.7,108,24.9,53,22.5,48,1.9,4,,,,,,,,,,,"1","0","5","0.0","0","2","0.0","5","9","55.6","4","4","100.0","11","11","100.0","2.1","-1","-1.4","-0.3","33","4","4.21","28.0"
"Garcia, Maikel",672580,2025,25,296,328,92,60,21,3,8,46,27,14,8.2,".311",".483",".368","0.851","0.172",".344","36","113","140","9","17","67","412","270","0","166","6","79","7","0","0","1","34","13","250","43","0","38","78","26","18","0","0","1","0","1","0","5","2","2","67","7","2","0","1","0","2","2","0","35","12","5","0","440","4","764","67","1204",,"4","0","0","0",".291",".439",".370",".344",".350",".149",".401",".367",".365",".342",".020",".044",".026","71.8",16.7,21,18.1,41.2,35.6,"7.3",8,4.9,1.5,46.6,26.9,"91.2","9.7",34.6,15,5.9,7.9,24,23.6,36.2,2.4,44.1,"101.35765448","94.947318032",57.7,10.3,22.9,30.8,69.2,41,133,47.6,582,65.5,9.2,116,706,293,1222,89.7,38,369,52.4,640,42.7,522,15.7,41.1,33.5,42.1,24.4,254,65.2,44.5,113,20.1,51,28.3,72,7.1,18,,,,,,,,,,,,,,,,,,,,,,,,,,,,,,,,,"4.43","27.6"
"Springer III, George",543807,2025,35,247,295,66,39,15,1,11,62,37,21,12.5,".267",".470",".362","0.832","0.203",".309","38","111","113","0","8","64","432","179","5","182","14","74","9","0","0","2","16","19","186","28","0","38","53","15","14","0","1","0","1","1","0","33","0","4","130","0","0","0","0","0","0","0","1","40","7","1","0","457","4","694","130","1151",,"1","0","0","5",".277",".537",".361",".388",".373",".261",".412",".454",".349",".366","-0.010","-0.067","-0.027","73.1",33.8,17,12.3,34.3,24.8,"7.5",8,12.6,0.2,55.7,35.2,"90.5","16.9",41.3,30,15.9,5.3,21.7,25.9,26.5,4.2,46.6,"101.318070213","95.156808032",69.3,21.4,20.2,52.1,47.9,61,117,49.7,579,87.4,8.1,155,645,266,1166,78.1,87,407,50.3,587,43,501,28.2,44.9,39.2,37,23.8,189,59.7,38.6,73,30.2,57,24.3,46,7.4,14,,,,,,,,,,,"-6","0","2","0.0","0","2","0.0","1","3","33.3","2","3","66.7","6","9","66.7","-0.1","-1.8","0.1","-1.9","31.2",,"4.57","27.7"
"Ramos, Heliot",671218,2025,25,308,351,87,57,16,1,13,83,29,23.6,8.3,".282",".468",".359","0.827","0.186",".343","44","119","142","4","5","64","450","222","0","287","14","79","8","0","1","10","36","15","226","35","0","39","73","14","11","0","1","0","0","0","0","3","0","4","140","4","0","0","0","0","1","0","1","48","4","1","0","480","4","892","140","1372",,"2","1","0","0",".255",".462",".360",".347",".338",".207",".434",".415",".380",".348",".027",".006",".013","73.6",41.7,15.2,11.9,28,21.9,"6.8",17,6.1,2.7,47.6,31.9,"91.1","9.6",31.4,27,11.8,7.9,18.8,21.8,36.7,1.7,44.1,"102.313917434","95.438147611",66.9,15.5,29.8,41.7,58.3,86,206,49.6,691,68.5,7.7,131,810,328,1394,84.5,73,470,50.4,703,41.1,573,23.5,48.5,34.1,41.5,24.5,229,59.1,48,110,24,55,22.7,52,5.2,12,,,,,,,,,,,"-7","0","9","0.0","3","7","42.9","6","12","50.0","9","14","64.3","15","17","88.2","0.1","-0.8","-0.8","-1.5","32",,"4.44","27.5"
"Murphy, Sean",669221,2025,30,156,181,34,20,5,0,9,56,18,30.9,9.9,".218",".423",".315","0.738","0.205",".269","22","73","66","0","0","34","236","122","0","158","12","48","2","0","0","5","10","9","102","15","0","20","36","8","2","0","1","0","0","0","0","1","0","2","81","0","0","0","0","0","0","0","0","15","0","0","0","260","2","476","81","736",,"0","1","0","0",".219",".405",".323",".324",".323",".186",".418",".421",".333",".348","-0.001",".018","-0.001","72.6",31.9,13.9,10.5,25.6,19.5,"7.8",17,11.5,-4,51.4,30.3,"89.9","9",34.3,12,11.8,6.9,26.5,17.6,32.4,3.9,43.1,"102.206625882","95.324110099",68.2,16,27,54.6,45.4,53,97,48.8,359,78.2,7.5,66,409,202,736,84,41,257,51.2,377,41.2,303,26.6,48.1,48,30.4,21.6,102,65.6,45.1,46,28.4,29,24.5,25,2,2,"28","1.95","1.96","1.93","0",,,,"0.7","84.7",,,,,,,,,,,,,,,,,,,,,,,"4.88","24.5"
"Marsh, Brandon",669016,2025,27,158,182,41,28,10,1,2,47,20,25.8,11,".259",".373",".337","0.710","0.114",".348","17","70","57","1","3","40","250","120","0","139","3","60","1","0","0","0","11","8","112","21","0","22","38","9","3","0","0","0","7","1","0","0","1","3","64","1","0","0","0","0","0","0","0","20","3","0","0","271","4","443","64","714",,"0","0","1","0",".275",".442",".315",".345",".352",".167",".379",".427",".360",".383","-0.016","-0.069","-0.030","71.4",14,14.6,11.5,33.8,26.6,"7.1",5,8.9,0.4,39.9,39,"91.3","10.3",37.4,10,8.7,8.7,30.4,18.3,31.3,1.7,47.8,"100.58528","94.971734159",65.6,10.6,26.3,47.5,50.5,47,99,51.1,376,71.1,6.1,79,444,188,736,89,25,236,48.9,360,43.2,318,21.5,45.5,33,36.5,30.4,115,64.3,42.6,49,26.1,30,27.8,32,3.5,4,,,,,,,,,,,"-2","0","11","0.0","2","7","28.6","4","11","36.4","9","9","100.0","5","5","100.0","-0.5","0.2","0","-0.3","33.7","1","4.36","28.6"
"Rutschman, Adley",668939,2025,27,242,276,55,37,9,1,8,45,32,16.3,11.6,".227",".372",".319","0.691","0.145",".247","20","94","90","0","0","44","432","227","0","206","4","68","7","0","0","1","19","9","198","26","1","49","61","21","12","0","0","0","1","0","0","14","0","1","59","0","0","0","0","0","0","0","0","31","0","0","0","455","1","697","59","1152",,"0","0","0","0",".260",".453",".309",".350",".349",".193",".315",".372",".278",".319","-0.033","-0.081","-0.041","70.4",13.7,12.8,11.2,38.4,33.7,"6.8",7,9.1,-1,49.9,34.5,"89.9","15.7",33.8,17,8.6,7.1,24.7,31.3,25.3,3,39.4,"99.81504899","94.170256869",61,8.9,19.8,30.4,69.6,34,112,49,565,66.7,6.8,201,613,243,1152,91.1,32,358,51,587,45,518,14,40.8,41.4,32.8,25.8,198,56.5,40.4,80,29.3,58,23.7,47,6.6,13,"25","1.94","1.93","1.97","3","1.51","1.51",,"0.69","87.1",,,,,,,,,,,,,,,,,,,,,,,"4.45","26.8"
"Sosa, Lenyn",672820,2025,25,235,243,65,46,12,1,6,57,7,23.5,2.9,".277",".413",".298","0.711","0.136",".343","21","105","96","1","1","58","206","157","0","172","13","66","3","0","1","0","12","13","175","39","0","38","39","17","16","0","0","0","1","0","0","3","1","0","86","1","0","0","0","0","0","0","0","22","1","0","0","219","1","616","86","835",,"0","1","0","0",".280",".450",".309",".322",".301",".170",".393",".411",".365",".371","-0.003","-0.037","-0.013","72.1",22.8,15,11.6,37.3,28.8,"7.4",4,10.9,1.4,56.7,32.8,"91.3","19.2",41.9,14,7.8,6.1,31.3,31.8,20.1,1.7,43,"100.484726136","94.810613125",63.7,14.4,46.1,37.4,62.6,73,195,49.9,423,63.8,8.1,77,477,211,847,85.6,39,270,50.1,424,45,381,24.1,54.9,32.4,38,29.6,179,65.8,29.1,52,28.5,51,32.4,58,10.1,18,,,,,,,,,,,,,,,,,,,,,,,,,,,,,,,,,"4.7","26.7"
"Smith, Cam",701358,2025,22,231,258,64,44,13,1,6,68,23,26.4,8.9,".277",".420",".353","0.773","0.143",".369","28","94","92","1","4","59","331","187","0","191","9","67","5","0","1","4","25","9","161","28","0","22","54","19","4","0","0","0","1","0","0","0","0","0","119","0","1","0","0","0","1","0","0","29","4","0","0","349","0","671","119","1020",,"1","1","1","0",".282",".446",".342",".351",".357",".164",".426",".440",".393",".399","-0.005","-0.026","-0.009","74.8",51.3,17.8,13.2,28.9,21.4,"7.4",7,7.3,-1.2,41.5,37.2,"89.6","6.3",35.6,12,7.4,10.4,31.9,11.7,35.6,3.1,47.2,"102.263507805","95.389707546",64.9,18,26.9,52.7,47.3,68,129,46.2,480,80.3,6.8,114,526,275,1038,82,65,362,53.8,558,45.5,472,27.1,47.3,39.9,35.6,24.5,163,70.9,48.5,79,20.2,33,28.8,47,2.5,4,,,,,,,,,,,"4","0","6","0.0","2","8","25.0","10","13","76.9","9","9","100.0","12","12","100.0","0.7","1.2","-0.3","1.6","35.9","12","4.38","29.1"
"Rogers, Jake",668670,2025,30,50,59,9,6,2,1,0,11,8,18.6,13.6,".180",".260",".288","0.548","0.080",".225","5","18","13","0","0","11","98","41","0","32","4","18","0","0","0","0","1","2","40","6","0","8","15","2","5","0","0","0","4","0","0","0","0","1","20","0","0","0","0","0","0","0","0","6","0","0","0","101","1","137","20","238",,"0","1","0","0",".205",".317",".254",".291",".318",".112",".236",".291",".225",".269","-0.025","-0.057","-0.037","70.6",7,10.3,8.1,38.2,30.2,"7.3",4,14.5,0.1,73.3,30.9,"87.8","17.8",37.5,4,10,2.5,15,32.5,37.5,2.5,30,"97.2482765","92.785572",64.2,20.8,16.1,42.1,57.9,8,19,49.6,118,76.2,8.8,22,130,62,238,79.2,16,77,50.4,120,48.3,115,25,40.3,42.5,32.5,25,40,61,40,16,25,10,22.5,9,12.5,5,"7","1.96","1.97","1.93","0",,,,"0.63","79.5",,,,,,,,,,,,,,,,,,,,,,,"4.64","26.8"
"Hill, Derek",656537,2025,29,73,82,17,11,4,0,2,29,6,35.4,7.3,".233",".370",".300","0.670","0.137",".357","5","41","27","0","6","27","98","49","0","61","4","23","1","0","2","1","6","2","46","9","0","4","19","5","1","0","0","0","1","0","0","1","2","0","59","0","0","0","0","0","0","0","0","11","6","0","0","114","2","222","59","336",,"0","0","0","0",".222",".369",".298",".291",".290",".147",".431",".418",".386",".369",".011",".001",".007","72.3",21.7,13.3,8.6,26.5,17.1,"7.3",5,13,2.2,45.4,34.6,"90.1","2.7",32.6,4,8.7,10.9,17.4,8.7,43.5,10.9,45.7,"101.830544286","95.1307",67.1,20.6,38.6,60.6,39.4,43,71,54.8,184,69.6,6.8,39,178,79,336,77.5,21,102,45.2,152,41.4,139,37,51.5,28.3,30.4,41.3,46,68.3,54.3,25,13,6,30.4,14,2.2,1,,,,,,,,,,,"2","0","2","0.0","0","0",,"3","3","100.0","2","2","100.0","4","4","100.0","1.6","0.6","-2.5","-0.3","33.9","11","4.21","29.6"
"Toro, Abraham",647351,2025,28,133,140,37,23,9,0,5,23,4,16.4,2.9,".278",".459",".307","0.766","0.181",".302","13","41","61","0","0","24","151","83","0","101","5","38","0","0","2","2","14","11","108","12","0","19","32","9","11","0","0","0","2","1","0","0","0","1","54","0","0","0","0","0","0","0","0","17","0","0","0","161","1","353","54","514",,"0","3","0","0",".260",".409",".331",".302",".290",".149",".380",".343",".333",".312",".018",".050",".029","69.5",4.9,12.4,9.8,34.7,27.3,"7.6",4,11.7,-3.1,56.7,31.9,"86.4","16.2",34.2,6,5.4,7.2,25.2,29.7,25.2,7.2,35.1,"98.161580714","93.167295766",67.6,14.5,38.9,35.5,63.6,38,107,51.8,275,67.6,7,109,306,103,531,85.5,25,173,48.2,256,44.6,237,22.5,52.7,37.8,39.6,22.5,111,63.6,41.4,46,27.9,31,19.8,22,10.8,12,,,,,,,,,,,,,,,,,,,,,,,,,,,,,,,,,"4.38","27.7"
"Isbel, Kyle",664728,2025,28,190,207,47,33,8,3,3,38,6,18.4,2.9,".247",".368",".266","0.634","0.121",".289","15","76","66","1","2","35","210","133","0","114","9","70","3","0","0","0","21","6","160","18","0","19","58","14","23","0","0","0","8","3","0","0","8","3","52","1","0","0","0","0","0","0","0","19","2","0","0","219","11","484","52","703",,"0","1","0","0",".229",".311",".274",".246",".251",".083",".325",".290",".303",".283",".018",".057",".028","70.2",10.5,11.4,9,31.8,25.3,"7.1",2,2.6,-5.1,36.5,23.6,"87.5","12.5",27,3,1.8,6.1,19,26.4,33.7,12.3,33.1,"99.209211351","93.662310544",65.9,12.1,30.6,42,57,42,100,45.6,327,67.5,10.7,107,402,167,717,86,31,257,54.4,390,41.8,300,20.4,49.8,39.9,38.7,21.5,163,70.5,49.1,80,15.3,25,21.5,35,14.1,23,,,,,,,,,,,"7","1","5","20.0","4","9","44.4","11","11","100.0","9","11","81.8","8","8","100.0","2.5","1.6","-1.7","2.3","36.8",,"4.29","27.7"
"Simpson, Chandler",802415,2025,24,138,149,39,34,4,1,0,15,7,10.1,4.7,".283",".326",".315","0.641","0.043",".315","11","41","44","3","19","29","139","98","2","72","3","38","3","0","1","0","17","0","122","21","0","9","53","17","4","0","0","0","0","3","0","0","1","1","24","2","1","0","0","0","0","1","1","17","14","5","0","146","2","329","24","475",,"2","2","0","2",".303",".347",".286",".307",".341",".045",".297",".323",".315",".345","-0.020","-0.021","-0.021","64.3",0,2.9,2.6,46.2,41.4,"6.3",2,3.7,5.4,39.8,27.6,"83.5","0.3",30.4,0,0,0,28.8,13.6,48,8.8,16,"92.684704407","90.596484661",61.3,6.8,28.4,29.3,69,17,58,41.5,204,84.6,7.9,69,302,93,491,89.2,12,176,58.5,287,42.2,207,12.4,47.7,28.8,42.4,28.8,125,64.4,57.6,72,8,10,31.2,39,3.2,4,,,,,,,,,,,"-3","1","5","20.0","1","4","25.0","1","4","25.0","2","4","50.0","4","4","100.0","0.1","0.6","-0.5","0.2","34.8","35","3.95","29.9"
"Hiura, Keston",669374,2025,28,18,21,4,3,1,0,0,7,0,33.3,0,".222",".278",".333","0.611","0.056",".364","1","5","5","0","0","4","20","10","0","17","0","8","0","0","0","3","0","0","11","4","0","2","3","0","2","0","0","0","2","0","0","0","0","0","12","0","0","0","0","0","0","0","0","3","0","0","0","24","0","51","12","75",,"0","0","0","0",".162",".209",".291",".241",".282",".047",".357",".262",".364",".266",".060",".069",".050","73.1",25.7,4,2.9,20,14.3,"7.3",1,15.2,7.2,68.6,35.8,"81.1","21.5",36.4,0,0,9.1,18.2,27.3,27.3,18.2,18.2,"93.138543333","91.423364545",73.7,25,35.1,46.2,53.8,6,13,49.3,37,100,6.7,12,47,9,75,75,7,28,50.7,38,48,36,31.7,54.7,45.5,27.3,27.3,11,71.4,27.3,3,18.2,2,36.4,4,18.2,2,,,,,,,,,,,,,,,,,,,,,,,,,,,,,,,,,,
"Espinal, Santiago",669289,2025,30,229,247,55,44,11,0,0,26,16,10.5,6.5,".240",".288",".290","0.578","0.048",".271","12","108","66","1","2","58","339","191","0","158","6","71","10","0","1","0","25","4","204","26","0","46","65","22","16","0","0","0","1","0","0","0","2","0","51","1","0","0","0","0","1","1","0","19","2","0","0","362","2","615","51","977",,"2","0","0","0",".234",".299",".261",".261",".284",".065",".261",".260",".271",".264",".006","-0.011",".000","68.3",2.3,8.1,7.1,40.1,35.2,"7.4",6,6.1,-1.6,51.7,34.7,"86.7","14.3",31.2,2,1,3.9,25.9,31.2,32.2,5.9,26.3,"96.1432873","92.0816352",62.6,7.9,22.7,31.5,67.6,34,108,48.4,475,73.9,9,87,569,240,981,91.5,25,317,51.6,506,42.6,418,13.9,43.3,37.6,35.6,26.8,205,61.5,43.9,90,24.4,50,23.9,49,7.8,16,,,,,,,,,,,,,,,,,,,,,,,,,,,,,,,,,"4.53","27.1"
"Lewis, Royce",668904,2025,26,99,110,20,14,4,0,2,16,11,14.5,10,".202",".303",".282","0.585","0.101",".222","9","46","30","0","0","23","130","72","0","63","8","30","4","0","0","0","6","5","83","9","0","25","25","5","8","0","0","0","1","0","0","6","0","0","31","0","0","0","0","0","0","0","0","10","0","0","0","143","0","261","31","404",,"0","1","0","0",".264",".464",".266",".347",".338",".200",".260",".368",".241",".315","-0.062","-0.161","-0.081","73.7",39.3,21.1,16.7,38.3,30.4,"7.9",2,10.6,-3.3,65.5,29,"90.8","17.2",34.9,10,12,4.8,20.5,32.5,27.7,2.4,42.2,"100.527593333","94.685090241",67.2,16.8,26,36.5,63.5,19,52,49.5,200,88.9,6.7,46,249,76,404,82.5,23,137,50.5,204,41.1,166,22.2,46.8,28.9,47,24.1,83,61.8,37.3,31,36.1,30,16.9,14,9.6,8,,,,,,,,,,,,,,,,,,,,,,,,,,,,,,,,,"4.55","25.6"
"Norby, Connor",681393,2025,25,210,226,53,37,11,1,4,62,12,27.4,5.3,".252",".371",".301","0.672","0.119",".338","23","83","75","2","7","45","243","101","0","169","5","58","2","0","1","3","12","13","146","26","0","35","45","9","6","0","0","0","0","1","0","2","0","1","124","2","0","0","3","0","1","0","0","27","6","1","0","263","1","555","124","818",,"1","3","0","0",".240",".427",".297",".309",".290",".187",".380",".398",".356",".338",".012","-0.056","-0.012","69.4",7.1,10.7,7.8,27.9,20.5,"7",22,19.3,4.4,36.1,40.8,"87.8","15.7",40.9,13,8.7,9.4,22.8,25.5,28.2,5.4,36.9,"98.564843067","93.448534698",75.1,18.9,34.6,57.2,42.8,79,138,48.1,399,89.4,8,103,424,218,829,81.1,61,323,51.9,430,42.7,354,30.4,55.6,43.6,32.2,24.2,149,68.6,39.6,59,32.2,48,24.2,36,4,6,,,,,,,,,,,,,,,,,,,,,,,,,,,,,,,,"2","4.42","28.8"
"Kirk, Alejandro",672386,2025,26,244,267,77,61,9,0,7,26,19,9.7,7.1,".316",".439",".363","0.802","0.123",".327","38","108","104","0","0","68","329","177","0","166","9","66","7","0","0","1","31","12","217","32","0","39","68","23","12","0","1","0","1","0","0","5","0","3","69","0","0","0","0","0","0","0","0","21","0","0","0","351","3","644","69","995",,"0","1","2","0",".307",".501",".350",".369",".358",".193",".362",".385",".348",".342",".009","-0.062","-0.019","72.3",25.5,25.1,20.9,43.4,36.1,"7.2",7,7.5,2.9,55.5,24,"92.7","12.1",34.8,22,10,10,25.8,20.4,31.2,2.3,56.6,"102.992474455","96.504229364",66.1,13.6,27.5,26.8,73.2,38,142,50.3,516,83,8.6,81,599,254,1026,86.4,46,337,49.7,510,41.8,429,17.5,46.7,32.6,37.6,29.9,221,61.3,44.8,99,24,53,25.8,57,5.4,12,"36","1.95","1.96","1.94","0",,,,"0.65","81.3",,,,,,,,,,,,,,,,,,,,,,,"4.89","24.0"
"Davis, Henry",680779,2025,25,107,120,19,12,3,0,4,30,9,25,7.5,".178",".318",".248","0.566","0.140",".205","11","61","34","0","0","30","142","63","2","100","4","36","0","0","0","1","3","6","79","10","0","18","17","8","15","0","0","0","1","1","0","0","1","0","56","0","0","0","0","0","0","0","0","12","0","0","0","157","1","306","56","463",,"0","2","0","2",".239",".441",".254",".323",".304",".201",".295",".400",".247",".332","-0.061","-0.123","-0.069","74.2",42.3,11.6,8.9,23.8,18.3,"7.3",4,8,-6.1,54.5,27,"86.2","27.4",34.6,9,11.5,2.6,23.1,39.7,14.1,9,30.8,"99.127291282","93.651939481",73.1,16.7,30.7,46.4,52.2,32,69,48.6,225,84.4,6.9,51,254,123,463,81.6,29,174,51.4,238,42.1,195,25.1,52.5,44.9,30.8,24.4,78,70,25.6,20,30.8,24,23.1,18,20.5,16,"14","1.91","1.9","1.91","1","1.54","1.54",,"0.63","85.5",,,,,,,,,,,,,,,,,,,,,,,"4.51","28.1"
"Lopez, Nicky",670032,2025,30,24,28,1,1,0,0,0,4,4,14.3,14.3,".042",".042",".179","0.221","0.000",".050","1","13","1","0","0","7","39","19","0","21","0","18","1","0","0","0","1","0","20","0","0","1","13","3","2","0","0","0","3","0","0","0","0","0","4","0","0","0","0","0","0","0","0","2","0","0","0","41","0","65","4","106",,"0","0","0","0",".185",".221",".131",".250",".302",".036",".044",".212",".050",".222","-0.143","-0.179","-0.119","67.7",2.5,11.1,10,30.6,27.5,"6.6",0,7.9,3.7,50,26.5,"84.8","-5.5",15,0,0,0,15,20,60,5,40,"97.358447","92.6792235",71.4,7.5,12,16.7,83.3,1,6,47.2,50,60,4.7,12,68,22,106,90,3,40,52.8,56,48.1,51,8.7,43.4,45,40,15,20,64.3,70,14,5,1,15,3,10,2,,,,,,,,,,,,,,,,,,,,,,,,,,,,,,,,,"4.32","27.3"
"Urshela, Gio",570482,2025,33,111,123,25,14,10,1,0,21,10,17.1,8.1,".225",".333",".289","0.622","0.108",".278","14","53","37","0","0","27","131","56","0","78","7","36","5","0","0","0","7","2","89","16","0","16","33","11","4","0","0","0","7","0","0","1","2","0","57","0","0","0","0","0","0","0","0","4","0","0","0","139","2","292","57","431",,"0","1","0","0",".275",".385",".278",".318",".335",".110",".296",".350",".278",".339","-0.050","-0.052","-0.040","68.9",5.8,10.3,7.2,36.3,25.6,"7.3",6,11,3.2,60.4,36.1,"87.4","10.9",47.8,2,2.2,6.5,30.4,23.9,33.7,3.3,33.7,"97.896845556","93.004848444",72.5,21.7,36.3,44.4,55.6,36,81,50.1,223,88,5.6,46,265,95,446,78.3,35,161,49.9,222,40.7,181,29.6,54.5,33.7,44.6,21.7,92,68.3,45.7,42,19.6,18,30.4,28,4.3,4,,,,,,,,,,,,,,,,,,,,,,,,,,,,,,,,,"4.87","24.6"
"Moreno, Gabriel",672515,2025,25,174,188,47,33,8,1,5,32,13,17,6.9,".270",".414",".324","0.738","0.144",".307","20","74","72","1","1","39","245","156","0","151","9","53","4","0","0","1","21","7","142","19","0","30","46","14","5","0","0","0","0","0","0","0","0","0","52","1","0","0","0","0","1","0","0","29","1","0","0","268","0","517","52","785",,"1","0","0","0",".277",".452",".325",".339",".331",".175",".362",".380",".331",".340","-0.007","-0.038","-0.014","70.7",15.2,14.4,12.1,38.9,32.6,"6.8",6,7.8,5.5,50.6,34.4,"91.3","11.2",34.5,9,6.3,9.2,27.5,21.8,33.8,1.4,47.2,"100.29053662","94.771628451",61.5,13,28.8,31.8,67.3,34,107,47.4,372,70.1,8.5,82,455,185,785,87,33,254,52.6,413,42.8,336,18.6,46,33.1,34.5,32.4,142,56.9,47.2,67,26.1,37,23.2,33,3.5,5,"22","1.92","1.94","1.89","0",,,,"0.64","82.7",,,,,,,,,,,,,,,,,,,,,,,"4.44","26.9"
"Hoerner, Nico",663538,2025,28,299,322,88,68,17,1,2,22,17,6.8,5.3,".294",".378",".339","0.717","0.084",".310","33","113","109","3","15","76","331","209","0","213","4","77","1","0","0","4","38","12","276","37","0","53","90","30","16","0","0","0","3","0","0","0","0","2","49","3","0","0","0","0","1","0","0","43","13","2","0","358","2","758","49","1116",,"1","3","0","0",".288",".379",".318",".313",".333",".090",".314",".308",".315",".309",".006","-0.001",".005","68.4",3.8,9.5,8.6,41.2,37.6,"7.1",6,5.3,-1.4,45.6,33.5,"87.4","12.7",32.6,6,2.2,5,28.7,25.1,36.2,2.2,28.3,"96.406934101","92.309760072",64.2,4.5,32.9,22.9,76.5,41,179,48.3,544,69.6,9.1,99,643,276,1127,95.2,17,374,51.7,583,41.9,472,10.5,49.1,37.3,35.8,26.9,279,59.9,45.9,128,24.4,68,24,67,5.7,16,,,,,,,,,,,,,,,,,,,,,,,,,,,,,,,,"3","4.34","28.3"
"Clase, Jonatan",682729,2025,23,96,107,20,15,3,0,2,27,9,25.2,8.4,".208",".302",".283","0.585","0.094",".269","9","34","29","1","3","20","137","68","0","64","4","30","1","0","0","1","8","8","66","4","0","15","22","5","4","0","0","0","3","1","0","1","1","0","41","1","0","0","0","0","1","0","0","10","3","0","0","143","1","256","41","399",,"1","0","0","0",".230",".362",".266",".295",".303",".132",".308",".353",".290",".321","-0.022","-0.060","-0.029","71.5",19.9,12.5,9.3,28.3,21.1,"6.7",4,6.9,-1.5,46,32,"86.5","17.4",21.4,5,7.1,2.9,20,31.4,25.7,11.4,37.1,"98.764302121","93.493771692",64.5,18.4,30,44.4,46,28,63,49.9,210,94.1,8.1,64,244,84,421,77.9,25,136,50.1,211,42,177,26.6,47.3,42.9,34.3,22.9,70,58.9,44.3,31,37.1,26,12.9,9,5.7,4,,,,,,,,,,,"-1","0","2","0.0","0","2","0.0","1","4","25.0","6","6","100.0","4","4","100.0","-1.4","-0.2","0.4","-1.2","32.8","6","4.19","29.4"
"Stowers, Kyle",669065,2025,27,260,294,72,44,12,3,13,84,28,28.6,9.5,".277",".496",".352","0.848","0.219",".358","38","126","123","1","3","74","373","96","0","223","17","75","5","0","0","3","21","17","176","32","0","32","52","12","9","0","1","0","5","0","0","1","1","2","178","1","0","0","1","0","0","0","0","35","3","0","0","395","3","695","178","1090",,"0","0","2","0",".278",".548",".366",".385",".355",".270",".483",".513",".404",".410","-0.001","-0.052","-0.019","75.1",52.9,17.4,12.1,28.3,19.7,"6.7",18,10.6,1.2,50.1,33.6,"91.4","13.3",38,34,19,5.6,22.9,20.1,26.8,5.6,52.5,"103.557244157","96.354167809",79.3,25.2,29.3,58,42,91,157,48.4,536,84.4,7,175,637,220,1107,74.8,114,453,51.6,571,40.7,450,33.6,55.1,41.3,32.4,26.3,179,62.1,40.8,73,28.5,51,25.7,46,5,9,,,,,,,,,,,"-4","0","15","0.0","0","6","0.0","5","10","50.0","8","9","88.9","10","11","90.9","0.8","-0.8","-1","-1","32.4",,"4.54","27.0"
"Betts, Mookie",605141,2025,32,297,335,76,55,11,1,9,33,35,9.9,10.4,".256",".391",".334","0.725","0.135",".261","40","116","115","0","6","70","460","241","0","159","2","75","5","0","0","1","23","18","263","34","0","70","62","37","19","0","2","0","2","0","0","0","0","2","75","0","0","0","0","0","1","0","0","51","5","1","0","481","2","748","75","1229",,"1","2","1","0",".270",".423",".320",".335",".347",".152",".312",".330",".286",".302","-0.014","-0.032","-0.015","68.7",5.9,13.6,11.8,46.3,40.4,"7",18,9.7,-6.5,57.4,34.4,"88.3","17.8",36.1,15,5.6,7.1,25.6,34.6,24.4,2.6,35,"97.737839398","93.069763759",60.5,8.5,22.2,39.1,60.9,54,138,50,621,81.6,8.3,137,712,299,1242,91.5,32,376,50,621,42,522,16.7,41.4,38.7,38,23.3,266,57.4,32.7,87,33.5,89,26.7,71,7.1,19,,,,,,,,,,,,,,,,,,,,,,,,,,,,,,,,,"4.54","26.7"
"Vivas, Jorbit",678391,2025,24,45,53,7,4,2,0,1,11,4,20.8,7.5,".156",".267",".255","0.522","0.111",".182","4","27","12","0","0","14","70","23","2","39","5","22","0","0","0","2","0","1","34","6","0","6","15","4","2","0","0","0","9","0","0","0","0","0","23","0","0","0","0","0","0","0","0","6","0","0","0","74","0","125","23","199",,"0","0","0","2",".240",".321",".243",".297",".329",".082",".240",".321",".206",".317","-0.084","-0.054","-0.054","70.1",5.4,8.8,6.5,32.4,23.7,"7.7",0,4.2,0.1,47.3,29.2,"86.6","13.4",32.4,2,5.9,2.9,29.4,23.5,35.3,2.9,41.2,"97.706137059","92.9282",75.4,24.4,18.8,50,50,8,16,42.7,85,100,8,38,113,41,199,75.6,21,86,57.3,114,39.7,79,28.4,51.3,41.2,44.1,14.7,34,69.8,44.1,15,20.6,7,29.4,10,5.9,2,,,,,,,,,,,,,,,,,,,,,,,,,,,,,,,,,,"26.1"
"Pasquantino, Vinnie",686469,2025,27,311,341,84,64,8,1,11,54,25,15.8,7.3,".270",".408",".331","0.739","0.138",".296","42","148","125","0","1","95","386","214","0","229","13","80","2","0","0","4","29","18","255","35","1","57","75","19","20","0","3","0","1","0","0","24","0","1","88","0","0","0","1","0","0","0","0","31","1","0","0","428","1","812","88","1240",,"0","3","0","0",".267",".440",".324",".332",".330",".173",".354",".365",".326",".324",".003","-0.032","-0.008","72.9",30.2,17.9,14.8,36.3,30,"7.4",8,9.4,-8.3,53.5,29.4,"91.1","15.7",30.6,20,7.8,7.4,24.8,28.7,29.5,1.6,43.8,"101.302324922","94.937466328",65.1,10.5,30.6,36.5,63.5,70,192,49.8,627,76.9,7.2,238,679,285,1258,89.1,43,411,50.2,631,41.6,523,18.7,47.9,44.6,34.1,21.3,258,66.1,41.1,106,29.1,75,21.7,56,8.1,21,,,,,,,,,,,,,,,,,,,,,,,,,,,,,,,,,"4.77","25.3"
"Gonzales, Nick",693304,2025,26,86,93,25,17,3,2,3,16,6,17.2,6.5,".291",".477",".333","0.810","0.186",".324","10","25","41","1","0","15","90","24","0","61","4","21","4","0","0","0","8","5","68","12","0","16","18","7","2","0","0","1","0","0","0","0","0","1","38","1","0","0","0","0","0","0","0","9","0","0","0","94","1","196","38","290",,"0","0","1","0",".283",".463",".349",".341",".328",".180",".398",".388",".352",".345",".008",".014",".008","70.9",15.1,16,12.6,39.2,30.8,"7.6",8,8.9,0.2,52.8,33.3,"90.4","11.5",42.3,6,8.5,7,31,23.9,25.4,4.2,42.3,"99.5843025","94.245090845",83.2,18.7,31.6,42.9,57.1,21,49,49.1,155,93.3,9.5,38,155,94,316,81.3,25,134,50.9,161,42.4,134,25.1,57.9,35.2,38,26.8,71,63.4,38,27,29.6,21,29.6,21,2.8,2,,,,,,,,,,,,,,,,,,,,,,,,,,,,,,,,,"4.35","28.8"
"Baddoo, Akil",668731,2025,26,17,18,2,1,1,0,0,5,1,27.8,5.6,".118",".176",".167","0.343","0.058",".167","1","8","3","0","1","4","13","4","0","13","1","7","0","0","0","0","0","0","12","2","0","1","5","3","1","0","0","0","3","0","0","0","0","0","8","0","0","0","0","0","0","0","0","0","1","0","0","14","0","40","8","54",,"0","0","0","0",".255",".314",".158",".271",".297",".059",".179",".349",".167",".362","-0.137","-0.138","-0.113","71.2",21.9,13,9.4,34.8,25,"7.7",1,15.5,-2.3,62.5,26.9,"90.3","9.1",33.3,0,0,0,58.3,16.7,25,0,41.7,"99.63324","93.81662",84.6,13.6,50,57.1,42.9,8,14,51.9,28,100,13,5,31,10,54,86.4,3,22,48.1,26,35.2,19,30.6,66.7,50,33.3,16.7,12,66.7,41.7,5,8.3,1,41.7,5,8.3,1,,,,,,,,,,,,,,,,,,,,,,,,,,,"-0.7","1.9","0.5","1.6","34.1",,,
"Flores, Wilmer",527038,2025,33,280,311,68,49,8,0,11,56,25,18,8,".243",".389",".315","0.704","0.146",".266","54","125","107","0","1","71","397","260","0","255","14","78","12","0","0","5","18","11","221","37","1","46","64","18","24","0","0","1","0","0","0","63","0","1","97","0","0","0","0","0","0","0","0","31","1","0","0","444","1","853","97","1297",,"0","3","2","0",".228",".339",".313",".287",".303",".111",".339",".304",".302",".285",".015",".050",".026","65.6",0.6,5.7,4.7,33.5,27.3,"6.9",12,10.7,-5.6,52,31.7,"85","17.7",36,10,4.4,4.4,25.8,33.3,26.2,5.8,24.4,"95.48976177","91.763005289",62.3,13.1,28.2,35,65,63,180,48.6,638,68.4,7.2,157,698,318,1312,86.9,55,420,51.4,674,42.8,561,19.7,45.7,37.3,39.1,23.6,225,65,37.3,84,25.3,57,24.9,56,12.4,28,,,,,,,,,,,,,,,,,,,,,,,,,,,,,,,,,"4.87","24.5"
"Haggerty, Sam",664059,2025,31,106,121,28,20,3,3,2,22,13,18.2,10.7,".264",".406",".350","0.756","0.142",".317","10","36","42","2","8","22","138","53","0","66","3","36","0","0","2","0","9","2","84","16","0","9","29","14","5","0","1","0","1","1","0","6","1","0","47","2","0","0","1","0","0","0","0","18","6","2","0","146","1","256","47","402",,"0","3","0","0",".273",".411",".332",".337",".359",".138",".363",".371",".333",".346","-0.009","-0.005","-0.005","71.8",21.2,17,12.8,28.9,21.8,"6.9",6,3.3,-0.7,33.5,31.6,"87.8","8.6",41.2,3,3.5,9.4,23.5,21.2,36.5,3.5,40,"99.711204634","93.985873086",70.7,19.5,26.7,48.1,48.1,26,54,47.3,202,86.2,6.8,83,231,94,427,80.5,31,159,52.7,225,44,188,26.8,49.9,40,35.3,24.7,85,63.6,44.7,38,12.9,11,36.5,31,5.9,5,,,,,,,,,,,"-2","0","3","0.0","0","1","0.0","0","1","0.0","1","3","33.3","1","1","100.0","-1.1","-1.6","-0.4","-3.2","31.5","3","4.33","28.7"
"Matos, Luis",682641,2025,23,72,76,12,6,2,0,4,10,4,13.2,5.3,".167",".361",".211","0.572","0.194",".138","7","35","26","0","2","12","88","46","0","51","3","24","4","0","0","0","3","4","62","5","0","13","27","4","6","0","0","0","5","1","0","2","0","0","19","0","0","0","0","0","0","0","0","9","2","0","0","94","0","183","19","277",,"0","0","0","0",".227",".408",".249",".290",".267",".181",".260",".311",".194",".263","-0.060","-0.047","-0.041","71.3",13.3,12.5,10.6,35.4,30.1,"7.3",1,6.9,-4.3,54,27.6,"87.9","9.3",32.3,5,8.1,12.9,9.7,25.8,41.9,1.6,35.5,"98.556451613","93.368310323",65.6,12.8,34.9,25.5,74.5,13,51,52.7,146,64,9,47,136,68,277,87.2,11,86,47.3,131,40.1,111,17.5,49.5,33.9,56.5,9.7,62,63.2,48.4,30,27.4,17,14.5,9,9.7,6,,,,,,,,,,,"-1","0","4","0.0","0","1","0.0","2","4","50.0","1","1","100.0","4","4","100.0","1","1","-1.1","1","33.6",,"4.42","27.4"
"O'Hearn, Ryan",656811,2025,31,233,269,69,49,9,0,11,46,29,17.1,10.8,".296",".476",".383","0.859","0.180",".326","30","106","111","1","3","60","355","165","0","184","8","67","7","0","0","5","27","16","187","26","0","30","59","21","8","0","1","0","8","0","0","27","0","2","86","1","0","0","0","0","0","1","0","30","3","0","0","389","2","637","86","1026",,"1","0","0","0",".304",".492",".376",".382",".390",".188",".411",".419",".365",".376","-0.008","-0.016","-0.006","72",19.5,18.4,14.8,36.2,29.2,"7.2",11,11.6,-0.6,43.4,32.7,"91.1","10.9",38.1,16,8.5,6.9,32.8,21.2,29.1,1.6,49.7,"100.741849789","94.980621587",64.6,13,28.1,40.4,59.6,61,151,51.1,537,76.4,6.9,185,553,227,1051,87,43,332,48.9,514,45.8,481,21.5,46,40.7,36.5,22.8,189,60.1,46.6,88,24.3,46,24.9,47,4.2,8,,,,,,,,,,,"-1","0","4","0.0","0","1","0.0","1","1","100.0","1","2","50.0","0","0",,"-0.4","0.4","0.2","0.2","34.2",,"4.52","27.6"
"Moore, Christian",695681,2025,22,42,49,8,4,0,1,3,17,4,34.7,8.2,".190",".452",".271","0.723","0.262",".217","6","17","18","0","0","7","61","22","0","33","2","13","0","0","0","1","1","3","25","3","0","6","9","3","0","0","0","0","0","0","0","0","1","1","35","0","0","0","0","0","0","0","0","6","0","0","0","63","2","119","35","182",,"0","0","1","0",".223",".457",".309",".322",".299",".234",".437",".460",".308",".360","-0.033","-0.005","-0.013","73.2",24.7,11.3,7.1,20.8,12.9,"7",6,7.1,2.8,52.9,34,"85.3","12",44.4,3,11.1,11.1,22.2,18.5,22.2,14.8,37,"99.765625385","93.990925385",76.7,24.1,25.3,80,20,20,25,49,99,75,5.9,10,122,52,202,75.9,19,79,51,103,42.6,86,37.5,51.5,33.3,40.7,25.9,27,59.2,40.7,11,33.3,9,25.9,7,0,0,,,,,,,,,,,,,,,,,,,,,,,,,,,,,,,,,,"28.4"
"Mead, Curtis",678554,2025,24,101,116,25,19,2,1,3,26,10,22.4,8.6,".248",".376",".336","0.712","0.128",".301","8","51","38","1","3","26","161","83","0","93","2","43","4","0","0","4","9","4","76","12","0","19","22","3","7","0","0","0","7","0","0","2","0","1","32","1","0","0","0","0","0","0","0","13","3","0","0","175","1","289","32","464",,"0","1","0","0",".256",".393",".319",".328",".345",".138",".358",".372",".329",".343","-0.008","-0.017","-0.009","73.3",38.2,15.2,12.9,31,26.3,"7",3,2,-0.3,35.5,34.3,"90.1","17.4",31.6,5,6.6,6.6,26.3,30.3,25,2.6,40.8,"100.847589189","94.659713243",65.5,9.5,24.2,40.4,59.6,23,57,51.1,236,67.7,6.7,52,257,109,464,90.5,14,148,48.9,226,49.6,229,18,44.4,36.8,35.5,27.6,76,62.1,40.8,31,30.3,23,19.7,15,9.2,7,,,,,,,,,,,,,,,,,,,,,,,,,,,,,,,,,"4.63","26.8"
"Díaz, Yandy",650490,2025,33,309,338,89,60,16,1,12,47,23,13.9,6.8,".288",".463",".340","0.803","0.175",".304","44","129","141","0","3","80","427","225","0","204","16","75","8","0","1","3","35","14","262","38","0","36","107","21","9","0","2","0","3","0","1","67","0","3","76","0","0","0","0","0","0","0","0","36","3","0","0","448","3","788","76","1236",,"0","0","0","0",".304",".504",".347",".369",".358",".200",".377",".405",".336",".358","-0.016","-0.041","-0.022","73.8",37.7,26.2,21.8,38.5,32.1,"7.7",4,4,4.8,40.7,24,"93.6","4.9",29.1,27,10.2,8.3,24.2,16.2,39.2,1.5,55.1,"105.406275227","97.575516932",63.9,11.4,27,32.5,67.5,54,166,48.8,614,77.3,7.7,137,760,240,1260,88.6,47,411,51.2,643,43.2,543,17.5,45.8,27.9,41.9,30.2,265,57.3,54.3,144,19.2,51,23,61,3.4,9,,,,,,,,,,,,,,,,,,,,,,,,,,,,,,,,,"4.63","25.8"
"Johnson, Bryce",669369,2025,29,12,14,5,4,1,0,0,3,1,21.4,7.1,".417",".500",".500","1.000","0.083",".556","0","2","6","0","1","1","10","6","0","5","0","7","0","0","0","1","1","1","9","3","0","1","3","0","0","0","0","0","0","0","0","0","0","0","1","0","0","0","0","0","0","0","0","1","1","0","0","11","0","23","1","34",,"0","0","0","0",".361",".410",".445",".390",".452",".050",".535",".448",".556",".481",".056",".090",".055","67.4",9.1,10,9.1,30,27.3,"7.6",0,13.1,-0.9,63.6,38,"85.2","6.5",44.4,0,0,0,44.4,11.1,33.3,11.1,33.3,"97.00849","92.504245",68,0,12.5,50,50,1,2,39,16,83.3,14.6,7,23,8,41,88.2,0,17,61,25,36.6,15,5.3,46.3,33.3,44.4,22.2,9,64.3,44.4,4,22.2,2,33.3,3,0,0,,,,,,,,,,,,,,,,,,,,,,,,,,,,,,,,,,
"Chisholm Jr., Jazz",665862,2025,27,182,211,44,25,7,0,12,60,23,28.4,10.9,".242",".478",".336","0.814","0.236",".286","30","101","83","2","10","60","307","144","0","131","6","50","2","0","0","4","14","16","120","13","0","27","34","5","11","0","0","0","0","0","0","0","0","2","116","1","1","0","2","0","0","0","0","28","8","2","0","341","2","527","116","868",,"0","2","0","0",".242",".489",".354",".356",".338",".247",".450",".454",".355",".357",".000","-0.011","-0.002","72.9",31,16.6,11.4,34.1,23.5,"7.7",3,15.3,-4.2,57.5,34.3,"89.3","16.1",33.1,19,15.3,3.2,21,30.6,24.2,5.6,44.4,"100.974267541","94.799419262",64.6,26.1,25.6,50.4,49.6,59,117,52.1,457,76.6,7.3,172,417,211,878,72.4,71,272,47.9,421,42.3,371,33.4,44.3,41.9,40.3,17.7,124,60.2,39.5,49,35.5,44,16.1,20,8.9,11,,,,,,,,,,,,,,,,,,,,,,,,,,,,,,,,,"4.42","27.3"
"Manzardo, Kyle",700932,2025,24,233,263,51,26,11,2,12,68,25,25.9,9.5,".219",".438",".297","0.735","0.219",".250","32","113","102","0","1","57","327","176","0","178","15","69","4","0","0","2","11","15","167","25","0","48","38","9","21","0","1","0","4","0","1","42","0","3","106","0","0","0","1","0","0","0","0","24","1","0","0","357","3","652","106","1009",,"0","1","1","0",".212",".428",".317",".310",".292",".216",".387",".376",".304",".296",".007",".010",".007","71",10.6,13.2,9.6,33.3,24.3,"7.5",10,18,-1.6,52.4,36.3,"89.5","23.1",36.9,19,11.3,9.5,21.4,36.3,17.3,4.2,39.9,"99.57386","94.030499048",65.8,20.8,26.1,46.4,53.6,58,125,47,479,70.7,7.4,206,504,243,1020,79.2,74,356,53,541,43.3,442,27.4,47.2,41.7,31.5,26.8,168,62.7,29.2,49,37.5,63,20.8,35,12.5,21,,,,,,,,,,,,,,,,,,,,,,,,,,,,,,,,,"4.59","25.4"
"Myers, Dane",667472,2025,29,161,174,49,37,8,0,4,40,11,23,6.3,".304",".429",".356","0.785","0.125",".385","20","77","68","4","8","50","197","126","0","107","6","53","6","0","0","2","15","5","120","28","0","21","37","8","6","0","0","0","7","2","0","0","0","0","68","4","0","0","0","0","2","0","0","18","8","0","0","205","0","429","68","634",,"2","1","1","0",".299",".461",".347",".353",".351",".163",".423",".433",".405",".397",".005","-0.032","-0.006","70.7",16.1,15.8,11.8,41.1,30.6,"7.2",5,9.8,5.3,61.2,27.7,"92.1","10.2",39.7,10,8.3,4.1,30.6,20.7,34.7,1.7,45.5,"100.789351667","95.005431833",63.3,19.5,25.5,42.6,57.4,29,68,41.7,267,65.7,10.5,51,395,156,639,80.1,46,236,58.3,373,40.8,261,24.7,47.6,29.8,48.8,21.5,121,63.2,43.8,53,21.5,26,29.8,36,5,6,,,,,,,,,,,"2","1","5","20.0","2","3","66.7","2","3","66.7","7","9","77.8","11","11","100.0","1.9","0.4","-1.1","1.2","34.9",,"4.38","28.2"
"Lowe, Nathaniel",663993,2025,29,311,342,72,45,14,0,13,92,28,26.9,8.2,".232",".402",".295","0.697","0.170",".284","52","123","120","0","1","88","461","261","0","264","22","81","4","0","0","1","17","18","216","33","1","34","77","23","11","0","0","0","0","0","1","3","0","2","123","0","0","0","0","0","0","0","0","33","1","0","0","491","2","893","123","1384",,"0","0","0","0",".239",".395",".306",".310",".307",".155",".382",".389",".326",".344","-0.007",".007","-0.004","72.7",25.6,13.3,10.5,27.8,21.9,"7.3",18,6.2,8,46.6,29.9,"89.7","10.2",35.7,16,7.2,8.1,26.2,21.3,32.6,3.6,41.2,"100.509808909","94.63566411",63.5,15.8,25,48.8,51.2,80,164,46.4,655,74.3,7.1,167,854,290,1413,84.2,76,481,53.6,758,43,608,24.2,45.6,30.8,35.3,33.9,221,62,43.4,96,24.4,54,26.7,59,5.4,12,,,,,,,,,,,,,,,,,,,,,,,,,,,,,,,,,"4.58","25.9"
"MacIver, Willie",680862,2025,28,47,48,11,6,4,0,1,10,1,20.8,2.1,".234",".383",".250","0.633","0.149",".278","3","23","16","0","2","12","37","19","0","28","6","14","1","0","2","0","1","3","34","6","0","7","12","2","2","0","0","0","4","0","0","0","0","0","15","0","0","0","0","0","0","0","0","3","1","1","0","39","0","102","15","141",,"0","0","0","0",".224",".340",".274",".250",".240",".115",".336",".306",".297",".285",".010",".043",".024","71.1",6.3,11.5,8.9,31.1,24.1,"7.4",1,10.4,2.8,63.3,31.9,"86.8","15.6",32.4,1,2.7,13.5,16.2,24.3,37.8,5.4,40.5,"97.385361579","92.81951",79.5,18.6,29.2,47.4,52.6,9,19,42.5,65,83.3,11.8,9,102,23,152,81.4,13,70,57.5,88,36.6,56,24.7,58.6,27,40.5,32.4,37,72.9,37.8,14,27,10,27,10,8.1,3,"3","2","2.05","1.9","0",,,,"0.7","82.1",,,,,,,,,,,,,,,,,,,,,,,"4.55","27.4"
"Alvarez, Yordan",670541,2025,28,100,121,21,14,4,0,3,21,16,17.4,13.2,".210",".340",".306","0.646","0.130",".222","18","36","34","0","1","19","178","80","0","91","1","29","0","0","1","0","6","3","84","11","1","23","22","9","8","0","3","1","1","0","0","23","0","5","44","0","0","0","0","0","0","0","0","7","1","0","0","185","5","305","44","490",,"0","0","0","0",".246",".495",".277",".363",".348",".249",".282",".403",".250",".311","-0.036","-0.155","-0.086","76.6",68.2,19.3,15.1,32,25,"7.8",0,11.4,-6.3,39.1,37,"94","20.1",40.5,10,11.9,9.5,17.9,38.1,22.6,0,46.4,"102.615572381","95.854176786",66.4,11.2,28,45.2,54.8,33,73,53.3,261,51.5,6.7,72,277,110,490,88.8,17,152,46.7,229,45.3,222,22.2,45.9,45.2,28.6,26.2,84,60.5,33.3,28,31,26,25,21,10.7,9,,,,,,,,,,,,,,,,,,,,,,,,,,,,,,,,,"4.63","26.0"
"Vargas, Miguel",678246,2025,25,290,326,68,36,20,2,10,55,31,16.9,9.5,".234",".421",".316","0.737","0.187",".257","34","125","121","0","4","61","497","196","0","275","18","78","3","0","0","4","15","18","233","34","0","67","50","22","27","0","0","1","2","0","0","3","0","1","104","0","0","0","1","0","0","0","0","40","3","1","0","517","1","830","104","1347",,"0","0","1","0",".243",".417",".324",".324",".324",".174",".344",".345",".288",".299","-0.009",".004",".000","70.6",11,12.3,10.3,34.6,28.8,"7.6",11,12.1,-3.6,70.1,35.7,"90.1","23.1",35.2,23,9.7,7.6,21.6,39.8,19.1,2.1,42.8,"99.759057203","94.279804703",70.3,15.5,22.5,32.9,67.1,49,149,48.7,662,91.9,8.2,111,848,274,1360,84.1,76,491,51.3,698,44.6,606,19.5,47.1,40.3,37.3,22.5,236,56.4,28,66,36.4,86,24.2,57,11.4,27,,,,,,,,,,,,,,,,,,,,,,,,,,,,,,,,,"4.45","27.4"
"Semien, Marcus",543760,2025,34,290,329,66,48,10,1,7,61,32,18.5,9.7,".228",".341",".304","0.645","0.113",".260","33","107","97","1","6","62","467","167","0","257","10","80","4","0","0","2","20","11","230","34","0","61","60","19","24","0","0","0","1","0","0","0","0","5","123","1","0","0","0","0","0","1","0","31","6","0","0","487","5","792","123","1279",,"1","2","0","0",".255",".410",".289",".328",".332",".155",".305",".360",".282",".322","-0.027","-0.069","-0.039","68.6",4.9,11.5,9.2,34.8,27.9,"7.7",12,16.1,-5,54.6,34.4,"88.2","19.7",36.8,18,7.7,8.5,23.9,32.9,23.9,2.6,36.8,"98.291324786","93.244027511",73.9,12.3,24.3,51.9,48.1,82,158,49.9,649,88.9,7.6,143,724,316,1299,87.7,59,481,50.1,651,42.5,552,22.1,49.2,43.6,36.8,19.7,234,63.8,34.6,81,32.1,75,23.1,54,10.3,24,,,,,,,,,,,,,,,,,,,,,,,,,,,,,,,,"1","4.42","28.3"
"Smith, Josh",669701,2025,27,244,273,68,48,12,1,7,48,25,17.6,9.2,".279",".422",".349","0.771","0.143",".321","21","89","100","3","8","49","357","175","0","213","6","68","0","0","0","2","20","12","195","34","0","33","62","15","19","0","1","1","5","0","0","8","1","1","82","3","0","0","1","0","1","0","0","34","7","1","0","370","2","684","82","1054",,"1","3","0","0",".272",".413",".338",".330",".343",".142",".375",".364",".345",".337",".007",".009",".008","69.3",3.7,10.6,8.7,34.7,28.3,"6.7",7,8.1,-2.4,43.4,35.5,"88.1","14.7",35.9,11,5.6,4,29.3,28.3,28.3,4,33.8,"98.096813814","93.108081031",66.2,12,27.8,38.4,59.4,53,138,46.3,497,79.8,9.2,170,590,230,1074,87.4,46,382,53.7,577,43.6,468,19,48.4,35.4,36.4,28.3,198,63.5,41.4,82,22.7,45,25.8,51,10.1,20,,,,,,,,,,,,,,,,,,,,,,,,,,,,,,,,"1","4.38","27.6"
"Crawford, J.P.",641487,2025,30,282,338,80,64,10,0,6,59,50,17.5,14.8,".284",".383",".394","0.777","0.099",".339","30","86","105","1","5","56","536","244","0","248","15","77","2","0","0","2","23","13","221","41","0","44","66","23","11","0","1","0","0","1","0","0","3","1","93","0","1","0","0","0","0","1","0","35","5","0","0","558","4","832","93","1390",,"1","0","1","0",".281",".410",".351",".357",".392",".130",".365",".374",".357",".354",".003","-0.027","-0.006","70.9",18.6,9.8,7.9,29,23.6,"7",3,3.9,1.1,34.4,36.2,"86.3","12.7",43.2,13,5.7,3.5,30.8,23.3,30,5.7,31.3,"97.129020631","92.57634527",62.7,15.1,20.5,33.3,66.7,47,141,48.6,687,76,8.8,147,922,234,1415,84.2,69,456,51.4,727,44.4,628,19.4,42.3,30.4,35.2,34.4,227,53.4,41,93,25.1,57,29.1,66,4.8,11,,,,,,,,,,,,,,,,,,,,,,,,,,,,,,,,,"4.56","26.6"
"Rafaela, Ceddanne",678882,2025,24,264,286,66,43,13,2,8,60,14,21,4.9,".250",".405",".297","0.702","0.155",".294","30","111","106","1","11","68","272","97","0","235","11","77","1","0","2","4","29","14","205","22","0","44","66","18","11","0","0","0","1","2","0","0","3","1","148","1","0","0","1","0","1","0","0","42","11","0","0","300","4","716","148","1016",,"1","1","1","0",".259",".459",".307",".329",".305",".200",".363",".392",".322",".334","-0.009","-0.054","-0.022","70.8",10.7,17.2,12.5,35.5,25.8,"7.5",12,11.9,0,53.6,33.9,"90.5","11.2",33.7,25,12,4.3,22.6,22.6,34.1,4.3,45.7,"100.942840485","94.986278",78.2,18.3,43.9,45.6,54.4,103,226,50.2,515,90.9,8.6,159,530,266,1025,80.5,73,399,49.8,510,38.5,395,28.2,61,35.1,40.9,24,208,72,46.6,97,27.9,58,20.2,42,5.3,11,,,,,,,,,,,"12","1","7","14.3","6","7","85.7","11","11","100.0","12","13","92.3","13","13","100.0","4.1","2.9","-1.6","5.4","39.8","3","4.18","28.8"
"Jones, Nolan",666134,2025,27,183,210,39,27,8,1,3,52,22,24.8,10.5,".213",".317",".301","0.618","0.104",".277","20","74","57","3","4","38","306","158","0","164","18","71","5","0","0","2","12","6","132","20","0","26","43","16","8","0","1","0","18","2","0","1","1","2","74","3","0","0","1","0","0","0","0","14","4","0","0","321","3","551","74","872",,"0","1","1","0",".256",".439",".278",".340",".342",".183",".315",".412",".293",".356","-0.043","-0.122","-0.062","72.7",32.4,14.5,10.8,34.1,25.4,"6.9",7,8.6,0.7,47.2,35.2,"92","12.2",39.6,12,9,9,26.9,20.9,30.6,3.7,47.8,"101.706948182","95.595103106",61.4,17.5,26.7,43.2,56.8,48,111,47.2,416,80.8,8.8,138,537,150,882,82.2,50,286,52.8,466,45.6,402,24.7,45,30.6,42.5,26.9,134,56.2,42.5,57,23.9,32,27.6,37,6,8,,,,,,,,,,,"-5","0","9","0.0","1","4","25.0","1","4","25.0","5","8","62.5","3","5","60.0","-1.3","-0.3","0.6","-1","32.4",,"4.57","27.5"
"Judge, Aaron",592450,2025,33,302,360,108,59,19,2,28,93,54,25.8,15,".358",".712",".458","1.170","0.354",".440","63","111","215","3","6","62","486","198","0","189","18","80","8","0","1","3","29","36","209","43","0","40","45","7","9","0","17","0","3","0","0","18","0","1","201","3","0","0","0","0","1","0","0","70","6","0","0","525","1","822","201","1347",,"1","1","0","0",".309",".699",".481",".451",".418",".390",".655",".606",".514",".445",".049",".013",".030","76.8",70.2,24.7,16.2,33.8,22.1,"8.1",17,14.6,-6,54.1,38.8,"95","17.8",38.1,51,24.3,7.1,21,22.9,23.3,1.4,54.8,"106.844322571","98.379519048",69.1,26.2,23.6,65.6,34.4,105,160,49.7,677,81.6,7.2,222,633,373,1362,73.8,124,473,50.3,685,41.6,566,36.2,46.5,40.5,33.3,26.2,210,58,35.7,75,36.2,76,23.8,50,4.3,9,,,,,,,,,,,"3","1","4","25.0","0","3","0.0","5","7","71.4","9","11","81.8","14","14","100.0","-0.4","-0.1","-0.4","-0.9","32.5",,"4.77","26.8"
"d'Arnaud, Travis",518595,2025,36,120,129,27,16,7,0,4,41,6,31.8,4.7,".225",".383",".271","0.654","0.158",".303","12","56","46","0","0","25","138","60","0","91","4","38","2","0","1","2","6","7","80","14","0","16","22","7","8","0","0","0","0","0","0","1","0","1","81","0","0","0","0","0","0","0","0","7","0","0","0","150","1","318","81","468",,"0","0","0","0",".236",".469",".286",".324",".284",".234",".391",".453",".338",".358","-0.011","-0.086","-0.038","70.2",8.5,15.2,10.3,31.8,21.4,"7.8",2,15.1,-4.7,58,32,"89.3","16.4",37.5,13,16.3,6.3,21.3,23.8,26.3,6.3,42.5,"100.5382875","94.735519125",74,24.7,34.2,55.3,44.7,42,76,47.4,222,75.6,8.8,52,249,116,468,75.3,45,182,52.6,246,45.7,214,33.7,55.1,40,38.8,21.3,80,72.1,35,28,28.7,23,26.3,21,10,8,"19","1.99","2","1.96","0",,,,"0.64","80.5",,,,,,,,,,,,,,,,,,,,,,,"4.81","26.3"
"Domínguez, Jasson",691176,2025,22,217,252,55,36,13,0,6,70,30,27.8,11.9,".253",".396",".341","0.737","0.143",".338","27","99","86","1","12","57","350","132","0","207","9","67","4","0","0","1","21","12","151","22","0","26","45","11","13","0","0","0","1","2","0","11","0","4","125","0","1","0","1","0","0","1","0","34","11","1","0","379","4","631","125","1010",,"1","2","1","0",".245",".408",".327",".335",".341",".163",".403",".416",".364",".363",".008","-0.012","-0.008","73.8",34.4,17.2,12.5,27.9,20.3,"7.8",6,6.3,-3.2,49.2,31.3,"90.1","14.2",33.1,14,9.3,7.3,25.2,23.8,30.5,4,49.7,"102.072039211","95.507929603",71.8,17.3,29.5,51.9,48.1,82,158,53,535,74.2,6.1,191,523,251,1010,82.7,59,341,47,475,42.5,429,28.3,49.4,38.4,34.4,27.2,151,61.1,43.7,66,25.2,38,22.5,34,8.6,13,,,,,,,,,,,"-5","0","5","0.0","0","2","0.0","4","10","40.0","5","6","83.3","7","9","77.8","-0.7","-0.6","0.2","-1.1","32.3","12","4.27","28.7"
"Julien, Edouard",666397,2025,26,91,104,18,11,5,0,2,29,11,27.9,10.6,".198",".319",".288","0.607","0.121",".262","8","47","29","2","0","26","164","79","0","77","2","29","2","0","1","1","5","4","63","9","0","10","26","9","0","0","0","0","6","0","0","7","0","1","44","1","0","1","0","0","1","0","0","8","0","0","0","177","1","267","44","444",,"1","0","0","0",".250",".442",".275",".337",".334",".192",".321",".424",".286",".361","-0.052","-0.123","-0.062","70.3",9.2,10.7,8,33.6,25.2,"7",3,13.4,4.2,46,40.2,"88.7","5.6",39.7,7,11.1,7.9,23.8,15.9,30.2,11.1,41.3,"99.636062188","94.384005079",63.4,16.8,22.4,49,51,25,51,51.4,228,75.6,9.2,116,204,106,444,83.2,23,137,48.6,216,41.4,184,25.5,42.3,36.5,34.9,28.6,63,68.3,49.2,31,22.2,14,28.6,18,0,0,,,,,,,,,,,,,,,,,,,,,,,,,,,,,,,,,"4.38","27.4"
"Berti, Jon",542932,2025,35,83,89,17,15,2,0,0,20,4,22.5,4.5,".205",".229",".258","0.487","0.024",".270","2","39","19","1","8","22","109","52","0","52","6","39","1","0","0","2","10","0","63","7","0","6","28","11","1","0","0","0","5","6","0","0","0","0","34","1","0","0","0","0","0","0","0","12","6","2","0","116","0","210","34","326",,"0","1","0","0",".252",".327",".225",".282",".303",".075",".251",".332",".270",".334","-0.047","-0.098","-0.057","71.6",18.3,11.3,8.4,30.9,22.9,"7.3",2,0.9,10.7,23.7,29.1,"86.6","1.3",31.7,2,3.2,4.8,31.7,12.7,39.7,6.3,34.9,"98.757771935","93.378885968",65.9,20.7,28,42.9,54.8,18,42,46,150,71,9.5,31,208,54,326,79.3,24,116,54,176,39.9,130,26.6,48.5,27,36.5,36.5,63,62.9,60.3,38,9.5,6,28.6,18,1.6,1,,,,,,,,,,,,,,,,,,,,,,,,,,,,,,,,,"4.34","28.5"
"Wilson, Weston",642215,2025,30,36,42,7,6,0,0,1,13,6,31,14.3,".194",".278",".310","0.588","0.084",".273","4","18","10","0","0","7","72","29","0","27","1","20","1","0","0","0","0","1","23","6","0","5","7","2","2","0","0","0","9","1","0","1","0","0","24","0","0","0","0","0","0","0","0","3","0","0","0","75","0","106","24","181",,"0","1","0","0",".278",".423",".275",".357",".381",".146",".321",".470",".304",".434","-0.084","-0.145","-0.082","73.5",25.4,9.3,6,25.6,16.4,"7.7",1,14.8,-5.4,59.7,34.5,"87.1","16.6",52.2,2,8.7,4.3,39.1,26.1,13,8.7,34.8,"99.9422675","94.302326957",63.2,23.6,23.4,63.6,36.4,14,22,51.9,94,90.9,6.1,22,88,62,181,76.4,13,55,48.1,87,45.3,82,35.1,42.5,39.1,39.1,21.7,23,59.5,30.4,7,26.1,6,34.8,8,8.7,2,,,,,,,,,,,,,,,,,,,,,,,,,,,,,,,,,,"27.4"
"Yelich, Christian",592885,2025,33,293,329,77,51,11,0,15,87,32,26.4,9.7,".263",".454",".340","0.794","0.191",".323","57","126","131","3","12","83","455","236","0","213","15","76","4","0","0","3","28","19","203","29","0","14","90","15","7","0","3","0","4","0","0","70","0","1","154","2","1","0","0","0","0","0","0","39","8","4","0","479","1","836","154","1315",,"0","2","1","0",".260",".446",".345",".338",".339",".186",".436",".426",".372",".370",".003",".008",".007","73.1",33.1,18.8,13.5,31.5,22.6,"7.5",16,9.6,6.5,46.2,35.7,"91.6","2",30.4,16,7.7,6.8,22.7,14,45.9,2.4,49.8,"102.923297476","95.87039199",63.9,19.1,27.4,57.1,42.9,104,182,50,665,76.8,7.1,112,789,327,1330,80.9,81,425,50,665,42.9,571,30.5,45.6,38.2,35.7,26.1,207,70.9,58,120,16.9,35,21.7,45,3.4,7,,,,,,,,,,,,,,,,,,,,,,,,,,,"-0.1","-3.2","-3","-6.3","25.4","2","4.39","27.9"
"Hassell III, Robert",690987,2025,23,78,79,17,15,1,0,1,21,1,26.6,1.3,".218",".269",".228","0.497","0.051",".286","8","30","21","0","1","20","83","35","0","53","1","21","1","0","0","0","8","1","57","8","0","7","26","4","2","0","0","0","0","0","0","0","0","0","40","0","0","0","0","0","0","0","0","6","1","0","0","89","0","191","40","280",,"0","1","0","0",".269",".398",".219",".292",".278",".130",".292",".394",".298",".370","-0.051","-0.129","-0.073","68.4",0.8,8.5,6.1,33,23.7,"6.7",0,9.1,6.6,55,36.7,"88.5","3.6",31.6,4,7,5.3,35.1,8.8,38.6,3.5,42.1,"99.154038929","93.844235455",77.1,17.8,29.9,57.9,42.1,22,38,45.4,127,90,7.1,46,138,77,280,79.7,21,118,54.6,153,38.9,109,27.6,55.7,26.3,56.1,17.5,57,65.8,59.6,34,14,8,22.8,13,3.5,2,,,,,,,,,,,"-1","0","2","0.0","0","1","0.0","2","4","50.0","2","3","66.7","2","2","100.0","0.4","0.3","-0.4","0.3","34.3",,"4.27","28.4"
"Maton, Nick",665155,2025,28,54,63,9,5,2,0,2,19,9,30.2,14.3,".167",".315",".286","0.601","0.148",".212","4","22","17","1","0","9","100","31","0","34","5","25","0","0","0","0","0","3","35","6","0","12","7","2","5","0","0","0","7","1","0","14","0","0","41","1","0","0","0","0","0","0","0","5","0","0","0","103","0","147","41","250",,"0","0","0","0",".137",".261",".275",".242",".260",".124",".317",".258",".257",".211",".030",".054",".033","71.4",11,7.8,5,32.8,21,"6.8",4,19.7,-9.2,41,36.1,"89","28.4",22.9,2,5.7,8.6,11.4,51.4,20,2.9,37.1,"98.372717222","93.408373143",67.5,30.9,26.9,62.9,37.1,22,35,52,130,75,6.4,62,124,52,250,69.1,25,81,48,120,42.8,107,40.5,46.4,37.1,42.9,20,35,50.8,20,7,42.9,15,22.9,8,14.3,5,,,,,,,,,,,,,,,,,,,,,,,,,,,,,,,,,,"25.3"
"Jones, Jahmai",663330,2025,27,30,34,11,4,5,0,2,7,4,20.6,11.8,".367",".733",".441","1.174","0.366",".429","5","4","22","0","0","5","58","12","0","28","3","16","1","0","0","0","5","3","22","3","0","3","2","4","2","0","0","0","7","0","0","9","0","0","12","0","0","0","0","0","0","0","0","4","0","0","0","62","0","77","12","139",,"0","0","0","0",".321",".606",".493",".427",".401",".285",".609",".511",".478",".418",".046",".127",".066","73.5",32.2,24.4,18.6,28.9,22,"7.6",0,11.5,-3.2,57.6,29.7,"93","16",34.8,4,17.4,4.3,39.1,21.7,13,4.3,65.2,"103.461406667","97.220839565",78.4,20.7,14.1,50,50,5,10,49,71,100,10.3,33,81,22,145,79.3,12,58,51,74,43.4,63,25,46.9,60.9,21.7,17.4,23,50,34.8,8,26.1,6,30.4,7,8.7,2,,,,,,,,,,,,,,,,,,,,,,,,,,,,,,,,,,"27.7"
"Langford, Wyatt",694671,2025,23,259,292,60,37,10,0,13,76,28,26,9.6,".232",".421",".308","0.729","0.189",".272","31","106","109","3","11","45","416","200","0","196","16","67","6","0","1","2","22","13","186","25","0","44","50","15","16","0","2","0","0","0","0","0","0","3","118","3","0","0","0","0","0","0","0","32","9","2","0","434","3","719","118","1153",,"0","3","0","0",".240",".449",".317",".337",".321",".209",".389",".421",".323",".343","-0.008","-0.028","-0.020","73.4",32.8,19.4,14.4,35.8,26.7,"7",4,16.9,-0.9,48.4,34.3,"91.1","16.7",30.6,24,12.9,7,21.5,28.5,24.7,5.4,47.8,"102.486560108","95.735538656",64.8,16.3,26.3,50,50,78,156,51.4,593,77.3,6.5,152,674,212,1153,83.7,59,363,48.6,560,43.1,497,26.4,45,43,33.3,23.7,186,61,38.7,72,30.6,57,22,41,8.6,16,,,,,,,,,,,"2","0","8","0.0","2","4","50.0","8","12","66.7","10","11","90.9","13","14","92.9","0.6","0.8","-0.1","1.3","35.2","10","4.31","28.9"
"Ritter, Ryan",690022,2025,24,61,67,14,9,3,2,0,25,3,37.3,4.5,".230",".344",".273","0.617","0.114",".378","6","20","19","0","0","12","59","26","0","35","1","17","1","0","0","1","4","2","36","7","0","3","13","5","1","0","0","0","0","0","0","0","1","1","53","0","0","0","0","0","0","0","0","8","0","0","0","65","2","158","53","223",,"0","1","0","0",".206",".258",".270",".235",".258",".052",".405",".344",".378",".352",".024",".086",".035","69",5.4,6.2,3.6,23.1,13.4,"6.7",5,11.3,-0.1,41.1,35.1,"83.6","2.7",42.1,0,0,10.5,34.2,15.8,26.3,13.2,28.9,"96.179925","92.206818571",78.3,30.7,35.5,79.5,20.5,31,39,46,110,71.4,5.9,15,128,74,239,66.3,31,101,54,129,43.1,103,44.3,58.6,39.5,39.5,21.1,38,73.1,47.4,18,13.2,5,36.8,14,2.6,1,,,,,,,,,,,,,,,,,,,,,,,,,,,,,,,,"2","4.3","29.0"
"Williamson, Ben",810938,2025,24,203,214,52,43,8,0,1,55,9,25.7,4.2,".256",".310",".291","0.601","0.054",".347","13","83","61","1","2","49","252","181","0","173","11","58","4","0","0","1","25","4","146","20","1","27","58","8","3","0","0","0","11","0","0","0","1","0","84","1","0","0","0","0","0","0","0","28","2","0","0","265","1","602","84","867",,"0","0","0","0",".236",".319",".269",".262",".272",".083",".340",".331",".351",".325",".020","-0.009",".007","69.9",8,14.8,11.5,29.7,23.1,"6.9",13,2.1,6.6,31.9,32.9,"88.6","3.1",22.8,5,3.4,4,28.2,20.1,38.3,4.7,43.6,"100.597080274","94.467274041",59.9,14.9,35.7,41.8,57.5,61,146,46.6,409,68.9,10.3,69,521,197,878,85.1,42,281,53.4,469,40.5,356,24.1,48.6,24.8,32.9,42.3,149,63.6,57,85,21.5,32,18.8,28,2.7,4,,,,,,,,,,,,,,,,,,,,,,,,,,,,,,,,,"4.52","28.0"
"Young, Jared",676724,2025,29,41,44,7,3,1,0,3,15,2,34.1,4.5,".171",".415",".227","0.642","0.244",".174","4","15","17","0","0","8","63","26","0","34","2","17","1","0","0","1","2","3","26","2","0","5","6","4","4","0","0","0","7","1","0","13","0","0","26","0","0","0","0","0","0","0","0","4","0","0","0","66","0","116","26","182",,"0","0","0","0",".196",".432",".278",".292",".251",".236",".390",".413",".269",".310","-0.025","-0.017","-0.014","74.1",35.5,13.5,9.2,23.1,15.8,"7.3",3,9.8,-2.7,61.8,28.6,"84","22.5",38.5,3,11.5,7.7,23.1,30.8,23.1,3.8,38.5,"98.343938462","93.301283462",69.6,23.4,28.9,57.7,42.3,15,26,49.5,90,92.3,7.1,21,98,53,182,76.6,15,64,50.5,92,41.8,76,33.3,49.5,38.5,30.8,30.8,26,65.9,30.8,8,30.8,8,23.1,6,15.4,4,,,,,,,,,,,,,,,,,,,,,,,,,,,,,,,,,,"27.8"
"Shaw, Matt",807713,2025,23,176,195,39,26,11,0,2,40,17,20.5,8.7,".222",".318",".297","0.615","0.096",".276","10","92","52","1","9","42","234","129","0","139","9","51","0","0","2","2","13","7","133","17","0","16","46","21","13","0","0","0","3","0","0","0","0","0","69","1","0","0","0","0","0","0","0","24","8","1","0","252","0","484","69","736",,"0","0","1","0",".248",".353",".279",".302",".322",".106",".302",".336",".287",".322","-0.026","-0.035","-0.023","69.3",12.9,8.1,6.5,25.6,20.4,"6.8",10,9.3,4.1,58.8,26.6,"82.7","10",34.6,5,3.7,5.9,24.3,20.6,35.3,9.6,25,"95.282417164","91.762322463",63.7,18,31,33.3,66.7,37,111,47.1,358,64.8,7.1,86,430,169,760,81.6,46,256,52.9,402,42.1,320,22.6,48.3,33.1,31.6,35.3,136,63.6,44.9,61,17.6,24,27.9,38,9.6,13,,,,,,,,,,,,,,,,,,,,,,,,,,,,,,,,"2","4.26","28.9"
"Bruján, Vidal",660644,2025,27,31,32,5,3,2,0,0,8,1,25,3.1,".161",".226",".188","0.414","0.065",".217","2","17","7","1","2","8","38","18","0","25","0","25","0","0","1","0","1","2","23","2","0","5","8","3","2","0","0","0","1","7","0","1","0","0","13","0","1","0","0","0","0","0","0","5","1","1","0","43","0","80","13","123",,"0","0","0","0",".151",".262",".184",".191",".177",".112",".226",".236",".217",".203",".010","-0.036","-0.007","68",5.8,4.9,3.8,24.4,19.2,"6.7",2,4.4,6.1,46.2,32.8,"85.6","10",34.8,0,0,21.7,8.7,30.4,39.1,0,43.5,"96.401781667","92.383538261",70.3,11.1,28.8,52.9,47.1,9,17,48,59,100,10.6,6,84,19,123,88.9,5,45,52,64,41.5,51,22.6,50.4,30.4,47.8,21.7,23,53.1,39.1,9,30.4,7,21.7,5,8.7,2,,,,,,,,,,,,,,,,,,,,,,,,,,,,,,,,,,"27.0"
"Reynolds, Bryan",668804,2025,30,301,335,71,46,14,2,9,85,29,25.4,8.7,".236",".385",".304","0.689","0.149",".295","39","126","110","2","3","69","467","179","0","238","22","76","8","0","0","2","21","16","214","32","0","40","77","26","1","0","1","0","0","0","0","19","0","3","146","2","0","0","0","0","0","0","0","27","3","0","0","504","3","808","146","1312",,"0","1","0","0",".282",".523",".303",".372",".348",".241",".367",".472",".324",".391","-0.046","-0.138","-0.069","72.5",23.1,18.6,13.9,34.1,25.5,"6.9",16,12.9,1.9,49.5,38,"91.6","6.7",40.6,26,11.9,9.6,26.5,16.9,32.9,1.8,48.4,"102.827203853","96.009844358",72.1,18.3,23.7,57.1,42.3,89,156,49.7,657,82.4,9,285,622,339,1323,81.5,88,480,50.3,666,42.7,565,27.8,48.1,39.7,35.6,24.7,219,62.6,45.7,100,26.5,58,27.4,60,0.5,1,,,,,,,,,,,"-5","0","11","0.0","0","3","0.0","4","5","80.0","3","5","60.0","7","10","70.0","-1.3","-0.7","0.7","-1.3","31.4",,"4.4","27.9"
"Gasper, Mickey",681508,2025,29,34,39,6,5,1,0,0,9,4,23.1,10.3,".176",".206",".282","0.488","0.030",".240","3","16","7","0","0","10","62","32","0","25","2","17","0","0","0","1","5","1","25","0","0","6","7","4","2","0","0","0","2","1","0","9","0","0","12","0","0","0","0","0","0","0","0","5","0","0","0","67","0","96","12","163",,"0","1","0","0",".149",".209",".236",".224",".258",".059",".228",".209",".240",".203",".027","-0.003",".012","70.3",10.9,7.9,6.5,42.1,34.8,"6.6",2,10.3,-5.8,60.9,28.4,"88.2","12.9",20,0,0,12,24,32,24,8,28,"97.637128462","93.3791348",59.7,17.4,20.9,33.3,66.7,6,18,52.8,86,66.7,7.4,42,85,32,163,82.6,8,46,47.2,77,44.2,72,21.9,39.3,28,36,36,25,56.4,48,12,28,7,16,4,8,2,"0",,,,"0",,,,,,,,,,,,,,,,,,,,,,,,,,,,,"26.8"
"Friedl Jr., TJ",670770,2025,29,299,347,85,62,13,2,8,57,39,16.4,11.2,".284",".421",".371","0.792","0.137",".325","30","93","126","3","9","59","517","285","0","186","7","77","4","0","0","4","30","14","246","40","1","34","81","19","26","0","0","0","0","1","0","1","2","3","70","3","0","0","0","0","1","0","0","47","8","1","0","540","5","812","70","1352",,"1","3","0","0",".249",".335",".351",".307",".341",".087",".372",".309",".347",".305",".035",".086",".044","69.2",2.7,12.8,10.6,35.6,29.4,"6.7",6,9.3,-7.6,58.7,28.1,"86.7","12",32.8,8,3.2,2.4,28.3,24.3,34,7.7,30.8,"97.087805128","92.579096282",57.6,8.9,18.5,42.1,56.2,51,121,47.6,654,64.6,8.2,196,838,273,1373,89.4,37,415,52.4,720,41.8,574,16.4,39,49.4,33.6,17,247,52.7,45.3,112,19.4,48,24.3,60,10.9,27,,,,,,,,,,,"1","0","11","0.0","1","7","14.3","2","4","50.0","13","13","100.0","22","23","95.7","0.7","-0.9","-0.7","-0.9","33.2",,"4.42","26.8"
"Lee, Jung Hoo",808982,2025,26,298,333,74,45,17,6,6,36,29,10.8,8.7,".248",".406",".318","0.724","0.158",".263","34","107","121","2","6","55","437","232","0","227","4","78","0","0","2","3","23","11","261","40","0","59","91","25","10","0","0","0","0","0","0","1","0","3","66","1","1","0","0","0","1","0","0","46","5","1","0","457","3","794","66","1251",,"1","1","0","0",".283",".403",".317",".333",".351",".120",".315",".334",".279",".321","-0.035",".003","-0.016","68.5",4.6,11,9.7,41.7,36.6,"7.6",5,6.5,-5.8,45.2,39.4,"87.8","12.1",34.3,10,3.8,4.2,27.5,27.9,32.8,3.4,31.3,"97.272883664","92.737791183",64.7,8.3,22.8,27.7,72.3,38,137,47.3,600,68,8.1,197,706,270,1268,91.7,36,432,52.7,668,42,532,13,44.9,40.4,35.8,23.8,265,62.5,43.8,116,27.2,72,25.3,67,3.8,10,,,,,,,,,,,"1","0","10","0.0","0","3","0.0","2","2","100.0","7","8","87.5","14","14","100.0","0.1","-0.5","-0.4","-0.8","34",,"4.23","28.0"
"Paredes, Isaac",670623,2025,26,288,338,72,45,10,1,16,59,42,17.5,12.4,".250",".458",".355","0.813","0.208",".260","46","115","131","1","0","67","545","287","0","269","13","77","8","0","0","6","16","25","226","30","0","48","58","29","19","0","0","0","2","0","0","2","0","2","74","1","0","0","0","0","0","0","0","41","0","0","0","596","2","871","74","1467",,"0","1","1","0",".246",".405",".357",".337",".354",".159",".378",".348",".312",".310",".004",".053",".020","68.8",9.6,9.8,8.3,31.4,26.7,"8",6,15.3,-15,53,32.4,"87.5","20.4",39.4,15,6.5,6.1,26,32.9,24.2,3.9,34.2,"98.319434","93.256462391",59.1,9.1,21,32.1,67.9,50,156,50.1,743,74.3,7.1,158,829,371,1484,90.9,40,438,49.9,741,41.8,621,15.2,40,55.4,29,15.6,231,55.3,32.9,76,31.6,73,26.8,62,8.7,20,,,,,,,,,,,,,,,,,,,,,,,,,,,,,,,,,"4.86","25.7"
"Ramírez, José",608070,2025,32,290,325,92,62,16,1,13,35,27,10.8,8.3,".317",".514",".378","0.892","0.197",".321","38","97","149","5","21","51","446","194","0","247","10","77","2","0","0","4","25","18","259","48","1","62","56","18","30","0","7","0","0","0","0","12","0","4","83","5","0","0","0","0","0","1","0","43","14","7","0","479","4","797","83","1276",,"1","1","1","0",".304",".471",".379",".358",".369",".167",".401",".374",".355",".343",".013",".043",".021","71",17.5,14.8,12.7,37.2,31.9,"7.2",11,9.4,-9.4,60.5,30.4,"89.3","20.1",38.2,20,7.7,6.6,26.3,32.8,22,4.2,40.2,"99.751957923","94.11510695",67.7,9.4,28.5,30.5,69.5,58,190,52.2,666,71.6,7.4,306,619,277,1276,90.6,39,413,47.8,610,41.8,534,16.1,47.3,48.3,32.8,18.9,259,56.5,31.3,81,30.9,80,25.5,66,12.4,32,,,,,,,,,,,,,,,,,,,,,,,,,,,,,,,,"1","4.26","28.3"
"Jung, Jace",690291,2025,24,45,53,5,5,0,0,0,15,7,28.3,13.2,".111",".111",".245","0.356","0.000",".167","3","15","5","0","0","7","72","37","0","44","2","18","2","0","0","1","1","0","30","4","0","4","14","3","4","0","0","0","4","1","0","0","0","0","20","0","0","0","0","0","0","0","0","8","0","0","0","76","0","135","20","211",,"0","0","0","0",".176",".231",".189",".255",".301",".055",".148",".265",".167",".265","-0.065","-0.120","-0.066","73.5",38.8,12.3,9.4,24.6,18.8,"7.5",0,9.4,1.2,47.1,32,"88.5","11.9",30,1,3.3,6.7,20,23.3,43.3,3.3,40,"99.865137333","94.033628333",64.5,18.3,26.7,37,59.3,10,27,47.9,101,63.2,9,30,118,56,211,81.7,13,71,52.1,110,43.6,92,23.5,46.4,33.3,46.7,20,30,56.6,50,15,13.3,4,23.3,7,13.3,4,,,,,,,,,,,,,,,,,,,,,,,,,,,,,,,,,"4.55","25.5"
"Moniak, Mickey",666160,2025,27,201,217,47,25,6,5,11,55,14,25.3,6.5,".234",".478",".286","0.764","0.244",".265","27","69","96","2","3","37","219","108","0","120","10","68","0","0","1","1","13","15","144","19","0","35","43","14","5","0","1","0","13","1","0","5","0","1","93","2","0","0","1","0","0","1","1","27","3","0","0","234","1","488","93","722",,"2","0","0","0",".240",".441",".325",".314",".291",".201",".412",".395",".320",".328","-0.006",".037",".011","73.7",35.6,16.3,12.1,34.7,25.7,"7.7",13,11.9,-3.4,46.8,33.1,"88.8","15.6",34.7,16,10.9,9.5,22.4,26.5,23.8,6.8,44.2,"100.477512192","94.573607877",67.9,19.4,37.5,49.3,49.3,66,134,48.4,357,76.1,6.2,141,370,181,737,79.5,50,258,51.6,380,45.3,334,29.6,53.2,44.9,32,23.1,147,62.5,38.8,57,35.4,52,22.4,33,3.4,5,,,,,,,,,,,"-1","0","8","0.0","0","1","0.0","4","8","50.0","10","12","83.3","10","10","100.0","0.1","0.2","-0.5","-0.2","34.1","1","4.31","28.7"
"Bailey, Patrick",672275,2025,26,182,206,35,23,9,2,1,64,18,31.1,8.7,".192",".280",".261","0.541","0.088",".283","17","82","48","0","0","45","256","127","0","125","11","62","3","0","0","0","8","9","121","17","0","38","36","4","8","0","0","0","0","0","0","0","3","3","106","0","0","0","0","0","0","0","0","19","0","0","0","271","6","500","106","771",,"0","1","1","0",".198",".343",".244",".270",".268",".145",".306",".350",".289",".301","-0.006","-0.063","-0.026","71.5",14.2,13.1,9,30.2,20.7,"7.3",7,9.4,-3.8,47.4,33.4,"88.2","17.5",33.1,9,7.3,8.1,20.2,33.1,24.2,6.5,34.7,"98.624186","93.399008319",66.8,19.5,29.3,64.6,33.6,73,113,49.2,386,90.9,8.4,156,417,163,784,80.1,52,266,50.8,398,47.2,370,33,48.3,26.6,47.6,25.8,124,63.1,36.3,45,37.9,47,17.7,22,8.1,10,"20","1.89","1.9","1.87","1","1.35","1.35",,"0.62","83.5",,,,,,,,,,,,,,,,,,,,,,,"4.75","25.3"
"Larnach, Trevor",663616,2025,28,287,320,73,48,12,1,12,69,27,21.6,8.4,".254",".429",".323","0.752","0.175",".293","39","119","123","2","2","63","434","214","1","169","18","76","7","0","0","3","22","15","216","36","0","37","76","19","10","0","1","0","2","1","0","34","0","2","135","2","0","0","0","0","0","0","0","43","2","0","0","461","2","767","135","1228",,"0","6","0","1",".266",".428",".328",".331",".334",".162",".383",".387",".332",".347","-0.012",".001","-0.003","72.1",22.4,19,13.8,38.4,27.7,"7.3",14,8.1,-10.4,40.5,35,"91.1","9.7",34.5,17,7.7,3.6,28.6,23.2,33.6,3.2,45.9,"101.870521364","95.493465409",63,17.5,28.5,56.8,43.2,105,185,52.1,650,70.2,7.5,206,663,308,1247,82.5,66,377,47.9,598,43.3,540,30.4,45.1,40.9,36.8,22.3,220,56.3,45.9,101,23.6,52,25.9,57,4.5,10,,,,,,,,,,,"-4","0","3","0.0","0","1","0.0","1","5","20.0","2","4","50.0","8","9","88.9","-1.5","-1.7","0.8","-2.4","31.3",,"4.68","26.1"
"García, Adolis",666969,2025,32,275,303,63,37,17,0,9,74,18,24.4,5.9,".229",".389",".277","0.666","0.160",".271","39","129","106","2","7","70","370","164","0","217","16","76","4","0","0","3","17","16","203","29","0","61","48","10","20","0","0","0","1","0","0","2","0","6","173","2","0","0","0","0","1","0","0","26","6","1","0","388","6","781","173","1169",,"1","2","2","0",".246",".456",".289",".326",".297",".210",".351",".404",".303",".332","-0.017","-0.067","-0.037","72.4",26.8,19.1,13.4,38.2,26.8,"7.6",9,9,-1.4,62.8,28.1,"93.6","20.5",30.8,26,12.5,7.7,21.6,35.1,22.6,0.5,50.5,"102.626276635","96.164455529",69.8,23.5,36.9,46.7,53.3,107,229,52,621,77.4,7,128,764,213,1194,76.5,94,400,48,573,42.3,505,32,52.7,36.1,34.1,29.8,208,64.7,32.2,67,38,79,20.2,42,9.6,20,,,,,,,,,,,"1","1","14","7.1","4","9","44.4","10","14","71.4","12","15","80.0","11","13","84.6","1","1.1","0","2.1","35.8","1","4.44","27.2"
"Robles, Victor",645302,2025,28,44,46,12,9,3,0,0,7,0,15.2,0,".273",".341",".283","0.624","0.068",".316","3","17","15","0","3","6","41","17","0","32","1","10","1","0","0","1","7","2","38","3","0","10","13","1","2","0","0","0","0","0","0","0","0","1","20","0","0","0","0","0","0","0","0","3","1","2","0","45","1","112","20","157",,"0","0","0","0",".204",".280",".272",".216",".218",".076",".310",".243",".316",".237",".069",".061",".056","66.7",0,5.5,4.3,32.7,25.7,"6.7",1,8.8,-1.3,49.3,31.5,"85.1","5.3",26.3,2,5.3,2.6,15.8,26.3,47.4,2.6,18.4,"94.358387368","91.349130263",78.1,8.8,45.2,42.1,50,16,38,53.5,84,86.7,9.6,14,86,34,157,89.5,5,57,46.5,73,38.9,61,22.1,60.5,34.2,39.5,26.3,38,73.9,52.6,20,31.6,12,10.5,4,5.3,2,,,,,,,,,,,"-2","0","4","0.0","0","0",,"0","1","0.0","2","3","66.7","1","2","50.0","-1.2","0.1","-0.1","-1.2","32.4","2","4.36","27.8"
"Schneemann, Daniel",682177,2025,28,178,199,41,25,8,0,8,49,20,24.6,10.1,".230",".410",".308","0.718","0.180",".273","21","67","73","1","5","38","258","121","0","121","7","62","4","0","0","0","20","9","128","12","0","19","48","12","8","0","1","0","10","3","0","0","1","0","91","1","0","0","0","0","0","0","0","23","4","1","0","276","1","479","91","755",,"0","2","0","0",".238",".456",".315",".332",".316",".217",".379",".405",".318",".330","-0.008","-0.046","-0.017","71.7",16.3,15.6,11.2,33.8,24.3,"7.1",11,14.2,2.6,48.9,34,"87.9","6.7",33.8,18,13.8,5.4,20,18.5,33.8,7.7,40,"100.08441375","94.269892205",69,24.2,27,42.5,56.6,45,106,51.4,393,82.7,6.8,169,366,184,764,74.6,62,256,48.6,371,42,321,29.6,47.4,42.3,36.9,20.8,130,63.8,53.1,69,22.3,29,18.5,24,6.2,8,,,,,,,,,,,"1","0","0",,"0","0",,"1","1","100.0","1","1","100.0","0","0",,,,,,,,"4.28","27.9"
"Bart, Joey",663698,2025,28,170,197,40,33,5,1,1,50,24,25.4,12.2,".235",".294",".340","0.634","0.059",".328","13","78","50","0","1","44","310","134","0","102","6","50","10","0","2","3","15","5","118","20","0","23","45","8","2","0","0","0","0","0","0","3","0","0","72","0","0","0","0","0","0","0","0","9","1","0","0","329","0","441","72","770",,"0","0","2","0",".230",".390",".295",".323",".335",".160",".327",".373",".333",".325",".005","-0.096","-0.028","73.9",41.4,20,14.3,32.6,23.3,"7.3",8,9.6,-1.7,48.1,34.5,"88.2","9.6",37.5,11,9.2,6.7,23.3,20,37.5,3.3,42.5,"101.25736","94.7690835",58.9,15.7,23.2,55.6,44.4,55,99,53.8,427,69,7.3,72,440,207,794,84.3,34,216,46.2,367,42.4,337,28.3,39.7,43.3,39.2,17.5,120,54.8,51.7,62,23.3,28,23.3,28,1.7,2,"16","2.02","2.01","2.03","2","1.5","1.5",,"0.7","83.7",,,,,,,,,,,,,,,,,,,,,,,"4.69","26.2"
"Lowe, Brandon",664040,2025,30,293,316,80,53,10,0,17,76,20,24.1,6.3,".273",".481",".320","0.801","0.208",".312","43","112","135","1","2","66","387","117","0","220","20","75","3","0","2","1","21","19","215","37","0","41","65","19","13","0","0","0","4","0","0","3","0","2","174","1","0","0","0","0","0","0","0","47","2","0","0","409","2","752","174","1161",,"0","3","0","0",".280",".523",".346",".360",".326",".243",".433",".454",".365",".375","-0.007","-0.042","-0.014","73.2",31.8,16.3,11.8,34.1,24.6,"7.2",15,14.7,-1.7,49.2,33.7,"92.2","13.8",38.4,28,12.8,6.4,26,25.1,28.3,0.9,47,"101.972104954","95.533560138",78.5,22.2,28.5,60.2,39.8,97,161,47.6,564,94,7.1,277,553,271,1183,77.8,108,487,52.4,620,43.6,516,31.6,54.8,46.6,32.9,20.5,219,61.4,39.7,87,28.3,62,26,57,5.9,13,,,,,,,,,,,,,,,,,,,,,,,,,,,,,,,,,"4.44","26.6"
"Happ, Ian",664023,2025,30,298,344,73,47,14,0,12,79,42,23,12.2,".245",".413",".337","0.750","0.168",".290","42","101","123","1","4","73","502","249","0","247","16","72","5","0","1","1","17","14","220","42","0","49","58","20","19","0","0","0","1","0","0","2","0","3","125","1","0","0","0","0","0","0","0","51","3","1","0","530","3","863","125","1393",,"0","2","2","0",".260",".441",".332",".348",".352",".181",".379",".405",".329",".352","-0.015","-0.028","-0.016","72",19.2,14.3,10.8,30,22.8,"7",5,10.4,-6.8,48.3,32.2,"89.4","17.5",35.6,22,9.9,9,27,27.9,23.4,2.7,41.4,"100.659848649","94.518276968",63.3,17.9,22.6,44.7,55.3,67,150,47,664,85.6,8.8,280,805,261,1413,82.1,85,474,53,749,44.5,629,24.4,44.2,40.1,31.5,28.4,222,59,34.2,76,28.4,63,28.8,64,8.6,19,,,,,,,,,,,"-2","0","7","0.0","1","4","25.0","4","7","57.1","10","13","76.9","12","14","85.7","0.1","-0.6","0.2","-0.4","33.5",,"4.47","27.2"
"Carlson, Dylan",666185,2025,26,108,115,26,18,4,0,4,30,6,26.1,5.2,".241",".389",".278","0.667","0.148",".293","12","38","42","2","2","21","159","70","0","108","10","39","2","0","0","0","6","5","78","15","0","20","21","7","4","0","0","0","1","2","0","0","0","1","49","2","0","0","1","0","1","0","0","10","2","0","0","167","1","315","49","482",,"1","1","0","0",".231",".381",".291",".281",".269",".150",".371",".356",".329",".316",".010",".008",".010","68.5",3.7,8.5,6.5,32.7,25,"6.9",2,10.1,1.5,50.9,36.4,"88.4","16",36.7,6,7.6,1.3,26.6,32.9,27.8,3.8,25.3,"96.61267359","92.423649221",75,22.1,23.1,30.8,69.2,16,52,46.4,225,86.1,7.4,72,308,83,485,77.9,43,195,53.6,260,44.9,218,23.9,50.9,40.5,38,21.5,79,67,35.4,28,31.6,25,27.8,22,5.1,4,,,,,,,,,,,"-2","0","9","0.0","1","4","25.0","1","3","33.3","3","5","60.0","6","6","100.0","-0.7","-0.3","0.6","-0.3","33.7",,"4.32","27.6"
"Taylor, Chris",621035,2025,34,65,69,13,7,5,0,1,26,1,37.7,1.4,".200",".323",".246","0.569","0.123",".316","5","28","21","1","1","16","80","41","0","44","3","38","1","0","0","3","2","3","39","7","1","8","12","3","3","0","0","0","4","4","0","0","0","0","50","1","0","0","0","0","0","0","0","10","1","0","0","89","0","181","50","270",,"0","0","0","0",".201",".331",".253",".254",".247",".130",".374",".377",".333",".334","-0.001","-0.008","-0.001","70.3",7.4,8.1,5,27,16.5,"7.1",4,13.7,-3.4,40.5,38.3,"84.2","19.1",41,3,7.7,7.7,20.5,30.8,25.6,7.7,28.2,"96.266891053","92.155709474",71.5,31.1,29.4,62.2,35.1,23,37,46.7,126,81.5,10,19,159,53,270,68,32,103,53.3,144,46.3,125,39.3,51.9,43.6,33.3,23.1,39,68.1,35.9,14,28.2,11,25.6,10,10.3,4,,,,,,,,,,,"0","0","5","0.0","0","1","0.0","4","5","80.0","1","2","50.0","0","0",,"-1.1","-2.4","0.3","-3.2","30.5",,"4.47","27.7"
"Hurtubise, Jacob",674441,2025,27,12,15,1,1,0,0,0,6,1,40,6.7,".083",".083",".267","0.350","0.000",".167","0","7","1","0","0","3","19","13","0","13","1","12","0","0","0","2","0","0","6","1","0","1","4","0","0","0","0","0","0","3","0","0","0","0","5","0","0","0","1","0","0","0","0","3","0","0","0","22","0","40","5","62",,"0","0","0","0",".153",".177",".202",".259",".323",".024",".148",".289",".167",".307","-0.070","-0.094","-0.057","66.3",0,5.9,4.5,23.5,18.2,"7",1,5.5,0.4,54.5,36.7,"89.3","5",16.7,0,0,0,33.3,16.7,50,0,16.7,"94.89156","92.071823333",63.6,14.3,20.7,66.7,16.7,4,6,46.8,29,66.7,9.7,6,33,19,62,85.7,3,21,53.2,33,37.1,23,25.9,43.5,66.7,16.7,16.7,6,73.3,66.7,4,16.7,1,16.7,1,0,0,,,,,,,,,,,,,,,,,,,,,,,,,,,,,,,,,,
"Arraez, Luis",650333,2025,28,306,327,87,64,16,4,3,6,13,1.8,4,".284",".392",".313","0.705","0.108",".280","30","120","120","1","3","66","322","214","0","255","5","74","4","0","0","1","32","7","303","48","0","67","97","38","13","0","0","0","1","0","0","13","4","3","19","0","0","1","1","0","0","0","0","37","2","1","0","344","7","800","19","1144",,"0","1","0","0",".273",".342",".308",".282",".302",".069",".296",".268",".287",".276",".011",".050",".026","62.5",0.2,2.3,2.2,46.2,44.2,"5.9",2,5.6,4.9,41.2,36.9,"85.2","12.9",37.5,1,0.3,2,25.7,33.9,32.6,4.9,16,"92.89286094","90.473967047",64.4,3.7,35.8,5.3,94.1,10,187,45.3,523,73.3,9.1,105,716,240,1155,95.8,15,407,54.7,632,42.5,491,4.2,51.4,30,31.3,38.8,307,64.5,42.3,130,24.1,74,28.7,88,4.9,15,,,,,,,,,,,,,,,,,,,,,,,,,,,,,,,,,"4.52","26.4"
"Schwarber, Kyle",656941,2025,32,300,363,74,39,9,1,25,95,58,26.2,16,".247",".533",".377","0.910","0.286",".272","55","143","156","1","6","79","594","269","0","205","10","81","1","0","0","5","14","27","203","32","0","42","61","12","15","0","5","0","2","0","1","76","0","0","165","1","0","0","0","0","0","0","0","57","6","0","0","648","0","862","165","1510",,"0","1","0","0",".271",".593",".390",".416",".398",".322",".484",".529",".361",".397","-0.024","-0.060","-0.026","76.8",73.9,24.7,18,33.9,24.8,"7.5",21,14,-5.4,66.4,29.9,"93.6","18.6",34.6,33,16.1,8.3,23.9,25.4,23.4,2.9,57.6,"104.796123398","97.465308488",59.6,22.7,20.6,53,47,89,168,53,814,71.3,7,230,775,431,1537,77.3,98,431,47,723,40.6,624,31.2,39,52.7,29.8,17.6,205,53.3,36.6,75,34.6,71,21.5,44,7.3,15,,,,,,,,,,,,,,,,,,,,,,,,,,,,,,,,,"4.51","26.0"
"Narváez, Carlos",665966,2025,26,209,235,56,34,16,0,6,59,26,25.1,11.1,".268",".431",".349","0.780","0.163",".347","23","91","90","1","1","53","331","144","0","197","9","61","5","0","0","0","20","12","150","24","0","30","45","8","11","0","0","0","4","0","1","1","0","0","126","1","0","0","0","0","1","0","0","30","1","0","0","350","0","630","126","980",,"1","0","1","0",".231",".391",".344",".312",".316",".161",".419",".368",".373",".321",".037",".040",".032","72.1",19.6,15.6,11.4,33,24.2,"7.6",12,9.2,1.8,52.9,29.4,"91.2","13.1",28,17,11.3,3.3,24.7,27.3,28,5.3,43.3,"102.2087556","95.696645467",69.6,19.8,29.4,49.7,50.3,71,143,49.7,487,78.5,8.1,121,582,207,980,80.2,68,343,50.3,493,42.1,413,28.6,49.6,40.7,31.3,28,150,61.3,43.3,65,28,42,21.3,32,7.3,11,"37","1.92","1.92","1.9","7","1.47","1.45","1.48","0.57","79.8",,,,,,,,,,,,,,,,,,,,,,,"4.73","25.9"
"Turner, Trea",607208,2025,32,331,360,100,70,17,2,11,58,24,16.1,6.7,".302",".465",".356","0.821","0.163",".338","35","134","143","5","19","78","461","177","0","234","13","79","4","0","1","4","38","18","268","40","0","53","80","25","13","0","0","0","2","0","0","0","0","1","145","5","0","0","1","0","3","0","0","54","11","8","0","493","1","846","145","1339",,"3","2","0","0",".280",".434",".359",".335",".336",".154",".400",".369",".365",".339",".022",".031",".024","70.8",15.2,14.7,11.3,35.2,27,"7.6",10,8.2,-3.4,60.7,27.9,"89.4","11.3",35.8,20,7.3,5.5,27.4,23.7,32.8,2.9,40.9,"100.043120365","94.27281707",71.8,14.1,29.4,49.8,50.2,101,203,51,690,83.8,7.8,165,704,369,1352,85.9,67,475,49,662,41.3,558,24.8,50.1,36.9,40.5,22.6,274,64.7,43.8,120,26.6,73,24.8,68,4.7,13,,,,,,,,,,,,,,,,,,,,,,,,,,,,,,,,"55","4.24","30.0"
"Stefanic, Michael",683021,2025,29,22,25,4,4,0,0,0,3,3,12,12,".182",".182",".280","0.462","0.000",".211","0","13","4","0","0","5","38","21","0","12","0","9","0","0","0","0","2","0","19","2","0","4","7","2","2","0","0","0","1","1","0","0","0","0","5","0","0","0","0","0","0","0","0","1","0","0","0","40","0","58","5","98",,"0","0","0","0",".226",".330",".225",".292",".319",".104",".187",".275",".211",".261","-0.044","-0.148","-0.067","67.8",7.4,27.3,22.2,50,40.7,"6.6",0,6.1,-0.8,29.6,32.1,"90.7","10.6",21.1,1,5.3,0,15.8,31.6,47.4,0,42.1,"97.646602","93.775205789",55.3,15.4,21.6,18.2,81.8,2,11,52,51,25,4.1,12,60,21,98,84.6,4,26,48,47,39.8,39,16.2,37.8,52.6,36.8,10.5,19,64,47.4,9,21.1,4,21.1,4,10.5,2,,,,,,,,,,,,,,,,,,,,,,,,,,,,,,,,,,"25.1"
"McCutchen, Andrew",457705,2025,38,256,290,67,46,13,0,8,60,29,20.7,10,".262",".406",".339","0.745","0.144",".311","28","101","102","0","1","51","416","185","1","206","11","71","4","0","0","2","23","14","194","28","0","33","65","11","20","0","1","0","0","0","0","58","0","2","140","0","0","0","0","0","0","0","0","25","1","0","0","442","2","740","140","1182",,"0","1","0","1",".268",".438",".329",".340",".345",".169",".373",".389",".338",".347","-0.006","-0.032","-0.011","71",10.4,14.9,11.1,32.6,24.2,"7.7",11,15.2,-1.8,50.3,34.4,"89","14.1",30.3,19,9.6,4.5,27.3,23.2,31.3,4,44.4,"100.277602121","94.363529091",69.6,19.6,23,53.7,46.3,72,134,48.4,583,86.9,7,131,642,315,1205,80.4,85,433,51.6,622,42.7,515,27.7,47.1,48.5,33.3,18.2,198,61.2,45.5,90,24.2,48,20.2,40,10.1,20,,,,,,,,,,,,,,,,,,,,,,,,,,,,,,,,,"4.54","27.3"
"Joe, Connor",656582,2025,32,58,66,12,8,4,0,0,17,6,25.8,9.1,".207",".276",".273","0.549","0.069",".279","4","28","16","2","2","16","92","63","0","46","2","29","2","0","0","0","4","1","43","6","1","9","13","6","2","0","0","0","8","0","0","2","0","2","21","1","1","0","0","0","0","1","0","2","2","0","0","99","2","176","21","275",,"1","0","0","0",".226",".311",".247",".272",".295",".085",".283",".322",".279",".314","-0.019","-0.035","-0.025","72.1",22.5,14.8,11.8,33.3,26.5,"7.3",3,6.8,-6.5,49,30.3,"89.5","14.2",39.5,0,0,9.3,30.2,27.9,27.9,2.3,34.9,"99.388076667","93.893888333",57.9,17,20.3,36,64,9,25,44.7,123,69.7,12,22,170,52,275,83,15,88,55.3,152,41.8,115,21.2,41.1,30.2,32.6,37.2,43,62.1,39.5,17,23.3,10,30.2,13,7,3,,,,,,,,,,,"-1","0","1","0.0","0","1","0.0","0","1","0.0","2","3","66.7","1","1","100.0","0.2","-0.6","0.2","-0.2","33.5",,,"26.9"
"Siri, Jose",642350,2025,29,20,24,1,0,1,0,0,8,4,33.3,16.7,".050",".100",".208","0.308","0.050",".083","1","10","2","0","2","7","35","17","0","18","1","10","0","0","0","0","0","0","12","1","0","7","3","0","1","0","0","0","1","1","0","0","0","0","16","0","0","0","0","0","0","0","0","5","2","0","0","36","0","65","16","101",,"0","0","0","0",".118",".255",".168",".245",".265",".137",".105",".259",".083",".196","-0.068","-0.155","-0.077","71.1",18.4,7.4,5.3,18.5,13.2,"7.6",1,13,-5.5,42.1,35,"81.1","31.2",33.3,2,16.7,0,0,58.3,16.7,8.3,16.7,"92.456321667","91.0620775",61.4,37,36.8,38.1,61.9,8,21,56.4,57,62.5,7.9,8,49,36,101,63,10,27,43.6,44,36.6,37,37.5,47.5,8.3,50,41.7,12,62.5,25,3,58.3,7,8.3,1,8.3,1,,,,,,,,,,,,,,,,,,,,,,,,,,,,,,,,,,
"Newman, Kevin",621028,2025,31,80,82,15,13,2,0,0,15,1,18.3,1.2,".188",".212",".198","0.410","0.024",".231","4","32","17","0","1","20","83","49","0","57","5","35","1","0","1","0","7","1","63","7","0","15","23","8","2","0","0","0","12","2","0","0","1","0","20","0","0","0","0","0","0","0","0","8","1","0","0","88","1","201","20","289",,"0","1","0","0",".216",".272",".182",".217",".226",".056",".216",".259",".231",".266","-0.028","-0.060","-0.035","67.6",3.8,6.2,5.3,38.1,32.3,"6.5",4,6.6,-2.2,43.6,31.6,"87.4","10.3",27.3,1,1.5,3,21.2,28.8,42.4,3,30.3,"96.234601515","92.211708",70.7,9.4,34,34.7,61.2,17,49,49,144,68,8.5,38,159,67,294,87.7,10,106,51,150,42.5,125,17.4,52.7,27.3,48.5,24.2,66,62.2,50,33,24.2,16,22.7,15,3,2,,,,,,,,,,,,,,,,,,,,,,,,,,,,,,,,,"4.55","26.9"
"Baty, Brett",683146,2025,25,186,201,43,27,6,2,8,52,12,25.9,6,".231",".414",".280","0.694","0.183",".276","27","78","73","0","3","45","258","137","1","151","16","60","3","0","0","1","11","10","131","20","0","24","48","10","7","0","0","0","6","0","0","1","0","1","91","0","0","0","1","0","0","0","0","18","3","0","0","273","1","535","91","808",,"0","3","0","1",".251",".455",".302",".325",".300",".204",".380",".414",".319",".348","-0.020","-0.041","-0.023","75.5",54.7,17.8,12.9,31.2,22.6,"7.4",4,8.5,3.5,50.1,35.4,"90.6","8.9",34.1,17,12.6,4.4,21.5,21.5,35.6,4.4,47.4,"102.50826791","95.674379776",68.2,21.8,28.2,46.8,53.2,51,109,47.3,387,83.6,8.2,126,447,198,818,77.9,64,294,52.7,431,45,368,28.5,49.3,34.8,40,25.2,135,62.7,45.2,61,25.9,35,23.7,32,5.2,7,,,,,,,,,,,,,,,,,,,,,,,,,,,,,,,,,"4.38","27.2"
"Fitzgerald, Tyler",666149,2025,27,178,200,41,30,8,1,2,53,13,26.5,6.5,".230",".320",".289","0.609","0.090",".315","10","78","57","4","9","45","229","116","0","143","7","57","3","0","0","2","15","6","132","20","0","32","42","8","9","0","0","0","5","1","0","0","6","1","103","4","0","0","0","0","2","0","0","17","8","1","0","243","7","515","103","758",,"2","2","0","0",".214",".302",".273",".257",".274",".088",".337",".313",".325",".303",".016",".018",".016","69.1",3.6,7.1,5,28.9,20.5,"7.3",9,13.2,-4.7,48.1,35.1,"84","15",31.1,5,3.8,5.3,21.2,29.5,27.3,12.9,28,"96.349007903","92.179527661",71.5,19.4,32.8,52.1,47.1,63,121,48.7,369,83.3,7.9,94,359,229,758,78.4,54,278,51.3,389,40.9,310,29.3,52.6,40.9,31.8,27.3,132,74.5,43.2,57,28.8,38,21.2,28,6.8,9,,,,,,,,,,,,,,,,,,,,,,,,,,,,,,,,"18","4.3","29.6"
"Rojas, Johan",679032,2025,24,128,144,28,22,3,2,1,36,10,25,6.9,".219",".297",".271","0.568","0.078",".290","15","68","36","2","9","38","143","82","0","98","10","58","1","0","0","0","14","4","95","9","0","17","35","8","7","0","0","0","16","5","0","1","4","2","55","1","1","0","0","0","0","0","0","17","9","0","0","156","6","354","55","510",,"0","0","0","0",".229",".311",".254",".264",".282",".082",".304",".319",".298",".314","-0.010","-0.014","-0.010","70.2",13.9,9.8,7.4,25.8,19.4,"7.3",3,5.3,3.2,53.2,24.4,"86.6","9.8",28.6,4,4.1,2,24.5,25.5,31.6,12.2,30.6,"98.213089111","93.170241685",67.4,17.8,39.1,36.6,59.4,37,101,50,258,81.3,6.2,50,296,126,516,78.2,31,174,50,258,45.3,234,24.7,53.3,23.5,48,28.6,98,69.4,52,51,21.4,21,19.4,19,7.1,7,,,,,,,,,,,"4","1","4","25.0","3","3","100.0","7","8","87.5","4","5","80.0","6","6","100.0","1.4","2.2","0","3.5","37.8","25","4.16","30.2"
"Torrens, Luis",620443,2025,29,137,152,29,18,9,1,1,34,14,22.4,9.2,".212",".314",".289","0.603","0.102",".275","13","56","43","0","0","31","216","111","0","119","6","49","3","0","1","1","5","6","103","18","0","16","44","13","1","0","0","0","2","0","1","1","0","0","62","0","0","0","0","0","0","0","0","7","0","0","0","234","0","402","62","636",,"0","1","0","0",".299",".525",".273",".384",".369",".226",".301",".466",".282",".398","-0.087","-0.211","-0.111","70.7",7.8,18.3,14.3,36.6,28.7,"7.2",6,9.5,6.4,53.5,29.1,"92.7","7.2",41.7,16,15.5,6.8,24.3,12.6,37.9,2.9,56.3,"101.825224423","96.030228835",66.7,19.1,23.2,38,62,27,71,48.1,306,77.2,9,55,356,173,636,80.9,42,220,51.9,330,43.7,278,23.7,45.8,27.2,49.5,23.3,103,55.3,47.6,49,21.4,22,30.1,31,1,1,"14","1.89","1.88","1.9","1","1.34",,"1.34","0.61","84.1",,,,,,,,,,,,,,,,,,,,,,,"4.79","26.6"
"Smith, Dominic",642086,2025,30,49,60,14,10,3,0,1,11,8,18.3,13.3,".286",".408",".383","0.791","0.122",".333","8","23","20","0","1","13","77","39","0","43","1","17","1","0","1","1","5","3","40","6","0","12","10","2","2","0","0","0","2","0","0","0","0","2","23","0","0","0","0","0","0","0","0","5","1","0","0","85","2","148","23","233",,"0","0","0","0",".217",".351",".350",".307",".332",".134",".368",".303",".350",".273",".069",".057",".043","68.1",2.2,13,9.9,34.8,26.4,"7",3,15,-5.4,51.6,36.4,"86.5","15.7",37.5,1,2.5,5,27.5,37.5,20,7.5,27.5,"97.672687","92.90741025",64.9,15.3,30.3,40.5,59.5,15,37,52.4,122,52.2,9.9,28,108,82,233,84.7,11,72,47.6,111,46.4,108,23.9,46.8,32.5,42.5,25,40,68.3,37.5,15,37.5,15,20,8,5,2,,,,,,,,,,,,,,,,,,,,,,,,,,,,,,,,,,"25.5"
"Baldwin, Drake",686948,2025,24,160,178,45,32,4,0,9,28,18,15.7,10.1,".281",".475",".354","0.829","0.194",".293","26","58","76","0","0","39","234","116","0","138","8","54","5","0","0","0","16","12","130","17","0","19","54","8","4","0","0","0","3","1","0","1","0","0","52","0","0","0","0","0","0","0","0","19","0","0","0","254","0","448","52","702",,"0","1","1","0",".290",".485",".363",".366",".362",".195",".394",".399",".341",".352","-0.009","-0.010","-0.003","75.3",57.3,21.5,17.7,34,28,"7.1",6,9.5,4,50,30.7,"92.5","5.3",32.6,15,11.4,4.5,25,15.2,40.9,3,52.3,"102.959373485","96.308245",66.4,14.4,27.4,32,68,31,97,49.2,354,70.3,8.9,110,377,177,720,85.6,35,243,50.8,366,39.4,284,19.4,47.2,31.8,43.2,25,132,61.8,53.8,71,23.5,31,19.7,26,3,4,"23","1.95","1.96","1.91","5","1.47","1.47",,"0.62","80.9",,,,,,,,,,,,,,,,,,,,,,,"4.49","25.8"
"Collins, Isaac",686555,2025,27,154,184,40,28,7,1,4,43,25,23.4,13.6,".260",".396",".368","0.764","0.136",".333","19","65","60","3","8","37","281","112","0","121","7","62","2","0","0","2","13","9","110","17","0","18","34","10","8","0","0","0","4","0","0","2","1","1","75","3","0","0","2","0","1","0","0","25","7","1","0","296","2","431","75","727",,"1","1","0","0",".233",".342",".343",".314",".348",".109",".389",".343",".357",".325",".027",".054",".029","72.8",23.8,11.1,8.3,25.1,18.8,"6.7",8,3.8,-1.5,36.1,29.3,"86.7","12.6",36.8,7,6.1,4.4,27.2,21.1,34.2,7,33.3,"98.462911273","93.234442727",66,20.4,20.6,46.6,52.1,34,73,48.3,354,91.4,7.9,122,477,108,733,78.8,51,250,51.7,379,44.7,328,26.3,44.1,42.1,38.6,19.3,114,62,44.7,51,23.7,27,24.6,28,7,8,,,,,,,,,,,"5","0","7","0.0","5","5","100.0","5","6","83.3","6","6","100.0","4","5","80.0","5","2.5","-1.2","6.3","40",,"4.39","27.5"
"Handley, Maverick",668974,2025,27,41,47,3,3,0,0,0,18,2,38.3,4.3,".073",".073",".133","0.206","0.000",".125","3","21","3","0","0","11","54","30","0","33","1","16","0","0","0","1","2","1","26","0","0","5","13","3","1","0","0","0","6","0","0","0","2","1","31","0","0","0","0","0","0","0","0","2","0","0","0","58","3","125","31","183",,"0","0","0","0",".128",".191",".106",".176",".187",".063",".111",".242",".125",".226","-0.055","-0.118","-0.070","67.4",1.3,7.3,5.1,25.5,17.9,"6.5",6,6.1,6.7,50,30.5,"83.5","4.1",26.9,0,0,7.7,15.4,26.9,38.5,11.5,34.6,"96.465391667","92.232695833",69.7,28.9,25.7,63.2,36.8,12,19,40.4,74,94.1,9.3,13,105,43,183,68.4,22,76,59.6,109,45.9,84,35.8,51.9,38.5,42.3,19.2,26,59.6,57.7,15,23.1,6,15.4,4,3.8,1,"12","1.92","1.92",,"0",,,,"0.57","81.3",,,,,,,,,,,,,,,,,,,,,,,"4.48","27.1"
"Perdomo, Geraldo",672695,2025,25,293,353,76,49,17,1,9,42,46,11.9,13,".259",".416",".356","0.772","0.157",".267","53","109","118","2","12","78","541","316","0","235","5","79","6","0","3","3","25","9","259","40","1","60","80","23","19","0","0","0","0","0","0","0","2","9","66","2","0","0","2","0","1","0","0","42","8","4","0","568","11","890","66","1458",,"1","1","0","0",".248",".379",".340",".326",".350",".131",".328",".309",".292",".284",".011",".037",".014","67.8",4.6,10.4,9.3,40,35.7,"6.8",14,6.7,-1.3,48.1,34.7,"88.1","14.8",36.6,14,5.3,6.1,25.2,29.4,27.9,5.3,32.8,"97.272274921","92.721180397",56.3,7.9,18.7,31,68.3,39,126,45.4,673,69.4,9.9,167,907,336,1482,90.8,36,455,54.6,808,42.7,632,12.9,39.2,39.3,32.1,28.6,262,57.5,40.5,106,26.7,70,24.8,65,8,21,,,,,,,,,,,,,,,,,,,,,,,,,,,,,,,,,"4.49","27.0"
"Refsnyder, Rob",608701,2025,34,88,104,25,15,5,0,5,29,13,27.9,12.5,".284",".511",".375","0.886","0.227",".357","14","42","45","0","2","24","168","84","0","58","6","35","3","0","0","1","7","4","61","14","0","9","19","3","5","0","1","0","12","0","0","4","0","2","50","0","0","0","0","0","0","0","0","15","2","0","0","180","2","259","50","439",,"0","2","0","0",".255",".459",".379",".347",".350",".204",".491",".437",".410",".368",".029",".052",".032","73.1",30.5,24.3,17.2,38.3,27.2,"7.5",5,12,-0.5,60.9,33.1,"93","15.4",36.1,7,11.5,6.6,29.5,23,27.9,1.6,55.7,"102.792625484","96.381303279",59.2,24.8,20.7,52.2,47.8,24,46,50.5,222,61.1,8.2,64,234,109,439,75.2,32,129,49.5,218,41.1,181,32,39.9,47.5,39.3,13.1,61,60.2,42.6,26,21.3,13,27.9,17,8.2,5,,,,,,,,,,,"-1","0","4","0.0","0","0",,"0","1","0.0","0","0",,"4","4","100.0","1","1.7","0.5","3.2","35.8",,"4.69","26.5"
"Siani, Michael",672279,2025,25,17,19,4,4,0,0,0,7,2,36.8,10.5,".235",".235",".316","0.551","0.000",".400","0","5","4","0","0","2","25","11","0","12","1","19","0","0","0","0","1","1","10","2","0","0","4","1","1","0","0","0","2","7","0","0","0","0","8","0","0","0","1","0","0","0","0","4","0","0","0","25","0","44","8","69",,"0","0","0","0",".287",".316",".260",".313",".367",".029",".355",".473",".400",".511","-0.052","-0.081","-0.053","69",11.5,5.9,3.8,17.6,11.5,"7.1",0,9.1,4.5,38.5,29.4,"79.8","18",30,0,0,0,50,10,20,10,20,"90.027405","91.30917125",54.3,26.3,41.2,35.7,64.3,5,14,49.3,34,40,7.2,16,34,14,69,68.4,5,19,50.7,35,47.8,33,30.3,47.8,40,40,20,10,47.4,50,5,10,1,30,3,10,1,,,,,,,,,,,,,,,,,,,,,,,,,,,,,,,,,,"28.0"
"Gurriel Jr., Lourdes",666971,2025,31,292,318,74,48,15,1,10,45,18,14.2,5.7,".253",".414",".299","0.713","0.161",".264","41","122","121","1","7","74","335","170","0","214","12","74","4","0","0","3","25","11","249","38","0","56","65","28","22","0","0","0","0","0","0","0","0","5","105","1","0","0","1","0","0","0","0","25","6","1","0","358","5","753","105","1111",,"0","3","1","0",".270",".430",".310",".322",".316",".161",".333",".349",".294",".315","-0.017","-0.016","-0.012","70.7",9.9,14.4,11.7,37.5,30.4,"7.5",9,10.2,-5.7,49.6,36.2,"88.2","16",39.3,19,7.5,4.4,25.4,32.9,25,4.4,38.5,"98.9753","93.600550876",71.4,11.9,32.6,40.3,59.7,71,176,47.9,540,78.4,7.8,112,626,290,1127,87.8,50,419,52.1,587,42.6,480,20.3,52.8,36.9,36.1,27,252,67.9,36.1,91,27.4,69,27.8,70,8.7,22,,,,,,,,,,,"-1","0","9","0.0","1","4","25.0","2","7","28.6","8","10","80.0","10","10","100.0","1.1","0.1","-0.4","0.7","34.5",,"4.56","26.8"
"Fraley, Jake",641584,2025,30,125,145,28,19,4,0,5,28,19,19.3,13.1,".224",".376",".331","0.707","0.152",".250","17","44","47","2","4","29","205","76","0","97","3","47","0","0","1","1","8","5","97","15","0","22","27","9","11","0","0","0","7","2","0","0","0","0","54","2","0","0","0","0","0","0","0","24","4","0","0","218","0","331","54","549",,"0","1","0","0",".244",".376",".318",".325",".349",".132",".333",".342",".289",".315","-0.020",".000","-0.007","71.9",17.7,12.3,9.3,27.2,20.5,"7.2",0,9.1,-6.3,36.7,37.5,"84.8","18.3",36.1,5,5.2,6.2,21.6,32,26.8,7.2,34,"98.194117083","93.105767813",70.4,11,25.3,54.1,44.6,40,74,53.2,292,85.7,6.4,122,264,136,549,89,20,181,46.8,257,42.4,233,23.5,46.4,50.5,29.9,19.6,97,61.4,36.1,35,27.8,27,24.7,24,11.3,11,,,,,,,,,,,"2","0","4","0.0","1","1","100.0","6","11","54.5","7","7","100.0","4","4","100.0","-0.1","1","-0.4","0.5","33.9",,"4.2","28.3"
"Tawa, Tim",694374,2025,26,142,160,30,18,6,0,6,41,13,25.6,8.1,".211",".380",".277","0.657","0.169",".245","14","73","54","2","7","35","190","89","0","94","9","54","3","0","0","1","13","9","103","8","0","22","37","8","5","0","0","0","1","1","0","0","1","3","76","2","0","0","1","0","1","0","0","21","7","0","0","211","4","383","76","594",,"1","2","0","0",".234",".416",".287",".316",".304",".182",".346",".390",".288",".331","-0.023","-0.036","-0.029","72.6",26.7,18.5,12.7,32.4,22.3,"7",6,10,-4.7,53.4,31.4,"88.2","6.6",31.4,10,9.5,4.8,23.8,23.8,31.4,5.7,40,"100.558933725","94.436861765",69.2,18.6,30.5,60.6,39.4,57,94,51.1,308,73.3,7.5,54,326,179,603,79.4,38,204,48.9,295,42.5,256,31.9,49.4,44.8,37.1,18.1,105,60.6,49.5,52,29.5,31,16.2,17,4.8,5,,,,,,,,,,,"2","0","2","0.0","0","0",,"2","2","100.0","2","2","100.0","4","4","100.0","0.8","2.2","0.3","3.3","37.3",,"4.42","28.3"
"Albies, Ozzie",645277,2025,28,310,346,69,51,11,1,6,57,31,16.5,9,".223",".323",".298","0.621","0.100",".253","28","142","99","1","7","77","411","134","0","268","10","80","3","0","0","3","19","14","252","35","0","63","67","23","29","0","0","0","0","0","0","0","0","2","122","1","0","0","0","0","1","0","0","35","7","0","0","439","2","797","122","1236",,"1","2","0","0",".228",".337",".280",".287",".304",".109",".287",".297",".271",".280","-0.005","-0.014","-0.007","68.5",6.6,7.5,6,33.2,26.6,"7.2",9,12.4,-5.3,59.9,34.7,"87","20.2",33.7,9,3.5,4.7,24.3,39.2,25.1,3.1,27.8,"96.373175469","92.235855725",76.5,15.6,33.4,33.6,66.4,75,223,53.2,667,87.1,6.8,263,608,307,1253,84.4,70,449,46.8,587,41.5,521,21.6,53.6,46.7,36.1,17.3,255,59.5,34.1,87,30.6,78,23.9,61,11.4,29,,,,,,,,,,,,,,,,,,,,,,,,,,,,,,,,,"4.19","27.3"
"Arozarena, Randy",668227,2025,30,291,346,68,39,20,1,8,95,40,27.5,11.6,".234",".392",".350","0.742","0.158",".316","31","139","114","1","14","74","515","276","0","223","15","78","3","0","0","13","28","16","194","24","0","37","52","19","18","0","0","0","1","0","0","2","0","1","166","1","0","0","0","0","0","0","0","36","12","2","0","553","1","882","166","1435",,"0","2","2","0",".235",".406",".333",".341",".353",".171",".394",".408",".343",".349","-0.001","-0.014","-0.008","72.2",27.8,18.7,13.3,35.5,25.3,"7.4",11,9.4,-0.2,64.7,25.3,"91.4","13.5",30.8,20,10.1,7.6,25.3,25.8,27.3,4,50.5,"102.505177576","95.916935202",61,25.3,24.6,44.8,55.2,82,183,51.1,744,78.2,6.9,172,860,259,1457,74.7,110,435,48.9,713,42.5,619,31.1,42.4,39.9,37.4,22.7,198,60.7,41.9,83,27.3,54,21.7,43,9.1,18,,,,,,,,,,,"-2","0","10","0.0","0","1","0.0","3","6","50.0","11","13","84.6","13","15","86.7","-0.3","-1.4","0.1","-1.6","32.3","2","4.38","27.6"
"Hicks, Liam",689414,2025,26,136,158,38,25,8,1,4,23,16,14.6,10.1,".279",".441",".365","0.806","0.162",".309","26","48","60","0","0","40","219","143","0","71","4","50","1","0","0","3","7","12","116","19","0","24","39","11","4","0","0","0","7","0","0","8","2","1","37","0","0","0","0","0","0","0","0","16","0","0","0","232","3","372","37","604",,"0","0","0","0",".264",".385",".355",".328",".352",".121",".370",".333",".333",".315",".015",".056",".027","67.5",1.5,8.4,7,45.8,38.2,"6.8",6,9.6,-0.8,48.2,33.7,"85","13.1",37.1,5,4.3,5.2,25,28.4,29.3,6.9,25.9,"95.967994286","91.984138036",56.9,9.9,16.5,51.1,48.9,24,47,47,284,71,10.3,90,344,149,604,90.1,18,182,53,320,45.9,277,18.3,37.9,36.2,39.7,24.1,116,65.2,39.7,46,31,36,25.9,30,3.4,4,"20","1.99","1.98","2","1","1.65","1.65",,"0.68","80.7",,,,,,,,,,,,,,,,,,,,,,,"4.62","25.9"
"Peraza, Oswald",672724,2025,25,117,129,19,11,5,0,3,35,11,27.1,8.5,".162",".282",".240","0.522","0.120",".203","13","57","33","0","1","29","142","62","0","80","3","51","3","0","0","1","6","1","82","11","1","17","34","5","5","0","0","0","13","3","0","0","0","0","80","0","0","0","0","0","0","0","0","13","1","0","0","153","0","313","80","466",,"0","0","0","0",".231",".392",".238",".306",".303",".161",".272",".381",".232",".330","-0.069","-0.110","-0.068","73.9",37.1,18.3,12.2,31.7,21.1,"7.7",4,7.5,-4.4,51.6,25.6,"87.6","9.6",31.7,7,8.5,7.3,26.8,19.5,26.8,9.8,39,"100.97243225","94.586112625",73.7,27.5,31.5,55.1,44.9,38,69,47,219,80,6.4,39,283,112,466,72,50,182,53,247,44,205,35.1,53.9,45.1,36.6,18.3,82,68.2,48.8,40,22,18,20.7,17,8.5,7,,,,,,,,,,,,,,,,,,,,,,,,,,,,,,,,"2","4.37","28.9"
"Sanoja, Javier",691594,2025,22,159,177,38,25,10,2,1,26,11,14.7,6.2,".239",".346",".283","0.629","0.107",".274","15","61","52","4","3","39","181","139","0","98","3","59","0","0","0","0","18","3","138","16","0","21","49","20","10","0","0","0","8","3","0","0","4","3","27","3","1","0","0","0","1","1","0","18","3","0","0","195","7","415","27","610",,"2","1","0","0",".262",".352",".276",".289",".306",".090",".295",".312",".279",".308","-0.023","-0.006","-0.013","66.8",1.3,13.3,12,45.3,40.9,"7.2",5,2.4,-3.2,32,21,"89.7","11.1",34.3,2,1.4,7.1,29.3,23.6,31.4,5.7,37.9,"98.464425909","93.605867863",60,7.7,26.8,25.3,73.3,19,75,44.8,280,74.5,8.2,50,383,144,625,89.9,16,207,55.2,345,43.7,273,12.4,45.1,30.7,45,24.3,140,69.5,47.9,67,17.9,25,27.1,38,7.1,10,,,,,,,,,,,"0","0","5","0.0","0","1","0.0","3","3","100.0","1","2","50.0","2","2","100.0","1.3","-1.8","-1.1","-1.5","31.3","3","4.29","27.6"
"Rave, John",670231,2025,27,40,48,7,4,3,0,0,16,5,33.3,10.4,".175",".250",".261","0.511","0.075",".280","3","19","10","1","2","9","63","41","0","30","6","22","1","0","0","0","3","0","27","4","0","7","12","0","1","0","0","0","4","2","0","1","2","1","16","1","0","0","0","0","0","0","0","2","1","1","0","72","3","122","16","194",,"0","0","0","0",".192",".284",".235",".279",".289",".092",".294",".374",".280",".332","-0.017","-0.034","-0.044","74.6",45.7,16,11.4,28,20,"7.2",2,10.7,0.2,75.7,23.7,"87.4","7.3",18.5,2,7.4,7.4,18.5,18.5,33.3,14.8,40.7,"99.608776154","94.0365636",59.3,22.4,21.4,47.6,47.6,10,21,46.4,98,53.8,6.2,38,94,58,211,77.6,15,67,53.6,113,46,97,28.4,41.7,33.3,48.1,18.5,27,60.4,55.6,15,25.9,7,14.8,4,3.7,1,,,,,,,,,,,"2","0","1","0.0","2","2","100.0","0","1","0.0","3","3","100.0","2","2","100.0","-0.6","1.8","0.3","1.5","33.4","7",,"29.9"
"Swanson, Dansby",621020,2025,31,312,340,75,48,11,2,14,90,23,26.5,6.8,".240",".423",".289","0.712","0.183",".288","39","142","129","3","7","79","466","187","0","232","10","80","4","0","1","0","22","21","224","31","0","41","76","15","18","0","1","1","1","0","1","0","1","4","181","3","0","0","1","0","2","0","0","46","7","0","0","503","5","836","181","1339",,"2","3","0","0",".263",".479",".307",".341",".313",".216",".392",".443",".332",".368","-0.023","-0.056","-0.034","70.8",6.1,16.7,12.2,35,25.4,"7.4",13,15.1,-1.1,60.8,34.3,"89.8","13.8",33.9,27,11.9,7.9,24.7,20.7,31.3,3.5,44.9,"100.664701327","94.593030222",71.9,21.8,23.8,55.5,44.5,86,155,48.2,651,78.6,7.6,170,691,354,1352,78,110,504,51.8,701,41,554,29.7,48.7,41.4,40.1,18.5,227,60.2,43.6,99,28.2,64,20.3,46,7.9,18,,,,,,,,,,,,,,,,,,,,,,,,,,,,,,,,"1","4.32","28.4"
"Young, Cole",702284,2025,21,73,78,18,15,3,0,0,18,3,23.1,3.8,".247",".288",".273","0.561","0.041",".321","7","32","20","0","0","25","83","54","0","46","5","21","1","0","1","0","9","1","54","7","0","16","15","3","3","0","0","0","2","0","0","0","1","1","29","0","0","0","0","0","0","0","0","7","0","0","0","89","2","192","29","281",,"0","0","1","0",".211",".308",".249",".239",".239",".097",".305",".291",".321",".276",".036","-0.020",".010","71.4",20.8,10.2,7.5,31.8,23.3,"6.8",1,7.3,1.7,54.2,28.1,"87.6","13.9",33.3,2,3.5,7,21.1,31.6,35.1,1.8,28.1,"96.250092857","92.138129286",66.5,23.8,29.2,34.2,65.8,13,38,45.1,130,65.4,9,49,183,46,288,75.2,25,105,54.9,158,42.7,123,26.6,49.7,50.9,26.3,22.8,57,66.7,42.1,24,31.6,18,21.1,12,5.3,3,,,,,,,,,,,,,,,,,,,,,,,,,,,,,,,,,"4.34","27.6"
"Toglia, Michael",669911,2025,26,231,254,46,24,12,1,9,98,20,38.6,7.9,".199",".377",".264","0.641","0.178",".294","28","89","87","0","3","45","339","157","0","158","10","64","6","0","1","1","8","12","133","26","0","25","42","11","7","0","2","0","0","0","0","1","0","2","161","0","0","0","0","0","0","0","0","17","3","0","0","357","2","626","161","983",,"0","1","0","0",".213",".378",".277",".283",".278",".165",".420",".433",".341",".369","-0.014","-0.001","-0.006","72.8",22,14.1,9.3,28.6,18.8,"7.6",14,15.3,-3.2,44,36.1,"90","16.7",37,15,11.1,5.2,26.7,28.1,23.7,3.7,43,"101.049864627","94.906400602",67.2,26.4,29.4,62.9,37.1,95,151,51.1,514,76.9,6.5,200,513,217,1004,73.6,87,330,48.9,491,44.7,449,37.8,47.9,44.4,33.3,22.2,135,64.7,38.5,52,27.4,37,28.9,39,5.2,7,,,,,,,,,,,,,,,,,,,,,,,,,,,,,,,,,"4.62","26.9"
"Nootbaar, Lars",663457,2025,27,294,345,67,43,13,0,11,74,45,21.4,13,".228",".384",".336","0.720","0.156",".265","35","136","113","4","4","76","537","284","0","208","9","76","4","0","2","4","20","12","219","35","0","48","56","25","23","0","2","0","1","1","0","2","0","2","94","4","0","0","0","0","1","0","0","43","3","1","0","570","2","825","94","1395",,"1","1","0","0",".246",".423",".321",".340",".352",".177",".348",".377",".302",".327","-0.018","-0.039","-0.019","74.3",46.8,20.6,16.4,34.1,27.1,"7",12,10.4,-4.8,58,28.5,"92.2","17.9",35.6,23,10.4,8.6,18.9,32.9,27.5,1.8,53.2,"102.45480973","95.919818739",56.3,12.1,21.2,43,56.3,65,151,50.3,712,71.8,8.3,206,796,324,1416,87.9,48,396,49.7,704,42.6,603,20.7,38.6,37.4,37.8,24.8,222,55.7,34.7,77,27.9,62,27,60,10.4,23,,,,,,,,,,,"1","0","11","0.0","1","7","14.3","4","5","80.0","12","12","100.0","6","6","100.0","-0.2","-0.3","0.2","-0.2","32.9","1","4.39","27.2"
"Adames, Willy",642715,2025,29,301,347,64,43,11,1,9,90,38,25.9,11,".213",".346",".298","0.644","0.133",".264","35","117","104","2","4","58","506","211","1","253","12","80","4","0","1","1","18","15","214","31","0","60","58","7","23","0","1","0","0","0","0","1","0","6","159","2","0","0","0","0","2","0","0","43","4","0","0","527","6","853","159","1380",,"2","1","1","1",".219",".407",".286",".312",".306",".189",".333",".375",".295",".309","-0.006","-0.061","-0.026","71.8",20.5,12.4,9.4,30.1,22.7,"8.2",4,18.3,-4.2,51.7,34.5,"89.1","20.4",29,24,11.1,6.5,22.1,35,20.7,3.7,44.2,"99.8976625","94.180134047",67.8,17.4,25.2,53.7,46.3,95,177,50.2,702,79.3,6.6,135,818,341,1398,82.6,82,472,49.8,696,43.9,614,27.3,46.4,39.6,33.2,27.2,217,57.2,35.5,77,35.5,77,18.4,40,10.6,23,,,,,,,,,,,,,,,,,,,,,,,,,,,,,,,,,"4.46","27.8"
"Ohtani, Shohei",660271,2025,30,319,377,94,46,12,7,29,94,52,24.9,13.8,".295",".649",".396","1.045","0.354",".328","52","101","200","4","11","53","551","213","1","203","12","80","4","0","0","3","27","32","225","33","0","44","70","13","6","0","10","0","2","0","0","80","0","2","192","4","0","0","5","0","1","0","0","80","10","1","0","590","2","853","192","1443",,"1","1","1","1",".295",".672",".433",".440",".398",".376",".560",".572",".414",".417",".000","-0.023","-0.007","76.1",62.5,30.3,20.8,39.4,27.1,"8",8,15.6,-3.3,52.7,36.8,"95.1","13.3",33.9,51,22.5,8.4,18.9,18.9,28.6,2.6,61.2,"106.370495877","98.60212207",65.2,24.1,25.1,53.6,46.4,104,194,52.8,772,81.4,6.6,255,717,404,1460,75.9,108,449,47.2,689,43.3,633,33,44,49.3,32.2,18.5,227,56.6,42.7,97,33.9,77,20.7,47,2.6,6,,,,,,,,,,,,,,,,,,,,,,,,,,,,,,,,,"4.17","28.0"
"Keaschall, Luke",807712,2025,22,19,26,7,4,3,0,0,2,5,7.7,19.2,".368",".526",".538","1.064","0.158",".412","2","8","10","0","5","6","32","16","0","16","1","7","0","0","0","2","3","1","17","3","0","5","3","1","1","0","0","0","1","0","0","5","0","0","6","0","0","0","0","0","0","0","0","4","5","0","0","39","0","56","6","95",,"0","0","0","0",".282",".470",".471",".422",".475",".188",".432",".356",".412",".315",".086",".056",".049","64.5",3,10.3,9.1,48.3,42.4,"6.3",3,8.4,0.6,45.5,37.4,"90.8","15.8",47.1,2,11.8,5.9,11.8,29.4,35.3,5.9,41.2,"98.505593333","93.863065882",66,9.7,18.8,44.4,55.6,4,9,50.5,48,85.7,7.4,13,42,36,95,90.3,3,31,49.5,47,31.6,30,17.5,42.1,41.2,41.2,17.6,17,57.7,35.3,6,35.3,6,23.5,4,5.9,1,,,,,,,,,,,,,,,,,,,,,,,,,,,,,,,,,,"27.8"
"Solano, Donovan",456781,2025,37,117,125,31,25,3,0,3,27,6,21.6,4.8,".265",".368",".304","0.672","0.103",".318","15","63","42","0","0","37","138","81","0","95","4","47","3","0","0","1","13","2","88","15","0","17","27","8","6","0","0","0","15","0","0","0","0","1","60","0","0","0","2","0","0","0","0","6","0","0","0","151","1","332","60","483",,"0","1","0","0",".245",".362",".297",".283",".286",".117",".354",".335",".341",".315",".020",".006",".014","65.7",1,10,7.3,34.7,25.2,"6.9",4,8.6,-2,39.3,33.5,"88.6","13.1",38.5,5,5.5,5.5,33,20.9,31.9,3.3,41.8,"98.82616913","93.665205055",65.6,16.5,37.9,45.1,54.9,41,91,49,240,67.4,8.8,70,272,100,490,83.5,27,164,51,250,45.1,221,26.7,52,36.3,36.3,27.5,91,68,46.2,42,20.9,19,26.4,24,6.6,6,,,,,,,,,,,,,,,,,,,,,,,,,,,,,,,,,"4.78","24.9"
"Raley, Luke",670042,2025,30,89,108,21,14,4,0,3,25,10,23.1,9.3,".236",".382",".361","0.743","0.146",".290","14","42","31","1","2","27","126","29","0","76","9","29","1","0","0","8","5","5","60","9","0","9","25","4","3","0","0","0","6","0","1","3","0","1","73","1","0","0","0","0","0","0","0","12","2","0","0","147","1","248","73","395",,"0","2","0","0",".273",".466",".337",".383",".395",".193",".364",".441",".323",".380","-0.037","-0.084","-0.046","74.2",44.3,18.8,11.3,30.8,18.6,"7.1",4,14.1,-3.2,56.2,31.4,"92.2","10.3",33.8,9,13.8,6.2,20,23.1,29.2,7.7,50.8,"103.908576875","96.913878254",82,30.1,27.7,60.7,39.3,34,56,48.9,202,75,8.7,82,203,88,413,69.9,52,173,51.1,211,44.3,183,37.6,55.4,47.7,30.8,21.5,65,70.4,50.8,33,24.6,16,20,13,4.6,3,,,,,,,,,,,"0","0","0",,"0","1","0.0","2","2","100.0","0","0",,"2","2","100.0",,,,,,"2","4.32","28.5"
"Mangum, Jake",663968,2025,29,162,173,50,40,8,1,1,23,9,13.3,5.2,".309",".389",".349","0.738","0.080",".355","25","59","62","1","10","46","147","55","0","139","9","46","2","0","1","1","33","3","135","13","0","15","50","15","6","0","0","0","0","0","1","0","1","0","49","1","0","0","0","0","2","0","0","16","10","0","0","162","1","393","49","555",,"2","0","0","0",".261",".364",".327",".294",".305",".103",".355",".315",".360",".305",".048",".025",".033","67.5",5.2,12.2,10.1,31.2,25.9,"6.6",4,2.8,11.1,31.1,29.6,"87.5","-0.8",26.4,4,2.9,5.7,23.6,14.3,45.7,5.7,40,"98.571453824","93.355506618",81.5,11.8,40.7,31.9,68.1,37,116,49.4,285,83.7,7.5,104,309,125,578,87.8,28,238,50.6,292,43.5,251,18.4,61.2,21.4,43.6,35,140,71.7,61.4,86,13.6,19,20.7,29,4.3,6,,,,,,,,,,,"2","1","5","20.0","1","2","50.0","2","5","40.0","5","5","100.0","7","8","87.5","0.2","0.9","-0.3","0.9","34.4","7","4.1","28.8"
"Chourio, Jackson",694192,2025,21,347,365,88,50,22,3,13,73,15,20,4.1,".254",".447",".285","0.732","0.193",".285","46","145","151","5","15","71","346","178","0","232","13","80","10","0","1","1","28","16","273","43","0","48","88","24","25","0","0","0","0","0","0","1","0","2","152","5","0","0","1","0","1","0","0","51","13","2","0","368","2","860","152","1228",,"1","4","0","0",".254",".411",".315",".302",".287",".157",".376",".359",".319",".321",".000",".036",".013","73.9",41.3,16.4,12.6,31.9,24.5,"7.6",14,6.9,0.9,56.1,25.8,"87.4","11",33.7,20,7.2,7.2,20.3,27.2,29.3,8.7,37.7,"99.863387956","94.064234762",71.1,14.4,39.7,45.6,54,113,248,50.1,625,86.6,7.8,122,733,264,1248,85.1,64,443,49.9,623,42,524,25.6,55.4,32.6,38.4,29,276,68.8,42.4,117,23.9,66,24.6,68,9.1,25,,,,,,,,,,,"3","0","13","0.0","5","9","55.6","8","10","80.0","5","6","83.3","21","24","87.5","1.8","0.8","-0.4","2.1","36.7","45","4.22","29.3"
"Elko, Tim",671284,2025,26,58,63,9,4,1,0,4,24,5,38.1,7.9,".155",".379",".222","0.601","0.224",".167","8","31","22","0","1","15","76","44","0","53","2","18","1","0","0","0","3","4","34","2","0","5","17","0","3","0","0","0","2","0","0","2","0","0","30","0","0","0","0","0","0","0","0","6","1","0","0","81","0","168","30","249",,"0","1","1","0",".177",".378",".263",".269",".242",".201",".385",".397",".265",".302","-0.022",".001","-0.006","74.2",44.1,18.3,13.5,24.4,18,"7.9",3,10.2,2.6,40.5,34.3,"91.2","4.4",17.6,4,11.8,2.9,17.6,20.6,47.1,0,50,"103.803313529","96.223374118",65.2,16.7,30.6,64.7,35.3,22,34,44.6,111,61.1,7.2,23,130,60,249,83.3,15,90,55.4,138,43.4,108,29.8,49.8,35.3,41.2,23.5,34,74.6,58.8,20,26.5,9,5.9,2,8.8,3,,,,,,,,,,,,,,,,,,,,,,,,,,,,,,,,,"4.5","27.8"
"Correa, Carlos",621043,2025,30,260,277,68,48,14,0,6,52,16,18.8,5.8,".262",".385",".303","0.688","0.123",".305","26","124","99","0","0","61","325","182","0","181","16","70","10","0","1","0","22","10","205","35","0","34","75","15","13","0","0","0","5","0","0","0","0","1","95","0","0","0","0","0","0","0","0","31","0","0","0","350","1","682","95","1032",,"0","0","0","0",".276",".424",".303",".322",".318",".148",".348",".375",".325",".346","-0.014","-0.039","-0.019","73.8",39.8,18.6,14.6,31.9,25,"7.3",4,8.7,-2.3,45.8,31.8,"89.8","7.7",31.1,13,6.2,6.7,23.4,22.5,37.3,2.9,43.1,"101.813825288","95.189187633",65.3,14.4,31.9,40.1,59.9,67,167,50.1,524,74.2,8.5,116,629,241,1045,85.6,49,340,49.9,521,42,439,22.9,48.5,34.9,40.2,24.9,209,63.2,47.4,99,21.5,45,24.9,52,6.2,13,,,,,,,,,,,,,,,,,,,,,,,,,,,,,,,,,"4.64","26.5"
"Campusano, Luis",669134,2025,26,18,24,0,0,0,0,0,9,6,37.5,25,".000",".000",".250","0.250","0.000",".000","0","11","0","0","0","6","48","24","0","14","2","9","1","0","0","0","0","0","9","0","0","1","8","0","0","0","0","0","3","0","0","8","0","0","9","0","0","0","0","0","0","0","0","0","0","0","0","52","0","61","9","113",,"0","0","0","0",".086",".095",".173",".234",".315",".009",".000",".161",".000",".172","-0.086","-0.095","-0.061","73.1",31.3,9.5,6.3,33.3,21.9,"8.3",1,11.3,-7.8,84.4,23.6,"89","-15.5",0,0,0,0,0,11.1,88.9,0,33.3,"96.979674","93.255421111",50,19.2,18,81.8,18.2,9,11,54,61,66.7,5.3,18,62,26,113,80.8,5,26,46,52,46,52,37.8,32.7,66.7,33.3,0,9,45.8,88.9,8,11.1,1,0,0,0,0,,,,,,,,,,,,,,,,,,,,,,,,,,,,,,,,,,"24.6"
"McCormick, Chas",676801,2025,30,43,53,11,9,2,0,0,14,5,26.4,9.4,".256",".302",".347","0.649","0.046",".379","2","19","13","3","1","10","71","21","0","30","2","36","1","0","0","1","2","2","33","7","0","6","9","3","4","0","0","0","3","4","0","1","4","0","28","3","0","0","0","0","2","0","0","6","1","0","0","75","4","118","28","193",,"2","0","0","0",".244",".342",".300",".307",".337",".098",".363",".374",".379",".362",".012","-0.040","-0.007","71.8",15.6,7.7,5.2,25,16.9,"7.8",5,20.5,-1.8,35.1,33.9,"85.8","26.4",36.4,0,0,15.2,24.2,30.3,15.2,12.1,27.3,"96.317257143","92.272265357",72.1,24.2,32.7,45.7,48.6,16,35,55.4,107,88.9,9.3,13,107,62,193,74.2,15,62,44.6,86,42,81,32,50.3,33.3,39.4,27.3,33,50.9,33.3,11,24.2,8,30.3,10,12.1,4,,,,,,,,,,,"1","0","1","0.0","0","1","0.0","2","2","100.0","1","1","100.0","2","2","100.0","0.8","0.7","0.4","1.9","37.1",,,"26.2"
"Riley, Austin",663586,2025,28,330,358,88,61,14,1,12,100,24,27.9,6.7,".267",".424",".321","0.745","0.157",".347","41","143","140","1","2","82","488","195","0","291","15","80","7","0","0","3","26","18","228","44","0","53","51","19","17","0","1","0","0","0","0","0","0","1","189","1","0","0","0","0","0","0","0","45","2","0","0","522","1","924","189","1446",,"0","1","1","0",".260",".484",".326",".346",".318",".223",".425",".457",".381",".376",".007","-0.060","-0.020","75.8",59.2,18.7,13.6,27.3,19.9,"7.5",15,10.7,-4.5,46.8,32.1,"92.5","16.7",37.7,34,14.7,8.7,25.1,26.4,22.1,3,51.1,"104.277543966","96.753142857",72,22.1,27,47.6,52.4,90,189,48,701,82.7,9.5,134,843,336,1461,77.9,121,547,52,760,41.8,610,28.7,50.4,42.9,36.4,20.8,231,54.9,34.2,79,31.2,72,27.3,63,7.4,17,,,,,,,,,,,,,,,,,,,,,,,,,,,,,,,,,"4.47","28.5"
"Sánchez, Ali",645305,2025,28,11,11,2,1,1,0,0,3,0,27.3,0,".182",".273",".182","0.455","0.091",".250","0","6","3","0","0","1","10","6","0","5","0","5","1","0","0","0","0","0","8","1","1","0","6","0","0","0","0","0","1","0","0","0","0","0","4","0","0","0","0","0","0","0","0","0","0","0","0","10","0","25","4","35",,"0","0","0","0",".203",".321",".196",".225",".203",".119",".269",".310",".250",".279","-0.021","-0.048","-0.029","70.1",6.7,8.3,6.7,25,20,"7.2",0,10.8,1.2,46.7,31.4,"81.1","2.4",25,1,12.5,0,25,12.5,50,0,25,"92.1112125","91.37426375",66.7,8.3,41.2,42.9,57.1,3,7,48.6,17,66.7,8.6,6,23,4,35,75,1,12,51.4,18,51.4,18,21.1,54.3,37.5,50,12.5,8,81.8,75,6,0,0,12.5,1,12.5,1,"3","1.9","1.9",,"0",,,,"0.57","77.8",,,,,,,,,,,,,,,,,,,,,,,,"25.5"
"Ballesteros, Moisés",694208,2025,21,16,18,3,3,0,0,0,1,2,5.6,11.1,".188",".188",".278","0.466","0.000",".200","3","11","3","0","0","7","29","11","0","13","0","5","1","0","0","0","2","0","15","1","0","2","8","2","0","0","0","0","2","0","0","5","0","0","4","0","0","0","0","0","0","0","0","3","0","0","0","30","0","43","4","73",,"0","0","0","0",".265",".329",".225",".307",".347",".064",".178",".276",".200",".283","-0.077","-0.141","-0.082","72.9",31,16,13.8,40,34.5,"7.1",0,4.1,10.1,48.3,27.8,"89","-2",20,1,6.7,0,20,13.3,60,0,33.3,"99.98187125","94.700374667",65.7,13,23.7,11.1,88.9,1,9,52.1,38,70,13.7,28,30,15,73,87,3,23,47.9,35,39.7,29,12.5,43.8,33.3,40,26.7,15,38.9,66.7,10,13.3,2,20,3,0,0,,,,,,,,,,,,,,,,,,,,,,,,,,,,,,,,,,"26.2"
"Durbin, Caleb",702332,2025,25,199,229,49,34,11,0,4,22,13,9.6,5.7,".246",".362",".326","0.688","0.116",".256","29","80","68","3","6","50","260","150","0","111","7","60","3","0","0","12","19","7","178","20","0","37","56","16","23","0","0","0","1","0","1","0","2","3","39","2","1","0","0","0","1","1","0","28","5","1","0","289","5","497","39","786",,"2","1","2","0",".240",".346",".309",".299",".320",".106",".291",".278",".272",".265",".006",".016",".010","68.4",2.4,8,7.1,39.7,35.1,"6.9",13,8.6,-5.8,67.2,26.8,"84.9","14.3",28,7,3.8,5.5,22.5,30.8,29.1,8.2,25.8,"95.902984045","91.973927006",60.6,9.9,24.9,27.5,68.1,25,91,45.8,365,64.1,9.8,63,485,182,797,88.9,26,262,54.2,432,40.5,323,14.4,44.3,40.1,41.2,18.7,182,58.1,41.2,75,25.3,46,20.9,38,12.6,23,,,,,,,,,,,,,,,,,,,,,,,,,,,,,,,,,"4.36","28.3"
"Carter, Evan",694497,2025,22,91,104,24,17,3,0,4,18,10,17.3,9.6,".264",".429",".356","0.785","0.165",".290","11","38","38","1","6","24","125","66","0","45","2","29","0","0","1","3","6","4","71","13","0","20","19","3","6","0","0","0","6","1","0","2","0","0","43","1","0","0","0","0","1","0","0","16","6","0","0","138","0","229","43","367",,"1","0","0","0",".232",".396",".349",".321",".328",".165",".372",".333",".329",".289",".032",".033",".028","70.2",9,17.3,12.4,42.3,30.3,"7.2",4,9.3,-9,45.9,32.7,"87","15.1",32.9,7,9.6,4.1,16.4,30.1,31.5,8.2,34.2,"98.475437297","93.331613151",63.5,17.8,22.3,64.3,35.7,27,42,48.1,188,77.1,9,78,200,95,391,82.2,23,129,51.9,203,46.3,181,29.2,43.7,37,42.5,20.5,73,62.5,37,27,32.9,24,21.9,16,8.2,6,,,,,,,,,,,"2","1","6","16.7","0","1","0.0","3","4","75.0","5","5","100.0","8","8","100.0","-0.8","1","-0.1","0.1","34.5","14","4.14","29.0"
"Mitchell, Garrett",669003,2025,26,68,78,14,9,4,1,0,25,7,32.1,9,".206",".294",".286","0.580","0.088",".318","3","23","20","0","3","10","105","54","0","45","3","25","0","0","0","1","5","2","45","7","0","7","17","4","3","0","0","0","5","0","0","0","1","1","38","0","0","0","0","0","0","0","0","9","3","0","0","113","2","190","38","303",,"0","0","0","0",".236",".345",".263",".292",".313",".108",".333",".385",".318",".365","-0.030","-0.051","-0.029","76.2",70.3,16.3,11.7,23.8,17.1,"7.5",5,10.3,6.7,65.8,31.6,"90.4","10.8",28.9,3,6.7,6.7,22.2,24.4,31.1,8.9,42.2,"101.702092273","95.23852186",65.8,19,23.8,63.9,36.1,23,36,49.8,151,82.4,5.6,55,187,52,303,77,19,100,50.2,152,45.2,137,30.9,44.9,33.3,33.3,33.3,45,67.9,48.9,22,20,9,24.4,11,6.7,3,,,,,,,,,,,"6","1","3","33.3","1","2","50.0","7","7","100.0","7","7","100.0","7","7","100.0","-0.4","1.9","0.3","1.8","36","6","4.13","29.0"
"Stephenson, Tyler",663886,2025,28,158,180,36,21,9,0,6,63,21,35,11.7,".228",".399",".317","0.716","0.171",".333","24","58","63","1","0","38","269","132","0","132","14","42","3","0","1","0","7","12","93","16","1","23","28","4","2","0","1","0","0","0","0","16","0","1","84","1","0","0","0","0","0","0","0","20","0","0","0","281","1","457","84","738",,"0","2","0","0",".215",".411",".314",".314",".308",".195",".442",".442",".375",".359",".013","-0.012",".000","70.1",3.7,14.8,10.8,31.9,23.4,"7.4",16,13.1,1.3,56.3,37.2,"91.3","15.5",39.6,13,13.5,9.4,27.1,24,20.8,4.2,52.1,"100.928050833","95.260890842",62.3,22.7,25.7,50,50,48,96,49.5,374,73.8,5.6,67,421,212,756,77.3,54,238,50.5,382,47.1,356,30.5,44.2,41.7,31.3,27.1,96,66.7,37.5,36,38.5,37,20.8,20,3.1,3,"16","2.02","2.01","2.03","1","1.59","1.59",,"0.7","81.4",,,,,,,,,,,,,,,,,,,,,,,"4.62","26.8"
"Wade Jr., LaMonte",664774,2025,31,174,204,29,18,8,2,1,47,24,23,11.8,".167",".253",".277","0.530","0.086",".220","15","87","44","0","1","47","322","186","0","139","9","61","2","0","0","3","9","4","128","16","0","38","32","17","12","0","1","0","4","0","0","2","2","1","60","0","0","0","3","0","0","0","0","15","1","0","0","336","3","531","60","867",,"0","1","1","0",".211",".315",".246",".286",".316",".104",".245",".307",".227",".287","-0.044","-0.062","-0.040","69.7",5.4,10.4,8.4,33.3,26.9,"6.7",9,9,-0.1,54.2,31.5,"88.7","22.3",34.6,6,4.6,7.7,31.5,36.9,16.2,3.1,30,"97.79104875","93.003854844",61.2,12.9,16.5,57.7,40.8,41,71,48.6,431,76.5,9.6,152,570,136,887,86.4,36,279,51.4,456,44.8,397,22,39.5,35.4,38.5,26.2,130,60.1,31.5,41,33.1,43,25.4,33,10,13,,,,,,,,,,,,,,,,,,,,,,,,,,,,,,,,,"4.73","26.1"
"Bauers, Jake",641343,2025,29,100,118,23,13,5,0,5,38,17,32.2,14.4,".230",".430",".339","0.769","0.200",".310","18","56","43","0","4","32","168","88","0","74","7","47","0","0","0","0","4","6","63","13","0","16","15","5","4","0","1","0","6","0","0","3","0","1","51","0","0","0","0","0","0","0","0","13","3","1","0","189","1","284","51","473",,"0","0","0","0",".242",".515",".336",".371",".352",".273",".448",".512",".365",".389","-0.012","-0.085","-0.035","75.7",63.5,18.4,13.5,29.6,21.8,"7.7",5,12.9,-2.7,52.9,33.7,"91.3","19.7",41.3,11,17.5,11.1,19,25.4,23.8,3.2,47.6,"102.644336452","95.777589032",62,18.4,20.8,65.3,34.7,32,49,49.9,236,81.8,9.3,75,231,119,473,81.6,27,147,50.1,237,42.1,199,30.1,41.4,33.3,39.7,27,63,62.7,30.2,19,34.9,22,28.6,18,6.3,4,,,,,,,,,,,"0","0","2","0.0","0","2","0.0","2","2","100.0","0","1","0.0","4","4","100.0","0.5","0.6","0.9","1.9","36.7",,"4.49","26.3"
"Villar, David",681584,2025,28,20,25,4,3,1,0,0,5,4,20,16,".200",".250",".360","0.610","0.050",".267","1","9","5","0","0","5","38","15","0","10","2","9","1","0","0","1","1","1","15","2","0","1","7","2","1","0","0","0","4","0","0","1","0","0","11","0","0","0","0","0","0","0","0","4","0","0","0","42","0","53","11","95",,"0","0","0","0",".233",".363",".297",".343",".386",".130",".262",".339",".267",".310","-0.033","-0.113","-0.046","69.2",11.8,13.6,8.8,27.3,17.6,"7.9",1,14,5.5,73.5,35.4,"81.6","-0.1",26.7,1,6.7,13.3,13.3,13.3,46.7,6.7,26.7,"95.64807875","92.744836667",65.3,31.3,13,50,50,3,6,48.4,46,100,7.4,22,53,14,95,68.8,10,32,51.6,49,36.8,35,34.2,40,33.3,26.7,40,15,48,53.3,8,13.3,2,26.7,4,6.7,1,,,,,,,,,,,,,,,,,,,,,,,,,,,,,,,,,,"26.2"
"Burleson, Alec",676475,2025,26,243,261,73,50,13,0,10,34,14,13,5.4,".300",".477",".335","0.812","0.177",".312","33","107","110","0","3","57","285","137","1","189","9","71","7","0","1","0","26","13","209","32","0","44","58","19","17","0","1","0","5","0","0","20","0","3","64","0","0","0","0","0","0","0","0","25","3","0","0","301","3","615","64","916",,"0","1","0","1",".287",".475",".349",".348",".327",".188",".384",".383",".344",".336",".013",".002",".001","72.2",27.2,18.9,16.3,40.1,34.5,"7.5",4,10,-0.9,59.2,30.5,"91.5","16.6",32.5,18,8.5,6.6,26.9,27.8,25.9,3.3,44.8,"101.500786346","95.252830192",71.8,11.8,30.9,27.5,72.5,38,138,48.1,447,76.4,7.7,162,514,196,930,87.6,41,347,51.9,483,45.2,420,16.3,52.2,36.3,42.5,21.2,212,62.8,40.1,85,27.4,58,24.5,52,8,17,,,,,,,,,,,"0","0","2","0.0","0","0",,"0","3","0.0","2","2","100.0","5","5","100.0","-0.2","-1.3","0.7","-0.8","33.4",,"4.53","25.1"
"Meyers, Jake",676694,2025,29,261,290,80,63,13,1,3,53,24,18.3,8.3,".307",".398",".365","0.763","0.091",".372","20","103","103","5","13","54","359","163","0","164","11","79","8","0","0","1","34","6","210","38","1","38","67","19","7","0","0","0","1","1","1","0","2","2","83","5","0","0","2","0","0","1","0","37","11","1","1","380","4","642","83","1022",,"1","1","0","0",".280",".411",".339",".331",".342",".131",".382",".372",".381",".350",".027","-0.013",".008","68.5",5.4,12.9,10.5,36.5,29.6,"7",15,6.7,-2.1,42.6,32.2,"88.5","11",35.8,11,5.2,6.6,30.2,19.8,34,3.3,38.7,"99.41284125","93.88997726",69,12.4,22.6,51.3,47.8,58,113,48.1,499,87.5,6.9,118,562,251,1038,87.4,46,372,51.9,539,45.4,471,21.4,46.7,30.7,45.3,24.1,212,61,47.6,101,20.8,44,27.8,59,3.8,8,,,,,,,,,,,"8","2","8","25.0","2","4","50.0","14","17","82.4","13","15","86.7","14","14","100.0","0.4","0.4","0.2","1","35.1",,"4.41","28.2"
"Bliss, Ryan",669208,2025,25,35,39,7,5,1,0,1,11,4,28.2,10.3,".200",".314",".282","0.596","0.114",".261","3","15","11","2","2","9","57","20","0","16","0","11","2","0","0","0","3","1","24","3","0","7","9","1","0","0","0","0","3","0","0","0","0","0","25","2","0","0","0","0","2","0","0","1","2","0","0","61","0","90","25","151",,"2","0","0","0",".219",".425",".270",".316",".299",".206",".324",".397",".292",".320","-0.019","-0.111","-0.046","70",3.8,22.6,13.2,48.4,28.3,"6.8",2,11.9,2.3,64.2,31.6,"89","10.2",37.5,3,12.5,8.3,25,20.8,29.2,4.2,33.3,"98.429506667","93.231437917",74.6,39.6,21.3,29.4,52.9,5,17,53,80,87.5,5.3,17,88,30,151,58.5,21,53,47,71,41.1,62,37.1,46.4,41.7,29.2,29.2,24,48.7,50,12,33.3,8,16.7,4,0,0,,,,,,,,,,,,,,,,,,,,,,,,,,,,,,,,"2",,"28.4"
"Thaiss, Matt",642136,2025,30,121,153,27,21,5,0,1,37,28,24.2,18.3,".223",".289",".375","0.664","0.066",".310","13","51","35","1","1","28","247","78","0","122","9","46","2","0","0","2","11","2","86","14","0","20","25","5","9","0","0","0","5","0","0","1","1","1","68","1","0","0","0","0","0","0","0","15","1","0","0","260","2","365","68","625",,"0","1","0","0",".192",".279",".315",".299",".352",".087",".318",".290",".318",".275",".031",".010",".016","71.9",19,12.5,9.1,26.1,19,"7.4",5,6.1,1.9,51.2,27.6,"88.8","17.7",27.9,3,3.5,8.1,20.9,31.4,26.7,8.1,44.2,"100.179601667","94.394905301",73.1,23.9,17.4,43.4,56.6,23,53,48.8,305,92.2,8.2,80,406,108,625,76.1,56,234,51.2,320,44.5,278,27.5,45.9,37.2,34.9,27.9,86,59.5,41.9,36,25.6,22,22.1,19,10.5,9,"25","2","1.99","2.01","3","1.57","1.57",,"0.71","84.3",,,,,,,,,,,,,,,,,,,,,,,"4.7","25.4"
"Jung, Josh",673962,2025,27,266,283,64,45,10,1,8,67,15,23.7,5.3,".241",".376",".286","0.662","0.135",".293","34","109","100","1","4","61","307","165","0","197","11","70","4","0","0","2","20","15","195","28","1","31","61","27","11","0","0","0","0","0","0","1","0","0","123","1","0","0","0","0","1","0","0","25","4","0","0","332","0","694","123","1026",,"1","1","0","0",".259",".437",".292",".320",".304",".178",".355",".397",".322",".347","-0.018","-0.061","-0.028","70.4",5.7,14.8,11.4,31.3,24.1,"7",13,11.9,2.3,54,37.8,"87.8","12.1",41.7,17,8.5,9.5,23.6,19.6,30.2,7.5,42.7,"100.420575657","94.461098782",69,18.3,35.1,40.5,59.5,75,185,50.5,527,79.5,7,132,568,251,1043,81.7,65,356,49.5,516,42.3,441,25.9,51.9,38.2,35.2,26.6,199,68.6,41.7,83,23.6,47,28.1,56,6.5,13,,,,,,,,,,,,,,,,,,,,,,,,,,,,,,,,,"4.62","26.8"
"Marte, Starling",516782,2025,36,144,168,36,26,6,0,4,29,13,17.3,7.7,".250",".375",".341","0.716","0.125",".283","19","63","54","2","4","30","192","100","0","119","4","53","3","0","0","8","15","7","118","14","0","22","43","9","6","0","0","0","5","2","0","45","1","2","68","1","1","0","1","0","1","0","1","20","4","0","0","209","3","412","68","621",,"2","1","1","0",".247",".383",".322",".331",".348",".136",".333",".346",".308",".316",".003","-0.008","-0.009","72.1",28,14.8,11.2,33.5,25.4,"7.3",2,8.7,-0.4,48.9,35.5,"87.4","10.9",25.4,9,7.6,4.2,22,24.6,33.9,6.8,39,"100.153173684","94.198602544",66.8,15.5,32.8,42.4,57.6,42,99,48.6,302,80.5,6.6,64,365,145,621,84.5,33,213,51.4,319,43.6,271,24,50.2,33.1,39.8,27.1,118,65.5,49.2,58,24.6,29,21.2,25,5.1,6,,,,,,,,,,,,,,,,,,,,,,,,,,,,,,,,,"4.41","26.8"
"Candelario, Jeimer",600869,2025,31,80,91,9,5,2,0,2,29,9,31.9,9.9,".113",".212",".198","0.410","0.099",".137","10","36","17","1","0","20","125","53","0","73","4","22","1","0","0","0","4","2","53","3","0","13","23","4","3","0","0","0","0","0","0","3","0","2","52","0","0","1","0","0","1","0","0","3","0","0","0","136","2","239","52","375",,"1","0","0","0",".131",".250",".191",".217",".220",".119",".209",".256",".170",".208","-0.018","-0.038","-0.026","69.7",10.9,8.1,5.8,28.8,20.5,"8.1",6,15.9,-6.5,51.3,35.8,"87.3","11.4",20.8,4,7.5,5.7,9.4,30.2,47.2,0,28.3,"96.216884815","92.187747736",69.7,23.3,30,52.6,47.4,30,57,50.7,190,55.6,4.8,78,177,95,375,76.7,30,129,49.3,185,45.6,171,32.3,49.6,56.6,20.8,22.6,53,64.8,50.9,27,28.3,15,15.1,8,5.7,3,,,,,,,,,,,,,,,,,,,,,,,,,,,,,,,,,"4.48","26.7"
"Lee, Korey",686676,2025,26,28,31,7,4,3,0,0,5,2,16.1,6.5,".250",".357",".300","0.657","0.107",".304","1","13","10","0","0","6","39","20","0","14","0","14","0","0","0","0","2","0","24","5","0","4","10","0","3","0","0","0","2","2","0","1","1","0","10","0","0","0","0","0","0","0","0","7","0","0","0","40","1","68","10","108",,"0","2","0","0",".175",".238",".291",".212",".230",".063",".319",".216",".304",".213",".075",".119",".079","69.3",4.8,9.1,7.1,36.4,28.6,"7.2",0,8.1,-2.1,57.1,29.2,"83.6","12.6",20.8,0,0,12.5,8.3,25,45.8,8.3,25,"95.157866667","92.030558261",59.6,14.7,27.5,35.7,64.3,5,14,47.2,51,85.7,6.5,8,59,24,108,85.3,5,34,52.8,57,47.2,51,20.8,44.4,37.5,37.5,25,24,58.1,50,12,16.7,4,20.8,5,12.5,3,"2","1.92","1.92",,"0",,,,"0.67","84.6",,,,,,,,,,,,,,,,,,,,,,,,"27.7"
"Heim, Jonah",641680,2025,30,204,218,47,33,6,0,8,48,10,22,4.6,".230",".377",".266","0.643","0.147",".258","22","68","76","0","3","40","272","122","0","170","10","61","5","0","2","1","11","13","155","22","0","30","48","16","14","0","0","0","0","0","0","11","0","3","99","0","0","0","0","0","1","0","0","18","3","0","0","280","3","557","99","837",,"1","3","1","0",".239",".376",".280",".285",".277",".137",".336",".342",".296",".311","-0.009",".001","-0.005","68.9",4.8,11.1,8.6,36,27.8,"7.4",10,10.8,1.2,63.4,28.8,"88.8","14.8",35.2,10,6.3,5,29.6,28.3,27.7,3.1,33.3,"98.184183544","93.341607975",71.2,18,30.2,43,57,52,121,47,401,75,7.5,140,507,159,853,82,58,322,53,452,45,384,24.8,51.9,37.1,40.3,22.6,159,61,38.4,61,27.7,44,25.2,40,8.8,14,"24","2.01","2","2.05","1","1.63","1.63",,"0.73","82.8",,,,,,,,,,,,,,,,,,,,,,,"4.73","25.3"
"Caminero, Junior",691406,2025,21,301,324,77,40,17,0,20,60,19,18.5,5.9,".256",".512",".299","0.811","0.256",".254","51","132","154","1","5","60","385","176","0","234","11","76","21","0","4","1","26","21","240","30","0","37","88","19","15","0","0","0","0","0","0","3","0","3","98","1","0","0","0","0","0","1","0","48","4","0","1","414","3","770","98","1184",,"1","5","0","0",".264",".484",".346",".341",".310",".220",".403",".395",".316",".330","-0.008",".028",".005","78.1",77.9,20.2,16.7,28.2,23.3,"8.3",10,6.7,-4.2,53.8,26.3,"91.2","9",27.5,27,11.1,6.1,19.3,22.1,38.9,2.5,48.4,"103.49185418","96.121535492",67.3,13.5,34,33.7,66.3,70,208,51.1,611,78.4,8.5,160,604,275,1197,86.5,53,393,48.9,584,40.8,487,20.5,50.2,43.4,37.3,19.3,244,59.3,47.5,116,24.2,59,20.5,50,7.8,19,,,,,,,,,,,,,,,,,,,,,,,,,,,,,,,,,"4.64","26.6"
"Meidroth, Chase",805367,2025,23,212,241,56,49,5,0,2,35,27,14.5,11.2,".264",".316",".349","0.665","0.052",".307","10","69","66","3","9","43","344","269","0","134","8","57","6","0","0","0","28","5","175","22","0","29","65","14","12","0","0","0","0","0","0","0","0","1","38","3","0","0","0","0","2","0","0","25","9","0","0","362","1","629","38","991",,"2","2","0","0",".261",".336",".305",".310",".347",".074",".303",".310",".315",".312",".003","-0.020","-0.005","67.8",1.2,13.8,12.4,43.1,38.7,"6.6",7,5.8,2.6,47.1,28.2,"88.2","8.4",27,2,1.1,5.1,30.3,22.5,38.8,2.2,39.3,"97.964838989","93.104558652",49.7,8,21.1,29.1,70.9,30,103,48.2,488,45,9.9,73,647,211,1013,91.6,21,261,51.8,525,42.9,435,14,35.9,32,39.9,28.1,178,60.2,53.4,95,19.1,34,20.8,37,6.7,12,,,,,,,,,,,,,,,,,,,,,,,,,,,,,,,,,"4.43","27.0"
"Azocar, José",640492,2025,29,19,21,5,5,0,0,0,1,2,4.8,9.5,".263",".263",".333","0.596","0.000",".278","1","15","5","0","1","6","21","11","0","12","1","14","0","0","0","0","2","0","18","3","0","2","6","4","1","0","0","0","2","6","0","1","0","0","1","0","0","0","0","0","1","0","0","5","1","0","0","24","0","43","1","67",,"1","0","0","0",".324",".379",".277",".341",".388",".056",".247",".320",".278",".341","-0.061","-0.116","-0.064","70.2",13.8,14.8,13.8,33.3,31,"6.8",0,2.3,4.2,34.5,39.3,"86.4","7.1",44.4,0,0,0,33.3,27.8,33.3,5.6,27.8,"95.900311111","92.283752353",67.7,0,30.6,18.2,81.8,2,11,53.7,36,100,4.5,9,32,13,67,100,0,21,46.3,31,44.8,30,6.3,47.8,11.1,72.2,16.7,18,57.1,44.4,8,11.1,2,38.9,7,5.6,1,,,,,,,,,,,,,,,,,,,,,,,,,,,,,,,,"2",,"28.9"
"Outman, James",681546,2025,28,24,27,3,1,0,0,2,13,3,48.1,11.1,".125",".375",".222","0.597","0.250",".111","4","9","9","0","0","6","38","19","0","14","1","9","0","0","0","0","0","2","11","1","0","4","3","0","1","0","0","0","3","0","0","0","0","0","21","0","0","0","0","0","0","0","0","5","0","0","0","40","0","67","21","107",,"0","0","0","0",".164",".538",".263",".333",".257",".374",".457",".629",".273",".358","-0.039","-0.163","-0.070","73.9",38.6,16.7,9.1,20.8,11.4,"8",1,20.4,-7.6,47.7,38.6,"90.3","23.1",27.3,3,27.3,9.1,9.1,27.3,27.3,0,36.4,"102.087258333","95.683959091",55.6,33.3,34,72.2,27.8,13,18,49.5,53,77.8,8.4,23,49,29,107,66.7,10,30,50.5,54,47.7,51,47.9,44.9,18.2,63.6,18.2,11,81.5,27.3,3,54.5,6,9.1,1,9.1,1,,,,,,,,,,,,,,,,,,,,,,,,,,,,,,,,,,"27.3"
"Straw, Myles",664702,2025,30,137,150,37,29,7,0,1,17,6,11.3,4,".270",".343",".299","0.642","0.073",".300","14","65","47","1","6","40","158","107","0","98","4","63","4","0","0","0","16","3","125","18","0","30","39","13","5","0","0","0","9","5","0","0","6","0","30","0","1","0","1","0","0","0","0","20","6","0","0","165","6","370","30","535",,"0","1","0","0",".276",".406",".283",".307",".305",".130",".303",".331",".306",".313","-0.006","-0.063","-0.024","66.7",0.9,9.7,8.5,41.6,36.3,"6.7",4,5.5,4,44.8,35.8,"87.5","13.3",35.4,6,4.7,4.7,27.6,26,29.1,7.9,27.6,"96.213083333","92.225401597",62.9,7.9,31.6,26,72.7,20,77,44.7,244,72.3,8.6,51,361,100,546,90,15,190,55.3,302,44,240,13.1,48.9,29.1,35.4,35.4,127,68.7,44.1,56,26.8,34,25.2,32,3.9,5,,,,,,,,,,,"5","2","6","33.3","1","2","50.0","5","5","100.0","8","8","100.0","7","8","87.5","0.4","0.5","0.3","1.2","35.5","11","4.14","29.1"
"Alvarez, Francisco",682626,2025,23,123,138,29,23,3,0,3,38,13,27.5,9.4,".236",".333",".319","0.652","0.097",".317","11","55","41","0","0","30","195","68","0","88","9","35","3","0","0","2","15","4","85","10","0","15","27","9","5","0","0","0","0","0","0","0","0","0","88","0","0","0","0","0","0","0","0","10","0","0","0","208","0","339","88","547",,"0","1","0","0",".219",".385",".296",".303",".304",".166",".358",".369",".341",".317",".017","-0.052","-0.007","73.5",35.1,19.3,12.8,34.8,23.1,"7.2",4,7.3,5.2,51.2,30.4,"92.9","9.9",30.6,7,8.2,9.4,22.4,24.7,32.9,2.4,50.6,"103.368575349","96.501371294",71.6,26.7,29.4,57.1,42.9,48,84,52.3,286,80,8.2,27,302,149,547,73.3,50,187,47.7,261,41,224,36.2,49.5,32.9,40,27.1,85,65.2,49.4,42,22.4,19,22.4,19,5.9,5,"17","1.88","1.88","1.88","1","1.52","1.52",,"0.63","85.4",,,,,,,,,,,,,,,,,,,,,,,"4.61","25.8"
"Robertson, Will",683770,2025,27,10,12,1,1,0,0,0,7,1,58.3,8.3,".100",".100",".250","0.350","0.000",".333","1","6","1","0","0","2","10","6","0","11","1","3","1","0","0","1","0","0","3","1","0","0","1","0","1","0","0","0","0","0","0","0","0","0","6","0","0","0","0","0","0","0","0","0","0","0","0","13","0","31","6","44",,"0","0","0","0",".063",".097",".192",".175",".219",".034",".296",".227",".333",".210",".037",".003",".017","72.5",45.5,15.4,9.1,15.4,9.1,"8.3",3,14.9,-16.5,54.5,28.5,"92.9","26.8",33.3,0,0,33.3,0,33.3,33.3,0,66.7,"100.04295","96.028633333",68.4,15.4,48,75,25,9,12,56.8,25,60,11.4,6,25,10,44,84.6,2,13,43.2,19,38.6,17,44,56.8,100,0,0,3,66.7,33.3,1,0,0,33.3,1,33.3,1,,,,,,,,,,,,,,,,,,,,,,,,,,,,,,,,,,
"Melton, Jacob",689200,2025,24,29,31,7,6,0,1,0,12,2,38.7,6.5,".241",".310",".290","0.600","0.069",".412","6","10","9","0","3","8","48","26","0","22","2","11","1","0","0","0","5","0","17","2","0","0","10","0","0","0","0","0","1","0","0","0","0","0","19","0","0","0","0","0","0","0","0","3","3","0","0","50","0","88","19","138",,"0","0","0","0",".219",".342",".268",".270",".269",".123",".408",".411",".412",".373",".022","-0.032","-0.002","72.9",31.6,22.2,14,33.3,21.1,"7.2",2,10.2,9.6,50.9,28.3,"91.5","-14",17.6,1,5.9,0,29.4,0,58.8,5.9,58.8,"104.210365556","97.203938824",61.6,33.3,26.2,47.1,52.9,8,17,47.1,65,63.6,8,39,66,25,138,66.7,15,45,52.9,73,43.5,60,37.1,44.9,29.4,41.2,29.4,17,64.5,88.2,15,0,0,11.8,2,0,0,,,,,,,,,,,,,,,,,,,,,,,,,,,,,,,,"5","4.19","29.2"
"Schanuel, Nolan",694384,2025,23,286,330,79,55,16,1,7,42,35,12.7,10.6,".276",".413",".364","0.777","0.137",".303","30","100","112","1","3","59","441","240","0","230","6","77","5","0","1","5","22","10","244","45","0","49","81","24","12","0","3","0","3","0","0","0","3","1","70","1","0","0","0","0","0","0","0","39","2","1","0","471","4","793","70","1264",,"0","2","1","0",".277",".422",".342",".344",".365",".145",".347",".349",".322",".324","-0.001","-0.009","-0.002","68",7.5,10.6,9.2,38.5,33.6,"6.7",8,8,-0.8,47.4,37.9,"87.8","13.6",40.7,14,5.6,4.8,26.2,27,31.9,4.4,28.2,"96.731600082","92.42891428",62.6,7.6,23.4,32.9,67.1,47,143,47.7,611,77.2,7.9,181,747,275,1282,91.9,32,420,52.3,671,43.5,558,14,43.9,34.7,39.1,26.2,248,54.9,41.5,103,25,62,28.6,71,4.8,12,,,,,,,,,,,,,,,,,,,,,,,,,,,,,,,,,"4.6","25.9"
"Turang, Brice",668930,2025,25,297,338,84,68,11,0,5,73,35,21.6,10.4,".283",".370",".356","0.726","0.087",".354","31","101","108","7","16","67","489","248","0","288","11","78","1","0","3","1","41","7","225","34","0","45","67","26","3","0","0","0","3","1","1","0","1","4","118","6","1","0","1","0","1","0","0","52","14","2","0","517","5","896","118","1413",,"1","5","1","0",".273",".404",".325",".336",".350",".131",".371",".387",".368",".360",".010","-0.034","-0.011","69.6",12,11.6,9.5,34.9,28.5,"6.7",15,5.4,10,41.8,30.1,"91","8",35.8,15,6.6,2.6,34.1,20.1,32.3,3.9,44.5,"99.831690536","94.453708879",64.5,16.1,26.2,31.1,68.9,56,180,48.1,687,74.3,7.9,186,827,322,1427,83.2,77,477,51.9,740,43.1,615,20.2,46,22.3,41.9,35.8,229,59.5,48,110,22.7,52,27.9,64,1.3,3,,,,,,,,,,,,,,,,,,,,,,,,,,,,,,,,"14","4.15","29.0"
"Dunn, Oliver",686554,2025,27,36,41,6,4,2,0,0,11,2,26.8,4.9,".167",".222",".205","0.427","0.055",".231","6","16","8","0","1","9","58","27","0","16","1","14","0","0","0","0","1","1","28","4","0","3","15","3","0","0","0","0","3","1","0","0","2","1","20","0","0","0","0","0","0","0","0","4","1","0","0","62","3","92","20","154",,"0","0","0","0",".233",".276",".191",".246",".270",".044",".234",".315",".231",".328","-0.066","-0.054","-0.055","73.1",23.1,18.8,11.5,37.5,23.1,"7.5",1,9.4,2,50,28.7,"87.3","3.8",35.7,0,0,3.6,21.4,17.9,39.3,17.9,32.1,"99.923279167","94.14957875",63.5,27.8,15.9,54.5,45.5,6,11,44.8,69,66.7,5.8,25,74,45,154,72.2,15,54,55.2,85,40.3,62,32.3,42.2,39.3,28.6,32.1,28,68.3,57.1,16,14.3,4,28.6,8,0,0,,,,,,,,,,,,,,,,,,,,,,,,,,,,,,,,,,"27.8"
"Escarra, J.C.",641555,2025,30,65,77,16,9,5,0,2,10,9,13,11.7,".246",".415",".338","0.753","0.169",".255","9","26","27","0","1","16","115","49","0","51","2","31","1","0","0","1","3","2","57","11","0","9","22","4","5","0","0","0","4","0","0","1","0","2","26","0","0","0","0","0","0","0","0","5","1","0","0","128","2","185","26","313",,"0","1","1","0",".253",".394",".330",".324",".344",".141",".324",".316",".281",".290","-0.007",".021",".006","72.7",25.8,16.3,13.3,35.7,29.2,"7.6",3,7.2,-9.5,53.3,27.8,"90.2","10.2",31.6,4,7,3.5,21.1,28.1,38.6,1.8,40.4,"99.835792759","94.118712982",67.8,10.7,20.5,51.5,48.5,17,33,51.4,161,95.8,7.7,39,168,85,313,89.3,11,103,48.6,152,39,122,20.6,43.5,47.4,26.3,26.3,57,51.9,43.9,25,19.3,11,28.1,16,8.8,5,"7","1.92","1.92",,"0",,,,"0.66","81.5",,,,,,,,,,,,,,,,,,,,,,,"4.62","25.8"
"Nido, Tomás",621512,2025,31,35,37,12,12,0,0,0,10,0,27,0,".343",".343",".361","0.704","0.000",".480","2","15","12","0","0","8","30","13","0","26","1","10","1","0","0","1","4","0","26","8","0","4","8","1","1","0","0","0","1","0","0","0","1","0","17","0","0","0","0","0","0","0","0","4","0","0","0","36","1","83","17","119",,"0","0","0","0",".264",".331",".316",".270",".285",".067",".426",".360",".480",".370",".079",".012",".046","69",1.6,12.8,9.7,31.9,24.2,"7.7",0,12.3,7,61.3,31.4,"86.4","10.4",38.5,0,0,3.8,42.3,23.1,23.1,7.7,34.6,"97.705402308","93.0468092",81.4,16.7,36.7,45.5,54.5,10,22,50.4,60,100,4.2,9,74,21,119,83.3,8,48,49.6,59,48.7,58,25.7,58.8,46.2,26.9,26.9,26,64.9,46.2,12,15.4,4,34.6,9,3.8,1,"1","1.82","1.82",,"0",,,,"0.53","77.1",,,,,,,,,,,,,,,,,,,,,,,,"25.1"
"Sheets, Gavin",657757,2025,29,263,290,68,43,12,1,12,61,22,21,7.6,".259",".449",".317","0.766","0.190",".290","46","126","118","1","1","67","378","228","0","194","8","77","6","0","1","2","16","18","202","34","0","32","55","26","21","0","0","0","5","0","0","40","0","3","117","1","0","0","0","0","0","0","0","32","1","0","0","427","3","757","117","1184",,"0","2","0","0",".266",".472",".333",".346",".327",".206",".389",".408",".332",".345","-0.007","-0.023","-0.013","74.3",46.9,20.2,15.8,36.1,28.3,"7.8",14,8.9,-7.7,55.7,27.7,"91.8","16.2",40.5,21,10.2,10.2,23.9,24.9,27.3,2.9,52.2,"101.491510882","95.500529216",59.9,15.7,31,41.2,58.2,80,194,52.1,626,65.6,7.5,223,512,369,1202,84.1,54,345,47.9,576,44,529,24.9,44.8,42.4,32.7,24.9,205,58.6,35.1,72,24.9,51,29.8,61,10.2,21,,,,,,,,,,,"-2","0","7","0.0","0","0",,"0","0",,"1","3","33.3","3","3","100.0","-1.3","-1.4","0.1","-2.5","29.3",,"4.51","27.0"
"Waters, Drew",671221,2025,26,194,205,49,39,6,3,1,55,9,26.8,4.4,".253",".330",".293","0.623","0.077",".348","14","88","64","2","5","50","213","83","0","153","6","64","2","0","0","2","18","6","139","25","0","28","48","9","4","0","0","0","4","2","1","0","0","0","112","2","0","0","2","0","2","0","0","21","5","0","0","228","0","506","112","734",,"2","4","0","0",".242",".329",".277",".270",".283",".086",".353",".345",".353",".340",".011",".001",".007","71.6",18.1,10.3,7.3,28.1,19.9,"6.6",14,8.5,5,47.4,41.8,"86.3","9.1",36.7,5,3.6,4.3,31.7,21.6,33.8,3.6,29.5,"97.559184928","92.851088978",78.2,20.9,34.8,54.5,45.5,66,121,47.4,348,84.1,8.6,170,370,164,734,78.5,63,302,52.6,386,39.5,290,30.5,57.6,38.8,38.1,23,139,66.3,47.5,66,24.5,34,24.5,34,3.6,5,,,,,,,,,,,"-1","0","11","0.0","1","4","25.0","2","3","66.7","6","7","85.7","11","12","91.7","-0.4","1.2","0","0.8","33.6",,"4.35","27.6"
"Mountcastle, Ryan",663624,2025,28,187,200,46,31,13,0,2,46,8,23,4,".246",".348",".280","0.628","0.102",".310","15","81","65","0","1","39","214","98","0","170","7","52","6","0","0","2","16","3","144","27","0","28","48","15","6","0","0","0","0","0","0","4","0","3","114","0","0","0","1","0","0","0","0","19","0","0","1","225","3","541","114","766",,"0","6","0","0",".270",".441",".275",".320",".303",".171",".334",".396",".319",".352","-0.024","-0.093","-0.045","75.2",52.7,13.8,9.9,27.7,19.8,"7.6",8,7,-1.9,41,36.2,"90.5","9.4",37.5,16,11.1,6.9,22.9,20.8,34.7,3.5,46.5,"101.396264167","95.123005139",75.8,18.8,39.6,49,51,74,151,49.7,381,83.8,8.9,100,410,182,766,81.2,55,292,50.3,385,40.7,312,29.1,57.8,42.4,30.6,27.1,144,65.5,44.4,64,21.5,31,29.9,43,4.2,6,,,,,,,,,,,,,,,,,,,,,,,,,,,,,,,,,"4.5","27.8"
"Quero, Edgar",700337,2025,22,164,182,43,36,7,0,0,35,15,19.2,8.2,".262",".305",".330","0.635","0.043",".331","17","66","50","1","0","41","251","113","0","145","11","52","3","0","0","2","19","1","129","23","0","20","49","12","4","0","0","0","0","0","1","9","0","1","46","0","1","0","0","0","0","1","0","8","0","0","0","260","1","447","46","707",,"1","1","0","0",".240",".319",".289",".284",".312",".079",".314",".307",".331",".306",".022","-0.014",".005","67.1",1,13.2,11,40.1,33.2,"6.7",3,5.4,11.3,47.9,32.2,"90.8","5.5",34.6,0,0,10.8,32.3,15.4,38.5,3.1,47.7,"100.159596308","94.688950077",67.8,14.2,18.8,35.7,64.3,20,56,41.7,298,81.4,8.3,115,438,136,714,85.8,40,282,58.3,416,44.7,319,17.8,47.3,25.4,37.7,36.9,130,61,53.1,69,16.2,21,27.7,36,3.1,4,"26","1.97","1.97","1.97","2","1.61","1.65","1.56","0.66","80.9",,,,,,,,,,,,,,,,,,,,,,,"4.84","24.8"
"Pham, Tommy",502054,2025,37,170,193,38,31,6,0,1,51,19,26.4,9.8,".224",".276",".301","0.577","0.052",".306","15","73","46","1","3","35","272","165","0","124","7","54","8","0","0","1","20","3","119","14","0","18","45","11","8","0","1","0","1","2","0","1","0","3","70","1","0","0","1","0","1","1","0","15","2","1","0","286","3","488","70","774",,"2","3","1","0",".214",".301",".262",".268",".294",".087",".305",".315",".311",".302",".010","-0.025","-0.006","72.6",25.9,14.2,10.8,34,25.9,"7",6,8,-0.2,47.8,27.5,"89.8","5.1",29.5,4,3.3,7.4,18.9,21.3,45.1,2.5,39.3,"100.546171667","94.447126",57.8,17.3,20.7,51.4,48.6,37,72,44.1,348,78.4,9.4,61,449,205,789,82.7,44,255,55.9,441,43.6,344,24.8,41.4,42.6,29.5,27.9,122,59.9,54.9,67,17.2,21,21.3,26,6.6,8,,,,,,,,,,,"-1","0","7","0.0","1","5","20.0","1","4","25.0","8","10","80.0","8","8","100.0","-0.2","-0.1","0.3","0","33.9",,"4.54","27.6"
"Kemp, Otto",805249,2025,25,62,70,15,11,3,0,1,17,4,24.3,5.7,".242",".339",".329","0.668","0.097",".318","6","17","17","2","1","12","64","27","0","45","3","17","1","0","0","4","5","1","41","8","0","10","12","5","0","0","0","0","0","0","0","0","0","0","40","2","0","0","0","0","0","0","0","8","1","0","0","73","0","159","40","232",,"0","1","0","0",".245",".402",".304",".325",".331",".156",".347",".380",".333",".338","-0.003","-0.063","-0.021","73",33.9,13.5,8.9,35.1,23.2,"7.6",3,11.9,-7.9,40.2,34.1,"90.5","11.6",42.2,3,6.7,11.1,20,24.4,33.3,4.4,42.2,"100.242703636","94.391015909",76.2,18.2,34.4,71.4,28.6,30,42,48.4,122,88.5,10.3,27,121,76,252,81.8,18,99,51.6,130,38.9,98,34,56,40,28.9,31.1,45,67.1,40,18,28.9,13,31.1,14,0,0,,,,,,,,,,,,,,,,,,,,,,,,,,,,,,,,"3","4.35","29.3"
"Suwinski, Jack",669261,2025,26,42,50,5,4,1,0,0,20,8,40,16,".119",".143",".260","0.403","0.024",".227","1","26","6","0","4","11","88","42","0","35","1","18","1","0","0","0","1","0","22","4","0","8","5","4","0","0","1","0","5","1","0","0","0","0","27","0","0","0","0","0","0","0","0","4","3","1","0","93","0","131","27","224",,"0","0","0","0",".212",".381",".197",".314",".338",".169",".219",".478",".227",".404","-0.093","-0.238","-0.117","74.3",46.1,11.8,7.9,19.6,13.2,"7.5",3,13.3,2.6,44.7,35.1,"88.4","21",50,3,13.6,0,31.8,36.4,13.6,4.5,40.9,"101.39659","94.775298636",58.1,26.2,23.5,57.1,42.9,16,28,53.1,119,83.3,8,42,122,48,224,73.8,16,61,46.9,105,50,112,36,39.7,40.9,31.8,27.3,22,56,27.3,6,36.4,8,36.4,8,0,0,,,,,,,,,,,"0","0","1","0.0","0","2","0.0","3","4","75.0","3","3","100.0","5","5","100.0","0","-0.3","-0.4","-0.8","33.6",,,"27.0"
"McNeil, Jeff",643446,2025,33,161,187,40,22,7,3,8,20,21,10.7,11.2,".248",".478",".337","0.815","0.230",".235","26","76","77","0","1","41","214","73","0","192","4","50","4","0","1","2","5","9","141","26","0","34","45","10","11","0","2","0","2","0","0","3","0","3","44","0","0","0","0","0","0","0","0","17","1","0","0","228","3","455","44","683",,"0","1","1","0",".261",".389",".348",".324",".350",".128",".345",".315",".278",".294","-0.013",".089",".024","70.9",9.7,7.3,6.5,25.7,23,"7.3",6,8.2,-4.7,47.5,32.7,"86.1","15.8",39.6,7,4.9,5.6,25.7,32.6,25,6.3,30.6,"96.820108889","92.467814965",78.8,9.2,27,26.5,73.5,22,83,44.3,307,88.5,8.8,97,385,168,693,90.8,28,304,55.7,386,43.6,302,12.9,55.8,45.1,29.9,25,144,69.9,34.7,50,31.3,45,26.4,38,7.6,11,,,,,,,,,,,"-2","0","2","0.0","0","1","0.0","2","4","50.0","0","2","0.0","8","8","100.0","-0.2","0","0.2","0","34.5",,"4.3","26.0"
"Realmuto, J.T.",592663,2025,34,250,275,62,44,12,1,5,65,23,23.6,8.4,".248",".364",".316","0.680","0.116",".317","27","99","87","1","5","58","347","166","0","195","15","66","10","0","0","2","21","12","182","26","0","27","70","17","9","0","1","0","0","0","0","1","0","0","106","1","0","0","0","0","0","0","0","29","5","0","0","383","0","672","106","1055",,"0","2","0","0",".261",".405",".302",".321",".329",".144",".358",".385",".335",".353","-0.013","-0.041","-0.019","72.7",31.2,16.8,12.8,31.9,24.2,"7.6",9,12.6,1.6,54,33.6,"90.5","8.6",34.1,16,8.6,6.5,27,20,35.7,2.2,45.9,"101.601718925","95.071791351",66,15.4,30.5,46.7,53.3,79,169,51.5,554,75.6,8,138,581,280,1075,84.6,53,344,48.5,521,41.9,450,25.7,47.7,39.5,34.6,25.9,185,53.1,49.7,92,21.6,40,23.8,44,4.9,9,"29","1.86","1.87","1.86","1","1.38",,"1.38","0.59","84.9",,,,,,,,,,,,,,,,,,,,,,,"4.38","28.3"
"Narváez, Omar",553882,2025,33,7,10,2,2,0,0,0,1,2,10,20,".286",".286",".400","0.686","0.000",".286","3","5","2","0","0","3","19","5","0","9","1","4","0","0","0","0","1","0","7","1","0","3","2","0","0","0","0","0","0","0","0","0","0","1","2","0","0","0","0","0","0","0","0","1","0","0","0","19","1","24","2","43",,"0","0","0","0",".234",".292",".316",".309",".373",".059",".254",".244",".286",".247",".052","-0.006",".007","66.7",0,0,0,26.7,23.5,"7",1,11,-0.2,76.5,34.1,"87.2","12.4",28.6,0,0,0,14.3,42.9,42.9,0,14.3,"94.2214","91.555085714",72.7,18.8,14.3,0,100,0,3,48.8,21,60,11.6,5,31,6,43,81.3,3,16,51.2,22,41.9,18,15.8,44.2,42.9,42.9,14.3,7,60,42.9,3,42.9,3,14.3,1,0,0,"5","1.99","1.99",,"0",,,,"0.58","77.8",,,,,,,,,,,,,,,,,,,,,,,,
"Vargas, Ildemaro",545121,2025,33,28,29,8,5,2,0,1,7,0,24.1,0,".286",".464",".310","0.774","0.178",".350","4","14","13","0","0","7","22","18","0","19","0","10","0","0","0","1","3","1","21","4","0","3","8","0","2","0","0","0","0","2","0","1","0","0","15","0","0","0","0","0","0","0","0","5","0","0","0","24","0","74","15","98",,"0","0","0","0",".258",".407",".336",".299",".284",".149",".430",".378",".381",".344",".028",".057",".037","70.1",12.5,20.6,14.6,44.1,31.3,"7.5",1,6.7,-9.5,41.7,23.5,"91.2","10.6",28.6,1,4.8,0,33.3,19,33.3,9.5,47.6,"100.509348","95.0512665",69.4,20.6,44.9,40.9,59.1,9,22,50,49,85.7,7.1,15,48,28,98,79.4,7,34,50,49,43.9,43,28.6,57.1,33.3,47.6,19,21,62.1,52.4,11,19,4,19,4,9.5,2,,,,,,,,,,,,,,,,,,,,,,,,,,,,,,,,,,"27.8"
"Walls, Taylor",670764,2025,28,184,211,40,30,7,1,2,45,22,21.3,10.4,".217",".299",".295","0.594","0.082",".270","25","80","55","6","9","52","303","154","0","163","13","68","1","0","2","0","18","8","144","14","0","34","43","18","9","0","0","0","1","7","0","1","1","4","62","4","2","0","1","0","1","0","0","25","9","0","0","321","5","549","62","870",,"1","1","2","0",".211",".292",".269",".264",".291",".081",".288",".281",".280",".274",".006",".007",".005","68.3",2.1,6.2,4.9,34,26.8,"7",1,9.6,4.1,52.7,34.2,"87.1","16.1",31.3,3,2.1,4.2,25,33.3,29.2,6.3,27.8,"96.130231014","92.141276423",64.6,14.4,21.4,37.3,59,31,83,44.5,387,80.2,9.9,147,522,157,870,82.7,45,312,55.5,483,44.6,388,19.2,45.4,36.1,31.3,32.6,144,66.8,42.4,61,29.2,42,22.2,32,6.3,9,,,,,,,,,,,,,,,,,,,,,,,,,,,,,,,,,"4.37","28.1"
"Merrill, Jackson",701538,2025,22,188,207,56,38,11,2,5,43,16,20.8,7.7,".298",".457",".353","0.810","0.159",".359","26","74","86","2","1","44","206","55","0","154","15","48","2","0","0","1","24","8","146","24","0","32","39","14","4","0","1","0","0","0","0","0","0","2","82","2","0","0","1","0","0","0","0","26","1","0","0","220","2","462","82","682",,"0","1","0","0",".308",".538",".351",".385",".365",".229",".416",".463",".381",".398","-0.010","-0.081","-0.034","72",20.7,16,11.8,27.7,20.5,"7.3",7,8.1,2.8,40.6,37,"88.6","12.8",44.9,19,12.9,9.5,26.5,16.3,32.7,2,39.5,"100.169225676","94.187913061",81.1,18.8,37.3,42,58,55,131,49.8,351,84.4,6.4,104,376,154,705,80.8,54,287,50.2,354,46.8,330,26.1,59.3,34,36.1,29.9,147,63.6,42.9,63,27.2,40,27.2,40,2.7,4,,,,,,,,,,,"1","0","4","0.0","2","6","33.3","1","2","50.0","5","5","100.0","14","15","93.3","1.4","0.7","-1.3","0.7","35.6",,"4.26","28.3"
"Soto, Juan",665742,2025,26,290,363,75,41,14,0,20,57,68,15.7,18.7,".259",".514",".397","0.911","0.255",".253","45","135","145","1","9","65","641","332","0","188","10","81","14","0","1","1","20","20","235","34","0","41","93","15","11","0","5","0","2","0","0","1","0","4","91","1","0","0","0","0","1","0","0","60","8","1","0","691","4","861","91","1552",,"1","4","0","0",".322",".662",".391",".465",".451",".340",".403",".516",".316",".400","-0.063","-0.148","-0.074","73.5",39,28.1,23.7,40.6,34.2,"7",19,10.7,4.8,67.1,28.2,"94.3","9.6",34.2,40,16.9,9.3,23.6,18.1,29.1,2.5,56.5,"105.039606949","97.647045574",54.5,13.3,14,44.1,55.9,49,111,50.6,793,72.7,7.7,238,829,388,1566,86.5,56,421,49.4,773,40.2,630,19.7,34,38.8,39.2,21.9,237,56.5,47.7,113,26.2,62,21.5,51,4.6,11,,,,,,,,,,,"-9","0","11","0.0","0","6","0.0","2","7","28.6","5","8","62.5","14","18","77.8","0","-0.6","-0.1","-0.7","32.7",,"4.56","26.0"
"Young, Jacob",696285,2025,25,153,177,39,32,6,1,0,23,14,13,7.9,".255",".307",".325","0.632","0.052",".300","7","54","44","8","7","31","206","127","0","89","6","57","4","0","0","2","22","2","134","13","0","14","64","12","7","0","0","0","6","5","0","1","8","0","36","8","0","0","0","0","1","0","0","18","5","2","0","215","8","404","36","619",,"1","1","0","0",".266",".319",".288",".297",".336",".053",".289",".300",".300",".313","-0.011","-0.012","-0.009","69",3.2,10.8,9.1,40.5,34.1,"7.1",3,4.4,2.9,41.4,30.3,"87.2","1.5",22.5,2,1.4,2.2,23.9,14.5,42,15.2,31.2,"97.899339","93.083386387",61.3,12.4,23.8,28.4,68.7,19,67,44.3,282,69.2,10.2,48,384,139,636,84.3,27,217,55.7,354,44.7,284,16.2,44.7,29,40.6,30.4,138,68.9,64.5,89,11.6,16,18.8,26,5.1,7,,,,,,,,,,,"5","1","9","11.1","2","4","50.0","4","5","80.0","11","11","100.0","10","10","100.0","4.6","1.1","-2.5","3.1","37.8","20","4.25","29.3"
"Cameron, Daz",663662,2025,28,41,42,8,6,1,0,1,13,1,31,2.4,".195",".293",".214","0.507","0.098",".259","3","13","12","0","1","5","50","22","0","37","3","21","1","0","0","0","3","1","28","4","0","9","6","2","3","0","0","0","1","5","0","0","0","0","18","0","0","0","0","0","0","0","0","7","1","0","0","51","0","108","18","159",,"0","0","0","0",".233",".390",".223",".274",".251",".158",".309",".387",".286",".341","-0.038","-0.097","-0.051","75.4",49.3,10.3,8,24.1,18.7,"7",1,5.1,-7.4,37.3,32.8,"91.9","20.4",28.6,2,7.1,7.1,28.6,35.7,21.4,0,32.1,"99.524880714","94.134041071",71.3,17.9,29.2,47.4,52.6,9,19,40.9,65,84.6,8.2,32,74,30,159,82.1,12,67,59.1,94,40.9,65,24.4,54.1,35.7,57.1,7.1,28,61.9,32.1,9,35.7,10,21.4,6,10.7,3,,,,,,,,,,,"0","0","3","0.0","0","0",,"0","0",,"0","0",,"1","1","100.0",,,,,,,,"27.7"
"Arias, Gabriel",672356,2025,25,251,276,57,35,17,0,5,87,17,31.5,6.2,".227",".355",".287","0.642","0.128",".323","29","93","89","3","3","51","291","88","0","180","13","74","5","0","1","5","24","9","165","24","0","29","63","9","6","0","0","0","4","1","0","0","1","2","229","2","1","0","1","0","0","0","0","27","2","1","0","315","3","682","229","997",,"0","1","0","0",".220",".387",".285",".295",".284",".167",".379",".396",".343",".337",".007","-0.032","-0.010","75.4",54.1,15.6,9.5,29,17.7,"7.6",14,9.8,0.6,51.2,29.2,"89.8","5.6",30.5,17,10.2,5.4,21.6,19.8,38.3,4.8,41.3,"101.505601084","95.036086061",79.8,34.4,40.3,55.9,44.1,118,211,51.9,523,82.8,6.3,133,510,244,1008,65.6,133,387,48.1,485,42.4,427,42,59.3,39.5,38.9,21.6,167,67,52.7,88,22.8,38,21,35,3.6,6,,,,,,,,,,,,,,,,,,,,,,,,,,,,,,,,,"4.49","27.2"
"Wynns, Austin",642851,2025,34,74,79,21,11,5,0,5,21,4,26.6,5.1,".284",".554",".321","0.875","0.270",".333","17","36","41","0","0","23","91","63","0","59","2","31","2","0","0","0","6","7","54","8","0","11","18","1","3","0","0","0","7","0","0","1","0","0","34","0","0","0","0","0","0","0","0","9","0","0","0","100","0","216","34","316",,"0","1","0","0",".254",".509",".374",".341",".293",".254",".499",".449",".396",".355",".030",".045",".033","70.8",14.7,17.2,13.2,33.3,25.6,"7.5",2,13.5,-8.2,51.2,34.4,"88.8","13.8",31.5,6,11.1,7.4,24.1,20.4,27.8,9.3,44.4,"101.353743333","95.045432453",64.6,21.4,26.7,41.7,58.3,15,36,42.7,135,77.1,11.1,39,168,81,316,78.6,25,117,57.3,181,43,136,26.1,48.4,46.3,35.2,18.5,54,58.2,44.4,24,33.3,18,16.7,9,5.6,3,"15","1.96","1.96","1.96","2","1.52","1.5","1.54","0.6","77.5",,,,,,,,,,,,,,,,,,,,,,,"4.97","24.3"
"Thomas, Rhylan",689041,2025,25,8,10,1,0,1,0,0,0,1,0,10,".125",".250",".200","0.450","0.125",".111","2","3","2","0","0","1","12","2","0","10","0","3","0","0","0","0","0","1","9","0","0","3","5","0","0","0","0","0","1","0","0","0","0","1","1","0","0","0","0","0","0","0","0","2","0","0","0","12","1","22","1","34",,"0","1","0","0",".144",".170",".196",".180",".217",".027",".140",".123",".111",".130","-0.019",".080",".016","66.2",0,5.6,5.3,33.3,31.6,"6.7",0,4.4,2.1,42.1,30.5,"83.7","14.5",11.1,0,0,0,0,44.4,44.4,11.1,33.3,"93.921276","91.587194444",88.2,0,29.4,20,80,1,5,50,17,100,2.9,4,22,5,34,100,0,15,50,17,44.1,15,5,58.8,33.3,22.2,44.4,9,60,55.6,5,44.4,4,0,0,0,0,,,,,,,,,,,,,,,,,,,,,,,,,,,,,,,,,,"25.8"
"Ibáñez, Andy",628451,2025,32,94,106,20,14,4,0,2,14,7,13.2,6.6,".213",".319",".292","0.611","0.106",".228","15","47","30","0","3","24","118","61","0","73","4","46","5","0","0","4","9","2","81","9","0","24","24","11","2","0","0","0","10","0","0","2","0","1","30","0","0","0","0","0","0","0","0","14","3","0","0","140","1","250","30","390",,"0","0","0","0",".244",".372",".277",".309",".323",".128",".267",".309",".247",".286","-0.031","-0.053","-0.032","69.1",3.2,10.7,8.9,43.5,36.3,"7.2",3,5.2,-0.7,43.3,28.4,"88.5","11.1",30.9,3,3.7,4.9,22.2,33.3,27.2,4.9,33.3,"98.069785897","93.161182564",69.6,12.8,28.1,32.1,67.9,18,56,51,199,80.6,9.2,45,227,84,390,87.2,17,133,49,191,37.9,148,18.5,48.5,44.4,30.9,24.7,81,59.4,40.7,33,32.1,26,24.7,20,2.5,2,,,,,,,,,,,,,,,,,,,,,,,,,,,,,,,,,"4.39","27.5"
"Cabrera, Oswaldo",665828,2025,26,107,122,26,21,4,0,1,25,11,20.5,9,".243",".308",".322","0.630","0.065",".305","11","51","33","1","0","28","147","67","0","78","3","34","1","0","0","2","11","1","84","14","0","11","32","9","6","0","0","0","5","0","0","0","1","1","45","1","0","0","1","0","0","0","0","17","0","0","0","160","2","281","45","441",,"0","3","0","0",".247",".302",".288",".285",".326",".055",".310",".307",".313",".318","-0.004",".006",".003","69.3",1.6,10.6,7.9,39.4,29.6,"7.3",0,8.6,-0.8,59.3,32.1,"89.1","8.8",31,0,0,3.6,32.1,21.4,38.1,4.8,34.5,"97.700893415","93.00878321",69.1,19.3,28.6,35.9,64.1,23,64,50.8,224,75,8.2,76,266,78,441,80.7,29,150,49.2,217,36.7,162,24.3,48.5,41.7,36.9,21.4,84,63.1,51.2,43,14.3,12,27.4,23,7.1,6,,,,,,,,,,,,,,,,,,,,,,,,,,,,,,,,,"4.63","26.6"
"Brennan, Will",686823,2025,27,11,13,1,1,0,0,0,1,1,7.7,7.7,".091",".091",".231","0.322","0.000",".100","0","5","1","1","0","2","19","6","0","5","2","6","1","0","0","1","1","0","10","0","0","2","5","0","2","0","0","0","2","0","0","0","0","0","3","1","0","0","0","0","0","0","0","0","0","0","0","20","0","26","3","46",,"0","0","0","0",".109",".153",".177",".205",".246",".044",".089",".125",".100",".120","-0.018","-0.062","-0.028","69.3",0,7.7,5.9,38.5,29.4,"7.2",0,6.8,-3.7,35.3,31.2,"82.2","8.2",0,0,0,10,0,30,60,0,30,"93.066842","91.236264",68.4,30.8,25.9,14.3,85.7,1,7,58.7,27,100,6.5,3,28,13,46,69.2,4,13,41.3,19,54.3,25,25,43.5,40,40,20,10,23.1,60,6,20,2,0,0,20,2,,,,,,,,,,,,,,,,,,,,,,,,,,,,,,,,,,"27.0"
"Arcia, Orlando",606115,2025,30,93,97,18,14,2,1,1,19,4,19.6,4.1,".194",".269",".227","0.496","0.075",".233","5","40","25","0","0","22","102","50","0","78","4","33","2","0","0","0","8","2","74","8","0","14","28","6","7","0","0","0","2","1","0","2","0","0","34","0","0","0","0","0","0","0","0","5","0","0","0","111","0","242","34","353",,"0","1","1","0",".212",".300",".221",".241",".245",".088",".252",".278",".243",".267","-0.018","-0.031","-0.020","69.8",10.4,7.4,6.1,24.4,20.2,"7.7",8,6.9,1,59.5,26.3,"85.2","6.1",21.6,2,2.7,2.7,17.6,31.1,39.2,5.4,28.4,"97.178831944","92.592533333",74.2,13.8,32.3,38.9,61.1,21,54,47.3,167,78.6,11.9,24,198,100,353,86.2,19,138,52.7,186,41.6,147,20.8,54.4,36.5,37.8,25.7,74,68,48.6,36,21.6,16,18.9,14,10.8,8,,,,,,,,,,,,,,,,,,,,,,,,,,,,,,,,,"4.81","25.1"
"Capra, Vinny",681962,2025,28,91,99,10,7,2,0,1,23,3,23.2,3,".110",".165",".144","0.309","0.055",".130","6","54","15","0","2","26","93","85","0","44","3","45","5","0","1","1","2","3","72","5","0","12","36","7","6","0","0","0","5","4","0","0","2","2","33","0","0","0","0","0","0","0","0","10","2","0","0","102","4","240","33","342",,"0","2","0","0",".181",".268",".140",".219",".219",".087",".154",".264",".143",".247","-0.071","-0.103","-0.079","68.5",1.5,10.6,8.1,42.3,32.4,"7.2",5,11.5,-5.3,52.2,33.7,"85.5","11.6",26.4,2,2.8,6.9,15.3,26.4,38.9,6.9,31.9,"96.830538824","92.448552941",59.8,15.1,25.2,55.6,44.4,20,36,41.8,143,65.6,9.4,54,159,95,342,84,18,119,58.2,199,41.8,143,24.5,45.3,40.3,34.7,25,72,69.7,52.8,38,20.8,15,18.1,13,8.3,6,,,,,,,,,,,,,,,,,,,,,,,,,,,,,,,,,"4.37","28.3"
"Rojas, Josh",668942,2025,31,123,139,23,17,6,0,0,36,14,25.9,10.1,".187",".236",".268","0.504","0.049",".261","6","52","28","1","4","25","202","86","0","83","11","43","3","0","0","0","7","5","86","10","0","19","31","10","3","0","0","0","11","0","0","0","1","1","49","1","0","0","0","0","0","0","0","8","4","0","0","208","2","317","49","525",,"0","2","0","0",".216",".294",".235",".270",".297",".078",".258",".314",".261",".306","-0.029","-0.058","-0.035","67.2",1,7.2,5.5,36.6,28.1,"7.2",6,10.2,2,53.8,32.7,"88.8","11.5",34.8,2,2.2,9,24.7,27,33.7,1.1,34.8,"97.91012814","93.164817209",66.9,22.3,18.2,42.6,57.4,20,47,47.9,258,83.7,9.1,96,300,104,539,77.7,42,188,52.1,281,40.6,219,26.4,43.6,37.1,39.3,23.6,89,64,43.8,39,28.1,25,24.7,22,3.4,3,,,,,,,,,,,,,,,,,,,,,,,,,,,,,,,,,"4.42","26.3"
"Conforto, Michael",624424,2025,32,221,262,39,22,11,0,6,63,33,24,12.6,".176",".308",".302","0.610","0.132",".216","17","102","68","0","1","54","391","177","0","192","9","70","8","0","2","7","10","10","159","19","0","40","58","14","8","0","0","0","11","0","0","0","0","1","110","0","0","0","0","0","0","0","0","30","1","0","0","417","1","651","110","1068",,"0","0","0","0",".242",".418",".282",".344",".357",".176",".288",".391",".245",".337","-0.066","-0.110","-0.062","73.4",37.6,14.8,11.2,28.9,22,"7.3",6,10.6,0.6,49,32.4,"90.9","14.2",33.3,15,9.4,6.3,26.4,26.4,26.4,4.4,45.3,"100.983493671","94.980385759",64.2,17.1,24.9,48.5,51.5,65,134,50.4,538,79.5,6.8,170,574,254,1068,82.9,58,340,49.6,530,42.4,453,25.9,44.4,39,35.8,25.2,159,62.2,42.8,68,31.4,50,20.8,33,5,8,,,,,,,,,,,"-4","0","8","0.0","1","4","25.0","2","4","50.0","5","6","83.3","6","8","75.0","0.6","-0.9","-0.1","-0.3","33.2",,"4.58","26.1"
"Rice, Ben",700250,2025,26,234,267,55,27,12,2,14,58,24,21.7,9,".235",".483",".323","0.806","0.248",".252","29","106","113","2","3","47","333","171","1","160","8","68","8","0","1","7","16","18","175","21","0","29","63","19","7","0","0","0","5","0","0","44","0","1","101","1","1","0","0","0","0","1","1","37","1","2","0","362","1","618","101","980",,"2","0","0","1",".295",".578",".350",".411",".379",".283",".403",".496",".311",".395","-0.060","-0.095","-0.061","74.1",41.7,22.8,17.9,36.3,28.5,"7.4",10,11.2,-5.7,58.6,33.8,"93.3","12.1",37.3,29,16.4,8.5,23.2,19.2,29.9,2.8,54.8,"104.79463618","97.450140847",67.1,16.2,22.9,50.5,49.5,56,111,48.5,484,72.2,7.9,164,489,276,998,83.5,56,345,51.5,514,42.4,423,24.6,45.7,48.6,32.2,19.2,177,59.9,44.6,79,27.7,49,23.2,41,4.5,8,"2","2.03","1.98","2.08","0",,,,"0.65","78",,,,,,,,,,,,,,,,,,,,,,,"4.56","27.5"
"Perez, Salvador",521692,2025,35,300,321,71,43,19,0,9,68,16,21.2,5,".237",".390",".281","0.671","0.153",".277","41","137","115","0","0","87","314","125","1","245","14","76","8","0","0","3","9","19","230","41","0","52","68","22","19","0","2","0","1","0","1","18","0","1","147","0","0","0","0","0","0","0","0","19","0","0","0","343","1","778","147","1121",,"0","1","0","1",".276",".493",".290",".343",".318",".217",".347",".419",".305",".356","-0.039","-0.103","-0.053","73",30.8,16.4,12.3,30,22.5,"7.9",14,12.5,-5.4,57,34.5,"90.3","19.1",36.1,31,13.3,7.7,21.9,29.2,25.8,2.1,44.6,"102.049629829","95.25627103",75.2,16.9,43.8,41.9,58.1,113,270,54.3,617,76.6,8.3,137,600,270,1138,83.1,66,391,45.7,520,40.8,464,27.2,58.2,47.6,33,19.3,233,66.7,33,77,31.3,73,27.5,64,8.2,19,"7","1.94","2.07","1.92","0",,,,"0.59","78.8",,,,,,,,,,,,,,,,,,,,,,,"4.96","24.6"
"Kelly, Carson",608348,2025,30,166,195,43,28,5,1,9,32,27,16.4,13.8,".259",".464",".364","0.828","0.205",".270","26","67","76","0","0","47","300","121","0","144","7","51","5","0","1","1","12","13","133","16","1","24","44","15","8","0","0","0","1","0","0","2","0","1","65","0","0","0","0","0","0","0","0","28","0","0","0","322","1","470","65","792",,"0","2","0","0",".260",".455",".363",".357",".365",".195",".381",".372",".319",".319","-0.001",".009",".006","70.5",7,16,12.7,37.4,29.7,"7",3,12.2,-3.6,54,33,"89.8","14.6",33.3,12,8.9,6.7,23.7,25.2,31.1,4.4,44.4,"100.380765735","94.719090889",68.6,16.1,20.1,34.9,65.1,29,83,50.9,412,77.9,9.5,82,451,189,810,83.9,44,273,49.1,398,43.3,351,20.5,44,44.4,31.9,23.7,135,57.4,41.5,56,28.1,38,23.7,32,6.7,9,"19","1.96","1.93","2","1","1.53","1.53",,"0.64","82.1",,,,,,,,,,,,,,,,,,,,,,,"4.77","25.9"
"Rodríguez, Julio",677594,2025,24,330,362,84,58,12,3,11,75,22,20.7,6.1,".255",".409",".315","0.724","0.154",".297","41","146","131","3","13","74","381","126","0","235","12","79","8","0","0","7","32","21","252","28","0","42","93","19","17","0","1","0","0","0","0","0","0","2","199","3","0","0","0","0","3","0","0","48","11","2","0","412","2","832","199","1244",,"3","4","0","0",".271",".462",".317",".342",".331",".191",".367",".401",".327",".349","-0.016","-0.053","-0.025","75.6",57.1,17.1,12.1,30.8,21.7,"7.7",15,6.9,-1.2,45.7,32,"90.8","8.4",29.2,20,7.8,6.6,26.5,21.4,34.6,2.7,44.4,"102.444018125","95.436539805",77.5,21.7,36.9,48.5,51.5,115,237,51,642,83.5,6.7,179,663,259,1260,78.1,104,479,49,618,43,542,30.6,56.8,37.4,41.2,21.4,257,70.9,50.2,129,24.9,64,18.3,47,6.6,17,,,,,,,,,,,"9","1","7","14.3","1","3","33.3","8","13","61.5","26","26","100.0","25","25","100.0","-0.8","1.4","0.4","1","35.7","27","4.28","29.2"
"Moore, Dylan",664238,2025,32,157,173,35,23,4,0,8,57,14,32.9,8.1,".223",".401",".283","0.684","0.178",".287","16","72","63","4","9","34","230","109","0","135","9","61","1","0","1","0","11","10","100","14","0","18","26","8","13","0","0","0","11","3","1","2","0","2","97","4","0","0","2","0","1","0","0","24","9","0","0","243","2","454","97","697",,"1","2","0","0",".218",".375",".299",".292",".282",".157",".412",".399",".343",".341",".005",".026",".007","71.9",15.7,9.7,6.7,24.2,16.7,"7.2",11,7.8,-3.9,53.5,31,"84.6","20.8",36.3,10,9.8,4.9,29.4,29.4,16.7,9.8,33.3,"97.853128235","92.937886471",69.8,26.5,25.9,46.5,52.3,40,86,46.8,332,77,8.6,70,432,137,709,73.5,70,264,53.2,378,42.3,300,31.4,49.4,44.1,33.3,22.5,102,57.8,36.3,37,29.4,30,21.6,22,12.7,13,,,,,,,,,,,,,,,,,,,,,,,,,,,"-1.9","-2","-0.1","-3.9","28.7",,"4.41","27.6"
"Maldonado, Martín",455117,2025,38,108,118,20,13,3,0,4,43,6,36.4,5.1,".185",".324",".228","0.552","0.139",".262","8","37","35","0","0","19","113","90","0","38","3","45","3","0","1","0","5","5","69","10","0","13","27","2","6","0","0","0","23","0","1","0","4","0","67","0","0","0","0","0","0","0","0","8","0","0","0","121","4","275","67","396",,"0","1","0","0",".201",".385",".244",".272",".243",".184",".363",".414",".308",".336","-0.016","-0.061","-0.028","71.2",16.9,15.4,9.1,41.8,24.7,"7.5",6,15,-6.7,51.3,31.7,"87","10.9",33.3,8,11.6,2.9,23.2,21.7,23.2,15.9,29,"98.678084839","93.365470161",57,29.2,32.8,63.8,32.8,37,58,43.7,177,65.7,8.6,36,226,113,405,67.7,38,130,56.3,228,44,178,39.9,46.4,47.8,31.9,20.3,69,70.3,46.4,32,26.1,18,18.8,13,8.7,6,"20","1.99","1.99","1.97","0",,,,"0.72","85.7",,,,,,,,,,,,,,,,,,,,,,,,"23.1"
"Goldschmidt, Paul",502671,2025,37,287,317,82,58,15,1,8,57,25,18,7.9,".286",".429",".346","0.775","0.143",".332","32","113","123","0","5","71","404","200","1","233","16","78","4","0","2","2","21","13","229","48","0","48","71","16","12","0","3","0","2","1","0","3","0","1","100","0","0","0","0","0","0","0","0","48","5","0","0","426","1","779","100","1205",,"0","3","0","1",".285",".488",".336",".355",".346",".203",".383",".409",".355",".355",".001","-0.059","-0.019","72.8",24.1,14.8,12.1,32,26.2,"7.6",5,9.9,1.9,53,31.5,"89.9","13",38.1,20,8.7,7.8,26,23.4,31.2,2.2,41.6,"100.453393043","94.509475109",66.9,15.4,28,31.9,68.1,53,166,48.8,593,70.8,9.9,150,687,264,1215,84.6,64,416,51.2,622,38.4,466,20.1,47.9,40.3,33.3,26.4,231,63.6,39.8,92,27.3,63,27.7,64,5.2,12,,,,,,,,,,,,,,,,,,,,,,,,,,,,,,,,,"4.63","26.5"
"Lugo, Matthew",683090,2025,24,42,43,10,4,2,1,3,16,0,37.2,0,".238",".548",".256","0.804","0.310",".304","6","18","23","0","0","7","40","29","0","16","1","17","2","0","0","1","4","2","26","4","0","2","11","2","1","0","0","0","0","3","0","0","0","0","27","0","0","0","0","0","0","0","0","6","0","0","0","43","0","100","27","143",,"0","0","0","0",".246",".452",".340",".305",".264",".206",".534",".477",".385",".398","-0.008",".096",".035","72.1",21,28.9,17.7,47.4,29,"7.4",0,7.7,-1.5,48.4,35.7,"90.1","8.7",34.6,5,19.2,3.8,23.1,11.5,34.6,7.7,61.5,"103.550127692","96.913696538",63.2,30.2,37.3,57.1,42.9,16,28,52.4,75,60,3.5,15,76,30,143,69.8,13,43,47.6,68,46.2,66,40.8,49.7,53.8,30.8,15.4,26,69.8,57.7,15,15.4,4,23.1,6,3.8,1,,,,,,,,,,,"-3","0","2","0.0","0","0",,"0","3","0.0","2","2","100.0","3","4","75.0","-2.1","-3.8","0.6","-5.2","29.2","3","4.47","29.2"
"Kwan, Steven",680757,2025,27,298,332,90,66,18,0,6,29,28,8.7,8.4,".302",".423",".366","0.789","0.121",".317","24","75","126","1","11","45","471","297","0","229","6","76","2","0","0","3","27","10","268","53","0","57","89","24","6","0","1","0","2","0","0","2","1","2","40","1","0","0","0","0","0","0","0","37","9","2","0","483","3","844","40","1327",,"0","2","0","0",".286",".388",".347",".328",".353",".102",".346",".322",".332",".317",".016",".035",".019","63.6",1.2,4.3,4,40.7,37.4,"6.4",4,3,-2.7,34.1,36.2,"86.4","12.4",39.7,6,2.2,4.8,29.8,26.8,31.6,4.8,22.1,"94.986865865","91.513477547",58.3,4.3,21.8,22.6,77.4,31,137,46.8,628,69.5,7.1,212,782,253,1341,95.2,18,416,53.2,713,44.7,600,8.9,41.2,30.9,41.2,27.9,272,61.6,43.4,118,25,68,29.4,80,2.2,6,,,,,,,,,,,"-2","0","9","0.0","1","5","20.0","5","7","71.4","13","16","81.3","12","12","100.0","-0.3","0.5","0.5","0.7","34.8",,"4.32","26.8"
"Schneider, Davis",676914,2025,26,47,59,8,6,1,0,1,18,11,30.5,18.6,".170",".255",".339","0.594","0.085",".250","5","32","12","0","0","16","111","52","0","41","2","22","2","0","0","1","2","2","29","4","0","8","8","1","4","0","0","0","10","0","0","0","0","0","21","0","0","0","0","0","0","0","0","7","0","0","0","118","0","145","21","263",,"0","1","0","0",".136",".265",".288",".276",".312",".128",".299",".273",".276",".221",".034","-0.010",".012","70.5",5.1,6.8,5.1,25.4,19.2,"6.9",1,18.2,-1.8,59,34,"87.2","21.9",24.1,3,10.3,3.4,10.3,41.4,34.5,0,34.5,"97.989091333","93.203317586",61.1,17.4,16,45.8,54.2,11,24,57,150,78.6,5.3,39,163,44,263,82.6,12,69,43,113,38.8,102,24.7,35.4,41.4,41.4,17.2,29,44.1,34.5,10,34.5,10,17.2,5,13.8,4,,,,,,,,,,,,,,,,,,,,,,,,,,,,,,,,,"4.46","27.4"
"Sabol, Blake",666165,2025,27,16,18,2,1,1,0,0,7,1,38.9,5.6,".125",".188",".167","0.355","0.063",".200","1","12","3","0","0","6","22","14","0","20","1","8","1","0","0","0","1","0","10","1","0","2","6","0","0","0","0","0","1","0","0","0","0","1","13","0","0","0","0","0","0","0","0","2","0","0","0","26","1","59","13","85",,"0","0","0","0",".161",".195",".158",".220",".227",".034",".215",".327",".200",".309","-0.036","-0.007","-0.062","72",10,10.3,7.5,20.7,15,"7.2",3,10,5.5,57.5,30,"87.8","4",20,1,10,0,20,10,60,0,40,"99.726132","93.863066",64.3,18.5,41.9,50,50,9,18,50.6,43,100,3.5,19,46,14,85,77.8,5,27,49.4,42,43.5,37,31.1,52.9,30,50,20,10,77.8,70,7,20,2,10,1,0,0,"9","2.06","2.06","1.99","0",,,,"0.73","81.6",,,,,,,,,,,,,,,,,,,,,,,,"27.4"
"Chaparro, Andrés",665953,2025,26,11,12,1,0,1,0,0,3,1,25,8.3,".091",".182",".167","0.349","0.091",".125","0","7","2","0","0","4","19","5","0","7","2","4","0","0","0","0","0","0","8","1","0","3","4","0","0","0","0","0","2","0","0","3","0","0","9","0","0","0","0","0","0","0","0","0","0","0","0","20","0","33","9","53",,"0","0","0","0",".168",".394",".163",".273",".237",".226",".158",".323",".125",".231","-0.077","-0.212","-0.110","73.5",40,21.4,12,21.4,12,"7.6",2,12.2,-17,56,31.5,"85.4","14.1",25,2,25,0,0,25,50,0,37.5,"96.5075825","93.629505",68.4,15.4,44.1,73.3,26.7,11,15,64.2,34,0,1.9,6,28,14,53,84.6,2,13,35.8,19,34,18,46.4,52.8,25,50,25,8,66.7,50,4,37.5,3,12.5,1,0,0,,,,,,,,,,,,,,,,,,,,,,,,,,,,,,,,,,"22.3"
"Thomas, Lane",657041,2025,29,107,120,18,14,1,0,3,36,10,30,8.3,".168",".262",".242","0.504","0.094",".214","10","54","28","1","4","24","154","86","0","64","6","32","4","0","0","1","8","3","72","7","0","17","17","5","14","0","0","0","1","1","0","1","0","2","49","1","0","0","0","0","1","0","0","7","4","0","0","166","2","280","49","446",,"1","1","0","0",".180",".282",".230",".244",".256",".102",".273",".296",".247",".269","-0.012","-0.020","-0.014","72.4",15.9,10.8,7.6,26.7,18.8,"6.9",4,8.7,-3.5,65.9,27.4,"88","25.8",26,3,4.1,4.1,20.5,45.2,24.7,1.4,31.5,"98.354364865","93.277325479",63.1,22.4,23,52.9,47.1,27,51,48.8,222,85.7,7.7,55,271,95,455,77.6,33,147,51.2,233,44,200,30.3,43.5,30.1,42.5,27.4,73,60.8,34.2,25,27.4,20,17.8,13,20.5,15,,,,,,,,,,,"-2","0","3","0.0","0","1","0.0","2","2","100.0","6","8","75.0","2","3","66.7","-0.9","-0.4","-0.3","-1.7","33.5","3","4.37","29.2"
"Herrera, Iván",671056,2025,25,150,171,48,32,8,0,8,32,16,18.7,9.4,".320",".533",".392","0.925","0.213",".357","36","68","80","0","1","43","234","117","0","127","6","42","7","0","0","3","17","7","120","24","0","13","42","6","11","0","0","0","0","0","0","28","0","2","69","0","0","0","0","0","0","0","0","22","1","0","0","263","2","443","69","706",,"0","0","0","0",".286",".521",".400",".379",".365",".235",".459",".431",".400",".361",".034",".012",".021","75.1",54.6,16.1,12.3,28.6,21.8,"8",2,10.7,-1.8,50,32.9,"89.8","11.3",34.2,14,11.7,4.2,25.8,18.3,33.3,5,43.3,"102.003194237","95.281082288",64.8,14.7,27,47.9,52.1,45,94,49.3,348,73.8,9.2,78,408,184,706,85.3,34,232,50.7,358,44.2,312,24.2,46.2,37.5,35,27.5,120,70.8,49.2,59,16.7,20,25,30,9.2,11,"6","2","2",,"1","1.59","1.59",,"0.63","78.3",,,,,,,,,,,,,,,,,,,,,,,"4.64","26.7"
"Davidson, Logan",669722,2025,27,20,24,3,2,1,0,0,12,3,50,12.5,".150",".200",".261","0.461","0.050",".375","2","10","4","0","0","4","30","19","0","23","1","9","1","0","0","0","1","1","9","1","0","1","4","0","1","0","0","0","0","1","0","1","1","0","11","0","0","0","0","0","0","0","0","1","0","0","0","35","1","67","11","102",,"0","0","0","0",".125",".152",".223",".195",".239",".027",".380",".301",".375",".312",".025",".048",".028","71",2.5,6.9,5,17.2,12.5,"7.1",2,9.4,-3.8,45,30.7,"83.9","12.4",22.2,0,0,11.1,22.2,22.2,22.2,22.2,33.3,"98.0467875","93.02339375",66,14.3,27.1,69.2,23.1,9,13,47.5,48,85.7,13.9,14,49,22,101,82.9,5,35,52.5,53,26.7,27,29.2,47.5,33.3,44.4,22.2,9,66.7,55.6,5,22.2,2,11.1,1,11.1,1,,,,,,,,,,,,,,,,,,,,,,,,,,,,,,,,,,"27.5"
"Harris, Dustin",687957,2025,25,35,38,7,4,2,0,1,11,3,28.9,7.9,".200",".343",".263","0.606","0.143",".261","1","13","12","1","1","6","49","27","0","39","1","16","1","0","1","0","1","1","24","5","0","6","7","1","3","0","0","0","2","0","0","1","0","0","13","1","0","0","0","0","0","0","0","4","1","0","0","50","0","108","13","158",,"0","0","0","0",".208",".323",".269",".264",".271",".115",".339",".331",".292",".303","-0.008",".020",".005","67",0,5.4,4.3,25,20.3,"7",3,12.7,-10.3,34.8,40.2,"86.5","19.4",41.7,1,4.2,8.3,25,33.3,29.2,0,25,"96.2422775","92.12113875",68.8,3.6,33.3,61.5,38.5,16,26,49.4,78,73.3,9.5,22,77,45,158,96.4,2,55,50.6,80,42.4,67,22.2,51.3,33.3,37.5,29.2,24,47.4,33.3,8,29.2,7,25,6,12.5,3,,,,,,,,,,,"1","0","0",,"0","1","0.0","0","0",,"3","3","100.0","2","2","100.0",,,,,,,,"29.1"
"Vientos, Mark",668901,2025,25,191,212,43,28,8,1,6,51,17,24.1,8,".225",".372",".292","0.664","0.147",".272","21","86","71","0","0","49","256","112","0","133","8","53","5","0","1","2","7","9","140","27","0","29","51","8","9","0","0","0","0","0","0","12","0","2","110","0","0","0","0","0","0","0","0","22","0","0","0","280","2","509","110","789",,"0","1","0","0",".230",".371",".293",".294",".297",".141",".345",".345",".303",".310","-0.005",".001","-0.001","70.4",9.2,13.6,9.5,38,26.6,"7.5",13,14,3.5,64.3,32.3,"90.5","11.9",33.1,10,7,5.6,26.1,27.5,30.3,3.5,45.8,"100.427303944","94.791444859",70.5,22,30.7,52.4,47.6,65,124,50.2,404,88.1,8.3,66,407,212,804,78,62,282,49.8,400,39.2,315,31.3,50.5,31,43.7,25.4,142,62.3,40.8,58,27.5,39,24.6,35,7,10,,,,,,,,,,,,,,,,,,,,,,,,,,,,,,,,,"4.72","26.0"
"Busch, Michael",683737,2025,27,251,286,68,39,13,3,13,63,30,22,10.5,".271",".502",".360","0.862","0.231",".314","46","100","126","0","4","65","417","177","0","227","7","75","1","0","3","5","18","21","186","29","0","46","54","12","6","0","1","0","6","0","0","1","0","0","117","0","0","0","1","0","1","0","0","36","4","0","0","456","0","722","117","1178",,"1","1","0","0",".273",".552",".374",".389",".363",".279",".440",".464",".362",".365","-0.002","-0.050","-0.015","69.6",8.9,13.5,10.4,35.1,27.2,"7",10,16.9,-0.4,51.1,36.7,"91","16.1",40.4,26,13.8,9,23.4,27.1,22.9,3.2,45.7,"101.155667957","95.034269785",69.9,15.4,21.2,52.9,47.1,64,121,48.1,570,79.8,8.4,190,614,308,1184,84.1,66,429,51.9,614,44.7,529,23.6,46.5,45.7,30.9,23.4,188,62.2,38.3,72,36.2,68,22.3,42,3.2,6,,,,,,,,,,,,,,,,,,,,,,,,,,,,,,,,,"4.53","26.8"
"Osuna, Alejandro",696030,2025,22,41,50,7,6,1,0,0,11,7,22,14,".171",".195",".300","0.495","0.024",".226","2","19","6","2","1","9","77","32","0","43","4","17","0","0","0","1","0","0","29","6","0","6","12","4","1","0","0","0","4","0","0","3","0","1","10","2","0","0","0","0","0","0","0","2","1","0","0","80","1","120","10","200",,"0","0","0","0",".265",".347",".243",".341",".389",".082",".213",".371",".226",".369","-0.094","-0.152","-0.098","71.1",15.6,15.6,13,26.6,22.1,"7.1",0,3.2,6,44.2,29.3,"88.4","10",38.7,1,3.2,3.2,35.5,19.4,32.3,6.5,41.9,"99.578732","93.789366",65.1,15.9,21.4,19,76.2,4,21,48,98,66.7,8.8,40,127,33,204,84.1,11,69,52,106,44.1,90,16.7,44.1,29,51.6,19.4,31,60,41.9,13,19.4,6,35.5,11,3.2,1,,,,,,,,,,,"-1","0","0",,"0","0",,"0","1","0.0","3","4","75.0","1","1","100.0","-0.5","-0.2","-0.4","-1.1","33.1",,,"28.6"
"India, Jonathan",663697,2025,28,284,319,67,48,15,0,4,47,30,14.7,9.4,".236",".331",".313","0.644","0.095",".268","22","74","94","3","0","47","468","277","0","206","16","73","4","0","2","3","19","7","237","41","0","60","70","18","21","0","0","0","1","0","0","11","0","2","86","3","0","0","0","0","0","0","0","29","0","0","0","485","2","828","86","1313",,"0","0","0","0",".272",".419",".291",".337",".348",".147",".292",".353",".280",".326","-0.036","-0.088","-0.046","71.9",22,14.4,11.9,35.5,29.4,"7.3",10,8.7,-3.8,62.8,27.9,"88.8","17.1",36,15,6.3,5.9,25.1,31,29.3,2.5,38.5,"99.15755325","93.727554435",60.2,12.8,19.8,43.3,56.7,52,120,45.5,606,69.8,8,114,863,267,1333,86.8,56,438,54.5,727,44.7,596,19.4,41.9,48.5,28.9,22.6,239,63,37.2,89,28.5,68,25.1,60,9.2,22,,,,,,,,,,,"-3","0","1","0.0","0","3","0.0","0","1","0.0","2","3","66.7","4","4","100.0","-0.3","-2.2","-0.5","-3","30.5",,"4.38","28.1"
"Duran, Jarren",680776,2025,28,346,376,88,55,20,8,5,89,22,23.7,5.9,".254",".402",".307","0.709","0.148",".327","38","118","138","5","15","81","459","217","0","229","23","81","3","0","0","5","31","14","256","42","0","48","81","21","17","0","0","0","0","0","0","1","1","2","167","4","1","0","2","0","1","0","0","41","14","0","1","486","3","900","167","1386",,"1","6","0","0",".257",".408",".310",".318",".312",".151",".375",".388",".340",".348","-0.003","-0.006","-0.008","74.6",45.4,20.3,14.8,32.5,23.7,"7.4",9,5.3,2.3,45.1,27,"92.2","11.9",31.5,24,9.2,6.2,24.6,25.8,32.3,1.5,46.5,"103.103689922","96.083226163",65.8,17.6,33.1,49.8,50.2,117,235,50.7,709,76.7,7.4,217,813,291,1398,82.2,80,454,49.3,690,45.5,637,28.6,49.3,30.8,39.6,29.6,260,59,43.1,112,24.6,64,25.4,66,6.9,18,,,,,,,,,,,"-5","1","6","16.7","2","9","22.2","5","8","62.5","12","15","80.0","15","17","88.2","0.7","0","-0.1","0.7","33.8","8","4.18","29.1"
"Lukes, Nathan",664770,2025,30,142,168,36,29,3,0,4,22,19,13.1,11.3,".254",".359",".348","0.707","0.105",".274","24","77","51","2","1","51","217","102","0","128","12","55","8","0","0","2","11","7","122","18","0","15","52","14","5","0","2","0","8","1","0","0","4","1","34","1","1","0","1","0","0","1","0","19","1","0","0","232","5","404","34","636",,"1","0","1","0",".280",".382",".315",".333",".372",".102",".312",".336",".298",".330","-0.026","-0.023","-0.018","66.8",5.5,8.9,7.5,37.1,31,"6.4",4,6.5,8.7,41.2,31.8,"88.3","7.2",28.8,6,4.8,1.6,30.4,16.8,40.8,4.8,35.2,"97.842809333","93.07462475",64.7,10.6,31,28.7,71.3,29,101,50.5,326,66,7.7,87,407,114,646,88.4,22,207,49.5,320,43.5,281,16.6,47.7,32,44.8,23.2,125,60.8,52,65,18.4,23,25.6,32,4,5,,,,,,,,,,,"-1","0","7","0.0","2","6","33.3","2","3","66.7","4","5","80.0","17","17","100.0","0.4","0.3","0.3","1","34.3",,"4.54","26.3"
"Nimmo, Brandon",607043,2025,32,294,324,74,45,14,0,15,61,25,18.8,7.7,".252",".452",".315","0.767","0.200",".268","42","140","132","1","6","81","427","212","0","233","13","78","5","0","1","2","25","17","232","29","2","42","80","21","16","0","1","0","1","0","0","3","0","2","120","1","0","0","0","0","0","0","0","37","5","1","0","449","2","814","120","1263",,"0","1","0","0",".268",".467",".333",".343",".330",".199",".377",".392",".315",".336","-0.016","-0.015","-0.010","71.7",21.1,19,15.1,36.3,28.8,"7.2",12,6.7,2.1,47.6,28.9,"91.7","11.9",30.2,24,10.2,6.8,23,23.4,35.7,0.9,50.6,"101.856806695","95.706296426",66.7,15.2,24.4,45.4,54.6,64,141,44.8,579,74.5,8.5,133,752,321,1290,84.6,72,475,55.2,712,42.8,552,22.1,47.8,32.3,38.3,29.4,235,61.6,45.1,106,25.1,59,22.1,52,7.7,18,,,,,,,,,,,"-1","0","10","0.0","1","3","33.3","3","5","60.0","3","7","42.9","15","15","100.0","-0.2","-0.8","0.4","-0.6","32",,"4.34","27.3"
"Abreu, Wilyer",677800,2025,26,229,256,58,36,9,0,13,62,25,24.2,9.8,".253",".463",".324","0.787","0.210",".288","36","109","105","2","4","59","312","132","0","228","12","70","4","0","2","0","20","19","167","18","0","47","33","10","20","0","4","0","6","0","0","1","0","2","97","2","0","0","2","0","1","0","0","29","4","0","0","327","2","644","97","971",,"1","0","1","0",".258",".510",".336",".355",".330",".252",".415",".442",".343",".352","-0.005","-0.047","-0.019","74.1",39.5,16.8,13.5,26.4,21.3,"7.1",11,8.7,-0.4,55.4,30.8,"90.9","23.6",29,22,13,7.7,24.3,34.3,17.8,3,45.6,"102.581813412","95.68022497",74.5,15.1,28.8,44,54.5,59,134,47.4,466,81.4,7.1,170,626,149,983,84.9,58,385,52.6,517,41.9,412,22.5,52.8,42.6,32,25.4,169,63.1,31.4,53,39.1,66,17.8,30,11.8,20,,,,,,,,,,,"4","3","13","23.1","4","6","66.7","4","9","44.4","11","13","84.6","11","11","100.0","1.3","1.3","-0.2","2.5","36","1","4.34","27.4"
"Diaz, Yainer",673237,2025,26,273,286,67,47,9,1,10,53,10,18.5,3.5,".245",".396",".276","0.672","0.151",".270","31","130","102","1","0","62","270","85","0","190","10","70","5","0","1","2","23","12","217","29","0","41","68","30","13","0","0","0","1","0","0","13","0","1","100","1","0","0","0","0","0","0","0","29","0","0","0","286","1","621","100","907",,"0","3","1","0",".275",".478",".293",".335",".305",".203",".341",".396",".303",".341","-0.030","-0.082","-0.042","71.7",17.8,17.4,13.7,37.1,29.2,"7.4",16,10.9,0.1,61.2,27.9,"90.8","11.5",36.2,18,8.1,8.1,25.8,24,31.7,1.8,43.4,"101.183375545","94.942536182",78.5,12.1,43.4,41.6,58.4,92,221,55.4,509,84.5,7.7,130,416,271,919,87.9,39,322,44.6,410,39,358,24.1,59.1,36.2,40.7,23.1,221,69.2,42.5,94,24,53,27.6,61,5.9,13,"33","1.99","1.99","1.95","5","1.54","1.55","1.52","0.74","87.2",,,,,,,,,,,,,,,,,,,,,,,"4.45","27.0"
"Thomas, Alek",677950,2025,25,210,228,52,37,9,2,4,54,11,23.7,4.8,".248",".367",".295","0.662","0.119",".312","20","96","73","2","5","60","258","126","0","151","13","70","2","0","0","4","19","5","155","27","0","25","67","6","6","0","0","0","9","2","0","0","1","1","88","2","0","0","0","0","0","0","0","23","5","0","0","275","2","543","88","818",,"0","1","0","0",".253",".405",".292",".311",".303",".152",".352",".381",".329",".341","-0.005","-0.038","-0.019","71.4",13.1,17.4,13.4,37.3,28.8,"7",16,10.4,1,61.7,27.5,"91.7","4.4",27.7,13,8.2,6.9,23.3,15.7,44,0.6,42.1,"101.182360897","95.024663013",68.2,14.1,32.3,51.6,48.4,66,128,47.5,396,76.7,7.2,165,364,235,833,84.9,42,298,52.5,437,40.8,340,25.4,51.1,35.2,44.7,20.1,159,61.4,54.7,87,20.8,33,20.8,33,3.8,6,,,,,,,,,,,"1","0","13","0.0","1","5","20.0","9","12","75.0","12","16","75.0","13","13","100.0","1.6","-0.2","-2.1","-0.7","32.9",,"4.25","28.1"
"Stott, Bryson",681082,2025,27,272,302,67,52,8,2,5,52,27,17.2,8.9,".246",".346",".316","0.662","0.100",".287","34","112","92","3","12","70","472","317","0","221","11","73","1","0","0","1","25","12","218","28","0","57","60","24","12","0","0","0","1","0","0","0","1","1","75","3","0","0","0","0","0","0","0","33","11","1","0","495","2","847","75","1342",,"0","1","0","0",".251",".396",".297",".314",".320",".144",".316",".340",".303",".310","-0.005","-0.050","-0.017","69.2",5,9.1,7.8,32,27.4,"7.2",8,6.9,3.5,48.2,33.4,"87","14.9",38.7,12,5.4,6.8,23.4,31.1,28.4,5,29.3,"97.249282818","92.680052511",54.3,12.6,22.7,28,72,40,143,46.3,629,51.5,7.6,196,846,261,1358,87.1,50,396,53.7,729,45.3,615,16.7,39.7,27,41,32,222,59.9,39.6,88,31.1,69,23.9,53,5.4,12,,,,,,,,,,,,,,,,,,,,,,,,,,,,,,,,"8","4.19","28.5"
"Soderstrom, Tyler",691016,2025,23,303,343,77,51,11,1,14,81,35,23.6,10.2,".254",".436",".338","0.774","0.182",".301","45","152","132","1","5","88","439","170","0","210","20","82","11","0","1","4","24","17","221","36","0","42","80","14","8","0","1","0","3","0","0","1","0","1","129","1","0","0","1","0","0","0","0","42","5","0","0","475","1","766","129","1241",,"0","0","0","0",".264",".474",".340",".355",".347",".210",".402",".426",".345",".360","-0.010","-0.038","-0.015","73.9",35.2,18.1,13.6,30.5,22.9,"7.5",20,10.4,0.7,51.4,31.7,"91.2","9.4",35.9,28,12.6,5.8,23.3,19.3,37.2,1.8,47.1,"102.644072432","95.688888784",68.5,16.3,28.4,52.5,47,96,183,51,645,72.7,7.8,264,591,335,1263,83.7,69,424,49,619,44.5,562,27.2,48.1,37.2,38.1,24.7,223,60.5,47.5,106,26.5,59,22.4,50,3.6,8,,,,,,,,,,,"-1","0","9","0.0","0","2","0.0","4","7","57.1","4","6","66.7","6","6","100.0","-0.3","-0.3","-0.1","-0.7","32.2",,"4.44","27.4"
"Maile, Luke",571912,2025,34,8,10,3,2,0,0,1,1,2,10,20,".375",".750",".500","1.250","0.375",".333","1","3","6","0","0","1","18","9","0","5","0","3","0","0","0","0","0","1","7","2","0","2","2","0","0","0","0","0","0","0","0","0","0","0","2","0","0","0","0","0","0","0","0","2","0","0","0","19","0","24","2","43",,"0","0","0","0",".431",".872",".523",".580",".557",".441",".549",".638",".429",".502","-0.056","-0.122","-0.057","67",0,10,8.3,60,50,"6.3",1,11.8,2.3,66.7,33.1,"96.3","15.1",42.9,1,14.3,0,42.9,28.6,0,0,42.9,"100.076003333","96.324201667",50,0,21.7,60,40,3,5,53.5,23,100,9.3,0,32,9,43,100,0,10,46.5,20,41.9,18,20,34.9,57.1,14.3,28.6,7,60,28.6,2,42.9,3,28.6,2,0,0,"0",,,,"0",,,,,,,,,,,,,,,,,,,,,,,,,,,,,
"Suzuki, Seiya",673548,2025,30,313,346,81,39,19,2,21,92,28,26.6,8.1,".259",".534",".315","0.849","0.275",".293","67","141","165","2","2","83","491","292","0","226","10","77","8","0","0","0","14","21","223","44","0","55","50","22","16","0","0","0","2","0","0","53","0","5","122","2","0","0","1","0","0","0","0","42","2","0","0","525","5","880","122","1405",,"0","3","0","0",".272",".536",".360",".366",".329",".263",".466",".474",".358",".380","-0.013","-0.002","-0.006","73.3",36.8,20.5,16.2,35.8,28.4,"7.2",13,8.4,-2.6,51.5,30.5,"92.7","18.3",42,42,18.6,7.5,19.9,30.1,22.1,1.8,50.4,"103.824685664","96.409198717",59.2,16,22.3,47,53,70,149,47,667,65.1,7.7,132,766,365,1419,84,71,445,53,752,41.9,595,23.7,41.9,43.4,35,21.7,226,60.7,29.2,66,33.6,76,30.1,68,7.1,16,,,,,,,,,,,"-1","0","6","0.0","0","0",,"3","4","75.0","4","5","80.0","3","3","100.0","0.8","1.6","-0.2","2.3","36","1","4.38","28.0"
"Frazier, Adam",624428,2025,33,219,244,55,43,9,0,3,39,17,16,7,".251",".333",".317","0.650","0.082",".291","20","69","73","5","7","40","299","157","0","208","15","70","8","0","1","5","11","11","183","33","0","37","63","16","11","0","2","0","4","0","1","0","1","2","65","4","1","0","1","0","0","0","0","21","5","2","0","320","3","641","65","961",,"0","1","0","0",".247",".324",".289",".283",".315",".078",".306",".298",".302",".299",".004",".009",".006","65.8",2,2.7,2.2,34.4,28.8,"6.9",7,9.3,3.9,47.4,38.6,"85.1","14",37.2,2,1.1,6.6,25.1,30.6,32.2,4.4,20.2,"94.387384945","91.21513442",70,13.1,28.8,31.1,68.2,41,132,47.7,458,72.5,7.2,104,591,233,961,85.5,46,352,52.3,503,43.3,416,18,50.4,32.2,36.1,31.7,183,59.5,40.4,74,26.2,48,27.3,50,6,11,,,,,,,,,,,"-1","0","3","0.0","0","0",,"1","3","33.3","1","1","100.0","1","1","100.0","0.8","0.7","-0.3","1.2","34.8",,"4.51","26.4"
"Arenado, Nolan",571448,2025,34,293,322,72,49,12,1,10,33,24,10.2,7.5,".246",".396",".307","0.703","0.150",".246","39","144","113","0","1","78","372","189","0","194","8","76","6","0","0","3","21","17","258","31","1","63","72","21","31","0","4","0","2","0","0","1","0","2","89","0","0","0","0","0","1","0","0","37","1","0","0","404","2","740","89","1144",,"1","4","2","0",".249",".381",".305",".300",".312",".132",".309",".303",".275",".280","-0.003",".015",".005","71.6",17.5,12.5,10.6,35,29.7,"8.5",9,11.1,-10.3,57.4,33,"87.2","19.7",28.2,11,4.2,5.7,22.1,36.3,27.1,3.4,34.7,"97.610016","92.87216139",65.1,9.1,32.3,34.5,65.5,67,194,51.9,600,66.7,6.2,133,626,296,1156,90.9,33,362,48.1,556,43.7,505,18,48.1,45.4,33.2,21.4,262,62.9,35.5,93,31.3,82,21,55,12.2,32,,,,,,,,,,,,,,,,,,,,,,,,,,,,,,,,,"4.73","25.5"
"Bader, Harrison",664056,2025,31,202,230,50,33,10,0,7,56,20,24.3,8.7,".248",".401",".330","0.731","0.153",".305","27","88","80","3","7","51","322","168","0","157","6","72","3","0","0","6","24","8","146","17","0","27","48","12","10","0","0","0","0","4","0","0","0","2","91","3","0","0","0","0","1","0","0","21","7","0","0","349","2","577","91","926",,"1","2","0","0",".219",".365",".324",".298",".306",".146",".381",".340",".338",".300",".029",".036",".026","73",29.9,15.4,11.8,28.7,22,"7.1",11,10.5,-3.6,49.2,25,"86.8","11.3",29.7,16,10.8,4.1,14.2,24.3,37.8,7.4,39.9,"100.480495068","94.270943562",61.9,19.3,29.1,38.5,61.5,55,143,52.6,492,66.1,6.3,119,523,219,935,80.7,53,274,47.4,443,42.6,398,25.9,44.6,43.9,37.8,18.2,148,54.3,50,74,23.6,35,19.6,29,6.8,10,,,,,,,,,,,"5","3","11","27.3","1","1","100.0","11","13","84.6","5","6","83.3","8","8","100.0","-0.4","1.8","0.2","1.7","35.1","19","4.31","28.5"
"Kjerstad, Heston",677008,2025,26,156,167,30,19,5,2,4,45,6,26.9,3.6,".192",".327",".240","0.567","0.135",".241","19","86","51","0","1","45","187","69","0","140","10","54","9","0","0","4","6","6","112","18","0","22","40","11","9","0","0","0","6","0","0","1","0","1","84","0","0","0","0","0","0","0","1","16","1","0","0","201","1","421","84","622",,"1","1","0","0",".242",".414",".250",".303",".286",".172",".309",".389",".268",".337","-0.050","-0.087","-0.053","69.4",6.2,12.8,9.2,32.6,23.3,"7",2,12.8,2,47.5,38,"88.8","12.7",40.2,9,8,7.1,28.6,23.2,30.4,2.7,41.1,"99.548861786","93.904868661",76.1,17,38.3,49.6,50.4,61,123,51.6,321,83.7,7.9,105,338,136,622,83,39,229,48.4,301,43.2,269,28.4,56.6,38.4,32.1,29.5,112,62.3,41.1,46,25,28,25.9,29,8,9,,,,,,,,,,,"-7","0","6","0.0","0","3","0.0","1","3","33.3","3","6","50.0","7","10","70.0","-1.9","-2.6","0.6","-3.9","28.2",,"4.47","27.7"
"Campero, Gustavo",672569,2025,27,17,19,3,3,0,0,0,4,2,21.1,10.5,".176",".176",".263","0.439","0.000",".231","0","7","3","0","1","3","27","9","0","18","3","8","0","0","0","0","1","0","13","2","0","3","4","2","1","0","0","0","1","0","0","0","0","0","8","0","0","0","1","0","0","0","0","1","1","0","0","28","0","54","8","82",,"0","0","0","0",".243",".290",".213",".281",".323",".047",".205",".303",".231",".318","-0.067","-0.114","-0.068","68.5",2.7,3.8,2.7,34.6,24.3,"6.8",1,11.7,-3.6,45.9,32.5,"82.8","19.6",23.1,0,0,0,38.5,38.5,15.4,7.7,15.4,"93.38974","90.966192308",76.9,16.7,34.9,46.7,53.3,7,15,52.4,43,100,6.1,17,48,10,82,76.7,5,30,47.6,39,42.7,35,26.7,54.9,23.1,30.8,46.2,13,57.9,38.5,5,23.1,3,30.8,4,7.7,1,,,,,,,,,,,,,,,,,,,,,,,,,,,,,,,,,,"26.6"
"Hamilton, David",666152,2025,27,108,116,19,13,3,0,3,30,5,25.9,4.3,".176",".287",".219","0.506","0.111",".213","10","45","31","3","12","21","116","82","0","59","3","55","2","0","0","1","6","3","79","10","0","18","29","7","6","0","0","0","7","11","0","0","2","0","43","3","0","0","0","0","1","1","0","14","10","2","0","127","2","274","43","401",,"2","0","0","0",".203",".300",".226",".241",".245",".098",".276",".299",".244",".281","-0.027","-0.013","-0.015","70.5",10.1,10.6,8.2,32.5,25.3,"7.3",10,7.1,-5.1,44.9,29.6,"85.7","13.5",26.3,3,3.8,3.8,25,30,31.3,6.3,23.8,"95.663785789","91.886121711",63.5,16.3,27.9,49.1,50.9,26,53,46.1,190,75,8.7,77,227,89,412,80.1,23,141,53.9,222,44.2,182,25.3,47.1,38.8,36.3,25,80,67.2,43.8,35,27.5,22,21.3,17,7.5,6,,,,,,,,,,,,,,,,,,,,,,,,,,,,,,,,"10","4.02","29.4"
"Díaz, Elias",553869,2025,34,164,181,36,26,6,0,4,46,15,25.4,8.3,".220",".329",".289","0.618","0.109",".281","11","87","52","0","0","47","211","103","0","108","3","62","7","0","0","1","17","4","118","14","0","26","31","10","16","0","0","0","3","0","0","0","1","0","105","0","0","0","0","0","0","0","0","20","0","0","0","226","1","445","105","671",,"0","0","0","0",".199",".308",".278",".259",".271",".108",".330",".302",".305",".278",".021",".021",".019","72.1",20.9,14.6,10.1,31.6,21.9,"6.8",13,5.4,-3.6,48.8,29.6,"87.6","16.1",28.6,8,6.7,3.4,23.5,31.9,27.7,5,38.7,"99.748056034","94.070407759",70.9,22.6,31,57.7,41.3,60,104,49.9,336,75,5.9,62,357,196,673,77,54,239,50.1,337,45.2,304,33.2,51,37.8,31.9,30.3,119,68.5,40.3,48,26.1,31,20.2,24,13.4,16,"14","1.91","1.92","1.91","1","1.42",,"1.42","0.62","83.2",,,,,,,,,,,,,,,,,,,,,,,"4.81","24.9"
"Torkelson, Spencer",679529,2025,25,275,324,62,28,17,0,17,79,38,24.4,11.7,".225",".473",".330","0.803","0.248",".246","50","122","129","0","1","75","447","213","0","225","20","76","8","0","1","6","10","23","198","28","0","52","50","15","20","0","5","0","1","0","0","9","0","4","128","0","0","0","1","0","0","0","0","45","1","0","0","486","4","788","128","1274",,"0","0","1","0",".235",".507",".343",".358",".340",".272",".407",".432",".310",".326","-0.010","-0.034","-0.015","73",24.9,14.2,10.7,31.8,23.9,"7.7",7,13.4,-7.7,48.6,39.1,"90","21.3",41,28,14,7.5,18.5,34,24,2,42,"100.2284663","94.4098681",67.8,18.8,20.6,54.3,45.7,69,127,48,616,82.1,9.1,190,657,276,1283,81.2,85,452,52,667,43.7,561,26.6,45.1,47.5,28,24.5,200,64.7,30.5,61,37.5,75,21.5,43,10.5,21,,,,,,,,,,,,,,,,,,,,,,,,,,,,,,,,,"4.68","26.6"
"Langeliers, Shea",669127,2025,27,207,230,49,29,10,0,10,43,20,18.7,8.7,".237",".430",".300","0.730","0.193",".248","27","108","89","1","4","57","292","133","0","157","11","56","6","0","1","0","17","13","167","19","0","32","58","18","9","0","1","0","1","0","0","4","0","3","81","1","0","0","0","0","0","0","0","25","4","0","0","312","3","550","81","862",,"0","1","0","0",".262",".440",".315",".331",".326",".178",".354",".376",".293",".329","-0.025","-0.010","-0.016","72.1",19.5,16.1,12.6,34,26.6,"7.1",1,10.6,-0.3,58.1,30.8,"90.5","11.6",32.9,17,10.2,7.2,19.2,28.1,32.3,2.4,45.5,"102.134725783","95.321260723",67.9,15,29.6,38.2,61.8,50,131,51.3,443,71.2,6.8,73,509,199,863,85,43,286,48.7,421,39.8,344,22.3,48.3,35.3,42.5,22.2,167,56.3,44.9,75,26.9,45,22.8,38,5.4,9,"38","1.89","1.88","1.92","2","1.37","1.37",,"0.65","85.9",,,,,,,,,,,,,,,,,,,,,,,"4.53","28.4"
"Urías, Ramón",602104,2025,31,192,218,51,37,8,0,6,43,17,19.7,7.8,".266",".401",".321","0.722","0.135",".300","26","92","73","0","1","52","292","128","0","136","11","56","4","0","0","1","17","8","152","23","0","31","51","9","12","0","0","0","1","0","0","2","0","7","85","0","0","0","1","0","0","0","1","21","1","0","0","314","7","517","85","831",,"1","1","0","0",".248",".396",".315",".312",".312",".148",".355",".352",".327",".315",".018",".005",".003","70.3",8.1,13.1,10.1,36.7,28.4,"7.6",9,13.2,3.2,71.6,27.7,"89.7","11.9",31.4,11,7.1,9,21.8,23.1,35.3,3.2,41,"99.529500385","94.141471871",68.3,19.2,26.1,41.4,58.6,46,111,50.4,426,71.9,6.7,107,475,193,845,80.8,55,286,49.6,419,42.2,357,25.4,47,42.3,34.6,23.1,156,61,44.2,69,25.6,40,22.4,35,7.7,12,,,,,,,,,,,,,,,,,,,,,,,,,,,,,,,,,"4.65","26.9"
"Ozuna, Marcell",542303,2025,34,279,343,69,48,10,0,11,77,58,22.4,16.9,".247",".401",".376","0.777","0.154",".297","40","143","111","0","0","74","556","287","0","223","11","77","7","0","0","2","19","19","202","30","0","42","67","14","11","0","2","1","1","0","0","77","0","4","131","0","0","0","0","0","0","0","0","34","0","0","0","609","4","859","131","1468",,"0","3","2","0",".272",".498",".347",".385",".397",".226",".379",".443",".335",".369","-0.025","-0.097","-0.038","73.7",40.2,16.5,12.4,34,25.6,"7.3",2,14,-1.4,56.2,36.6,"91.4","13.7",35,24,11.7,10.7,23.3,20.4,30.6,2.9,49,"102.418923301","95.825925951",58.1,18.2,21.9,43.3,56.7,74,171,52.7,781,72.2,6.1,170,779,391,1482,81.8,74,407,47.3,701,42.1,624,25.6,39,42.2,33,24.8,206,59.4,43.2,89,29.6,61,21.8,45,5.3,11,,,,,,,,,,,,,,,,,,,,,,,,,,,,,,,,,"4.84","25.0"
"Marte, Noelvi",682622,2025,23,68,73,20,12,4,1,3,12,5,16.4,6.8,".294",".515",".342","0.857","0.221",".321","17","31","35","1","4","20","68","28","0","40","3","19","2","0","0","0","10","3","56","7","0","12","18","2","3","0","0","0","0","1","0","0","0","0","32","1","0","0","0","0","0","0","0","10","3","1","0","80","0","160","32","240",,"0","1","0","0",".242",".427",".370",".311",".294",".185",".420",".345",".357",".294",".052",".088",".059","73.6",38.1,12.8,9.7,33.7,25.7,"7.2",7,7.8,-5.6,59.3,28.6,"89.2","11.8",23.2,3,5.4,7.1,19.6,26.8,35.7,3.6,32.1,"99.905156786","94.185913636",77,18.4,35.4,44.4,55.6,20,45,52.9,127,92.3,5.4,27,101,72,240,81.6,16,87,47.1,113,41.7,100,27.3,55,48.2,28.6,23.2,56,60.3,50,28,26.8,15,16.1,9,7.1,4,,,,,,,,,,,,,,,,,,,,,,,,,,,,,,,,"4","4.31","29.4"
"Hummel, Cooper",669450,2025,30,22,28,4,2,0,0,2,12,4,42.9,14.3,".182",".455",".333","0.788","0.273",".250","3","14","10","0","0","7","51","26","0","18","0","12","0","0","0","1","0","2","11","2","0","1","4","0","2","0","0","0","2","1","0","2","1","0","17","0","0","0","0","0","0","0","0","3","0","0","0","60","1","75","17","135",,"0","0","0","0",".197",".450",".349",".348",".346",".252",".591",".590",".400",".434","-0.015",".005",".001","72",25.6,11.5,7,23.1,14,"7.5",4,14.4,-12.6,53.5,28.3,"90.5","23.7",36.4,2,18.2,9.1,18.2,27.3,18.2,9.1,36.4,"100.504158","94.745702",58.6,23.5,19.5,80,20,12,15,57,77,75,5.9,27,66,33,135,76.5,8,34,43,58,37,50,40.8,36.3,45.5,18.2,36.4,11,53.6,36.4,4,27.3,3,18.2,2,18.2,2,,,,,,,,,,,,,,,,,,,,,,,,,,,,,,,,,,
"O'Neill, Tyler",641933,2025,30,80,93,15,9,3,1,2,27,9,29,9.7,".188",".325",".280","0.605","0.137",".245","10","34","26","0","2","17","116","63","0","67","4","24","1","0","0","2","5","6","55","4","0","17","15","2","6","0","1","0","1","0","0","1","0","2","52","0","0","0","0","0","0","0","0","9","2","0","0","126","2","246","52","372",,"0","1","0","0",".220",".470",".266",".329",".308",".250",".319",".423",".273",".320","-0.032","-0.145","-0.063","74.1",41.8,16.5,11.1,28.2,19,"7.7",5,21.4,-7.2,39.2,37.3,"87.4","22.4",29.1,9,16.4,1.8,21.8,34.5,16.4,9.1,38.2,"100.388655","94.346479636",67.6,28.5,31.4,43.3,56.7,26,60,51.2,191,69.2,7,73,204,53,372,71.5,35,123,48.8,182,44,164,33.3,49.2,47.3,32.7,20,55,74.2,36.4,20,41.8,23,10.9,6,10.9,6,,,,,,,,,,,"-2","0","7","0.0","0","0",,"1","2","50.0","1","2","50.0","8","10","80.0","-0.6","-0.5","0.6","-0.5","33.9",,"4.4","28.3"
"Gonzalez, Romy",663853,2025,28,102,111,30,17,10,1,2,26,7,23.4,6.3,".294",".471",".342","0.813","0.177",".373","16","43","48","2","4","29","127","58","0","64","2","33","1","0","2","1","14","3","77","13","0","14","27","5","1","0","1","0","5","2","0","1","0","1","62","2","0","0","1","0","1","0","0","16","2","1","1","134","1","265","62","399",,"1","3","0","0",".273",".487",".349",".355",".329",".214",".435",".444",".390",".371",".021","-0.016","-0.006","75.4",56.6,28.8,19.7,43.2,29.5,"6.8",3,6.3,2,45.7,26.9,"94.2","5.2",32.5,11,14.3,5.2,20.8,16.9,42.9,0,58.4,"103.552780256","97.031887013",73.3,20,32.2,55.2,43.3,37,67,52.1,208,85.2,6.8,80,215,85,399,80,28,140,47.9,191,40.9,163,31.4,51.9,31.2,40.3,28.6,77,63.6,53.2,41,22.1,17,23.4,18,1.3,1,,,,,,,,,,,,,,,,,,,,,,,,,,,,,,,,"1","4.31","28.2"
"Wallner, Matt",670242,2025,27,140,159,29,11,9,2,7,47,16,29.6,10.1,".207",".450",".302","0.752","0.243",".256","12","41","61","0","0","19","215","75","0","100","8","41","1","0","0","3","8","12","92","8","0","15","26","10","13","0","0","0","1","0","0","8","0","0","113","0","0","0","0","0","0","0","0","16","0","0","0","223","0","391","113","614",,"0","2","0","0",".230",".447",".328",".336",".323",".217",".417",".433",".312",".347","-0.023",".003","-0.008","76.3",63.2,18.9,11.8,29.6,18.4,"7.4",10,11.4,-4.9,57.4,27.8,"91.5","21.1",31.2,13,14,11.8,21.5,29,16.1,6.5,48.4,"103.218785435","96.124218587",71,32.4,30.9,56.4,43.6,53,94,49,304,90.3,10,69,388,127,621,67.6,73,225,51,317,43.6,271,39.5,51.4,50.5,29,20.4,93,64.8,36.6,34,29,27,20.4,19,14,13,,,,,,,,,,,"-1","0","6","0.0","0","3","0.0","1","4","25.0","3","3","100.0","6","6","100.0","-2","-0.9","1","-1.9","31.6",,"4.42","27.2"
"Grisham, Trent",663757,2025,28,239,275,59,36,7,1,15,66,35,24,12.7,".247",".473",".345","0.818","0.226",".278","32","82","113","1","0","46","448","229","0","168","10","69","2","0","0","1","13","22","172","24","0","37","47","13","16","0","0","0","0","0","0","0","0","0","77","1","0","0","1","0","0","0","0","38","0","0","0","474","0","669","77","1143",,"0","6","0","0",".256",".500",".358",".368",".353",".244",".424",".441",".341",".354","-0.009","-0.027","-0.010","70.7",12.1,16.6,13.5,37.5,30.3,"7.6",10,16.4,2.5,60.2,29.7,"90.6","16.4",36.4,24,13.9,8.7,22.5,25.4,24.9,4.6,43.4,"100.403886512","94.66118343",57.8,15.7,16.7,45.1,53.8,41,91,46.8,544,69.5,8.2,167,644,285,1162,82.4,56,357,53.2,618,46.4,539,21.7,38.6,45.7,35.8,18.5,173,56,34.7,60,34.1,59,22,38,9.2,16,,,,,,,,,,,"0","1","9","11.1","1","4","25.0","3","7","42.9","16","17","94.1","8","9","88.9","1.1","-1","-0.8","-0.6","33.6",,"4.5","27.2"
"Triolo, Jared",669707,2025,27,128,148,22,13,6,0,3,25,16,16.9,10.8,".172",".289",".267","0.556","0.117",".188","9","60","36","1","5","24","186","77","0","102","5","49","3","0","0","1","4","5","103","12","0","30","33","10","9","0","1","0","12","4","0","1","2","1","58","1","0","0","0","0","1","0","0","11","4","1","0","193","3","351","58","544",,"1","2","0","0",".240",".429",".251",".327",".327",".189",".244",".349",".212",".295","-0.068","-0.140","-0.076","72.1",19,15.3,12,34.4,26.9,"7.7",4,9,-2.7,47.9,37.5,"90.4","17.9",29.2,7,6.6,14.2,16,31.1,27.4,4.7,39.6,"99.787761373","94.305499706",72,13.6,26.6,50.7,49.3,36,71,47.4,267,86.7,8,70,321,128,563,84,29,213,52.6,296,42.6,240,22.9,50.4,36.8,32.1,31.1,106,62.6,35.8,38,34,36,21.7,23,8.5,9,,,,,,,,,,,,,,,,,,,,,,,,,,,,,,,,,"4.37","28.6"
"Call, Alex",669743,2025,30,153,188,42,31,7,2,2,25,21,13.3,11.2,".275",".386",".377","0.763","0.111",".310","17","63","59","0","1","34","263","169","0","94","4","55","4","0","0","6","12","7","136","23","0","30","51","6","6","0","0","0","1","0","0","2","5","3","36","0","0","0","2","0","1","0","0","23","1","0","0","285","8","445","36","730",,"1","1","0","0",".250",".371",".342",".333",".363",".121",".334",".320",".321",".300",".025",".015",".009","65.7",0,12.1,10.5,48.7,42.5,"6.5",3,5.8,9.3,46.9,33.7,"88.5","12.1",32.4,7,5.1,5.1,22.8,25,34.6,5.1,27.9,"97.221472923","92.766089302",55.1,10.6,17.4,32.8,67.2,19,58,45.8,334,64.6,8.9,67,477,130,730,87.6,23,218,54.2,396,44.4,324,15.2,37.8,29.4,37.5,33.1,136,63.8,46.3,63,27.2,37,22.1,30,4.4,6,,,,,,,,,,,"-2","0","7","0.0","1","2","50.0","4","5","80.0","6","10","60.0","4","4","100.0","1.6","-0.1","-0.1","1.3","35.9",,"4.39","27.8"
"Herrera, Jose",645444,2025,28,101,126,19,14,4,0,1,28,17,22.2,13.5,".188",".257",".303","0.560","0.069",".247","9","38","25","0","0","25","206","118","0","74","2","34","1","0","0","0","5","5","78","8","0","20","27","5","8","0","0","0","8","0","0","0","7","1","31","0","0","0","0","0","0","0","0","11","0","0","0","215","8","309","31","524",,"0","0","0","0",".164",".219",".263",".246",".286",".055",".264",".236",".257",".231",".024",".038",".017","66.2",0.6,3.9,3.2,33.1,26.6,"7.1",3,6.8,-4,48.7,32.9,"82.5","19.6",28.4,1,1.2,8.6,18.5,29.6,24.7,17.3,22.2,"93.451816216","90.901977297",57.2,12.9,13.7,45.7,54.3,16,35,47.3,256,63.9,6.7,80,323,101,541,85.9,21,163,52.7,285,45.3,245,18.7,36.6,33.3,38.3,28.4,81,56.3,43.2,35,30.9,25,16,13,9.9,8,"13","2.02","2","2.08","1","1.55","1.55",,"0.64","78",,,,,,,,,,,,,,,,,,,,,,,"4.82","24.5"
"Stanton, Giancarlo",519317,2025,35,30,34,8,7,1,0,0,11,4,32.4,11.8,".267",".300",".353","0.653","0.033",".421","2","18","9","0","0","11","46","19","0","18","2","8","1","0","0","0","6","0","17","2","0","3","5","0","1","0","0","0","0","0","0","7","0","0","19","0","0","0","0","0","0","0","0","1","0","0","0","47","0","76","19","123",,"0","0","0","0",".184",".228",".301",".238",".280",".043",".394",".280",".421",".291",".083",".072",".063","80.2",100,25,15.5,25,15.5,"8.8",0,9.9,-7.5,67.2,27.4,"95","13.1",15.8,1,5.3,5.3,15.8,31.6,42.1,0,63.2,"106.174438","98.805186842",60.3,24.4,32.5,64,36,16,25,53.1,77,45.5,7.6,15,83,34,145,75.6,10,41,46.9,68,43.4,63,39.4,45.5,42.1,36.8,21.1,19,44.1,57.9,11,21.1,4,10.5,2,10.5,2,,,,,,,,,,,,,,,,,,,,,,,,,,,,,,,,,,"23.7"
"Abrams, CJ",682928,2025,24,275,308,79,49,17,2,11,54,21,17.5,6.8,".287",".484",".358","0.842","0.197",".322","26","76","130","2","16","45","365","168","0","211","13","68","2","0","0","10","20","15","217","41","0","38","69","15","18","0","1","0","1","0","0","0","1","1","110","1","1","0","1","0","0","0","0","52","15","1","0","390","2","724","110","1114",,"0","3","0","0",".290",".460",".366",".357",".361",".170",".410",".397",".356",".360","-0.003",".024",".009","72.4",25.5,15.9,12.4,31.2,24.5,"7.5",14,9.7,-3.3,61,27.2,"89.8","12.2",35,17,7.6,6.3,27.8,23.3,31.8,3.1,43,"100.500776036","94.442041486",67.7,15.5,32.1,38.3,61.7,69,180,49.5,561,74.7,6.6,119,635,283,1133,84.5,60,387,50.5,572,43.1,488,22.8,50,43.5,34.5,22,223,57,41.7,93,23.8,53,26.5,59,8.1,18,,,,,,,,,,,,,,,,,,,,,,,,,,,,,,,,,"4.24","28.2"
"Henderson, Gunnar",683002,2025,24,283,315,79,53,14,3,9,77,30,24.4,9.5,".279",".445",".352","0.797","0.166",".355","23","85","117","2","9","49","405","194","0","208","14","73","5","0","0","2","29","12","201","33","1","27","69","18","12","0","4","0","0","0","0","6","0","0","123","2","0","0","0","0","0","0","0","40","8","1","0","428","0","753","123","1181",,"0","2","0","0",".283",".413",".346",".334",".356",".131",".428",".411",".383",".389","-0.004",".032",".012","75.5",55.7,23,17.6,34.5,26.3,"7.3",11,8.9,1.3,50,29.5,"93.2","10.9",29.1,15,7.3,4.9,35.9,17.5,31.1,2.9,53.4,"103.835598544","96.878260878",65.5,17.1,29,48.3,51.7,83,172,49.5,593,73.6,7.3,185,687,249,1199,82.6,68,397,50.5,606,44,528,26.5,47.5,37.9,34,28.2,206,63.1,48.5,100,19.4,40,25.7,53,6.3,13,,,,,,,,,,,,,,,,,,,,,,,,,,,,,,,,"8","4.24","28.4"
"Tena, José",677588,2025,24,137,154,34,20,12,2,0,33,15,21.4,9.7,".248",".365",".325","0.690","0.117",".324","13","55","50","1","2","29","220","108","0","116","6","44","4","0","0","1","14","2","105","18","0","12","49","9","0","0","0","0","3","1","0","0","0","1","46","1","0","0","1","0","0","0","0","18","1","1","0","237","1","390","46","627",,"0","0","0","0",".259",".380",".307",".320",".338",".121",".344",".364",".324",".344","-0.011","-0.015","-0.013","70.9",15.6,11.9,9.4,36.8,29.1,"6.8",1,3.2,2.7,35.2,35.1,"89.6","0.7",35.2,6,5.7,8.6,19,12.4,48.6,2.9,41,"99.136277451","94.02242198",64.5,14.6,26.3,33.3,64.3,28,84,51,320,77.6,7.8,97,326,177,627,84.3,29,198,49,307,41.6,261,20.2,45,23.8,43.8,32.4,105,64.3,60,63,13.3,14,26.7,28,0,0,,,,,,,,,,,,,,,,,,,,,,,,,,,,,,,,,"4.28","27.7"
"Hayes, Ke'Bryan",663647,2025,28,276,298,65,56,5,2,2,62,17,20.8,5.7,".236",".290",".290","0.580","0.054",".297","22","123","77","2","9","72","391","215","0","172","13","74","6","0","0","4","30","5","212","28","0","33","77","19","20","0","0","0","0","0","0","0","1","0","87","1","1","0","1","0","0","1","0","22","7","2","0","408","1","707","87","1115",,"1","0","0","0",".241",".351",".263",".286",".295",".109",".296",".329",".304",".312","-0.005","-0.061","-0.023","70.9",11.7,17.6,13.8,40.3,31.7,"6.7",6,4.7,2.3,46.2,26.8,"90.3","9.2",26.5,12,5.6,4.2,27.9,21.4,36.3,3.3,45.1,"100.376262476","94.638046095",61,12.8,27.1,40.6,58.7,63,155,50.5,573,75.6,7.9,100,684,240,1135,86.9,44,343,49.5,562,42,477,21.5,43.9,30.7,36.7,32.6,215,62.4,50.7,109,18.1,39,21.9,47,9.3,20,,,,,,,,,,,,,,,,,,,,,,,,,,,,,,,,,"4.61","27.1"
"Sánchez, Jesús",660821,2025,27,216,242,53,35,9,2,7,53,23,21.9,9.5,".245",".403",".318","0.721","0.158",".291","28","96","86","1","8","57","323","118","0","171","7","59","5","0","1","1","23","5","161","24","0","24","58","14","13","0","0","0","4","0","1","2","0","2","110","1","0","0","2","0","0","0","0","27","7","1","0","352","2","575","110","927",,"0","0","2","0",".267",".492",".317",".356",".337",".225",".364",".421",".321",".349","-0.022","-0.089","-0.039","75.5",56.8,17.9,13,31.3,22.8,"6.9",6,7.6,-2.2,51.5,27.2,"91.7","10",29.7,19,11.5,6.1,25.5,18.8,35.8,2.4,45.5,"102.567456867","95.685139152",72,18.3,29.7,45.6,53.7,68,149,52.9,502,76.1,7.1,153,524,231,949,81.7,59,322,47.1,447,40.8,387,27,49.6,38.2,35.8,26.1,165,60.3,49.7,82,18.8,31,23.6,39,7.9,13,,,,,,,,,,,"-1","0","9","0.0","2","5","40.0","3","5","60.0","7","9","77.8","7","7","100.0","1.9","0.4","-1","1.3","33.6",,"4.47","26.9"
"Burger, Jake",669394,2025,29,236,249,52,29,13,0,10,65,8,26.1,3.2,".220",".403",".253","0.656","0.183",".258","29","99","95","1","1","60","245","135","0","159","4","65","1","0","1","3","22","8","173","22","0","43","44","17","14","0","0","0","2","0","0","6","0","2","131","1","0","0","1","0","0","0","0","27","1","0","0","269","2","605","131","874",,"0","1","0","0",".247",".468",".283",".320",".281",".221",".363",".416",".301",".340","-0.027","-0.065","-0.037","74.8",50.1,23.7,16.9,33.3,23.7,"7.5",8,8.6,-4.9,57.2,24.6,"91.2","15.8",30.6,24,13.9,8.7,14.5,29.5,27.7,5.8,50.3,"103.687586322","96.251170925",70.5,16.6,37.1,53.7,46.3,87,162,50,437,82.1,7.7,95,443,221,874,83.4,51,308,50,437,42.6,372,29.4,53.8,38.2,35.3,26.6,173,70.3,38.2,66,29.5,51,23.7,41,8.7,15,,,,,,,,,,,,,,,,,,,,,,,,,,,,,,,,,"4.43","28.0"
"Naylor, Bo",666310,2025,25,184,214,31,15,6,1,9,60,27,28,12.6,".168",".359",".272","0.631","0.191",".188","20","74","66","1","1","35","304","129","0","193","6","60","3","0","0","0","7","10","126","14","0","34","31","12","18","0","0","0","4","0","0","0","1","2","88","0","1","0","0","0","0","0","0","25","1","0","0","322","3","551","88","873",,"0","1","0","0",".187",".373",".281",".291",".289",".186",".326",".344",".246",".274","-0.019","-0.014","-0.010","72.4",23.1,9.9,7.7,24.9,19.4,"7.8",10,14.6,-9.5,53.6,31.6,"88.9","22.6",35.4,14,11,7.9,16.5,38.6,21.3,4.7,33.1,"99.033495806","93.729801855",68.3,16.6,26.7,46.9,53.1,53,113,47.9,423,78.3,7.8,163,410,233,883,83.4,52,314,52.1,460,42.5,375,24.6,48.4,39.4,35.4,25.2,127,65.4,29.9,38,34.6,44,21.3,27,14.2,18,"39","1.98","1.98","1.97","0",,,,"0.66","82",,,,,,,,,,,,,,,,,,,,,,,"4.48","27.2"
"Kurtz, Nick",701762,2025,22,156,174,40,23,5,1,11,56,15,32.2,8.6,".256",".513",".316","0.829","0.257",".315","28","66","79","1","0","33","236","117","0","104","10","43","3","0","0","0","12","13","101","14","0","23","30","3","6","0","1","0","2","0","0","3","0","3","91","1","0","0","0","0","0","0","0","19","0","0","0","243","3","425","91","668",,"0","1","2","0",".239",".501",".351",".340",".303",".262",".496",".476",".388",".366",".017",".012",".011","77.6",79.6,22.5,15.6,28.3,19.6,"7.7",8,12.7,-0.3,44.1,38.4,"91.9","14.3",35,15,14.6,6.8,22.3,24.3,30.1,1.9,47.6,"103.503933654","96.540445825",63.9,25.5,24.8,57.7,42.3,45,78,46.1,315,58.7,6.7,123,346,173,683,74.5,60,235,53.9,368,46.6,318,33.5,45.8,31.1,38.8,30.1,103,65.5,42.7,44,35,36,16.5,17,5.8,6,,,,,,,,,,,,,,,,,,,,,,,,,,,,,,,,"1","4.47","27.4"
"Noel, Jhonkensy",678877,2025,23,103,107,15,11,2,0,2,34,3,31.8,2.8,".146",".223",".168","0.391","0.077",".191","9","46","23","0","0","22","118","36","0","88","5","46","4","0","0","0","9","2","70","4","0","13","28","5","9","0","0","0","12","0","0","1","0","1","71","0","0","0","0","0","0","0","0","12","0","0","0","126","1","276","71","402",,"0","1","0","0",".158",".238",".173",".184",".181",".080",".235",".251",".214",".234","-0.012","-0.015","-0.011","77.5",69.9,12.5,8.7,19.4,13.6,"7.6",6,6.9,-3.3,39.3,29.7,"89.1","12.7",18.6,3,4.3,7.1,8.6,31.4,41.4,7.1,38.6,"103.112679143","95.684408286",77.5,23.9,46.3,47.2,52.8,50,106,57,229,70.8,6,68,201,85,402,76.1,32,134,43,173,38.8,156,34.2,59.7,58.6,22.9,18.6,70,58.9,52.9,37,21.4,15,12.9,9,12.9,9,,,,,,,,,,,"-2","0","6","0.0","0","0",,"1","4","25.0","4","5","80.0","7","8","87.5","0.3","-0.5","-0.6","-0.9","31.4",,"4.59","27.1"
"Scott II, Victor",687363,2025,24,234,272,55,43,8,1,3,75,24,27.6,8.8,".235",".316",".325","0.641","0.081",".329","24","92","74","1","22","49","352","130","0","162","17","75","2","0","0","8","17","7","164","31","0","30","58","12","9","0","0","0","6","0","0","0","4","2","121","1","0","0","1","0","1","0","0","35","21","1","0","385","6","620","121","1005",,"1","0","0","0",".227",".300",".293",".284",".319",".073",".348",".334",".342",".333",".008",".016",".009","68.5",5.2,6.5,4.6,31.9,22.7,"6.4",13,10.9,-1,57.4,32.3,"86.2","12.8",35.8,6,3.6,3,30.3,23,26.7,12.1,27.3,"96.887887027","92.447257568",71,20.4,27.1,54.2,42.3,77,142,51.3,524,76.1,6.6,148,555,244,1021,76.5,72,353,48.7,497,41.3,422,30.1,48.5,35.2,36.4,28.5,165,60.7,46.1,76,22.4,37,26.1,43,5.5,9,,,,,,,,,,,"10","2","11","18.2","2","5","40.0","14","15","93.3","14","14","100.0","10","11","90.9","-0.5","2.1","0.6","2.2","36.8","49","4.15","30.1"
"Hernández, Enrique",571771,2025,33,154,171,31,19,5,0,7,45,15,26.3,8.8,".201",".370",".271","0.641","0.169",".233","18","75","57","0","0","40","230","90","0","122","12","65","6","0","1","0","7","7","109","17","0","25","35","9","8","0","0","0","8","0","0","2","1","1","85","0","0","0","0","0","0","0","0","21","0","0","0","249","2","423","85","672",,"0","2","0","0",".235",".424",".283",".314",".302",".189",".342",".392",".282",".331","-0.034","-0.054","-0.031","71.1",13.1,13.9,9.9,33.7,24,"7.5",6,10.1,-3.7,54.4,29.7,"90.5","15",33.3,12,10.8,4.5,21.6,27.9,30.6,3.6,38.7,"100.028150909","94.29290945",69.2,18.9,31.5,52.6,47.4,61,116,53.4,368,83.9,8.1,95,322,211,689,80.6,42,222,46.6,321,44.4,306,30.5,49.1,46.8,33.3,19.8,111,56.1,38.7,43,28.8,32,25.2,28,7.2,8,,,,,,,,,,,,,,,,,,,,,,,,,,,"4","0.5","-0.4","4.1","38.4",,"4.64","26.7"
"Casas, Triston",671213,2025,25,99,112,18,12,3,0,3,27,11,24.1,9.8,".182",".303",".277","0.580","0.121",".217","11","41","30","0","0","24","157","57","0","74","4","29","3","0","0","2","0","6","72","12","0","19","28","4","3","0","2","0","1","0","0","0","0","0","62","0","0","0","0","0","0","0","0","5","0","0","0","168","0","269","62","437",,"0","1","1","0",".216",".409",".258",".307",".307",".193",".287",".362",".250",".297","-0.034","-0.106","-0.049","75.1",55,17.6,12.2,28,19.4,"8",5,14.7,-4.8,43.9,35.8,"87.6","15.1",34.7,7,9.7,9.7,16.7,29.2,30.6,4.2,44.4,"100.957485","94.540363056",72.6,24.7,23.4,52,48,26,50,49,214,83.3,9.6,96,230,89,437,75.3,40,162,51,223,42.8,187,31.1,48.5,40.3,34.7,25,72,63.1,38.9,28,34.7,25,22.2,16,4.2,3,,,,,,,,,,,,,,,,,,,,,,,,,,,,,,,,,"4.74","24.4"
"Rooker Jr., Brent",667670,2025,30,328,366,89,55,16,2,16,76,36,20.8,9.8,".271",".479",".347","0.826","0.208",".309","43","134","156","1","2","72","456","164","0","213","17","83","9","0","0","2","24","19","249","44","1","54","74","18","14","0","0","0","0","0","0","71","0","0","172","1","0","0","0","0","0","0","0","50","2","0","0","496","0","818","172","1314",,"0","2","0","0",".297",".551",".360",".393",".370",".254",".418",".467",".353",".386","-0.026","-0.072","-0.033","73.7",37.5,19,13.9,36.3,26.6,"7.1",23,12.4,-6.3,45,35.7,"91.7","14.5",39.3,35,13.9,7.1,26.2,22.6,28.2,2,46.8,"102.059321032","95.555580397",76,18.1,25.9,58.9,41.1,106,180,52.3,694,85.8,8,207,709,298,1327,81.9,87,481,47.7,633,41.1,546,29.2,49.8,40.5,38.1,21.4,252,63.9,39.7,100,29,73,25,63,6.3,16,,,,,,,,,,,"-1","0","3","0.0","0","0",,"0","1","0.0","1","1","100.0","2","2","100.0","-1.2","-1.5","-1","-3.8","29.1",,"4.61","27.3"
"Grichuk, Randal",545341,2025,33,121,133,30,16,10,1,3,27,9,20.3,6.8,".248",".421",".293","0.714","0.173",".287","15","52","50","0","0","28","152","86","0","90","5","51","3","0","1","0","6","6","95","17","0","15","32","8","10","0","1","0","12","0","0","32","0","3","37","0","0","0","2","0","0","0","0","18","0","0","0","160","3","317","37","477",,"0","2","0","0",".274",".462",".304",".335",".324",".189",".357",".399",".309",".351","-0.026","-0.041","-0.031","73.6",38.3,20.6,16.5,33.3,26.7,"7.8",5,10.7,-7,67.5,28,"92.1","15",35.1,11,11.3,7.2,19.6,28.9,30.9,2.1,52.6,"103.607241837","96.418708041",64.9,9.4,30.1,45.6,54.4,31,68,46.3,226,68.3,8.4,57,232,157,489,90.6,16,170,53.7,262,45.1,220,19.7,48.7,47.4,30.9,21.6,97,62.9,40.2,39,21.6,21,27.8,27,10.3,10,,,,,,,,,,,"-1","0","4","0.0","0","0",,"0","0",,"0","0",,"0","0",,,,,,,,"4.67","26.7"
"Haase, Eric",606992,2025,32,50,54,12,7,3,0,2,22,3,40.7,5.6,".240",".420",".283","0.703","0.180",".385","8","16","21","0","0","14","77","49","0","37","2","23","0","0","0","0","2","5","29","5","0","3","11","1","2","0","0","0","3","0","0","1","1","0","38","0","0","0","0","0","0","0","0","7","0","0","0","79","1","156","38","235",,"0","0","0","0",".214",".397",".306",".283",".258",".183",".505",".462",".429",".382",".026",".023",".023","71.5",13.8,9.6,5.7,26.9,16.1,"7.2",1,12.2,-0.1,54,33.6,"84.8","10.4",31,4,13.8,3.4,24.1,17.2,31,10.3,24.1,"97.009003571","92.590828214",59.7,33.8,31,47.2,52.8,17,36,49.4,116,70.6,7.2,30,119,43,235,66.2,24,71,50.6,119,43,101,38.3,45.5,37.9,44.8,17.2,29,61.1,44.8,13,27.6,8,20.7,6,6.9,2,"5","1.88","1.85","1.91","1","1.56","1.56",,"0.64","83.2",,,,,,,,,,,,,,,,,,,,,,,,"28.2"
"Chapman, Matt",656305,2025,32,230,272,56,32,12,0,12,65,40,23.9,14.7,".243",".452",".360","0.812","0.209",".288","30","105","104","2","7","61","432","199","0","187","5","65","4","0","0","2","24","15","165","17","0","37","35","13","24","0","0","0","0","0","0","0","0","0","108","1","1","0","0","0","1","0","0","35","5","2","0","473","0","669","108","1142",,"1","0","1","0",".263",".484",".359",".374",".377",".221",".414",".440",".339",".366","-0.020","-0.032","-0.015","75.1",50.9,20.4,15.9,31.9,24.8,"7.5",11,5,-3.3,50.4,24.9,"94","20",33.9,18,10.9,8.5,28.5,31.5,20.6,0,52.1,"103.626957831","96.541192727",63.7,20.3,18.5,41.9,58.1,44,105,49.8,569,78.7,8.2,113,676,266,1142,79.7,74,365,50.2,573,43.3,494,25.1,41.2,40,33.3,26.7,165,56.3,35.8,59,31.5,52,18.2,30,14.5,24,,,,,,,,,,,,,,,,,,,,,,,,,,,,,,,,,"4.43","28.2"
"Tovar, Ezequiel",678662,2025,23,128,138,33,22,6,2,3,30,7,21.7,5.1,".258",".406",".301","0.707","0.148",".316","10","41","52","2","2","26","150","43","0","116","8","32","2","0","0","1","8","7","100","18","0","14","28","19","6","0","0","0","0","0","0","0","2","0","77","1","1","0","0","0","1","0","0","14","1","1","0","157","2","350","77","507",,"1","1","0","0",".303",".500",".310",".362",".344",".197",".373",".445",".337",".396","-0.045","-0.094","-0.052","71.4",14.7,12.4,8.7,31.1,21.8,"7.5",2,9.9,1.2,50,35.9,"90.3","11.8",53,9,9,8,34,19,23,7,44,"100.532583878","94.569418878",81.5,17.5,42.8,46.6,53.4,55,118,54.3,276,86.4,8.7,56,288,99,507,81,33,189,45.7,232,43.7,222,28.7,60.6,38,31,31,100,58,36,36,21,21,37,37,6,6,,,,,,,,,,,,,,,,,,,,,,,,,,,,,,,,,"4.49","27.5"
"Sweeney, Trey",700242,2025,25,204,225,45,35,5,1,4,57,18,25.3,8,".221",".314",".280","0.594","0.093",".281","23","95","64","1","2","53","262","106","0","156","10","70","2","0","0","0","17","6","150","22","0","31","55","8","11","0","0","0","5","0","0","0","0","3","97","1","0","0","0","0","0","0","0","27","2","0","0","280","3","527","97","807",,"0","1","0","0",".213",".321",".266",".265",".274",".108",".315",".315",".300",".292",".008","-0.007",".001","73.8",30.6,12.9,9.7,26.1,19.6,"7.5",9,7.7,-3.4,55.1,25.5,"88.1","10.4",30,9,6,3.3,26.7,26,33.3,3.3,33.3,"98.64504","93.385946149",71.9,19.2,29.2,46.8,53.2,51,109,46.2,373,87,8.6,131,436,178,807,79.5,60,312,53.8,434,45.4,366,26.4,52.2,43.3,39.3,17.3,150,65.3,48,72,24.7,37,20,30,7.3,11,,,,,,,,,,,,,,,,,,,,,,,,,,,,,,,,,"4.35","28.4"
"Rodríguez, Endy",682848,2025,25,52,57,9,5,4,0,0,14,5,24.6,8.8,".173",".250",".246","0.496","0.077",".237","2","24","13","1","0","9","69","39","0","32","2","18","0","0","0","0","2","2","38","5","0","11","11","4","3","0","0","0","0","0","0","0","0","0","19","1","0","0","0","0","0","0","0","5","0","0","0","72","0","133","19","205",,"0","0","0","0",".203",".301",".227",".258",".274",".098",".250",".297",".237",".280","-0.030","-0.051","-0.031","71.5",14.5,17.5,13.3,46,34.9,"7.3",1,7,-4,47,33.4,"92.2","15.1",36.8,1,2.6,18.4,21.1,31.6,23.7,0,44.7,"99.320391053","94.658298919",65.3,16.9,19.5,58.8,41.2,10,17,42.4,87,66.7,7.3,30,121,45,205,81.8,13,77,57.6,118,42.9,88,24.5,45.9,47.4,34.2,18.4,38,64.9,34.2,13,34.2,13,23.7,9,7.9,3,"5","1.86","1.86",,"0",,,,"0.56","85.4",,,,,,,,,,,,,,,,,,,,,,,,"27.1"
"Bichette, Bo",666182,2025,27,348,371,95,64,19,1,11,59,19,15.9,5.1,".273",".428",".313","0.741","0.155",".300","48","117","147","3","4","78","414","191","0","268","8","80","7","0","1","2","32","13","285","48","0","49","103","27","12","0","1","0","2","0","0","4","0","2","116","2","1","0","0","0","1","0","0","38","4","0","0","436","2","874","116","1310",,"1","3","0","0",".311",".514",".322",".371",".350",".203",".361",".424",".326",".374","-0.038","-0.086","-0.049","69.1",9.8,16.6,13.5,37.3,30.4,"7.2",13,5.9,0,35.9,37.5,"91.5","8.1",36.1,28,9.6,9.3,26.5,17.2,34,3.1,50.2,"102.487976138","95.882299207",70.1,10,34.6,36.3,63.7,85,234,50.9,676,83.5,7.3,127,809,276,1328,90,46,458,49.1,653,45.1,600,18.9,52.1,27.5,43.3,29.2,291,60.3,47.4,138,21.6,63,26.8,78,4.1,12,,,,,,,,,,,,,,,,,,,,,,,,,,,,,,,,,"4.69","26.1"
"Freeman, Tyler",671289,2025,26,111,132,36,27,7,1,1,10,12,7.6,9.1,".324",".432",".409","0.841","0.108",".340","11","45","48","3","9","26","175","77","0","112","2","41","5","0","0","6","12","2","104","22","0","21","38","6","2","0","0","0","4","4","0","9","0","3","16","3","0","0","0","0","2","0","0","20","9","0","0","196","3","321","16","517",,"2","1","0","0",".319",".426",".372",".376",".412",".106",".351",".356",".346",".349",".005",".006","-0.004","72.4",24.9,13.8,12.7,32.4,29.8,"7",4,2.1,0.5,31.7,35.8,"90.3","9.1",34.6,4,3.8,5.8,30.8,22.1,31.7,4.8,44.2,"100.516254902","94.618236863",69.5,3.9,24.8,25,68.8,16,64,49.9,258,68.6,9.9,27,334,126,517,95.6,7,180,50.1,259,39.5,204,9.4,47.2,33.7,35.6,30.8,104,62.9,48.1,50,22.1,23,27.9,29,1.9,2,,,,,,,,,,,"0","0","4","0.0","0","0",,"1","3","33.3","3","3","100.0","4","4","100.0","-0.9","-1.8","0.8","-1.9","30.6","1","4.45","28.3"
"Polanco, Jorge",593871,2025,31,226,249,56,36,9,0,11,33,16,13.3,6.4,".248",".434",".302","0.736","0.186",".243","36","82","97","2","3","49","303","136","0","120","6","66","4","0","0","3","18","12","193","25","0","34","66","17","21","0","0","0","14","0","0","48","1","3","89","1","1","0","0","0","1","0","0","26","3","0","0","326","4","545","89","871",,"1","1","1","0",".292",".472",".320",".353",".344",".180",".337",".380",".286",".339","-0.044","-0.038","-0.033","71.9",18.2,22,17.3,41.1,32.4,"7.3",8,9.3,-10.6,60.3,30.6,"90.6","14.5",31,19,9.6,5.1,24.4,26.4,31,3.6,44.7,"101.798012474","95.130417113",69.4,13.7,25.7,47.5,51.7,56,118,51.6,460,76.5,7.6,200,407,213,892,86.3,41,300,48.4,432,41,366,23.2,46.9,47.2,32,20.8,197,54.2,44.2,87,23.4,46,21.8,43,10.7,21,,,,,,,,,,,,,,,,,,,,,,,,,,,,,,,,,"4.55","25.6"
"Kiner-Falefa, Isiah",643396,2025,30,235,255,65,52,10,2,1,41,12,16.1,4.7,".277",".349",".321","0.670","0.072",".330","18","93","80","3","9","50","274","180","0","160","14","69","4","0","2","4","25","2","194","36","0","22","82","16","10","0","0","0","1","0","0","0","3","1","47","3","0","0","1","0","1","0","0","22","9","0","0","291","4","602","47","893",,"1","4","0","0",".265",".325",".299",".286",".313",".060",".329",".312",".333",".322",".012",".024",".013","66.1",0.8,7.8,6.7,37.6,32,"6.9",5,4.9,3.1,37.3,33,"85","4.4",32.8,3,1.5,2,29.3,16.7,41.4,9.1,26.3,"95.746374063","91.873187031",61.1,9.3,31.9,29.2,70.1,40,137,47.4,429,67.9,9,115,499,214,905,90.7,27,291,52.6,476,46.2,418,15.7,47.3,39.9,34.3,25.8,198,63.1,55.1,109,12.1,24,27.8,55,5.1,10,,,,,,,,,,,,,,,,,,,,,,,,,,,,,,,,,"4.43","27.3"
"Roden, Alan",702176,2025,25,97,111,20,13,5,1,1,24,7,21.6,6.3,".206",".309",".279","0.588","0.103",".253","8","50","28","1","0","24","132","68","0","67","3","41","0","0","0","4","9","3","75","7","0","10","35","4","7","0","0","0","7","2","0","0","0","3","35","1","0","0","0","0","0","0","0","12","0","0","0","148","3","252","35","400",,"0","0","0","0",".183",".244",".264",".232",".260",".061",".283",".237",".263",".234",".023",".065",".032","70.3",15.3,13.1,10.2,36.9,28.7,"7.2",4,10.5,-6.9,43.9,26.4,"85.5","2.5",22.4,1,1.3,6.6,14.5,21.1,48.7,7.9,30.3,"97.532302632","92.834339067",61.3,12.3,31,41.3,58.7,26,63,50.5,203,68,6.2,90,181,104,402,86.9,15,122,49.5,199,43.8,176,22.2,46,42.1,38.2,19.7,76,63.1,59.2,45,17.1,13,14.5,11,9.2,7,,,,,,,,,,,"2","0","4","0.0","0","2","0.0","3","3","100.0","4","4","100.0","3","3","100.0","-0.8","1","0.9","1.1","34.4",,"4.43","28.0"
"Rojas, Miguel",500743,2025,36,105,111,25,17,5,0,3,15,5,13.5,4.5,".238",".371",".273","0.644","0.133",".253","8","52","39","0","0","29","129","76","0","68","2","47","5","0","0","0","8","5","91","12","0","18","37","8","3","0","0","0","14","0","0","0","1","0","29","0","0","0","0","0","0","0","0","12","0","0","0","139","1","272","29","411",,"0","0","0","0",".243",".346",".283",".273",".278",".103",".307",".295",".278",".285","-0.005",".025",".010","67.8",4.4,9.9,8.2,42,34.6,"7.2",4,8.3,-4.4,47.8,32.6,"86.9","9.7",33,3,3.3,1.1,24.2,26.4,38.5,5.5,24.2,"96.000094091","92.000641477",67.3,8.7,28.2,39.7,58.6,23,58,50.1,206,89.7,7.1,65,213,113,411,90.6,12,138,49.9,205,43.1,177,17.9,47.7,42.9,33,24.2,91,62.2,49.5,45,25.3,23,22,20,3.3,3,,,,,,,,,,,,,,,,,,,,,,,,,,,,,,,,,"4.65","25.8"
"Garver, Mitch",641598,2025,34,122,141,26,19,4,0,3,42,18,29.8,12.8,".213",".320",".319","0.639","0.107",".299","16","67","39","0","3","43","222","124","0","83","3","45","4","0","0","1","9","5","80","11","1","19","18","8","9","0","0","0","3","0","0","22","0","0","72","0","0","0","0","0","0","0","0","13","3","0","0","233","0","365","72","598",,"0","0","0","0",".198",".348",".293",".294",".306",".149",".352",".353",".325",".302",".015","-0.028","-0.001","71.8",17.5,18.4,12.6,34,23.3,"7.3",7,15.8,-7.6,62.1,29.3,"92.5","20.3",32.5,6,7.5,11.3,25,31.3,22.5,2.5,50,"100.94599975","95.333838625",59.1,22.9,21,59.7,40.3,37,62,49.3,295,72.7,7.4,95,314,132,598,77.1,41,179,50.7,303,43.5,260,32.4,40.3,45,38.8,16.3,80,63.1,33.8,27,30,24,23.8,19,12.5,10,"11","2.05","2.06","2.02","1","1.62","1.62",,"0.67","79.5",,,,,,,,,,,,,,,,,,,,,,,"4.75","25.9"
"Schuemann, Max",680474,2025,28,84,102,19,15,1,2,1,17,15,16.7,14.7,".226",".321",".353","0.674","0.095",".269","5","38","27","1","4","19","145","55","0","62","2","55","4","0","0","2","7","3","68","8","1","16","23","4","6","0","0","0","7","12","0","0","0","1","39","1","0","0","0","0","1","0","0","10","4","0","0","152","1","229","39","381",,"1","0","0","0",".212",".302",".311",".300",".343",".090",".292",".276",".279",".264",".014",".019",".011","68.3",1.9,7.6,5.8,30.3,23.2,"6.7",6,7.4,3.4,54.8,30.6,"85.6","13",29.4,2,2.9,2.9,22.1,35.3,30.9,5.9,27.9,"96.549287059","92.368850299",70,17.2,19.8,50,44.7,19,38,48.1,192,73.3,7.5,44,233,87,399,82.1,25,145,51.9,207,40.4,161,24,45.9,20.6,38.2,41.2,68,62.7,44.1,30,27.9,19,17.6,12,10.3,7,,,,,,,,,,,,,,,,,,,,,,,,,,,,,,,,,"4.39","28.4"
"Holliday, Jackson",702616,2025,21,289,310,74,50,12,2,10,74,17,23.9,5.5,".256",".415",".306","0.721","0.159",".312","32","87","116","6","8","60","356","158","0","204","15","73","3","0","1","4","29","12","210","32","0","41","71","19","6","0","0","0","0","0","0","2","0","0","121","4","2","0","1","0","0","1","0","32","8","0","0","375","0","720","121","1095",,"1","4","0","0",".267",".471",".317",".338",".316",".204",".388",".420",".344",".358","-0.011","-0.056","-0.021","71",11,18.5,14.2,34.9,26.8,"6.9",12,8.3,7.2,54,32,"90.7","9.2",36.3,24,11.2,7,24.2,21.4,34,2.3,45.6,"101.363447009","95.005759766",72.3,19.6,25.2,50.8,49.2,64,126,44.3,500,81.6,8.7,220,618,229,1129,80.2,89,455,55.7,629,43,486,26.3,51.5,30.7,42.3,27,215,64.8,47,101,26.5,57,23.7,51,2.8,6,,,,,,,,,,,,,,,,,,,,,,,,,,,,,,,,"2","4.24","28.7"
"Clemens, Kody",665019,2025,29,127,147,26,11,5,1,9,34,14,23.1,9.5,".205",".472",".301","0.773","0.267",".200","19","64","60","1","0","34","200","88","0","131","4","53","1","0","0","3","3","8","94","15","0","25","28","10","5","0","0","0","8","3","0","1","1","1","58","1","0","0","0","0","0","0","0","20","0","0","0","221","2","379","58","600",,"0","0","1","0",".269",".540",".335",".383",".358",".272",".386",".461",".277",".365","-0.064","-0.068","-0.048","72.5",22,18.7,14.8,32.5,25.8,"7.3",3,12.4,-2.7,63.3,27.3,"94","17.1",31.6,12,12.6,13.7,15.8,27.4,25.3,4.2,50.5,"103.30345413","96.689248587",68.3,15.9,26.4,41.6,58.4,32,77,47.6,292,69.6,7.5,71,374,125,614,83.6,35,220,52.4,322,40.4,248,22.6,48.4,46.3,41.1,12.6,95,60.5,32.6,31,35.8,34,26.3,25,5.3,5,,,,,,,,,,,,,,,,,,,,,,,,,,,,,,,,,"4.46","27.4"
"Hernández, Teoscar",606192,2025,32,260,276,69,38,17,0,14,66,12,23.9,4.3,".265",".492",".298","0.790","0.227",".302","53","120","128","0","5","72","328","160","1","171","13","66","7","0","1","1","18","14","193","37","0","39","61","16","8","0","0","0","1","0","0","0","0","2","159","0","0","0","1","0","0","0","0","40","2","3","0","359","2","698","159","1057",,"0","1","0","1",".286",".508",".339",".357",".321",".221",".429",".454",".352",".384","-0.021","-0.016","-0.018","72.9",30.4,18.9,13,32.7,22.6,"7.8",17,10.6,-1,52.4,31.9,"89.8","10.9",39.3,24,12.2,9.2,25,19.9,30.1,3.6,44.9,"102.265882857","95.377259184",70,24.4,28.7,55.2,44.8,79,143,46.5,498,78.4,9.5,115,553,300,1072,75.6,98,402,53.5,574,43,461,32.5,50.8,37.8,34.2,28.1,196,60.5,41.3,81,27,53,27.6,54,4.1,8,,,,,,,,,,,"-8","0","4","0.0","0","11","0.0","4","9","44.4","7","7","100.0","11","12","91.7","-0.3","-0.5","0.5","-0.3","33.2","1","4.45","28.1"
"Yastrzemski, Mike",573262,2025,34,250,289,61,40,13,1,7,64,37,22.1,12.8,".244",".388",".343","0.731","0.144",".300","27","105","97","2","5","57","416","223","0","193","6","74","3","0","0","1","17","13","186","31","0","44","51","14","15","0","3","0","6","1","0","0","0","1","91","2","0","0","1","0","0","0","0","32","5","0","0","437","1","701","91","1138",,"0","4","1","0",".236",".389",".323",".318",".337",".153",".364",".357",".326",".317",".008","-0.001",".005","70.6",7.6,12.3,9.9,34.2,27.7,"7.5",8,10.5,-1.9,65.5,29.8,"90.1","17.7",33.7,16,8.6,7,23,31.6,24.6,4.3,39.6,"99.249873333","94.014855278",60.8,16.7,23.9,31.9,68.1,45,141,50.7,589,63.1,7.2,140,704,254,1161,83.3,58,348,49.3,572,41,476,21.1,42.1,35.3,36.9,27.8,187,61.7,36.4,68,30.5,57,24.6,46,8.6,16,,,,,,,,,,,"-3","0","9","0.0","0","2","0.0","3","6","50.0","5","6","83.3","8","11","72.7","0.7","2","0.1","2.8","35.9",,"4.39","26.9"
"Tromp, Chadwick",644433,2025,30,16,17,1,0,1,0,0,6,1,35.3,5.9,".063",".125",".118","0.243","0.062",".100","0","12","2","0","0","6","18","12","0","7","0","6","1","0","0","0","0","0","10","1","0","2","4","0","3","0","0","0","1","0","0","0","0","0","7","0","0","0","0","0","0","0","0","1","0","0","0","18","0","37","7","55",,"0","0","0","0",".070",".101",".115",".111",".128",".031",".126",".121",".100",".116","-0.007",".024",".004","70.8",4.5,6.7,4.5,40,27.3,"8",0,8.9,-7,54.5,30.6,"87.3","16.3",20,0,0,0,10,50,30,0,20,"92.892292","90.786048889",50,8.3,41.9,53.8,46.2,7,13,56.4,31,100,3.6,7,31,13,55,91.7,1,12,43.6,24,43.6,24,32,45.5,40,40,20,10,70.6,40,4,20,2,10,1,30,3,"3","1.9","1.9",,"0",,,,"0.62","80.5",,,,,,,,,,,,,,,,,,,,,,,,
"Rushing, Dalton",687221,2025,24,48,55,11,8,2,0,1,25,7,45.5,12.7,".229",".333",".327","0.660","0.104",".455","9","25","16","0","0","14","87","40","0","29","1","17","0","0","2","0","2","2","23","7","0","6","4","0","2","0","0","0","1","0","0","1","0","0","34","0","0","0","0","0","0","0","0","9","0","0","0","91","0","131","34","222",,"0","0","0","0",".190",".335",".301",".283",".293",".145",".509",".465",".478",".396",".039","-0.002",".018","73.4",26.6,15.6,8.9,31.1,17.7,"7.7",2,15,-8.2,57,35.4,"90.5","20.3",47.8,3,13,13,34.8,26.1,8.7,4.3,39.1,"101.515789167","95.266316087",61.2,31,18.9,85,15,17,20,47.7,106,80,9,26,96,83,222,69,22,71,52.3,116,41.9,93,42.9,41,47.8,34.8,17.4,23,60,26.1,6,34.8,8,30.4,7,8.7,2,"8","1.94","1.94","1.94","0",,,,"0.63","82.7",,,,,,,,,,,,,,,,,,,,,,,,"27.4"
"Devers, Rafael",646240,2025,28,311,379,84,47,20,0,17,88,62,23.2,16.4,".270",".498",".396","0.894","0.228",".322","63","128","154","1","1","81","573","170","0","286","19","82","7","0","3","4","23","28","224","32","0","40","72","16","11","0","7","0","3","0","1","82","0","2","216","1","0","0","1","0","0","0","0","50","1","0","0","618","2","923","216","1541",,"0","2","2","0",".274",".536",".385",".400",".402",".262",".454",".479",".373",".384","-0.004","-0.038","-0.015","71.7",20.2,17.8,12.2,32.3,22.1,"7.5",16,9,5.9,58.4,28.9,"93.9","13.3",37.3,37,16.4,6.2,24.4,22.7,28,1.8,55.6,"103.882865357","96.962226518",73.5,29,24.3,42.9,57.1,82,191,50.4,786,82.8,7.8,196,1017,257,1560,71,165,569,49.6,774,39.8,621,32.5,48.7,28.4,43.1,28.4,225,62,42.2,95,30.2,68,22.7,51,4.9,11,,,,,,,,,,,,,,,,,,,,,,,,,,,,,,,,,"4.54","25.6"
"Fortes, Nick",663743,2025,28,99,109,24,17,4,1,2,15,6,13.8,5.5,".242",".364",".290","0.654","0.122",".265","9","43","36","0","0","20","132","73","0","71","6","41","4","0","0","1","9","4","87","11","0","14","34","7","8","0","0","0","7","0","0","3","2","1","26","0","0","0","0","0","0","0","1","10","0","0","0","142","3","266","26","408",,"1","0","0","0",".234",".361",".288",".281",".282",".128",".304",".297",".282",".272",".008",".003",".007","72.1",18.5,14,11.9,32.9,28,"7.3",4,4.1,-6.6,44,18.1,"87.3","7.9",31,4,4.6,9.2,20.7,20.7,32.2,12.6,42.5,"99.66967119","93.85842631",63.3,9.9,30.8,32.3,64.5,20,62,49.3,201,62.1,7.1,56,221,97,408,90.1,13,131,50.7,207,42.4,173,17.1,47.3,49.4,31,19.5,87,66.1,49.4,43,20.7,18,20.7,18,9.2,8,"25","1.94","1.94","1.95","1","1.38","1.38",,"0.61","81.2",,,,,,,,,,,,,,,,,,,,,,,"4.51","27.0"
"Mauricio, Ronny",677595,2025,24,65,70,15,10,2,0,3,22,4,31.4,5.7,".231",".400",".286","0.686","0.169",".300","5","29","25","0","2","15","74","42","0","45","3","18","1","0","0","1","2","6","41","6","0","8","12","4","3","0","0","0","0","0","0","1","0","0","37","0","0","0","0","0","0","0","0","7","2","0","0","84","0","172","37","256",,"0","0","0","0",".237",".410",".302",".306",".292",".173",".409",".420",".349",".361","-0.006","-0.010","-0.004","74.2",44.5,10.8,7.6,28.9,20.2,"7.7",3,8.7,-7.1,58.8,30.1,"90.2","15",32.6,3,7,9.3,30.2,30.2,20.9,0,37.2,"100.326599048","94.45318381",61.2,28,40,41.1,58.9,23,56,51.1,140,71.4,7.7,35,135,97,274,72,23,82,48.9,134,43.8,120,33.3,50.4,39.5,41.9,18.6,43,68.6,34.9,15,32.6,14,23.3,10,9.3,4,,,,,,,,,,,,,,,,,,,,,,,,,,,,,,,,,,"25.5"
"Jankowski, Travis",608671,2025,34,45,49,11,9,2,0,0,12,3,24.5,6.1,".244",".289",".286","0.575","0.045",".324","2","16","13","0","2","7","52","40","0","30","1","22","0","0","0","0","7","0","34","4","0","4","14","2","2","0","0","0","4","5","0","0","0","1","19","0","0","0","0","0","0","0","0","7","2","0","0","55","1","125","19","180",,"0","0","1","0",".246",".277",".257",".255",".290",".030",".309",".306",".324",".329","-0.002",".012",".002","68",1.4,12.5,9.9,30.4,23.9,"6.4",4,-4,-1.9,15.5,34,"84.6","-0.4",23.5,0,0,0,32.4,20.6,29.4,17.6,35.3,"98.685423125","93.38867375",61.7,10.6,26,68.4,31.6,13,19,40.6,73,80,11.1,22,112,28,180,87.9,7,66,59.4,107,35,63,23.5,47.2,35.3,41.2,23.5,34,79.6,61.8,21,11.8,4,20.6,7,5.9,2,,,,,,,,,,,"1","0","6","0.0","0","0",,"1","1","100.0","1","1","100.0","2","2","100.0","1.4","-0.4","-0.8","0.2","34.5","8","4.21","29.2"
"Bregman, Alex",608324,2025,31,197,226,59,31,17,0,11,42,22,18.6,9.7,".299",".553",".385","0.938","0.254",".331","35","99","109","1","1","58","304","181","0","151","8","51","3","0","0","6","18","17","156","24","0","35","39","8","15","0","1","0","0","0","0","0","0","1","47","1","0","0","0","0","1","0","0","32","1","0","0","340","1","546","47","886",,"1","1","0","0",".255",".484",".403",".359",".347",".229",".460",".396",".378",".324",".044",".069",".044","71.5",10.5,16.2,14.1,42.6,37.1,"7.1",7,14.6,-5.5,67.4,28,"92.1","19.7",32.1,16,10.3,9,23.1,30.8,26.3,0.6,48.1,"100.35640859","94.879955449",62,10.5,18.4,35.9,64.1,28,78,47.7,423,65.5,9.5,95,516,203,886,89.5,30,287,52.3,463,40.6,360,15.9,41.2,56.4,30.8,12.8,156,61.3,36.5,57,33.3,52,20.5,32,9.6,15,,,,,,,,,,,,,,,,,,,,,,,,,,,,,,,,,"4.6","26.3"
"Lee, Brooks",686797,2025,24,235,250,66,50,8,0,8,47,12,18.8,4.8,".281",".417",".316","0.733","0.136",".319","30","87","95","1","1","50","312","142","0","180","5","64","3","0","0","1","20","11","186","33","0","45","53","11","12","0","0","0","0","0","0","0","0","2","98","1","0","0","0","0","0","0","0","22","1","0","0","347","2","618","98","965",,"0","0","1","0",".250",".397",".320",".299",".289",".146",".374",".346",".347",".312",".031",".020",".021","69.8",10.4,9.9,8,34.6,27.8,"7.2",22,10.2,-5.3,57.5,30.5,"88.8","15",33.2,13,6.8,6.8,25.3,29.5,28.9,2.6,38.4,"98.350591474","93.477625895",68.6,9.8,31.5,50,50,79,158,51.4,502,83.3,6.1,193,452,240,976,90.2,32,325,48.6,474,42.6,416,23,49.5,40,34.7,25.3,190,56.4,39.5,75,29.5,56,24.2,46,6.8,13,,,,,,,,,,,,,,,,,,,,,,,,,,,,,,,,,"4.58","25.7"
"Cronenworth, Jake",630105,2025,31,179,216,43,27,9,1,6,44,30,20.4,13.9,".240",".402",".353","0.755","0.162",".280","22","73","72","1","2","42","324","160","0","178","7","55","2","0","2","3","17","8","137","18","0","35","38","10","11","0","0","0","1","0","0","0","1","3","56","1","0","0","0","0","0","0","0","23","2","0","0","354","4","547","56","901",,"0","1","0","0",".227",".362",".336",".316",".342",".135",".358",".326",".312",".294",".013",".040",".020","71.1",14.2,13.4,11.1,30.7,25.6,"7",4,7.4,-1.7,37,31.3,"88.6","16.4",28.1,10,7.2,2.9,23.7,33.8,28.8,3.6,37.4,"99.471048116","93.88084413",62.5,10.9,23.4,37.4,60.7,40,107,50.1,458,78.9,7.8,126,569,175,914,88.8,31,285,49.9,456,41.4,378,18.1,42.9,38.1,34.5,27.3,139,60.2,40.3,56,31.7,44,20.1,28,7.9,11,,,,,,,,,,,,,,,,,,,,,,,,,,,,,,,,,"4.36","28.3"
"Solak, Nick",669256,2025,30,11,11,1,1,0,0,0,2,0,18.2,0,".091",".091",".091","0.182","0.000",".111","0","1","1","0","0","1","7","7","0","4","0","4","0","0","0","0","1","0","9","0","0","2","5","1","0","0","0","0","1","0","0","0","0","0","6","0","0","0","0","0","0","0","0","0","0","0","0","7","0","26","6","33",,"0","0","0","0",".158",".175",".081",".145",".158",".017",".099",".177",".111",".193","-0.067","-0.084","-0.064","68.7",11.8,23.1,17.6,38.5,29.4,"7.4",1,14,1.8,58.8,29.7,"82.6","2.8",22.2,0,0,0,11.1,22.2,55.6,11.1,33.3,"95.071828","93.087371111",56.3,33.3,58.8,30,70,3,10,51.5,17,75,12.1,6,19,5,33,66.7,3,9,48.5,16,42.4,14,31.6,57.6,33.3,44.4,22.2,9,72.7,66.7,6,22.2,2,11.1,1,0,0,,,,,,,,,,,,,,,,,,,,,,,,,,,,,,,,,,"26.6"
"Misner, Kameron",670224,2025,27,197,217,42,27,9,1,5,69,16,31.8,7.4,".213",".345",".273","0.618","0.132",".296","22","92","68","1","8","51","307","158","0","150","7","71","1","0","0","1","16","6","131","20","0","29","41","11","8","0","0","0","12","2","0","1","1","2","136","1","0","0","0","0","1","0","0","27","7","1","0","325","3","591","136","916",,"1","1","1","0",".193",".296",".274",".246",".255",".103",".364",".319",".323",".294",".020",".049",".028","73.2",32.6,8.6,5.6,26.1,17.1,"7.8",12,12.4,-7.6,51.6,37,"87.6","15",27.5,7,5.3,4.6,24.4,29,27.5,9.2,29.8,"98.404901875","93.313993858",63.1,24,30.6,56.9,42.3,78,137,48.8,447,75.5,5.8,187,464,202,916,75.3,71,296,51.2,469,47.1,431,34.4,47.3,38.9,34.4,26.7,131,69.1,43.5,57,26.7,35,23.7,31,6.1,8,,,,,,,,,,,"4","0","4","0.0","3","5","60.0","7","7","100.0","10","11","90.9","10","10","100.0","0.9","1.2","0","2","36.5",,"4.36","28.3"
"Barrero, Jose",676480,2025,27,29,31,4,2,1,0,1,9,1,29,3.2,".138",".276",".194","0.470","0.138",".158","3","17","8","0","0","9","37","20","0","32","0","22","0","0","1","1","1","1","20","2","0","6","4","2","4","0","0","0","2","6","0","0","0","0","15","0","0","0","0","0","0","0","0","4","0","0","0","39","0","89","15","128",,"0","0","0","0",".138",".227",".210",".191",".194",".089",".255",".226",".200",".200",".000",".049",".019","73.6",32.8,6.3,4.9,14.6,11.5,"7.4",1,11.2,-7,45.9,30.7,"83.6","28",25,1,5,5,15,55,20,0,20,"92.891037","90.926829",70,16.3,34.5,45,55,9,20,45.3,58,85.7,10.9,14,63,32,128,83.7,8,49,54.7,70,45.3,58,24.6,53.9,30,30,40,20,67.7,25,5,35,7,20,4,20,4,,,,,,,,,,,,,,,,,,,,,,,,,,,"0.6","0.3","0.5","1.4","35.4",,,"26.8"
"Schunk, Aaron",668845,2025,27,28,29,6,5,1,0,0,8,0,27.6,0,".214",".250",".214","0.464","0.036",".300","0","14","7","0","0","7","21","9","0","27","0","11","1","0","0","0","1","1","21","4","0","5","4","4","2","0","0","0","3","2","0","1","1","0","11","0","0","0","0","0","1","0","0","1","0","0","0","22","1","72","11","94",,"1","0","0","0",".248",".332",".204",".250",".248",".084",".285",".351",".300",".347","-0.034","-0.082","-0.046","68.4",0,11.9,9.4,28.6,22.6,"6.6",1,6.9,-3.7,45.3,36.2,"86.2","23.7",42.9,1,4.8,9.5,28.6,33.3,19,4.8,23.8,"95.000146","91.6614615",79.1,8.8,56.9,34.5,62.1,10,29,54.3,51,90,10.6,8,47,30,94,88.2,3,34,45.7,43,43.6,41,20.6,67,19,28.6,52.4,21,72.4,23.8,5,28.6,6,38.1,8,9.5,2,,,,,,,,,,,,,,,,,,,,,,,,,,,,,,,,,,"27.2"
"Barger, Addison",680718,2025,25,192,210,50,25,17,0,8,50,17,23.8,8.1,".260",".474",".324","0.798","0.214",".313","24","82","89","0","1","41","270","127","0","143","10","56","1","0","0","1","11","11","138","27","0","23","41","12","13","0","2","0","6","0","0","0","0","0","81","0","0","0","0","0","0","0","0","27","1","0","0","286","0","505","81","791",,"0","0","1","0",".290",".521",".343",".371",".351",".231",".424",".465",".352",".392","-0.030","-0.047","-0.028","76",64.3,23,17.1,33.1,24.6,"7.8",3,10.3,-9.1,54.5,27.7,"93.4","11.9",38.7,19,13.4,6.3,28.2,21.8,28.2,2.1,52.1,"104.935790423","97.183970915",67.2,18.1,27.4,45.5,54.5,50,110,49,401,81.1,9,133,409,216,819,81.9,51,281,51,418,43.2,354,25.8,47.7,47.2,34.5,18.3,142,59.3,38,54,23.9,34,28.9,41,9.2,13,,,,,,,,,,,"-1","0","3","0.0","0","1","0.0","2","3","66.7","1","3","33.3","2","2","100.0","1.3","-1.2","-1.3","-1.2","31.6",,"4.33","27.8"
"Barnes, Austin",605131,2025,35,42,44,9,6,3,0,0,14,1,31.8,2.3,".214",".286",".233","0.519","0.072",".321","2","22","12","0","0","8","55","39","0","21","1","13","1","0","0","0","3","1","29","5","0","3","11","4","2","0","0","0","2","0","0","0","1","0","16","0","0","0","0","0","1","0","0","4","0","0","0","55","1","109","16","164",,"1","0","0","0",".230",".310",".228",".244",".248",".080",".326",".350",".321",".345","-0.016","-0.024","-0.016","66.7",1.7,9.3,6.7,34.9,25,"6.4",2,4.5,2.4,33.3,28.9,"80.9","4.2",34.5,1,3.4,0,27.6,13.8,34.5,20.7,20.7,"94.497949286","91.446035714",54.8,13.7,26.8,68.4,31.6,13,19,43.3,71,88.9,5.5,7,95,46,164,86.3,7,51,56.7,93,45.7,75,28.6,42.7,37.9,41.4,20.7,29,70.5,48.3,14,13.8,4,31,9,6.9,2,"11","2.11","2.11",,"1","1.63",,"1.63","0.65","73.2",,,,,,,,,,,,,,,,,,,,,,,"4.83","25.6"
"Avans, Drew",682183,2025,29,17,18,2,2,0,0,0,6,0,33.3,0,".118",".118",".111","0.229","0.000",".167","1","13","2","0","1","4","20","10","0","26","2","8","0","0","0","0","0","1","12","1","0","0","8","0","1","0","0","0","1","0","0","0","0","1","5","0","0","0","0","0","0","0","0","1","1","0","0","22","1","57","5","79",,"0","0","0","0",".153",".174",".099",".158",".164",".021",".148",".244",".167",".253","-0.035","-0.056","-0.059","66.9",0,5.6,4.8,19.4,16.7,"6.1",1,1.4,6,23.8,28.1,"84.7","1.4",25,0,0,8.3,8.3,16.7,58.3,0,16.7,"93.841003333","91.511944545",76.9,6.7,42.5,35.3,58.8,6,17,50.6,40,80,6.3,14,54,7,79,93.3,2,30,49.4,39,46.8,37,17,59.5,50,33.3,16.7,12,55.6,66.7,8,8.3,1,16.7,2,8.3,1,,,,,,,,,,,,,,,,,,,,,,,,,,,,,,,,"3",,"29.1"
"Sánchez, Gary",596142,2025,32,64,74,16,11,1,0,4,19,4,25.7,5.4,".250",".453",".338","0.791","0.203",".286","14","16","21","0","0","11","91","63","0","46","4","21","2","0","0","5","5","3","41","4","0","10","15","0","4","0","0","0","1","0","0","4","0","1","29","0","0","0","0","0","0","0","0","8","0","0","0","102","1","184","29","286",,"0","0","0","0",".277",".471",".347",".361",".361",".194",".420",".442",".348",".386","-0.027","-0.018","-0.014","72.9",31.3,21.9,16.7,35.6,27.1,"7.6",3,13.4,-9.7,59.4,29.6,"94.8","18.1",26.1,6,13,2.2,34.8,23.9,23.9,2.2,67.4,"103.765303478","97.895242826",58.1,15.6,24.4,52.6,47.4,20,38,50.2,156,50,9.6,62,151,80,311,84.4,14,90,49.8,155,42.1,131,26.6,41.2,56.5,28.3,15.2,46,54.1,45.7,21,30.4,14,15.2,7,8.7,4,"8","1.91","1.93","1.79","1","1.48","1.48",,"0.61","87.2",,,,,,,,,,,,,,,,,,,,,,,,"24.5"
"Mayo, Coby",691723,2025,23,65,70,13,7,5,0,1,19,5,27.1,7.1,".200",".323",".257","0.580","0.123",".267","4","29","15","0","1","14","75","49","0","38","2","19","1","0","0","0","2","2","42","7","0","7","14","1","9","0","0","0","4","0","0","5","0","0","33","0","0","0","0","0","0","0","0","4","1","0","0","78","0","165","33","243",,"0","0","0","0",".218",".348",".258",".274",".274",".130",".317",".342",".283",".308","-0.018","-0.025","-0.016","74.2",38.5,14.7,10.1,28,19.3,"7.2",0,10.6,-15.8,32.1,37.5,"87.9","20.4",28.3,4,8.7,0,21.7,39.1,26.1,4.3,43.5,"100.927119565","94.558366304",64.2,20.9,32.8,52.4,47.6,22,42,48.9,128,72.7,8.4,30,122,80,262,79.1,18,86,51.1,134,47.7,125,31.3,48.9,39.1,34.8,26.1,46,71.4,39.1,18,21.7,10,19.6,9,19.6,9,,,,,,,,,,,,,,,,,,,,,,,,,,,,,,,,,,"28.4"
"Suárez, Eugenio",553993,2025,33,287,323,73,33,15,0,25,82,21,25.4,6.5,".254",".568",".325","0.893","0.314",".261","67","126","161","0","1","72","412","194","0","230","12","78","5","0","1","11","13","32","205","26","0","49","48","18","19","0","1","0","0","0","0","1","0","4","172","0","0","0","0","0","0","0","0","48","1","0","0","443","4","816","172","1259",,"0","3","0","0",".248",".536",".378",".365",".323",".288",".478",".457",".349",".345",".006",".032",".013","72.2",23.9,17.1,12.3,35.3,25.4,"7.8",30,18.4,-4.9,44.6,38.5,"90.9","23.2",34.4,30,14.4,9.1,17.7,34.4,21.5,2.9,50.7,"101.774396952","95.415647703",68.1,19,30.8,54.9,45.1,107,195,49.7,634,76.8,7.8,139,687,323,1275,81,83,437,50.3,642,44.5,568,30.1,49.6,45.5,37.8,16.7,209,66.5,30.1,63,39.2,82,21.5,45,9.1,19,,,,,,,,,,,,,,,,,,,,,,,,,,,,,,,,,"4.66","26.4"
"Naylor, Josh",647304,2025,28,293,324,89,60,18,1,10,42,26,13,8,".304",".474",".359","0.833","0.170",".324","53","118","139","2","10","79","322","136","1","200","6","76","10","0","2","1","27","26","252","36","0","38","89","25","9","0","1","0","1","0","0","18","0","3","108","1","0","1","0","0","0","0","0","42","8","2","0","352","3","704","108","1056",,"0","1","2","1",".298",".457",".361",".354",".358",".159",".387",".378",".350",".349",".006",".017",".007","70.9",18.3,18.1,14.8,38.8,31.7,"7.5",15,5.8,-6.7,44.7,30.9,"89.8","10.4",33.5,15,5.9,9.4,27.6,21.3,33.5,2,43.3,"100.80392685","94.717688221",73.2,11.1,34.8,40.1,59.9,75,187,50.4,537,83.9,8.7,166,506,294,1066,88.9,43,387,49.6,529,40.2,428,20.6,53.8,42.5,37.4,20.1,254,64.7,45.7,116,26,66,24.8,63,3.5,9,,,,,,,,,,,,,,,,,,,,,,,,,,,,,,,,,"4.84","24.4"
"Keith, Colt",690993,2025,23,212,242,51,31,12,2,6,49,28,20.2,11.6,".241",".401",".326","0.727","0.160",".283","24","93","82","0","0","52","333","161","0","155","10","71","4","0","2","0","16","9","161","25","0","38","50","17","6","0","0","0","14","1","0","25","0","2","80","0","0","0","0","0","0","0","0","33","0","0","0","362","2","572","80","934",,"0","1","0","0",".273",".492",".321",".371",".359",".219",".353",".426",".309",".356","-0.032","-0.091","-0.050","70.7",9.9,15,11.8,35.5,28,"6.7",7,10.6,0.3,48.9,33.2,"89.5","11",40.6,19,11.5,7.3,23,26.7,26.7,4.8,42.4,"100.663239277","94.67706303",64.9,14.5,22.7,47.2,52.8,50,106,49.4,466,74.7,7.9,182,487,225,944,85.5,45,310,50.6,478,43,406,22.8,44.1,32.7,38.8,28.5,165,58.3,40,66,30.3,50,26.1,43,3.6,6,,,,,,,,,,,,,,,,,,,,,,,,,,,,,,,,"1","4.35","28.0"
"Melendez Jr., MJ",669004,2025,26,47,52,4,2,1,0,1,20,3,38.5,5.8,".085",".170",".173","0.343","0.085",".115","1","17","8","0","0","7","75","40","0","32","4","16","0","0","0","2","1","2","27","1","0","6","8","4","5","0","0","0","1","1","0","1","0","0","39","0","0","0","1","0","0","0","0","4","0","0","0","83","0","143","39","226",,"0","0","0","0",".139",".275",".166",".224",".222",".136",".189",".301",".148",".242","-0.054","-0.105","-0.058","72.5",19,9.6,6,30.8,19,"7.6",5,10.3,-1.9,59.5,28.5,"90.1","23.6",29.6,3,11.1,7.4,7.4,44.4,25.9,3.7,44.4,"99.279297857","94.288575185",62.5,33.8,31.1,57.9,42.1,22,38,54,122,75,3.5,42,131,47,226,66.2,22,65,46,104,44.7,101,42.7,45.6,63,29.6,7.4,27,61.5,33.3,9,29.6,8,18.5,5,18.5,5,,,,,,,,,,,"1","0","1","0.0","0","0",,"2","2","100.0","2","2","100.0","3","3","100.0","-0.7","0.5","-0.8","-1.1","31.2",,,"26.9"
"McLain, Matt",680574,2025,25,253,290,51,35,7,0,9,83,30,28.6,10.3,".202",".336",".298","0.634","0.134",".259","27","116","84","0","11","56","397","253","0","181","17","71","5","0","1","5","15","9","171","26","0","43","48","15","14","0","0","0","0","0","0","2","1","1","104","0","0","0","1","0","0","0","0","37","11","0","0","428","2","735","104","1163",,"0","2","0","0",".221",".378",".287",".309",".316",".157",".342",".380",".298",".329","-0.019","-0.042","-0.022","69.5",4.5,12.9,9.5,33.3,24.6,"6.8",10,11.5,-0.3,60.2,31.7,"89","16.3",37.2,14,8.1,7,26.2,29.1,22.1,6.4,41.3,"99.56997869","93.994782335",57.4,18.5,25.6,46.1,52.6,70,152,50,594,70.5,8.8,100,645,362,1188,81.5,63,341,50,594,44.9,533,27,41.5,27.3,42.4,30.2,172,62.1,37.2,64,30.2,52,24.4,42,8.1,14,,,,,,,,,,,,,,,,,,,,,,,,,,,,,,,,"6","4.2","29.2"
"Bride, Jonah",681146,2025,29,110,123,19,17,2,0,0,38,11,30.9,8.9,".173",".191",".252","0.443","0.018",".260","5","49","21","0","0","25","201","148","0","64","3","44","1","0","0","1","8","2","73","9","0","11","27","5","11","0","1","0","6","1","0","8","0","1","41","0","0","0","0","0","0","0","0","7","0","0","0","217","1","330","41","547",,"0","3","0","0",".182",".248",".207",".232",".261",".066",".241",".282",".260",".276","-0.009","-0.057","-0.025","68.3",4.1,8.9,6.8,33.9,25.9,"7.3",7,16.4,-1.8,51,31,"87.2","11.9",28.8,2,2.7,5.5,26,30.1,31.5,4.1,27.4,"96.632691892","92.479953151",44.8,17.1,20.5,43.4,56.6,23,53,47.3,259,52.5,7.3,67,289,124,547,82.9,22,129,52.7,288,42,230,24.7,33.3,31.5,34.2,34.2,73,52.5,47.9,35,17.8,13,19.2,14,15.1,11,,,,,,,,,,,,,,,,,,,,,,,,,,,,,,,,,"4.54","26.8"
"Mesa Jr., Victor",683748,2025,23,7,10,1,1,0,0,0,1,2,10,20,".143",".143",".333","0.476","0.000",".167","1","5","1","0","0","5","14","3","0","3","0","4","0","0","0","0","1","0","7","0","0","4","1","1","0","0","0","0","0","0","0","0","1","0","4","0","0","0","0","0","0","0","0","1","0","0","0","15","1","17","4","32",,"0","0","0","0",".140",".196",".253",".266",".331",".055",".148",".168",".167",".164",".003","-0.053","-0.013","73.3",16.7,11.1,8.3,33.3,25,"8.2",0,11.2,-7.6,66.7,27.2,"89.2","34.3",14.3,0,0,0,14.3,71.4,0,14.3,28.6,"99.019613333","93.509806667",71.4,10,22.2,75,25,3,4,56.3,18,0,3.1,5,12,10,32,90,1,10,43.8,14,37.5,12,28.6,43.8,42.9,28.6,28.6,7,80,28.6,2,57.1,4,14.3,1,0,0,,,,,,,,,,,,,,,,,,,,,,,,,,,,,,,,,,
"Renfroe, Hunter",592669,2025,33,99,108,18,12,6,0,0,21,8,19.4,7.4,".182",".242",".241","0.483","0.060",".228","4","46","24","0","0","22","147","65","0","53","3","35","4","0","0","0","8","1","79","9","0","19","26","2","14","0","0","0","4","1","0","2","0","1","37","0","0","0","0","0","0","0","0","5","0","0","0","154","1","237","37","391",,"0","0","0","0",".199",".329",".220",".261",".258",".130",".231",".286",".228",".252","-0.017","-0.087","-0.041","74.5",43.2,14.5,11.5,30.8,24.3,"7.6",3,9,-6.7,64.2,25.5,"88.5","17",24.1,5,6.3,6.3,19,32.9,34.2,1.3,35.4,"99.1918265","93.701721646",62.4,14,25.9,45.1,54.9,23,51,50.4,197,60.7,7.2,56,208,83,391,86,17,121,49.6,194,41.2,161,23.3,44,50.6,31.6,17.7,79,55.6,43,34,25.3,20,13.9,11,17.7,14,,,,,,,,,,,"-1","0","5","0.0","2","5","40.0","3","4","75.0","2","2","100.0","4","4","100.0","1","-0.3","-0.5","0.2","32.9",,"4.57","27.0"
"Nuñez, Nasim",683083,2025,24,43,49,8,6,2,0,0,10,5,20.4,10.2,".186",".233",".271","0.504","0.047",".242","5","21","10","1","7","14","77","34","0","53","3","23","1","0","0","0","3","0","34","5","0","5","17","2","2","0","0","0","3","4","0","0","1","0","18","1","0","0","0","0","1","0","0","6","5","2","0","81","1","147","18","228",,"1","0","0","0",".231",".298",".236",".277",".311",".067",".238",".298",".242",".301","-0.045","-0.065","-0.041","69.3",7.1,8.8,7.1,25,20.2,"6.9",1,3.4,6.2,37.4,29.3,"86.3","0.2",23.5,1,2.9,0,32.4,14.7,38.2,11.8,32.4,"97.716565625","92.927043438",69.2,9.6,27.5,53.3,46.7,16,30,47.6,109,76.2,9.2,36,129,51,228,88,8,83,52.4,120,40.2,92,21.2,49.6,29.4,41.2,29.4,34,67.3,58.8,20,14.7,5,20.6,7,5.9,2,,,,,,,,,,,,,,,,,,,,,,,,,,,,,,,,"7",,"29.8"
"Farmer, Kyle",571657,2025,34,183,194,41,24,14,0,3,42,9,21.6,4.6,".224",".350",".263","0.613","0.126",".273","17","74","63","0","0","35","193","139","0","116","9","58","6","0","1","1","9","9","139","22","0","22","50","19","8","0","0","0","6","0","0","11","0","1","53","0","0","0","2","0","0","0","0","8","0","0","0","209","1","463","53","672",,"0","1","0","0",".224",".335",".269",".268",".267",".111",".318",".317",".289",".294",".000",".015",".001","65.9",1.1,10.6,8.5,38.5,30.6,"6.8",7,13,-1,49.3,34.1,"85.9","14.6",39.4,7,4.9,9.2,21.1,23.2,30.3,9.9,33.1,"97.456223857","92.833375286",63.6,14.1,30.4,41.1,58.9,39,95,45.2,312,58.7,9.1,72,403,140,691,85.9,34,241,54.8,379,39.7,274,21.7,48.6,37.3,38.7,23.9,142,62.9,42.3,60,21.8,31,29.6,42,6.3,9,,,,,,,,,,,,,,,,,,,,,,,,,,,,,,,,,"4.69","26.1"
"Hinds, Rece",677956,2025,24,26,27,4,1,1,0,2,14,1,51.9,3.7,".154",".423",".185","0.608","0.269",".200","3","11","11","0","0","6","31","15","0","8","0","9","0","0","1","0","1","3","12","0","0","1","6","0","1","0","0","0","2","0","0","0","0","0","31","0","0","0","0","0","0","0","0","3","0","0","0","38","0","68","31","106",,"0","0","0","0",".178",".495",".259",".295",".208",".318",".524",".605",".333",".386","-0.024","-0.072","-0.036","75.1",54.2,26.3,10.4,31.6,12.5,"8",1,14.3,-16.9,29.2,37.4,"90.8","9.6",33.3,3,25,0,8.3,16.7,50,0,50,"105.469211667","96.896293333",66.7,50,37.7,78.3,21.7,18,23,57.5,61,83.3,5.7,10,38,49,106,50,15,30,42.5,45,43.4,46,62.3,50,66.7,33.3,0,12,74.1,58.3,7,33.3,4,0,0,8.3,1,,,,,,,,,,,"0","0","1","0.0","0","0",,"1","2","50.0","3","4","75.0","1","1","100.0","0","0.3","-1.1","-0.7","31.9","2",,"29.2"