"last_name, first_name","player_id","year","player_age","p_game","p_formatted_ip","pa","ab","hit","single","double","triple","home_run","strikeout","walk","k_percent","bb_percent","batting_avg","slg_percent","on_base_percent","on_base_plus_slg","isolated_power","babip","p_earned_run","p_run","p_save","p_blown_save","p_out","p_win","p_loss","p_wild_pitch","p_balk","p_shutout","p_era","p_opp_batting_avg","p_opp_on_base_avg","p_total_stolen_base","p_pickoff_attempt_1b","p_pickoff_attempt_2b","p_pickoff_attempt_3b","p_pickoff_1b","p_pickoff_2b","p_pickoff_3b","p_lob","p_rbi","p_stolen_base_2b","p_stolen_base_3b","p_stolen_base_home","p_quality_start","p_walkoff","p_run_support","p_ab_scoring","p_automatic_ball","p_ball","p_called_strike","p_catcher_interf","p_caught_stealing_2b","p_caught_stealing_3b","p_caught_stealing_home","p_complete_game","p_defensive_indiff","p_foul","p_foul_tip","p_game_finished","p_game_in_relief","p_gnd_into_dp","p_gnd_into_tp","p_gnd_rule_double","p_hit_by_pitch","p_hit_fly","p_hit_ground","p_hit_line_drive","p_hit_into_play","p_hit_scoring","p_hold","p_intent_ball","p_intent_walk","p_missed_bunt","p_out_fly","p_out_ground","p_out_line_drive","p_passed_ball","p_pickoff_error_1b","p_pickoff_error_2b","p_pickoff_error_3b","p_pitchout","p_relief_no_out","p_sac_bunt","p_sac_fly","p_starting_p","p_swinging_strike","p_unearned_run","p_total_ball","p_total_bases","p_total_caught_stealing","p_total_pickoff","p_total_pickoff_attempt","p_total_pickoff_error","p_total_pitches","p_total_sacrifices","p_total_strike","p_total_swinging_strike","p_inh_runner","p_inh_runner_scored","p_beq_runner","p_beq_runner_scored","p_reached_on_error","xba","xslg","woba","xwoba","xobp","xiso","wobacon","xwobacon","bacon","xbacon","xbadiff","xslgdiff","wobadiff","avg_swing_speed","fast_swing_rate","blasts_contact","blasts_swing","squared_up_contact","squared_up_swing","avg_swing_length","swords","attack_angle","attack_direction","ideal_angle_rate","vertical_swing_path","exit_velocity_avg","launch_angle_avg","sweet_spot_percent","barrel","barrel_batted_rate","solidcontact_percent","flareburner_percent","poorlyunder_percent","poorlytopped_percent","poorlyweak_percent","hard_hit_percent","avg_best_speed","avg_hyper_speed","z_swing_percent","z_swing_miss_percent","oz_swing_percent","oz_swing_miss_percent","oz_contact_percent","out_zone_swing_miss","out_zone_swing","out_zone_percent","out_zone","meatball_swing_percent","meatball_percent","pitch_count_offspeed","pitch_count_fastball","pitch_count_breaking","pitch_count","iz_contact_percent","in_zone_swing_miss","in_zone_swing","in_zone_percent","in_zone","edge_percent","edge","whiff_percent","swing_percent","pull_percent","straightaway_percent","opposite_percent","batted_ball","f_strike_percent","groundballs_percent","groundballs","flyballs_percent","flyballs","linedrives_percent","linedrives","popups_percent","popups","pitch_hand","n","arm_angle","n_ff_formatted","ff_avg_speed","ff_avg_spin","ff_avg_break_x","ff_avg_break_z","ff_avg_break_z_induced","ff_avg_break","ff_range_speed","n_sl_formatted","sl_avg_speed","sl_avg_spin","sl_avg_break_x","sl_avg_break_z","sl_avg_break_z_induced","sl_avg_break","sl_range_speed","n_ch_formatted","ch_avg_speed","ch_avg_spin","ch_avg_break_x","ch_avg_break_z","ch_avg_break_z_induced","ch_avg_break","ch_range_speed","n_cu_formatted","cu_avg_speed","cu_avg_spin","cu_avg_break_x","cu_avg_break_z","cu_avg_break_z_induced","cu_avg_break","cu_range_speed","n_si_formatted","si_avg_speed","si_avg_spin","si_avg_break_x","si_avg_break_z","si_avg_break_z_induced","si_avg_break","si_range_speed","n_fc_formatted","fc_avg_speed","fc_avg_spin","fc_avg_break_x","fc_avg_break_z","fc_avg_break_z_induced","fc_avg_break","fc_range_speed","n_fs_formatted","fs_avg_speed","fs_avg_spin","fs_avg_break_x","fs_avg_break_z","fs_avg_break_z_induced","fs_avg_break","fs_range_speed","n_kn_formatted","kn_avg_speed","kn_avg_spin","kn_avg_break_x","kn_avg_break_z","kn_avg_break_z_induced","kn_avg_break","kn_range_speed","n_st_formatted","st_avg_speed","st_avg_spin","st_avg_break_x","st_avg_break_z","st_avg_break_z_induced","st_avg_break","st_range_speed","n_sv_formatted","sv_avg_speed","sv_avg_spin","sv_avg_break_x","sv_avg_break_z","sv_avg_break_z_induced","sv_avg_break","sv_range_speed","n_fo_formatted","fo_avg_speed","fo_avg_spin","fo_avg_break_x","fo_avg_break_z","fo_avg_break_z_induced","fo_avg_break","fo_range_speed","n_sc_formatted","sc_avg_speed","sc_avg_spin","sc_avg_break_x","sc_avg_break_z","sc_avg_break_z_induced","sc_avg_break","sc_range_speed","n_fastball_formatted","fastball_avg_speed","fastball_avg_spin","fastball_avg_break_x","fastball_avg_break_z","fastball_avg_break_z_induced","fastball_avg_break","fastball_range_speed","n_breaking_formatted","breaking_avg_speed","breaking_avg_spin","breaking_avg_break_x","breaking_avg_break_z","breaking_avg_break_z_induced","breaking_avg_break","breaking_range_speed","n_offspeed_formatted","offspeed_avg_speed","offspeed_avg_spin","offspeed_avg_break_x","offspeed_avg_break_z","offspeed_avg_break_z_induced","offspeed_avg_break","offspeed_range_speed"
"Granillo, Andre",701552,2025,25,"4","5.0",18,17,2,2,0,0,0,1,1,5.6,5.6,".118",".118",".167","0.285","0.000",".125","0","0","1","0","15","1","0","1","0","0","0.00",,,"1","1","0","0","0","0","0","6","0","1","0","0","0","0","0","5","0","25","9","0","0","0","0","0","0","13","0","2","4","0","0","0","0","0","0","2","16","0","0","0","0","0","4","6","2","1","0","0","0","0","0","0","0","0","7","0","26","2","0","0","1","0","71","0","45","7","2","0","0","0","0",".236",".342",".137",".276",".281",".107",".111",".266",".125",".252","-0.118","-0.224","-0.139","70.3",12.9,14.8,12.9,37,32.3,"7.3",2,11.4,-0.9,80.6,29.8,"85.4","22",31.3,0,0,18.8,18.8,37.5,12.5,6.3,25,"73.310725","93.526097333",73.5,16,29.7,27.3,72.7,3,11,52.1,37,66.7,4.2,5,18,48,71,84,4,25,47.9,34,35.2,25,19.4,50.7,50,37.5,12.5,16,61.1,37.5,6,25,4,25,4,12.5,2,"R","71",41.1,"25.4","95.2","2246","-4.1","-14.2","16.1","16.7","1.4","67.6","84","2263","1","-34.6","4.1","5.7","1.4","7","88.8","2073","-17.1","-28.1","6.6","18.4","1.4",,,,,,,,,,,,,,,,,,,,,,,,,,,,,,,,,,,,,,,,,,,,,,,,,,,,,,,,,,,,,,,,,,,,,,,,,"25.4","95.2","2246","-4.1","-14.2","16.1","16.7","1.4","67.6","84","2263","1","-34.6","4.1","5.7","1.4","7","88.8","2073","-17.1","-28.1","6.6","18.4","1.4"
"Allard, Kolby",663465,2025,27,"12","27.2",115,108,31,22,8,0,1,12,4,10.4,3.5,".287",".389",".307","0.696","0.102",".309","6","8","0","0","83","2","0","0","0","0","1.95",,,"3","8","0","0","0","0","0","27","11","3","0","0","0","0","0","31","0","116","74","0","2","0","0","0","0","67","7","6","11","2","0","0","0","1","11","19","99","10","2","0","1","0","26","22","5","0","0","0","0","0","0","1","2","1","30","2","126","42","2","0","8","0","406","3","280","30","3","3","0","0","1",".256",".414",".299",".295",".280",".157",".324",".318",".316",".285",".031","-0.025",".004","71.6",23.8,14.9,12.2,38.5,31.5,"7.2",3,9,1,53,31.1,"87.5","19.7",34.3,7,7.1,5.1,24.2,33.3,25.3,5.1,33.3,"77.253991224","93.010238163",68.2,16,25.7,25.6,74.4,11,43,41.1,167,80,9.9,71,267,68,406,82.2,26,163,58.9,239,40.1,163,18,50.7,29.3,43.4,27.3,99,64.9,33.3,33,29.3,29,24.2,24,13.1,13,"L","406",47.2,"29.1","90.4","2039","5.7","-17.1","16.6","17.6","1.1",,,,,,,,,"17.5","81.4","1575","14.3","-34.7","6.7","16","1.2","16.7","72.7","1890","-8.3","-65.6","-13.2","15.8","1.2","10.1","90.7","2008","13.4","-20.2","13","18.8","1.2","26.6","84.8","2051","-4.9","-31.4","6.5","8.5","1.3",,,,,,,,,,,,,,,,,,,,,,,,,,,,,,,,,,,,,,,,,,,,,,,,,"65.8","88.2","2039","2.6","-23.4","12","14.1","3.1","16.7","72.7","1890","-8.3","-65.6","-13.2","15.8","1.2","17.5","81.4","1575","14.3","-34.7","6.7","16","1.2"
"Hurter, Brant",676428,2025,26,"22","38.2",157,139,32,25,4,0,3,37,11,23.6,7,".230",".324",".303","0.627","0.094",".290","10","13","2","0","116","2","2","0","0","0","2.33",,,"2","5","0","0","2","0","0","40","12","2","0","0","0","0","0","39","0","174","113","0","2","0","0","0","0","107","5","4","19","6","0","0","4","5","14","13","105","6","2","0","3","1","17","41","10","0","0","0","0","0","0","2","1","3","56","3","183","45","2","2","5","0","572","3","389","57","13","1","0","0","3",".239",".334",".276",".282",".312",".095",".325",".334",".311",".323","-0.009","-0.010","-0.006","71.2",18,12.4,9.9,36.2,28.8,"7.3",7,10.1,-1.8,53.6,32.3,"88.5","10.2",29.5,3,2.9,5.7,27.6,23.8,32.4,7.6,37.1,"78.1374024","93.6808491",60.5,15.1,34.2,38.5,61.5,35,91,46.5,266,71.4,8.6,71,331,0,572,84.3,28,185,53.5,306,39.9,228,22.8,48.3,40,36.2,23.8,105,70.1,52.4,55,21.9,23,21.9,23,3.8,4,"L","572",29.1,"5.9","92","2105","4.1","-21.8","10.4","11.4","1.3",,,,,,,,,"12.4","85.6","1586","15.1","-36.7","0.8","15.3","1.4",,,,,,,,,"51.9","92.3","2140","16.6","-28.5","3.8","17.1","1",,,,,,,,,,,,,,,,,,,,,,,,,"29.7","82.4","2685","-10.5","-38.8","1.7","10.9","1.1",,,,,,,,,,,,,,,,,,,,,,,,,"57.9","92.2","2136","15.3","-27.8","4.5","16.5","1","29.7","82.4","2685","-10.5","-38.8","1.7","10.9","1.1","12.4","85.6","1586","15.1","-36.7","0.8","15.3","1.4"
"Slaten, Justin",686580,2025,27,"24","23.1",90,82,14,11,2,0,1,16,7,17.8,7.8,".171",".232",".233","0.465","0.061",".197","9","12","3","2","70","1","4","0","0","0","3.47",,,"2","0","0","0","0","0","0","17","10","2","0","0","0","2","0","16","0","105","46","0","0","0","0","0","0","63","5","7","24","2","0","0","0","3","4","7","67","6","4","0","2","1","15","23","8","0","0","0","0","0","0","0","1","0","39","3","111","19","0","0","0","0","333","1","222","40","10","1","0","0","0",".214",".342",".203",".261",".273",".128",".215",".291",".209",".262","-0.043","-0.110","-0.058","71.2",18.5,10.2,7.6,37.3,28,"7.3",2,9.2,-1.2,56.1,32.5,"89.5","11.8",31.3,4,6,6,17.9,31.3,37.3,1.5,34.3,"80.580651176","93.388267761",70.9,18.9,31.8,44.9,55.1,22,49,46.2,154,80.8,7.8,0,234,72,333,81.1,24,127,53.8,179,44.4,148,26.1,52.9,40.3,35.8,23.9,67,56.2,40.3,27,28.4,19,22.4,15,9,6,"R","333",51,"35.4","97","2452","-2.9","-10.5","18.7","19.1","1",,,,,,,,,,,,,,,,,"21.6","84.8","2764","5.5","-54.8","-16.3","17.4","1.4",,,,,,,,,"34.8","92.8","2604","4.6","-24","7.7","9.3","1.3",,,,,,,,,,,,,,,,,"8.1","85.2","2662","15","-38.4","-0.4","15.2","1.3",,,,,,,,,,,,,,,,,,,,,,,,,"70.3","95","2527","0.8","-17.2","13.3","14.3","2.5","29.7","84.9","2736","8.1","-50.3","-12","16.8","1.3",,,,,,,,
"Kopech, Michael",656629,2025,29,"5","4.0",22,18,3,3,0,0,0,6,4,27.3,18.2,".167",".167",".318","0.485","0.000",".250","0","0","0","0","12","0","0","1","1","0","0.00",,,"0","0","0","0","0","0","0","4","0","0","0","0","0","0","0","2","0","23","12","0","0","0","0","0","0","11","0","1","5","0","0","0","0","0","0","2","10","0","3","0","0","0","0","4","2","0","0","0","0","0","0","0","0","0","10","0","27","2","0","0","0","0","70","0","43","10","2","1","0","0","0",".211",".253",".247",".290",".355",".042",".222",".300",".250",".317","-0.044","-0.086","-0.043","71.3",25,15.8,10.7,31.6,21.4,"6.7",0,3.1,4.3,42.9,30.9,"88.9","19.9",41.7,0,0,0,33.3,33.3,33.3,0,33.3,"81.481568333","92.209094167",55.3,34.6,25,33.3,66.7,3,9,43.4,36,75,9.6,0,81,2,83,65.4,9,26,56.6,47,44.6,37,34.3,42.2,25,33.3,41.7,12,68.2,33.3,4,8.3,1,41.7,5,16.7,2,"R","83",46.4,"86.7","97.7","2603","-8.3","-10.6","18.2","20.1","1.4","2.4","87.7","2470","5.1","-33.7","1.8","5.6","1.5",,,,,,,,,,,,,,,,,,,,,,,,,"10.8","91.8","2598","5.8","-25.8","6.5","8.9","1.5",,,,,,,,,,,,,,,,,,,,,,,,,,,,,,,,,,,,,,,,,,,,,,,,,"97.6","97","2603","-6.7","-12.3","16.9","18.9","2.2","2.4","87.7","2470","5.1","-33.7","1.8","5.6","1.5",,,,,,,,
"Clevinger, Mike",605182,2025,34,"8","5.2",31,22,5,4,1,0,0,3,8,9.7,25.8,".227",".273",".419","0.692","0.046",".250","5","5","0","0","17","0","2","1","0","0","7.94",,,"0","1","0","0","0","0","0","5","5","0","0","0","0","1","0","4","0","49","10","0","0","0","0","0","0","18","3","3","8","0","0","0","0","0","3","2","20","2","2","0","0","0","6","7","0","0","0","0","0","0","0","0","1","0","9","0","54","6","0","0","1","0","114","1","60","9","2","0","0","0","0",".196",".249",".334",".341",".418",".053",".241",".252",".250",".247",".031",".024","-0.007","71.8",17.1,6.9,4.9,37.9,26.8,"7.4",0,11.3,-5.7,58.5,34.9,"91","8.1",25,2,10,0,15,35,40,0,45,"80.896157","94.9773115",75.5,18.9,20,38.5,61.5,5,13,57,65,87.5,7,17,74,1,114,81.1,7,37,43,49,44.7,51,24,43.9,45,30,25,20,48.4,50,10,30,6,15,3,5,1,"R","114",41,"40.4","93.2","2296","-6.5","-14.5","17.1","18.4","1.7",,,,,,,,,"14.9","87.5","1558","-13.5","-26.6","9.2","16.4","1.5","0.9","79","2232","8.6","-53.5","-9.6","13",,"2.6","90.4","1970","-15.3","-21.7","12.2","19.7","1.6","21.9","89.4","2470","3.7","-27.5","6.6","7.9","1.5",,,,,,,,,,,,,,,,,"19.3","78.8","2320","18.1","-48.8","-4.4","18.7","1.4",,,,,,,,,,,,,,,,,,,,,,,,,"64.9","91.8","2341","-3.4","-19.2","13.4","14.9","2.3","20.2","78.8","2316","17.6","-49","-4.6","18.5","1.4","14.9","87.5","1558","-13.5","-26.6","9.2","16.4","1.5"
"Lovelady, Richard",663992,2025,29,"2","1.2",12,6,2,0,2,0,0,3,2,25,16.7,".333",".667",".583","1.250","0.334",".500","4","4","0","0","5","0","1","0","0","0","21.60",,,"0","0","0","0","0","0","0","1","4","0","0","0","0","0","0","3","0","15","7","0","0","0","0","0","0","11","1","0","2","0","0","0","3","0","1","1","4","1","0","0","0","0","1","0","0","0","0","0","0","0","0","0","1","0","4","0","19","4","0","0","0","0","46","1","27","4","0","0","0","0","0",".177",".359",".508",".410",".505",".182",".633",".340",".500",".266",".156",".308",".098","71.3",18.8,9.1,6.3,27.3,18.8,"7.5",0,12.7,-1.5,68.8,29.8,"85.3","30.2",50,1,25,0,0,50,25,0,25,"72.74019","92.9795475",60.9,7.1,26.1,66.7,33.3,4,6,50,23,100,2.2,0,28,10,46,92.9,1,14,50,23,54.3,25,25,43.5,25,0,75,4,58.3,25,1,50,2,25,1,0,0,"L","46",19.9,"17.4","91.7","2364","6.8","-19.5","13","14.8","1.4","21.7","86.5","2262","-3.4","-30.1","6.8","8.1","1.5",,,,,,,,,,,,,,,,,"43.5","91.5","2213","15.5","-28","5.1","16.4","1.5",,,,,,,,,,,,,,,,,,,,,,,,,"17.4","83.8","2242","-13.9","-36.5","3","14.5","1.4",,,,,,,,,,,,,,,,,,,,,,,,,"60.9","91.5","2256","13","-25.6","7.3","16","1.4","39.1","85.3","2253","-8","-32.9","5.1","10.9","1.7",,,,,,,,
"Sheehan, Emmet",686218,2025,25,"1","4.0",15,15,3,2,1,0,0,6,0,40,0,".200",".267",".200","0.467","0.067",".333","1","1","0","0","12","0","0","0","0","0","2.25",,,"0","0","0","0","0","0","0","2","1","0","0","0","0","0","0","3","0","21","6","0","0","0","0","0","0","17","0","0","0","0","0","0","0","0","1","2","9","1","0","0","0","0","2","2","1","0","0","0","0","0","0","0","0","1","9","0","22","4","0","0","0","0","65","0","43","10","0","0","0","0","0",".198",".286",".203",".207",".198",".087",".338",".344",".333",".331",".002","-0.019","-0.004","70",23.3,12.5,10,20.8,16.7,"7.4",3,11,-9.3,53.3,30.3,"91.1","23.6",44.4,1,11.1,11.1,22.2,33.3,22.2,0,44.4,"81.376358","94.799796667",83.3,12,34.3,58.3,41.7,7,12,53.8,35,100,6.2,14,28,23,65,84,3,25,46.2,30,36.9,24,27,56.9,33.3,33.3,33.3,9,53.3,33.3,3,22.2,2,33.3,3,11.1,1,"R","65",34.2,"43.1","95.2","2418","-10.2","-12.6","17.7","20.5","1.4","29.2","87.6","2220","3.8","-29.9","5.5","6.9","1.3","21.5","85.4","1160","-12.8","-38.1","-0.6","13","1.5","6.2","77.7","2541","10.3","-58.4","-12.7","16.4","1.4",,,,,,,,,,,,,,,,,,,,,,,,,,,,,,,,,,,,,,,,,,,,,,,,,,,,,,,,,,,,,,,,,"43.1","95.2","2418","-10.2","-12.6","17.7","20.5","1.4","35.4","85.9","2276","4.9","-34.8","2.4","8.6","2.6","21.5","85.4","1160","-12.8","-38.1","-0.6","13","1.5"
"Kent, Zak",687849,2025,27,"3","5.0",23,20,7,6,1,0,0,6,3,26.1,13,".350",".400",".435","0.835","0.050",".500","3","3","0","0","15","0","0","2","0","0","5.40",,,"1","0","0","0","0","0","0","6","3","1","0","0","0","0","0","7","0","45","20","0","0","1","0","0","0","14","2","3","3","1","0","0","0","1","1","5","14","3","0","0","0","0","1","3","1","0","0","0","0","0","0","0","0","0","10","0","47","8","1","0","0","0","107","0","60","10","0","0","0","0","0",".226",".295",".377",".286",".327",".069",".471",".322",".500",".323",".124",".105",".091","74.5",44.1,16,11.8,24,17.6,"7.8",2,13.4,-4.6,52.9,33,"88.2","15.5",50,0,0,7.1,28.6,42.9,21.4,0,28.6,"79.916781429","92.256033571",60.4,27.6,18.6,36.4,63.6,4,11,55.1,59,66.7,5.6,0,33,74,107,72.4,8,29,44.9,48,41.1,44,30,37.4,35.7,35.7,28.6,14,52.2,28.6,4,14.3,2,42.9,6,14.3,2,"R","107",51.5,"22.4","93.3","2698","1","-20.9","10.4","10.6","1.5","43","85.7","2852","6.5","-42.3","-5.1","8.5","1.3",,,,,,,,,"26.2","81.8","2863","7.8","-56.5","-15.3","17.4","1.4","8.4","93.1","2598","-7.1","-19.8","11.7","13.9","1.5",,,,,,,,,,,,,,,,,,,,,,,,,,,,,,,,,,,,,,,,,,,,,,,,,,,,,,,,,"30.8","93.2","2671","-1.2","-20.6","10.7","11.5","1.5","69.2","84.2","2856","7","-47.7","-9","11.9","2.1",,,,,,,,
"Spence, Mitch",687765,2025,27,"25","54.0",228,206,51,33,12,0,6,47,16,20.6,7,".248",".393",".311","0.704","0.145",".290","21","28","1","0","162","2","1","1","0","0","3.50",,,"4","6","0","0","0","0","0","44","27","4","0","0","0","0","0","41","0","270","123","0","2","0","0","0","0","148","3","3","22","6","0","0","4","7","21","23","161","12","4","0","1","0","32","51","17","1","0","0","0","1","0","0","2","3","113","7","303","81","2","0","6","0","861","2","558","121","10","4","0","0","3",".279",".475",".309",".352",".343",".196",".354",".414",".317",".362","-0.031","-0.082","-0.043","71.6",23.8,14.1,10.3,33.7,24.7,"7.5",16,12.2,-5.7,52.6,32.8,"91.2","13.3",37.3,16,9.9,7.5,25.5,21.7,32.9,1.9,42.2,"81.595029747","94.726795443",71.1,16.2,31.9,53.5,45.8,77,144,52.5,452,82.8,6.7,4,476,380,861,83.5,47,291,47.5,409,42.6,367,28.5,50.5,42.9,37.3,19.9,161,63.2,44.7,72,24.8,40,25.5,41,5,8,"R","860",44.3,,,,,,,,,"28.3","84.6","2756","13.6","-36.9","1.8","14.3","1.2","0.5","89.2","1497","-5.8","-31.5","3.1","8.8","1.5","15.9","82","2796","10.3","-51.6","-10.4","14.7","1.4","7.3","93.1","2380","-7.1","-27.5","4.1","8.8","1.5","48","91.4","2666","3.9","-27.8","4.8","6.6","1.6",,,,,,,,,,,,,,,,,,,,,,,,,,,,,,,,,,,,,,,,,,,,,,,,,"55.3","91.6","2629","2.5","-27.8","4.7","6.9","1.7","44.2","83.6","2770","12.4","-42.2","-2.6","14.4","1.9","0.5","89.2","1497","-5.8","-31.5","3.1","8.8","1.5"
"Gausman, Kevin",592332,2025,34,"15","86.0",348,318,73,44,16,1,12,84,24,24.1,6.9,".230",".399",".285","0.684","0.169",".271","44","45","0","0","258","5","6","0","1","0","4.60",,,"7","7","2","0","0","0","0","44","42","6","1","0","7","0","0","54","0","440","215","0","0","0","0","0","0","290","16","0","0","6","0","1","2","15","19","39","238","15","0","0","1","0","58","67","24","0","0","0","0","0","0","1","3","15","167","1","469","127","0","0","9","0","1400","4","931","171","0","0","0","0","0",".248",".440",".298",".320",".303",".192",".362",".394",".308",".334","-0.018","-0.041","-0.022","72.4",28.7,13.1,9.8,28.1,20.9,"7.4",12,10.1,-3.3,46.4,33.2,"89.3","16.7",35.3,23,9.7,9.7,21.4,29.4,24.8,5,39.5,"77.952044068","94.484678809",71.3,18.2,30.4,45.2,54.3,95,210,49.3,690,79.1,6.5,525,758,117,1400,81.8,92,506,50.7,710,44.5,623,26.1,51.1,34.9,35.3,29.8,238,68.7,36.1,86,31.9,76,26.5,63,5.5,13,"R","1400",36.7,"54.1","94.4","2270","-11.3","-13.7","17.4","20.8","1.8","8.4","82.9","2402","2.1","-39.4","0.6","4.3","2.2",,,,,,,,,,,,,,,,,"0.1","93.8","2269","-18.4","-14.7","16.6","24.7",,,,,,,,,,"37.5","85.4","1790","-16.5","-33.6","4.3","17.4","2.3",,,,,,,,,,,,,,,,,,,,,,,,,,,,,,,,,,,,,,,,,"54.1","94.4","2270","-11.3","-13.7","17.4","20.8","1.8","8.4","82.9","2402","2.1","-39.4","0.6","4.3","2.2","37.5","85.4","1790","-16.5","-33.6","4.3","17.4","2.3"
"Stratton, Chris",608717,2025,34,"15","21.0",104,92,32,21,5,2,4,22,10,21.2,9.6,".348",".576",".404","0.980","0.228",".412","18","20","0","0","63","0","0","0","0","0","7.71",,,"1","8","0","0","0","0","0","18","19","1","0","0","0","0","0","29","0","142","65","0","0","0","0","0","0","64","2","9","15","1","0","0","0","9","12","11","72","11","0","0","0","0","8","23","3","0","0","0","0","0","0","0","2","0","43","2","159","53","0","0","8","0","411","2","252","49","0","0","0","0","1",".266",".477",".418",".353",".339",".212",".507",".413",".444",".351",".082",".099",".065","72",23.4,17.5,12.6,35.8,25.7,"7.4",4,9.4,-0.3,46.7,33,"87.3","9.4",36.1,7,9.7,5.6,25,19.4,37.5,2.8,36.1,"75.308702222","93.622361667",66.7,16.4,25.2,54.7,45.3,29,53,51.1,210,83.8,9,75,177,154,411,83.6,22,134,48.9,201,40.9,168,27.3,45.5,36.1,40.3,23.6,72,54.8,48.6,35,23.6,17,22.2,16,5.6,4,"R","411",36.6,"40.4","91.2","2427","-5.3","-16.8","16","17","1.4","16.5","85.8","2774","5.6","-37.6","-0.7","6.1","1.4","18.2","84.7","2147","-15.5","-34","4","16.1","1.6","20.9","80.4","3056","13.2","-50.3","-7.8","15.7","2.1","2.7","91.4","2320","-14","-24.9","7.7","16.1","1.5",,,,,,,,,,,,,,,,,,,,,,,,,"1.2","83.9","2900","14.3","-39.9","-0.8","14.5","1.4",,,,,,,,,,,,,,,,,,,,,,,,,"43.1","91.2","2420","-5.8","-17.3","15.5","16.9","1.4","38.7","82.8","2931","10","-44.6","-4.5","11.5","3.2","18.2","84.7","2147","-15.5","-34","4","16.1","1.6"
"Houser, Adrian",605288,2025,32,"5","29.1",117,105,25,17,5,1,2,22,10,18.8,8.5,".238",".362",".299","0.661","0.124",".277","7","7","0","0","88","2","2","1","0","0","2.15",,,"0","10","0","0","2","0","0","23","7","0","0","0","4","0","0","21","0","173","70","0","1","0","0","0","0","88","2","0","0","4","0","0","0","3","7","15","85","3","0","0","0","0","13","31","6","0","0","0","0","0","0","0","2","5","38","0","183","38","1","2","10","0","468","2","285","40","0","0","0","0","1",".253",".355",".292",".294",".313",".102",".320",".324",".294",".313","-0.015",".007","-0.002","72.1",23.5,12.3,10,32.7,26.5,"7.3",2,8.8,-1.4,51,33.4,"89.5","10.8",32.9,3,3.5,4.7,24.7,23.5,38.8,4.7,44.7,"79.615264884","94.052455529",67.6,10.5,25.9,41.3,58.7,26,63,51.9,243,70.7,8.8,69,285,114,468,89.5,16,152,48.1,225,42.1,197,19.5,45.9,44.7,36.5,18.8,85,59,44.7,38,21.2,18,24.7,21,9.4,8,"R","468",37.8,"21.8","95.1","2269","-11.5","-15.5","15.1","19.1","1","6.6","86.2","2307","2.9","-34","2.8","4.4","1.3","14.7","85.8","1581","-17.4","-33.7","3.7","18.1","1.1","17.7","81.7","1969","6.6","-54.9","-13.3","15.1","1.2","39.1","93.9","2163","-18","-24.5","6.7","19.3","1",,,,,,,,,,,,,,,,,,,,,,,,,,,,,,,,,,,,,,,,,,,,,,,,,,,,,,,,,"60.9","94.3","2201","-15.7","-21.2","9.7","19.2","1.1","24.4","82.9","2061","5.6","-49.2","-8.9","12.2","2.3","14.7","85.8","1581","-17.4","-33.7","3.7","18.1","1.1"
"Burke, Brock",656271,2025,28,"34","29.1",132,110,31,21,4,2,4,24,15,18.2,11.4,".282",".464",".369","0.833","0.182",".318","14","14","0","2","88","4","1","0","0","0","4.30",,,"2","7","0","0","1","0","0","35","21","1","1","0","0","1","0","41","0","188","61","0","1","0","0","0","0","105","4","8","34","3","0","0","2","7","15","9","91","8","9","0","4","1","17","31","4","0","0","0","0","0","0","2","3","0","52","0","196","51","1","1","7","0","510","5","314","52","24","11","0","0","1",".247",".439",".352",".334",".345",".192",".396",".371",".348",".313",".035",".025",".018","71.9",24.1,14.3,11.2,32,25,"7.3",1,10.4,-1.1,53.1,31.3,"89.3","11.7",29.7,9,9.9,8.8,15.4,24.2,29.7,11,44,"76.952085116","95.391770235",74.1,17,22.1,43.4,56.6,23,53,47.1,240,90,11.8,89,274,147,510,83,34,200,52.9,270,40.2,205,22.5,49.6,41.8,31.9,26.4,91,58.9,50.5,46,28.6,26,15.4,14,5.5,5,"L","510",39.4,"44.7","95.6","2261","8.9","-14.3","15.9","18.3","1.8","28.8","87.6","2193","1.1","-30.7","5","5.4","1.9","17.5","88.4","2104","15.1","-31.3","3.9","15.7","1.5",,,,,,,,,"9","93.3","2071","15.3","-20.9","10.6","18.7","1.5",,,,,,,,,,,,,,,,,,,,,,,,,,,,,,,,,,,,,,,,,,,,,,,,,,,,,,,,,"53.7","95.2","2229","10","-15.4","15","18.4","1.9","28.8","87.6","2193","1.1","-30.7","5","5.4","1.9","17.5","88.4","2104","15.1","-31.3","3.9","15.7","1.5"
"Senzatela, Antonio",622608,2025,30,"15","71.0",345,313,113,81,18,2,12,35,27,10.1,7.8,".361",".546",".410","0.956","0.185",".375","53","60","0","0","213","2","10","7","0","0","6.72",,,"3","25","2","0","0","0","0","70","51","3","0","0","1","0","0","86","0","465","204","0","0","0","0","0","0","211","9","0","1","10","0","1","1","27","39","46","282","24","0","0","0","0","38","96","21","0","0","0","0","0","0","1","3","14","84","7","505","171","0","0","27","0","1300","4","795","87","0","0","0","0","4",".336",".574",".414",".411",".390",".238",".437",".435",".402",".378",".025","-0.028",".003","71.5",23,21.2,18,41.9,35.7,"7.2",11,7,3.3,45.5,32.1,"90.8","9.1",33,28,9.9,6.7,25.5,18.8,32.3,5,47.2,"79.037271232","95.794154275",68.6,9.5,22.9,35.8,64.2,54,151,50.7,659,83.7,6.6,122,735,443,1300,90,42,440,49.3,641,44.9,584,16.2,45.5,32.3,39.7,28,282,59.4,47.9,135,24.5,69,24.1,68,3.5,10,"R","1300",43.2,"52.3","94.7","2214","-4.1","-19","11.4","12.3","1.6","22.3","86.8","2286","4.8","-32.8","3.2","6.2","1.8","9.4","87.2","2202","-8.8","-28.6","7.2","11.7","1.5","11.8","79.6","2463","6.3","-49.6","-6.7","9.4","1.7","4.2","94.2","2194","-9.6","-18.1","12.7","16","1.9",,,,,,,,,,,,,,,,,,,,,,,,,,,,,,,,,,,,,,,,,,,,,,,,,,,,,,,,,"56.5","94.6","2213","-4.5","-18.9","11.5","12.6","1.6","34.1","84.3","2347","5.3","-38.6","-0.2","7.3","4.1","9.4","87.2","2202","-8.8","-28.6","7.2","11.7","1.5"
"Rolison, Ryan",669020,2025,27,"13","16.0",77,64,20,16,1,1,2,10,10,13,13,".313",".453",".395","0.848","0.140",".333","11","12","0","0","48","0","0","1","0","0","6.19",,,"1","7","0","0","0","0","0","18","9","1","0","0","0","0","0","18","0","83","43","0","0","0","0","0","0","32","2","4","12","4","0","0","0","3","8","6","51","7","0","0","0","0","9","18","4","0","0","0","0","0","0","1","2","1","16","1","100","23","0","0","7","0","246","3","146","18","8","2","0","0","0",".255",".367",".371",".317",".346",".113",".379",".306",".357",".291",".058",".086",".054","72.4",27.6,16,13.3,40.7,33.7,"7.2",2,9.4,-0.5,57.1,32.2,"87.9","8.8",26.3,2,3.5,3.5,22.8,24.6,35.1,8.8,38.6,"76.219398929","94.030552182",64.1,18.3,18.2,27.3,72.7,6,22,45.5,121,69.2,9.8,11,113,142,266,81.7,17,93,54.5,145,42.5,113,20,43.2,31.6,43.9,24.6,57,66.2,52.6,30,26.3,15,19.3,11,1.8,1,"L","266",45.6,"42.5","92.7","2302","0.9","-19.1","12.5","12.7","1.2","13.9","85.5","2500","-4.1","-38.7","-1.7","4.9","1.3","4.1","86.8","1692","5.8","-31.8","4.3","7.6","1.4","39.5","79.4","2639","-8.1","-54.7","-11.4","14.2","1.2",,,,,,,,,,,,,,,,,,,,,,,,,,,,,,,,,,,,,,,,,,,,,,,,,,,,,,,,,,,,,,,,,"42.5","92.7","2302","0.9","-19.1","12.5","12.7","1.2","53.4","81","2603","-7.1","-50.6","-8.9","11.8","2.9","4.1","86.8","1692","5.8","-31.8","4.3","7.6","1.4"
"Hicks, Jordan",663855,2025,28,"13","48.2",217,191,55,40,9,3,3,43,20,19.8,9.2,".288",".414",".366","0.780","0.126",".356","35","36","0","0","146","1","5","4","0","0","6.47",,,"2","17","0","0","1","0","0","37","22","2","0","0","2","0","0","42","0","283","153","0","1","0","0","0","0","122","9","2","4","7","0","1","4","9","24","22","150","17","1","0","0","0","15","64","9","0","0","0","0","0","0","1","1","9","73","1","309","79","1","1","17","0","825","2","516","80","0","0","0","0","3",".265",".369",".346",".320",".346",".104",".389",".351",".369",".340",".023",".045",".026","71.3",21.4,15,11.6,36.2,28,"7.3",8,9.9,-3,42.8,32.9,"89.5","4.3",30,7,4.7,3.3,29.3,16,42,4.7,44.7,"77.961522267","94.812992483",62.8,15,23.1,53.3,46.7,48,90,47.3,390,75,7.3,49,512,0,825,84.2,41,273,52.7,435,43.2,356,24.5,44,36,37.3,26.7,150,58.5,58.7,88,16.7,25,20.7,31,4,6,"R","825",33.5,"8.6","97.2","2131","-9.8","-15.7","13.3","16.6","1.7",,,,,,,,,,,,,,,,,,,,,,,,,"53.5","97.3","1942","-16.3","-22.1","7","17.9","2.1",,,,,,,,,"5.9","89","888","-9.5","-33.9","0.8","10.7","1.8",,,,,,,,,"32","82.4","2305","10.3","-38.5","2","10.8","2.1",,,,,,,,,,,,,,,,,,,,,,,,,"62.1","97.3","1968","-15.4","-21.2","7.9","17.7","2.1","32","82.4","2305","10.3","-38.5","2","10.8","2.1","5.9","89","888","-9.5","-33.9","0.8","10.7","1.8"
"Yoho, Craig",684974,2025,25,"5","5.2",28,20,7,5,1,0,1,4,6,14.3,21.4,".350",".550",".500","1.050","0.200",".375","6","6","0","0","17","0","0","0","0","0","9.53",,,"0","2","0","0","0","0","0","6","8","0","0","0","0","0","0","5","0","58","18","0","0","1","0","0","0","24","0","1","5","1","0","0","1","1","3","3","17","2","0","0","0","1","2","6","1","0","0","0","0","0","0","0","1","0","10","0","59","11","1","0","2","0","129","1","70","10","2","2","0","0","0",".257",".366",".452",".366",".434",".109",".458",".316",".412",".303",".093",".184",".086","72",25,11.1,9.1,30.6,25,"7.6",0,14,-10.6,47.7,33.1,"89.7","4.2",23.5,1,5.9,0,17.6,29.4,41.2,5.9,35.3,"79.176431111","95.032725882",66.1,18.9,20.5,26.7,73.3,4,15,56.6,73,85.7,5.4,59,54,0,129,81.1,7,37,43.4,56,46.5,60,21.2,40.3,41.2,41.2,17.6,17,42.9,52.9,9,23.5,4,23.5,4,0,0,"R","129",18.1,"37.2","92.5","2315","-17.5","-22.5","9.8","20.2","1.4",,,,,,,,,"45.7","76.8","2265","-18.1","-49.6","-2.8","18.4","1.4",,,,,,,,,,,,,,,,,"4.7","88.8","2461","-2.5","-23.4","11.1","11.5","1.4",,,,,,,,,,,,,,,,,"12.4","75.9","2856","19.6","-58.3","-9.7","21.9","1.4",,,,,,,,,,,,,,,,,,,,,,,,,"41.9","92","2331","-15.9","-22.6","10","19.2","1.7","12.4","75.9","2856","19.6","-58.3","-9.7","21.9","1.4","45.7","76.8","2265","-18.1","-49.6","-2.8","18.4","1.4"
"Gonsolin, Tony",664062,2025,31,"7","36.0",157,135,33,21,3,0,9,38,18,24.2,11.5,".244",".467",".346","0.813","0.223",".273","20","21","0","0","108","3","2","1","0","0","5.00",,,"2","15","1","0","0","0","0","34","21","2","0","0","1","0","0","24","0","216","107","0","1","0","0","0","0","86","7","0","0","4","0","0","3","8","10","15","98","6","0","0","0","0","22","30","5","0","0","0","0","0","0","1","0","7","67","1","235","63","1","0","16","0","609","1","374","74","0","0","0","0","0",".250",".498",".358",".367",".351",".248",".424",".438",".340",".348","-0.006","-0.031","-0.009","72.4",26.7,15.8,11.2,40,28.4,"7.5",9,12.8,-5.1,62.9,31.3,"91.2","16.3",37.8,11,11.2,8.2,23.5,27.6,25.5,4.1,44.9,"81.195201042","95.140222083",63.1,21.8,24.4,52.7,47.3,39,74,49.8,303,75,7.9,163,245,201,609,77.2,42,193,50.2,306,40.2,245,30.3,43.8,35.7,39.8,24.5,98,65,40.8,40,31.6,31,20.4,20,7.1,7,"R","609",40.3,"40.2","93.5","2236","-10.1","-14.9","16.6","19.6","1.4","16.1","88.1","2508","2.1","-29.4","5.7","6.7","1.3",,,,,,,,,"16.9","81.7","2749","7.2","-53.5","-12.4","14.5","1.6",,,,,,,,,,,,,,,,,"26.8","84.2","1511","-13.1","-39.8","-1.2","13.5","1.2",,,,,,,,,,,,,,,,,,,,,,,,,,,,,,,,,,,,,,,,,"40.2","93.5","2236","-10.1","-14.9","16.6","19.6","1.4","33","84.8","2631","4.7","-41.8","-3.6","10.7","3.6","26.8","84.2","1511","-13.1","-39.8","-1.2","13.5","1.2"
"Blewett, Scott",656240,2025,29,"19","33.1",147,133,32,22,3,1,6,29,11,19.7,7.5,".241",".414",".303","0.717","0.173",".265","14","16","0","0","100","2","0","1","0","0","3.78",,,"2","6","0","0","0","0","0","39","13","2","0","0","0","0","0","39","0","181","73","0","2","0","0","0","1","67","5","9","17","2","0","0","1","8","16","8","102","9","0","0","0","0","20","37","11","1","0","0","0","0","0","2","0","2","59","2","193","55","2","0","6","0","508","2","315","66","8","0","0","0","1",".245",".458",".316",".330",".308",".212",".360",".379",".308",".314","-0.004","-0.044","-0.014","72.2",28.2,23.8,17.3,41.9,30.5,"7.6",9,12.7,-5.3,58.2,32.1,"91.9","8.8",25.5,12,11.3,3.8,23.6,20.8,35.8,4.7,50,"82.210935192","95.680779515",69.4,16.9,27.6,58.7,41.3,44,75,51.6,272,76.2,8,101,193,233,527,81.9,30,177,48.4,255,44.8,236,29.4,47.8,34,40.6,25.5,106,64.6,51.9,55,27.4,29,17.9,19,2.8,3,"R","527",45.2,"36.6","93.5","2260","-5.2","-16.5","14.8","15.8","1.2","44.2","84","2156","2.4","-39.6","-0.8","3.4","1.2",,,,,,,,,,,,,,,,,,,,,,,,,,,,,,,,,"19.2","84.9","1029","-6.5","-35.3","2.6","7.5","1.2",,,,,,,,,,,,,,,,,,,,,,,,,,,,,,,,,,,,,,,,,"36.6","93.5","2260","-5.2","-16.5","14.8","15.8","1.2","44.2","84","2156","2.4","-39.6","-0.8","3.4","1.2","19.2","84.9","1029","-6.5","-35.3","2.6","7.5","1.2"
"Eder, Jake",671109,2025,26,"5","5.1",21,17,2,1,0,0,1,4,4,19,19,".118",".294",".286","0.580","0.176",".083","2","2","0","0","16","0","0","2","0","0","3.38",,,"0","2","0","0","0","0","0","4","3","0","0","0","0","0","0","2","0","38","12","0","0","0","0","0","0","9","2","5","5","1","0","0","0","1","0","1","13","1","0","0","1","0","4","3","0","0","0","0","0","0","0","0","0","0","8","0","41","5","0","0","2","0","87","0","46","10","3","2","0","0","0",".137",".323",".252",".267",".301",".187",".228",".251",".154",".179","-0.019","-0.029","-0.015","72.7",40.6,18.2,12.5,45.5,31.3,"7.3",2,11.5,2.2,59.4,32.6,"93.8","35.7",15.4,1,7.7,15.4,7.7,53.8,15.4,0,53.8,"86.683554286","96.194941538",68.3,28.6,13,66.7,33.3,4,6,52.9,46,100,6.9,23,47,5,87,71.4,8,28,47.1,41,35.6,31,35.3,39.1,15.4,38.5,46.2,13,38.1,23.1,3,38.5,5,7.7,1,30.8,4,"L","87",36.5,"54","93.2","2041","9.5","-16.4","15.2","18","1.2","5.7","84.9","2359","-4.6","-35","3.1","6","1.5","26.4","83.7","1734","15.8","-35.3","3.8","16.5","1.4",,,,,,,,,,,,,,,,,,,,,,,,,,,,,,,,,,,,,,,,,"13.8","82.4","2499","-12","-41.9","-1.4","12.2","1.5",,,,,,,,,,,,,,,,,,,,,,,,,"54","93.2","2041","9.5","-16.4","15.2","18","1.2","19.5","83.2","2458","-9.8","-39.9","-0.1","10.4","1.6","26.4","83.7","1734","15.8","-35.3","3.8","16.5","1.4"
"Gage, Matt",657424,2025,32,"3","2.2",19,17,5,4,1,0,0,3,2,15.8,10.5,".294",".353",".368","0.721","0.059",".357","0","0","0","0","8","0","0","0","0","0","0.00",,,"0","0","0","0","0","0","0","5","0","0","0","0","0","0","0","4","0","11","4","0","0","0","0","0","0","10","1","1","3","1","0","0","0","1","0","2","8","0","0","0","0","0","1","3","1","0","0","0","0","0","0","0","0","0","0","0","13","4","0","0","0","0","38","0","25","2","1","0","0","0","0",".251",".350",".327",".303",".330",".099",".344",".313",".357",".305",".043",".003",".024","71",16,10,8,20,16,"7.3",0,11.4,-5.2,72,31.2,"87","18.6",21.4,2,14.3,7.1,7.1,28.6,35.7,7.1,35.7,"73.976834286","94.578975385",71,9.1,25.7,44.4,55.6,4,9,53,35,100,6.1,5,15,45,66,86.4,2,22,47,31,42.4,28,19.4,47,42.9,42.9,14.3,14,63.2,42.9,6,14.3,2,28.6,4,14.3,2,"L","66",51.4,"13.6","92","2078","0.6","-17","15.3","15.3","1.4","63.6","85.4","2241","-5.4","-35.9","1.4","6","1.2","7.6","83.1","1041","7.5","-38","1.5","7.9","1.5","4.5","82.7","2396","-3.8","-46.5","-6.7","8","1.4","9.1","92.6","2044","12.8","-19.1","12.8","18.1","1.4",,,,,,,,,,,,,,,,,,,,,,,,,"1.5","79.7","2199","-13.6","-43.9","-0.7","13.6",,,,,,,,,,,,,,,,,,,,,,,,,,"22.7","92.2","2064","5.5","-17.8","14.3","16.5","1.3","69.7","85.1","2250","-5.5","-36.7","0.8","6.3","1.5","7.6","83.1","1041","7.5","-38","1.5","7.9","1.5"
"Funderburk, Kody",681892,2025,28,"9","12.0",58,51,18,12,4,0,2,9,5,15.5,8.6,".353",".549",".414","0.963","0.196",".390","10","10","0","0","36","1","0","1","1","0","7.50",,,"0","1","0","0","0","0","0","11","9","0","0","0","0","0","0","13","0","76","44","0","0","0","0","0","0","44","1","6","9","1","0","1","1","4","6","8","43","6","0","0","0","0","5","17","2","0","0","0","0","0","0","0","1","0","13","0","78","28","0","0","1","0","224","1","146","14","0","0","0","0","0",".276",".427",".415",".337",".346",".151",".462",".357",".419",".327",".077",".122",".078","70.2",16.5,10.8,9.4,31.1,27.1,"7",1,7,4.7,49.4,32.1,"89.2","6.2",34.9,3,7,2.3,23.3,18.6,46.5,2.3,34.9,"80.197117273","93.307632558",59.5,9.7,29.1,26.7,73.3,8,30,46,103,86.7,6.7,26,138,37,224,90.3,7,72,54,121,45.5,102,14.7,45.5,30.2,37.2,32.6,43,65.5,53.5,23,23.3,10,23.3,10,0,0,"L","224",33.1,,,,,,,,,"16.5","85.3","2419","-3.4","-35.9","1.7","4.3","1.3","11.6","88.4","1742","16.6","-36.6","-1.3","16.8","1.3",,,,,,,,,"27.7","92.7","2276","17","-24.8","7.3","18.5","1.2","33.9","91.4","2233","0.7","-20.4","12.3","12.5","1.2",,,,,,,,,,,,,,,,,"10.3","81.1","2332","-14","-45.1","-3.2","14.6","1.4",,,,,,,,,,,,,,,,,,,,,,,,,"61.6","92","2253","8","-22.3","10","15.2","1.3","26.8","83.7","2385","-7.5","-39.4","-0.2","8.3","2.2","11.6","88.4","1742","16.6","-36.6","-1.3","16.8","1.3"
"Hodge, Porter",687863,2025,24,"21","19.1",84,73,18,12,2,2,2,19,11,22.6,13.1,".247",".411",".345","0.756","0.164",".308","11","12","2","2","58","2","1","4","0","0","5.12",,,"1","3","0","0","0","0","0","19","12","1","0","0","0","0","0","25","0","118","53","0","0","0","0","0","0","67","2","5","21","4","0","0","0","4","6","8","54","5","6","0","0","0","10","17","5","0","0","0","0","0","0","0","0","0","41","1","124","30","0","0","3","0","344","0","220","42","5","3","0","0","0",".236",".373",".335",".316",".336",".137",".381",".351",".333",".320",".011",".038",".019","70.7",19.5,5.6,4.5,27.8,22.6,"7.1",9,9.2,0,48.1,31.7,"85.7","12.8",35.2,3,5.6,0,27.8,33.3,29.6,3.7,22.2,"76.138871852","91.63079963",66.7,10.9,31.8,56.1,43.9,32,57,52,179,68.2,6.4,2,175,0,344,87.3,12,110,48,165,43.3,149,26.3,48.5,35.2,37,27.8,54,57.1,42.6,23,25.9,14,24.1,13,7.4,4,"R","344",38.7,"50.9","96","2373","0.3","-15.2","14.5","14.7","1.4",,,,,,,,,,,,,,,,,,,,,,,,,,,,,,,,,,,,,,,,,"0.6","90.8","744","-5.6","-30","3.4","7.3","1.5",,,,,,,,,"48.5","84","2673","16.5","-38.6","0.5","16.7","1.4",,,,,,,,,,,,,,,,,,,,,,,,,"50.9","96","2373","0.3","-15.2","14.5","14.7","1.4","48.5","84","2673","16.5","-38.6","0.5","16.7","1.4","0.6","90.8","744","-5.6","-30","3.4","7.3","1.5"
"Sims, Lucas",608371,2025,31,"18","12.1",72,51,14,8,3,1,2,13,14,18.1,19.4,".275",".490",".486","0.976","0.215",".333","19","19","0","1","37","1","0","3","0","0","13.86",,,"1","2","0","0","0","0","0","8","14","1","0","0","0","0","0","17","0","113","50","0","1","0","0","0","1","27","2","2","18","0","0","0","7","5","2","7","38","6","1","0","0","0","7","14","2","1","1","0","0","0","0","0","0","0","34","0","127","25","1","0","2","1","279","0","152","34","5","3","0","0","0",".256",".447",".437",".417",".473",".191",".438",".401",".368",".343",".019",".043",".020","71.6",22.2,19.6,13.6,39.3,27.2,"7.4",5,11.1,-3.6,61.7,32.8,"86.7","14.1",28.9,4,10.5,7.9,21.1,23.7,31.6,5.3,39.5,"73.662255789","94.073607027",58.1,20.8,19.4,70,30,21,30,55.6,155,72.7,7.9,1,138,18,279,77.8,15,72,44.4,124,39.8,111,35.3,36.6,39.5,42.1,18.4,38,51.4,42.1,16,31.6,12,23.7,9,2.6,1,"R","279",40,"44.1","94.9","2508","-6.2","-12.2","18.2","19.4","1.3","2.2","86.5","3154","8.8","-28.1","8.5","12.3","1.5",,,,,,,,,"4.3","82.2","3128","12","-47.6","-7","13.9","1.4","3.2","95.2","2515","-14.1","-17.2","12.9","19.2","1.4","2.2","90.7","2625","2.2","-23.1","9.8","10.2","1.5","0.4","86.2","2232","-13.5","-33.4","3.2","13.9",,,,,,,,,,"43.7","84.8","3072","15.6","-34.4","3.8","16.3","1.5",,,,,,,,,,,,,,,,,,,,,,,,,"49.5","94.7","2514","-6.4","-13","17.5","18.9","1.5","50.2","84.6","3081","15","-35.2","3.1","15.9","1.7","0.4","86.2","2232","-13.5","-33.4","3.2","13.9",
"VanWey, Logan",701121,2025,26,"7","8.2",43,39,15,12,1,0,2,5,3,11.6,7,".385",".564",".442","1.006","0.179",".406","6","7","0","0","26","0","0","0","0","0","6.23",,,"0","3","0","0","0","0","0","9","9","0","0","0","0","0","0","8","0","56","33","0","0","0","0","0","0","27","0","1","7","1","0","0","1","2","4","9","34","3","0","0","0","0","5","8","2","0","0","0","0","0","0","0","0","0","9","1","57","22","0","0","3","0","160","0","103","9","3","2","0","0","0",".326",".454",".439",".369",".389",".128",".473",".384",".441",".374",".059",".110",".070","70.2",12.5,17,14.3,42.6,35.7,"7",0,6.8,3.4,57.1,30.2,"89.8","13.5",41.2,2,5.9,2.9,35.3,23.5,26.5,5.9,44.1,"80.482813529","94.091157273",61.3,10.2,26.3,19,81,4,21,50,80,85.7,8.8,21,98,0,160,89.8,5,49,50,80,43.1,69,12.9,43.8,26.5,32.4,41.2,34,58.1,35.3,12,20.6,7,32.4,11,11.8,4,"R","160",18.3,"50","93","2310","-12.4","-18.5","13.5","18.4","1.3",,,,,,,,,"13.1","86.9","1847","-16.3","-36.9","-0.3","16.5","1.7",,,,,,,,,"7.5","91.3","2152","-15.9","-27.4","5.7","17","1.4","3.8","84.4","2407","1.4","-34.9","3.6","4.5","1.4",,,,,,,,,,,,,,,,,"25.6","82.5","2410","10.1","-32.8","7.9","13.3","1.2",,,,,,,,,,,,,,,,,,,,,,,,,"61.3","92.3","2296","-12","-20.6","11.9","17.4","2.3","25.6","82.5","2410","10.1","-32.8","7.9","13.3","1.2","13.1","86.9","1847","-16.3","-36.9","-0.3","16.5","1.7"
"Jameson, Drey",686753,2025,27,"3","3.0",13,10,4,2,2,0,0,0,3,0,23.1,".400",".600",".538","1.138","0.200",".400","1","2","1","0","9","0","1","1","0","0","3.00",,,"0","0","0","0","0","0","0","5","2","0","0","0","0","0","0","7","0","24","7","0","0","0","0","0","0","6","1","2","3","2","0","0","0","0","1","3","10","3","0","0","0","0","1","3","2","0","0","0","0","0","0","0","0","0","3","1","26","6","0","0","0","0","53","0","27","3","0","0","0","0","0",".414",".519",".491",".470",".549",".105",".431",".403",".400",".414","-0.014",".081",".021","71.8",25,23.1,18.8,38.5,31.3,"7.1",1,9.1,0,37.5,32.6,"89.7","6",50,0,0,20,40,10,20,10,40,"78.362868","94.563921",71.4,6.7,15.6,60,40,3,5,60.4,32,0,1.9,13,26,14,53,93.3,1,15,39.6,21,43.4,23,20,37.7,10,70,20,10,61.5,40,4,10,1,50,5,0,0,"R","53",40.3,"18.9","98.3","2329","-7.6","-14.1","14.3","16.3","1.4","26.4","87.6","2515","3.2","-34.3","1.7","4.6","1.4","24.5","90.2","2012","-16.1","-30.9","2.8","16.5","1.5",,,,,,,,,"30.2","96.5","2074","-17.2","-23.9","5.6","18.3","1.5",,,,,,,,,,,,,,,,,,,,,,,,,,,,,,,,,,,,,,,,,,,,,,,,,,,,,,,,,"49.1","97.2","2172","-13.5","-20.1","9","17.5","1.6","26.4","87.6","2515","3.2","-34.3","1.7","4.6","1.4","24.5","90.2","2012","-16.1","-30.9","2.8","16.5","1.5"
"Allen, Logan",671106,2025,26,"14","66.1",292,254,68,48,12,0,8,50,30,17.1,10.3,".268",".409",".345","0.754","0.141",".300","31","34","0","0","199","5","4","2","0","0","4.21",,,"5","27","5","0","0","1","0","56","28","4","1","0","2","0","0","59","0","444","217","1","2","0","0","0","0","190","5","0","1","7","0","0","2","12","28","28","210","12","0","0","0","0","45","61","12","0","0","0","0","0","0","1","4","13","85","3","473","104","2","1","32","0","1186","5","713","89","0","0","0","0","3",".255",".458",".333",".347",".337",".203",".358",".377",".327",".316",".013","-0.049","-0.014","72",25.3,15.1,12.3,32.1,26.2,"7.4",5,9.7,-1.8,53.8,32.9,"87.7","14.1",29.7,22,10.5,5.7,20.1,27.8,29.7,6.2,32.5,"76.525305865","93.568361932",62.2,13.5,24.4,31.4,68.6,49,156,53.9,639,74.4,6.6,199,656,0,1186,85.9,46,340,46.1,547,42.7,506,19.2,41.8,37.8,36.4,25.8,209,63,42.6,89,28.7,60,19.6,41,9.1,19,"L","1109",34.8,"27.6","90.7","2230","6.5","-17.6","15.7","17.2","1.4",,,,,,,,,"17","82.8","957","8.7","-35","5.2","11","1.3",,,,,,,,,"14","88.9","1961","13.5","-26.1","8.7","16.3","1.2","13.1","84.9","2277","-5","-32.5","5.4","8","1.9",,,,,,,,,,,,,,,,,"28.3","77.5","2311","-15.4","-44.8","0.9","15.6","1.6",,,,,,,,,,,,,,,,,,,,,,,,,"54.6","88.8","2172","5.6","-23.3","11.5","14.8","3","28.3","77.5","2311","-15.4","-44.8","0.9","15.6","1.6","17","82.8","957","8.7","-35","5.2","11","1.3"
"Kahnle, Tommy",592454,2025,35,"31","32.0",120,110,15,10,2,0,3,29,9,24.2,7.5,".136",".236",".208","0.444","0.100",".154","5","6","8","3","96","0","0","1","0","0","1.41",,,"0","3","1","0","0","0","0","31","8","0","0","0","0","0","0","26","0","155","75","0","0","0","0","0","0","74","9","10","31","3","0","0","1","4","5","6","81","3","9","0","0","1","16","36","7","0","0","0","0","0","0","0","0","0","41","1","168","26","0","0","4","0","455","0","287","44","16","2","0","0","1",".202",".348",".205",".273",".269",".146",".218",".319",".185",".275","-0.066","-0.112","-0.068","72",26.7,13.5,10.2,32.6,24.6,"7.6",1,12.7,-7.7,56.7,32.9,"86.5","10.3",29.6,6,7.4,3.7,16,25.9,39.5,6.2,30.9,"74.8468975","93.158339625",68.5,19.3,26.3,41.9,58.1,26,62,51.9,236,69.2,8.6,384,68,3,455,79.3,29,150,48.1,219,41.1,187,25.9,46.6,44.4,30.9,24.7,81,60,50.6,41,24.7,20,16,13,8.6,7,"R","455",33.4,"14.7","93.6","2193","-7.1","-14.3","17.1","18.6","1.4","0.7","86.6","2249","4.7","-32","4.5","6.5","1.4","84.4","86.5","1296","-12.1","-35.6","1","12.4","1.4",,,,,,,,,"0.2","90.6","1973","-13.1","-17.2","16.1","20.7",,,,,,,,,,,,,,,,,,,,,,,,,,,,,,,,,,,,,,,,,,,,,,,,,,,,,,,,,,"14.9","93.6","2189","-7.2","-14.3","17","18.6","1.4","0.7","86.6","2249","4.7","-32","4.5","6.5","1.4","84.4","86.5","1296","-12.1","-35.6","1","12.4","1.4"
"Birdsong, Hayden",806185,2025,23,"16","48.1",230,203,50,33,9,2,6,55,20,23.9,8.7,".246",".399",".319","0.718","0.153",".303","15","20","0","0","145","3","1","3","0","0","2.79",,,"0","5","0","0","0","0","0","41","18","0","0","0","1","0","0","36","0","271","128","0","1","0","0","0","0","140","15","2","11","4","0","1","3","10","8","24","135","6","3","0","0","0","27","42","10","0","1","0","0","0","0","1","3","5","90","5","321","69","1","0","5","1","839","4","518","100","2","2","0","0","1",".229",".392",".316",".309",".307",".163",".373",".362",".331",".313",".017",".007",".007","71.7",22.4,13.1,9.5,34.3,24.9,"7.3",11,10.3,-1.9,52.4,30.8,"89.4","17.2",36.8,11,7.2,11.8,23,24.3,28.3,5.3,46.1,"78.751546974","94.492853377",67,18.3,27.7,52.2,47.8,70,134,52.4,484,75,8.2,158,391,375,924,81.7,54,295,47.6,440,39.9,369,28.9,46.4,36.2,38.2,25.7,152,55.7,38.2,58,28.3,43,24.3,37,9.2,14,"R","924",48.3,"42.3","95.6","2406","-5.8","-12","18","19","1.4","26.1","88.7","2397","2.1","-28.2","6.4","7.3","1.7","17.1","88.9","1341","-12","-35.2","-0.6","12.2","1.4","14.5","80.1","2839","4.3","-56.3","-13.5","14.4","1.3",,,,,,,,,,,,,,,,,,,,,,,,,,,,,,,,,,,,,,,,,,,,,,,,,,,,,,,,,,,,,,,,,"42.3","95.6","2406","-5.8","-12","18","19","1.4","40.6","85.6","2555","2.9","-38.2","-0.7","9.8","4.6","17.1","88.9","1341","-12","-35.2","-0.6","12.2","1.4"
"Soriano, George",666277,2025,26,"12","20.1",95,81,25,12,6,1,6,21,11,22.1,11.6,".309",".630",".404","1.034","0.321",".352","18","19","0","0","61","1","0","1","0","0","7.97",,,"1","3","0","0","0","0","0","19","19","1","0","0","0","0","0","30","0","132","72","1","0","0","0","0","0","70","6","4","12","3","0","1","2","7","8","10","60","10","0","0","1","0","8","17","9","0","0","0","0","0","0","0","0","0","37","1","139","51","0","0","3","0","386","0","247","38","5","2","0","0","0",".313",".552",".438",".407",".408",".240",".538",".491",".417",".422","-0.004",".078",".031","71.8",22.8,16.3,12.7,31.7,24.7,"7.3",3,10.9,-1.9,53.8,32.6,"90.6","10.5",48.3,10,16.7,3.3,30,18.3,26.7,5,48.3,"79.024131","95.563225333",62.5,15.2,26.9,50,50,25,50,48.2,186,71.4,9.1,96,160,130,386,84,19,125,51.8,200,43,166,25.1,45.3,35,40,25,60,67,41.7,25,25,15,31.7,19,1.7,1,"R","386",26,"15.8","95.8","2243","-9","-17","12.9","15.9","1.5","33.7","85.7","2791","6.5","-37.2","0.3","7.4","2","24.9","88.6","1665","-13.8","-37","-1.9","14.4","2",,,,,,,,,"25.6","95.4","2171","-16.5","-25.8","4.5","17.3","1.5",,,,,,,,,,,,,,,,,,,,,,,,,,,,,,,,,,,,,,,,,,,,,,,,,,,,,,,,,"41.5","95.5","2199","-13.6","-22.4","7.7","16.8","1.5","33.7","85.7","2791","6.5","-37.2","0.3","7.4","2","24.9","88.6","1665","-13.8","-37","-1.9","14.4","2"
"Walter, Brandon",687888,2025,28,"3","17.2",69,67,15,11,2,0,2,19,1,27.5,1.4,".224",".343",".246","0.589","0.119",".283","3","3","0","0","53","0","0","0","0","0","1.53",,,"2","3","0","0","0","0","0","12","3","2","0","0","2","0","0","12","0","77","47","0","0","0","0","0","0","59","0","0","0","1","0","0","1","2","5","8","48","1","0","0","0","0","6","20","4","0","0","0","0","0","0","0","0","3","32","0","80","23","0","0","3","0","267","0","187","32","0","0","0","0","0",".253",".366",".259",".279",".275",".114",".343",".371",".313",".353","-0.029","-0.023","-0.020","72.7",34.4,14,10.9,27,21.1,"7.5",2,11.6,-4.4,46.9,32.1,"88.1","6.6",33.3,2,4.2,2.1,31.3,20.8,39.6,2.1,52.1,"76.353567083","94.310151458",67.9,12.6,35.4,44.4,53.3,20,45,47.6,127,55.6,10.1,56,144,0,267,87.4,12,95,52.4,140,42.7,114,22.9,52.4,52.1,27.1,20.8,48,66.7,52.1,25,16.7,8,25,12,6.3,3,"L","267",25.9,"7.5","92","2191","8.6","-20","12.3","15.1","1.3",,,,,,,,,"21","81.5","2080","17.8","-40.3","1.2","18","1.7",,,,,,,,,"15.7","91.7","2113","17.8","-28.3","4.3","18.4","1.1","30.7","88.3","2290","-2.1","-28.3","6.6","7.2","1.3",,,,,,,,,,,,,,,,,"25.1","79.7","2544","-16.3","-45.8","-2.4","16.6","1.2",,,,,,,,,,,,,,,,,,,,,,,,,"53.9","89.8","2225","5.2","-27.1","6.7","11.6","2.1","25.1","79.7","2544","-16.3","-45.8","-2.4","16.6","1.2","21","81.5","2080","17.8","-40.3","1.2","18","1.7"
"Bazardo, Eduard",660825,2025,29,"31","36.1",149,132,27,21,1,1,4,31,15,20.8,10.1,".205",".318",".282","0.600","0.113",".232","13","13","0","1","109","1","0","0","0","0","3.22",,,"1","6","0","0","0","0","0","37","12","1","0","0","0","0","0","30","0","194","133","0","0","0","0","0","1","100","4","13","31","5","0","0","0","6","10","10","100","2","0","0","0","0","28","26","10","0","0","0","0","0","0","0","2","0","37","0","216","41","0","0","6","0","591","2","375","38","12","1","0","0","0",".227",".371",".270",".301",".307",".144",".290",".335",".262",".298","-0.022","-0.053","-0.031","71.4",20.5,9.3,7.8,34.1,28.3,"7.3",3,10.4,-2.6,53,32.7,"86","17.3",36.9,7,6.8,7.8,24.3,27.2,30.1,3.9,30.1,"75.5218175","92.343241748",57,12,22.4,32.3,67.7,20,62,46.3,277,74.5,8.5,23,292,283,598,88,22,183,53.7,321,47.2,282,17.1,41,33,35,32,103,67.1,35.9,37,34,35,22.3,23,7.8,8,"R","598",45.1,"25.3","94.7","2144","-8","-14.4","16.3","18.3","1.3","47.3","82.2","2568","16.4","-45.2","-4.3","17.2","1.5",,,,,,,,,,,,,,,,,"23.1","94.8","2212","-15.8","-19","11.6","19.8","1.5","0.5","88.2","2405","4.9","-26.4","8.7","10.2","1.4","3.8","90","1785","-14.4","-25.7","8.2","16.7","1.9",,,,,,,,,,,,,,,,,,,,,,,,,,,,,,,,,,,,,,,,,"48.8","94.7","2179","-11.6","-16.7","14","18.9","1.6","47.3","82.2","2568","16.4","-45.2","-4.3","17.2","1.5","3.8","90","1785","-14.4","-25.7","8.2","16.7","1.9"
"Mlodzinski, Carmen",669387,2025,26,"11","43.2",200,185,59,38,12,2,7,31,13,15.5,6.5,".319",".519",".370","0.889","0.200",".354","29","29","0","0","131","1","5","0","0","0","5.98",,,"2","11","0","0","0","0","0","38","23","2","0","0","0","0","0","38","0","265","141","0","0","0","0","0","0","121","9","0","2","5","0","1","2","12","18","29","154","10","0","0","0","0","24","42","18","1","0","0","0","0","0","0","0","9","56","0","274","96","0","0","11","0","757","0","483","57","0","0","0","0","1",".315",".508",".386",".376",".366",".193",".433",".420",".383",".378",".004",".011",".010","71.9",26.1,18.1,14.8,40.9,33.3,"7.3",5,8.5,-0.7,53.3,33.1,"90.3","13.4",40.9,14,9.1,4.5,31.8,23.4,28.6,2.6,41.6,"79.554203247","94.828134221",64,12.3,24.8,38.9,61.1,35,90,48,363,79.1,8.9,64,389,174,757,87.3,31,252,52,394,43.3,328,19.3,45.2,41.6,27.3,31.2,154,62.5,39,60,23.4,36,30.5,47,7.1,11,"R","757",26.5,"37.5","95.5","2116","-9.3","-18.5","11.6","15","1.1","23","88.2","2471","2.9","-32.6","2.5","4.4","1.5","8.5","87.3","1680","-9.2","-35.9","0.1","9.7","1.2",,,,,,,,,"12.4","94.8","2081","-17.3","-25.4","5.2","18.2","1.2","1.5","92.7","2344","-1","-24.4","7.3","7.9","1.8",,,,,,,,,,,,,,,,,"17.2","83.7","2533","9","-34.3","5","10.9","1.2",,,,,,,,,,,,,,,,,,,,,,,,,"51.4","95.3","2114","-11","-20.3","9.9","15.6","1.3","40.2","86.3","2498","5.5","-33.3","3.6","7.1","2.7","8.5","87.3","1680","-9.2","-35.9","0.1","9.7","1.2"
"Pallante, Andre",669467,2025,26,"14","76.1",352,321,81,51,16,3,11,58,27,16.5,7.7,".252",".424",".311","0.735","0.172",".277","41","43","0","0","229","4","3","5","2","0","4.83",,,"11","23","1","0","0","0","0","56","37","9","2","0","5","0","0","82","0","406","177","1","0","0","0","0","0","195","6","0","0","4","0","0","1","17","31","31","250","18","0","0","0","0","22","129","15","1","1","0","0","0","0","1","1","14","107","2","471","134","0","0","24","1","1225","2","754","124","0","0","0","0","0",".273",".426",".322",".331",".331",".154",".353",".365",".307",".333","-0.021","-0.002","-0.009","71.8",21.6,17.5,13.8,37.1,29.3,"7.1",16,6.8,3.4,49.4,33.9,"89.8","-1.7",27.9,19,7.2,5.3,22.6,9.8,48.7,4.9,44.9,"78.10351031","95.112022054",68.5,12.4,27.4,47.6,52.4,88,185,51.4,674,78.8,8.6,0,818,494,1312,87,54,437,48.6,638,38.1,500,22.8,47.4,44.2,34.3,21.5,265,62.5,64.9,172,15.8,42,18.5,49,1.1,3,"R","1312",57.8,"48.4","94.4","2295","-0.6","-20.4","10.3","10.5","1.5","25.8","87.6","2401","5.1","-36","-0.6","5.8","1.8",,,,,,,,,"11.9","78.1","2816","4.3","-61.8","-16.4","17.1","1.8","13.9","94.9","2197","-10.6","-16.7","13.7","17.6","1.4",,,,,,,,,,,,,,,,,,,,,,,,,,,,,,,,,,,,,,,,,,,,,,,,,,,,,,,,,"62.3","94.5","2273","-2.8","-19.6","11","12.1","1.5","37.7","84.6","2532","4.8","-44.2","-5.6","9.4","5.2",,,,,,,,
"Loutos, Ryan",702795,2025,26,"6","7.0",33,27,7,5,1,0,1,4,4,12.1,12.1,".259",".407",".364","0.771","0.148",".261","6","7","0","0","21","1","0","0","0","0","7.71",,,"0","0","0","0","0","0","0","6","7","0","0","0","0","0","0","6","0","36","16","0","0","0","0","0","0","20","0","5","6","0","0","0","1","1","3","3","24","3","0","0","0","0","6","5","5","0","0","0","0","0","0","0","1","0","8","1","40","11","0","0","0","0","110","1","70","10","0","0","0","0","0",".307",".511",".342",".391",".404",".204",".324",".391",".292",".347","-0.048","-0.104","-0.049","71.2",17.4,13.2,10.9,44.7,37,"7.1",0,9.8,2.6,71.7,29.7,"93.1","12.4",45.8,1,4.2,8.3,25,29.2,25,8.3,45.8,"85.452093636","95.705467273",74.1,16.3,21.2,27.3,72.7,3,11,47.3,52,66.7,5.5,19,58,29,110,83.7,7,43,52.7,58,43.6,48,18.5,49.1,33.3,41.7,25,24,57.6,33.3,8,33.3,8,33.3,8,0,0,"R","110",32.8,"40","95.2","1869","-12.2","-18.5","11.6","16.9","1.3","26.4","86.4","2364","1.6","-41.7","-5.1","6.3","1.3","17.3","88.5","1483","-14.9","-34.9","0","15","1.4",,,,,,,,,"12.7","94.2","1779","-16.2","-23.7","7.2","17.9","1.5",,,,,,,,,,,,,,,,,,,,,,,,,"3.6","86.9","2434","6.5","-41.3","-5.1","8.5","1.4",,,,,,,,,,,,,,,,,,,,,,,,,"52.7","95","1847","-13.1","-19.7","10.6","17.1","1.4","30","86.5","2372","2.2","-41.7","-5.1","6.5","1.2","17.3","88.5","1483","-14.9","-34.9","0","15","1.4"
"Rodriguez, Elvin",660730,2025,27,"6","18.2",84,76,23,11,5,0,7,17,7,20.2,8.3,".303",".645",".369","1.014","0.342",".308","18","18","0","0","56","0","2","0","0","0","8.68",,,"0","4","0","0","0","0","0","11","19","0","0","0","0","0","0","15","0","117","58","0","1","0","0","0","0","47","3","3","4","2","0","1","1","10","4","9","59","7","0","0","0","0","18","7","6","0","1","0","0","0","0","0","0","2","26","0","122","49","1","0","4","1","317","0","195","27","1","1","0","0","0",".296",".621",".431",".414",".363",".325",".519",".496",".390",".381",".007",".024",".017","71.1",15.5,20.2,16.4,40.4,32.8,"7.4",2,12.2,-4.7,65.5,31.5,"88.3","21.9",54.2,11,18.6,13.6,22,30.5,8.5,6.8,47.5,"76.197580333","94.565351017",59.9,14.9,26.9,37.2,62.8,16,43,50.5,160,62.5,7.6,17,201,67,317,84,14,94,49.5,157,41.6,132,21.9,43.2,42.4,37.3,20.3,59,63.1,18.6,11,47.5,28,25.4,15,8.5,5,"R","317",50.1,"45.7","94.3","2456","-6.2","-11.8","19.3","20.3","1.2",,,,,,,,,"5.4","86.6","1990","-15.6","-24.1","12.7","20.2","1.4","21.1","78.6","2734","8.3","-59.6","-14.7","17.1","1.3",,,,,,,,,"17.7","87.7","2385","2.4","-28.9","6.8","8.4","1.7",,,,,,,,,,,,,,,,,"10.1","82.1","2445","11.5","-39.1","2","12.2","1.4",,,,,,,,,,,,,,,,,,,,,,,,,"63.4","92.5","2436","-3.8","-16.6","15.8","17","3.3","31.2","79.7","2641","9.3","-53","-9.3","15.5","2.1","5.4","86.6","1990","-15.6","-24.1","12.7","20.2","1.4"
"Kinley, Tyler",641755,2025,34,"33","31.2",151,125,31,23,6,0,2,31,23,20.5,15.2,".248",".344",".364","0.708","0.096",".309","25","28","2","3","95","0","3","4","0","0","7.11",,,"9","12","0","0","0","0","0","21","25","7","2","0","0","2","0","46","0","210","95","0","0","0","0","0","0","116","3","10","33","1","0","0","1","8","9","13","96","16","4","0","4","1","18","31","9","0","0","0","0","0","0","0","2","0","70","3","228","43","0","0","12","0","625","2","397","83","9","4","0","0","1",".250",".356",".313",".319",".368",".105",".335",".343",".323",".328","-0.002","-0.012","-0.006","70.6",16.5,8.4,6.2,27.4,20.2,"7.7",7,15.6,-12.4,50.4,32.5,"84.5","15.1",37.5,4,4.2,5.2,22.9,28.1,32.3,7.3,28.1,"71.71115383","92.640090319",66.4,17.7,32.7,48.2,51.8,53,110,53.8,336,78.3,7.4,10,170,445,625,80.7,34,192,46.2,289,41.6,260,28.8,48.3,45.8,39.6,14.6,96,61.7,41.7,40,29.2,28,22.9,22,6.3,6,"R","625",46,"27.2","95.1","2360","-2.4","-15.5","14.5","14.8","1.1","58.4","87","2556","2.4","-33.4","2.4","4","1.6","1.6","87.1","1648","-10.3","-25.7","10.1","15","1.4","12.8","82.9","2712","3.6","-47.7","-8","9","1.7",,,,,,,,,,,,,,,,,,,,,,,,,,,,,,,,,,,,,,,,,,,,,,,,,,,,,,,,,,,,,,,,,"27.2","95.1","2360","-2.4","-15.5","14.5","14.8","1.1","71.2","86.3","2584","2.6","-36","0.5","4.9","2.4","1.6","87.1","1648","-10.3","-25.7","10.1","15","1.4"
"Imanaga, Shota",684007,2025,31,"8","44.2",181,166,35,20,8,0,7,34,14,18.8,7.7,".211",".386",".272","0.658","0.175",".224","14","15","0","0","134","3","2","0","0","0","2.82",,,"0","12","0","0","0","0","0","33","13","0","0","0","2","0","0","27","0","214","93","0","0","0","0","0","0","147","10","0","0","3","0","0","0","10","5","20","133","2","0","0","0","0","41","31","12","0","0","0","0","0","0","1","0","8","82","1","224","64","0","0","12","0","692","1","468","85","0","0","0","0","1",".254",".495",".290",".346",".312",".241",".321",".399",".265",".320","-0.043","-0.109","-0.056","72.4",29.4,13.7,10.3,31.8,23.8,"7.5",4,11.2,-5.4,51.5,31.2,"90.4","21.4",39.1,14,10.5,10.5,18,35.3,21.8,2.3,39.1,"81.013574154","94.173152615",72.1,22.1,32.7,34,66,35,103,45.5,315,79.2,7.7,247,343,25,692,77.9,60,272,54.5,377,47.1,326,25.3,54.2,38.3,37.6,24.1,133,66.3,27.1,36,38.3,51,24.1,32,10.5,14,"L","692",36.9,"49.1","91.2","2495","12","-14.3","19.1","22.6","1.2","0.6","80.8","2571","-2.1","-35","7.3","8","1.5","1.4","82","1285","12","-31.1","9.5","15.4","1.4","3","72.4","2484","-9.7","-66","-13","16.4","1.6","0.4","88.6","1888","15.3","-25.3","9.9","18.3","1.4",,,,,,,,,"34.2","82.8","1247","13.5","-33.5","6.6","15.3","1.2",,,,,,,,,"11.1","80.4","2540","-11.8","-40","2.8","12.5","1.4",,,,,,,,,,,,,,,,,,,,,,,,,"49.6","91.1","2490","12","-14.4","19","22.6","1.3","14.7","78.7","2530","-11","-45.1","-0.2","13.1","3.3","35.7","82.8","1248","13.5","-33.4","6.7","15.3","1.2"
"Pivetta, Nick",601713,2025,32,"14","79.1",339,310,67,42,13,1,11,91,24,26.8,7.1,".216",".371",".272","0.643","0.155",".265","30","32","0","0","238","7","2","0","0","0","3.40",,,"4","4","0","0","0","0","0","52","28","4","0","0","8","0","0","53","0","409","215","0","1","0","0","0","0","221","19","0","0","4","0","0","1","16","11","33","207","13","0","0","0","0","42","58","14","1","0","0","0","0","0","0","3","14","133","2","426","101","1","0","4","0","1228","3","802","136","0","0","0","0","2",".244",".444",".283",".324",".300",".201",".352",".415",".302",".344","-0.028","-0.073","-0.041","72.1",26.6,14.3,10.7,33.3,25,"7.3",13,11.9,-3.8,55.3,30.5,"88.9","19.7",36.8,27,12.1,4.9,22.4,33.6,21.1,5.4,39.9,"77.626305182","94.131121727",66,21.7,26.4,39.9,60.1,63,158,45.6,598,72.3,8.5,0,771,295,1312,77.5,102,471,54.4,714,43.8,574,26.2,47.9,42.2,35,22.9,223,64.9,32.7,73,30,67,23.8,53,13.5,30,"R","1312",58.1,"49","93.7","2310","-1.5","-11.7","19.7","19.9","1.3","0.8","82.5","2472","6.9","-36.3","4.3","8.8","1.5",,,,,,,,,"21.6","78.8","2796","6.6","-61.4","-16.8","18.2","1.4","2.9","93.6","2272","-9.1","-12.5","19.1","21.2","1.5","6.9","88.8","2389","6.3","-27.4","7.3","10","1.7",,,,,,,,,,,,,,,,,"18.8","81.8","2465","13.4","-38.2","2.9","14.3","1.5",,,,,,,,,,,,,,,,,,,,,,,,,"58.8","93.1","2317","-1","-13.6","18.2","18.8","2.2","41.2","80.2","2639","9.7","-50.4","-7.4","16.2","2.2",,,,,,,,
"Mikolas, Miles",571945,2025,36,"14","72.1",308,284,76,53,15,2,6,45,18,14.6,5.8,".268",".398",".313","0.711","0.130",".297","35","36","0","0","217","4","4","1","0","0","4.35",,,"6","17","1","0","1","0","0","54","32","6","0","0","5","0","0","75","0","358","216","0","2","0","0","0","0","202","8","0","0","5","0","0","2","14","28","34","243","18","0","0","0","0","58","71","16","0","0","0","0","1","0","1","3","14","72","1","379","113","2","1","18","0","1124","4","745","74","0","0","0","0","1",".271",".466",".312",".337",".318",".195",".338",".370",".314",".320","-0.003","-0.068","-0.025","72",24.4,17.4,14.7,35.3,29.9,"7.2",1,9.5,0.8,52.8,31.4,"88.9","15.3",32.1,23,9.5,7,21.8,28,29.6,4.1,42.4,"77.401694959","94.463291245",63.8,12.4,24.5,26.5,73.5,31,117,42.5,478,75.2,10.1,123,506,455,1124,87.1,51,412,57.5,646,41.6,468,15.5,47.1,42.8,33.7,23.5,243,68.8,40.7,99,30.5,74,21,51,7.8,19,"R","1123",41.8,"28.2","92.1","2203","-8.3","-17.3","15","17.3","1.2","24.5","87","2253","2.8","-28.9","7.1","8","1.5","11","85.3","1651","-15.6","-32","5.7","16.7","1.6","16.2","75.2","2546","9.3","-64","-14.9","17.7","1.7","16.8","91.5","2121","-15.8","-24.2","8.7","18.3","1.5",,,,,,,,,,,,,,,,,,,,,,,,,"3.3","80.3","2430","12.5","-44","-1.3","12.8","1.3",,,,,,,,,,,,,,,,,,,,,,,,,"45.1","91.9","2172","-11.1","-19.9","12.7","17.7","1.4","44","82.1","2374","5.9","-43","-1.6","11.9","6.2","11","85.3","1651","-15.6","-32","5.7","16.7","1.6"
"Rogers, Taylor",573124,2025,34,"28","23.1",104,89,23,15,4,1,3,24,11,23.1,10.6,".258",".427",".330","0.757","0.169",".308","9","12","0","1","70","2","2","0","0","0","3.47",,,"3","6","0","0","1","0","0","18","19","2","1","0","0","1","0","23","0","142","87","0","1","0","0","0","0","61","0","2","28","2","0","0","0","4","5","13","68","8","6","0","2","0","11","23","5","0","0","0","0","0","0","1","3","0","43","3","148","37","1","1","6","0","408","4","260","43","17","10","0","0","2",".242",".421",".321",".314",".320",".179",".386",".375",".338",".323",".016",".006",".007","71.1",15.9,17.2,13.9,36.1,29.1,"7.3",3,10.2,-3.3,35.8,33.3,"89.5","10.9",36.2,8,11.6,7.2,20.3,20.3,34.8,5.8,40.6,"78.937412353","94.275418507",60,14.4,23.1,56.3,43.8,27,48,48.6,208,76.7,10,0,216,0,428,84.8,19,132,51.4,220,42.3,181,25.6,42.1,29,37.7,33.3,69,60.2,40.6,28,26.1,18,27.5,19,5.8,4,"L","428",28.8,"0.2","93.9","2237","11","-13","18","21",,,,,,,,,,,,,,,,,,,,,,,,,,"50.2","92.9","2185","17.2","-24.5","7.4","18.8","1",,,,,,,,,,,,,,,,,,,,,,,,,"49.5","78.4","2885","-16.7","-44","0.9","16.9","1.3",,,,,,,,,,,,,,,,,,,,,,,,,"50.5","92.9","2185","17.2","-24.4","7.4","18.8","1","49.5","78.4","2885","-16.7","-44","0.9","16.9","1.3",,,,,,,,
"Boushley, Caleb",676961,2025,31,"14","26.1",106,101,25,17,4,0,4,28,4,26.4,3.8,".248",".406",".283","0.689","0.158",".304","12","13","1","0","79","0","0","1","0","0","4.10",,,"0","3","0","0","0","0","0","18","12","0","0","0","0","0","0","16","0","154","72","0","0","0","0","0","0","64","3","8","14","4","0","1","1","6","6","13","73","4","0","0","0","0","12","23","7","0","0","0","0","0","0","0","0","0","40","1","156","41","0","0","3","0","410","0","254","42","3","0","0","0","2",".280",".467",".302",".335",".314",".187",".390",".439",".342",".388","-0.032","-0.061","-0.033","71.4",19.4,16.7,12.5,38.3,28.7,"7.3",1,10.2,0.4,51.9,31.3,"90.7","10.9",38.4,7,9.6,11,28.8,19.2,27.4,4.1,50.7,"80.738620833","95.0114875",64,13.3,25.7,51.9,48.1,28,54,51.2,210,74.1,6.6,56,277,77,410,86.7,17,128,48.8,200,45.4,186,24.7,44.4,28.8,46.6,24.7,73,56.6,39.7,29,26,19,28.8,21,5.5,4,"R","410",42.6,"18.3","92","2372","-5.8","-15.6","16.9","17.9","1.3","11.2","84.3","2451","4.6","-36.3","2.2","5.6","1.5","13.7","85.1","1809","-15.4","-32.4","5.5","16.5","1.2","7.6","75.7","2473","8.3","-60.2","-11.9","14.6","1.6","27.8","91.9","2211","-16.3","-22.3","10.4","19.4","1.3","21.5","89.3","2382","1.5","-22.9","11.3","11.8","1.4",,,,,,,,,,,,,,,,,,,,,,,,,,,,,,,,,,,,,,,,,,,,,,,,,"67.6","91.1","2309","-7.8","-20.7","12.4","16.6","1.8","18.8","80.8","2460","6.1","-45.9","-3.5","9.2","3.9","13.7","85.1","1809","-15.4","-32.4","5.5","16.5","1.2"
"Mederos, Victor",682989,2025,24,"1","3.0",13,10,2,0,1,1,0,2,3,15.4,23.1,".200",".500",".385","0.885","0.300",".250","2","2","0","0","9","0","0","1","0","0","6.00",,,"0","0","0","0","0","0","0","3","2","0","0","0","0","0","0","4","0","27","7","0","0","0","0","0","0","9","2","1","1","1","0","0","0","1","0","1","8","2","0","0","0","0","0","5","1","0","0","0","0","0","0","0","0","0","3","0","27","5","0","0","0","0","56","0","29","3","0","0","0","0","0",".133",".216",".381",".273",".333",".083",".359",".183",".250",".166",".067",".284",".108","70.6",5,12.5,10,37.5,30,"6.9",0,5.6,3.1,50,34.2,"93.6","-2.9",37.5,0,0,12.5,12.5,12.5,62.5,0,62.5,"86.2395675","95.89992875",72.7,12.5,17.6,50,50,3,6,60.7,34,85.7,12.5,5,29,16,56,87.5,2,16,39.3,22,35.7,20,22.7,39.3,62.5,25,12.5,8,38.5,62.5,5,12.5,1,25,2,0,0,"R","56",28.3,,,,,,,,,"28.6","89.7","2375","1.8","-26.2","7.9","8.3","1.4","8.9","87.5","1795","-18","-28.7","7.4","19.8","1.4",,,,,,,,,"51.8","94.7","2293","-18.5","-21.6","9.2","20.7","1.3",,,,,,,,,,,,,,,,,,,,,,,,,"10.7","83.7","2448","9.1","-32.8","6.7","11.6","1.4",,,,,,,,,,,,,,,,,,,,,,,,,"51.8","94.7","2293","-18.5","-21.6","9.2","20.7","1.3","39.3","88","2395","3.8","-28","7.6","9.2","2.2","8.9","87.5","1795","-18","-28.7","7.4","19.8","1.4"
"Wilson, Justin",458677,2025,37,"30","25.0",108,93,22,19,3,0,0,32,12,29.6,11.1,".237",".269",".327","0.596","0.032",".355","6","7","0","3","75","2","0","2","0","0","2.16",,,"3","0","0","0","0","0","0","26","12","3","0","0","0","0","0","31","0","143","57","0","1","1","0","0","0","76","6","1","30","2","0","1","1","3","11","7","60","7","10","0","2","0","7","21","5","1","0","0","0","0","0","1","1","0","56","1","158","24","2","0","0","0","417","2","259","59","17","6","0","0","0",".193",".257",".270",".245",".290",".063",".334",".292",".355",".290",".044",".012",".025","71.5",23.2,5.7,3.8,22.8,15.1,"7.1",5,8,2.2,50.8,32.9,"86.9","14",30.2,1,1.6,3.2,28.6,22.2,39.7,4.8,28.6,"76.837579355","92.540972787",70.5,27.2,30.8,43.2,55.4,32,74,55.4,240,88.9,8.3,21,284,126,431,72.8,37,136,44.6,193,43.6,189,32.9,48.7,23.8,44.4,31.7,63,53.8,50.8,32,20.6,13,20.6,13,7.9,5,"L","431",51.7,"46.2","94.4","2251","5.6","-11.8","19.1","20","1.2","29.2","87.7","2264","-2.1","-32.8","2.7","4.4","1.5",,,,,,,,,,,,,,,,,,,,,,,,,"19.7","91.4","2364","-2.9","-19.2","13.4","14","1.3","4.9","84.5","1095","9.7","-34.9","3.6","11.2","1.5",,,,,,,,,,,,,,,,,,,,,,,,,,,,,,,,,,,,,,,,,"65.9","93.5","2285","3.1","-14","17.4","18.2","1.9","29.2","87.7","2264","-2.1","-32.8","2.7","4.4","1.5","4.9","84.5","1095","9.7","-34.9","3.6","11.2","1.5"
"Woo, Bryan",693433,2025,25,"14","89.1",350,329,70,48,11,0,11,78,14,22.3,4,".213",".347",".250","0.597","0.134",".244","31","31","0","0","268","6","4","2","0","0","3.12",,,"1","8","4","0","0","0","0","53","29","1","0","0","10","0","0","58","0","385","188","0","0","0","0","0","0","247","20","0","0","6","0","0","3","15","19","36","255","12","0","0","0","1","54","84","20","0","0","0","0","0","0","2","2","14","136","0","400","114","0","0","12","0","1247","4","847","136","0","0","0","0","1",".240",".406",".262",".296",".278",".166",".314",".360",".277",".315","-0.027","-0.059","-0.034","71.6",23,13.1,10.1,32.6,25,"7.1",8,6.2,3.6,44.3,30.7,"88","14.6",32.9,24,9.4,5.9,22,26.7,29.8,5.9,37.6,"76.134963968","94.004753175",71.1,17.4,28.5,45.4,54.6,69,152,42.8,534,82.1,9.4,113,866,160,1247,82.6,88,507,57.2,713,43.3,540,23.8,52.8,30.6,40.4,29,255,66,40.4,103,27.5,70,22.4,57,9.8,25,"R","1247",26.4,"42.7","95.5","2232","-8.5","-15","15.1","17.5","1.1","12.8","88.3","2226","3.1","-30.3","4.7","5.9","1.5","9.1","89.7","1803","-16.1","-29.2","4.9","17.1","1.6",,,,,,,,,"26.8","95.1","2284","-16.4","-24.1","6.3","17.7","1.2",,,,,,,,,,,,,,,,,,,,,,,,,"8.7","84.2","2452","12","-35.5","3.4","12.8","1.9",,,,,,,,,,,,,,,,,,,,,,,,,"69.4","95.3","2252","-11.5","-18.5","11.7","17.6","1.1","21.5","86.6","2317","6.7","-32.4","4.2","8.7","2.7","9.1","89.7","1803","-16.1","-29.2","4.9","17.1","1.6"
"Crochet, Garrett",676979,2025,26,"16","102.1",406,376,77,56,12,0,9,125,28,30.8,6.9,".205",".309",".259","0.568","0.104",".280","25","28","0","0","307","7","4","2","3","0","2.20",,,"10","7","0","0","0","0","0","76","23","7","3","0","10","0","0","75","0","508","246","1","3","1","0","0","0","316","30","0","0","6","0","0","0","20","31","26","253","16","0","0","0","0","39","91","27","0","0","0","0","0","0","0","1","16","209","3","526","116","4","0","7","0","1596","1","1070","220","0","0","0","0","4",".223",".368",".254",".285",".278",".145",".332",".381",".306",".336","-0.018","-0.059","-0.031","71.8",25.4,10.2,7.3,27.1,19.4,"7.3",21,9.5,-1.1,50.2,31.5,"87.4","11.5",33.7,18,7.1,7.9,25,20.2,32.5,6.7,36.9,"75.25093","93.895589073",69.2,23.3,32.2,47.5,52,116,244,47.5,758,80.9,8.5,81,1343,0,1596,76,135,580,52.5,838,43.4,693,30.5,51.6,41.7,35.7,22.6,252,61.8,48.4,122,23.8,60,21,53,6.7,17,"L","1596",33.6,"41.9","96.1","2468","8.5","-13.9","15.8","18.1","1.3",,,,,,,,,"5.1","88.5","2064","15.9","-26.8","8.3","18.1","1.6",,,,,,,,,"12.8","95.5","2400","16.6","-22.6","7.6","18.4","1.3","29.4","91","2628","-4","-25.8","7.1","8.8","1.9",,,,,,,,,,,,,,,,,"10.8","82.8","2443","-14.1","-42.1","-2","14.5","1.4",,,,,,,,,,,,,,,,,,,,,,,,,"84.1","94.2","2514","5.4","-19.4","11.5","14.9","3.1","10.8","82.8","2443","-14.1","-42.1","-2","14.5","1.4","5.1","88.5","2064","15.9","-26.8","8.3","18.1","1.6"
"Gilbert, Logan",669302,2025,28,"7","35.1",136,128,21,11,5,1,4,54,7,39.7,5.1,".164",".313",".213","0.526","0.149",".243","10","10","0","0","106","1","2","2","0","0","2.55",,,"3","3","2","0","0","0","0","18","10","3","0","0","1","0","0","22","0","182","82","0","0","0","0","0","0","111","8","0","0","0","0","0","1","4","7","10","74","6","0","0","0","0","10","29","7","0","0","0","0","0","0","0","0","7","102","0","197","40","0","0","5","0","583","0","386","111","0","0","0","0","1",".198",".325",".232",".251",".245",".127",".351",".385",".284",".343","-0.034","-0.012","-0.019","71.1",20.5,9.8,6.2,29.4,18.6,"7.5",13,13.4,-10.6,46.1,31.3,"89.9","10.8",28.4,5,6.8,4.1,29.7,23,33.8,2.7,40.5,"79.862497297","94.394851622",73.1,26.8,32,66.3,33.7,63,95,50.9,297,83.7,8.4,121,212,250,583,73.2,56,209,49.1,286,40.8,238,39.1,52.1,48.6,32.4,18.9,74,72.1,48.6,36,18.9,14,23,17,9.5,7,"R","583",37.7,"33.6","95.4","2182","-9.6","-13.1","17.1","19.7","1.2","31.6","87.7","1851","0.5","-35.2","0.6","2","1.5",,,,,,,,,"11.3","83.2","2174","12.5","-42.7","-2.8","13.1","1.5","2.7","95.6","2188","-15.2","-15.7","14.4","21","1.6",,,,,,,,,"20.8","82.5","701","-4.3","-41.3","-0.8","6.4","1.3",,,,,,,,,,,,,,,,,,,,,,,,,,,,,,,,,,,,,,,,,"36.4","95.5","2182","-10","-13.3","16.9","19.8","1.2","42.9","86.5","1936","3.6","-37.1","-0.3","4.9","2.5","20.8","82.5","701","-4.3","-41.3","-0.8","6.4","1.3"
"Warren, Will",701542,2025,26,"15","69.0",300,265,63,41,13,3,6,90,29,30,9.7,".238",".377",".311","0.688","0.139",".329","37","39","0","0","207","4","4","2","0","0","4.83",,,"5","8","2","0","0","0","0","45","33","4","0","0","2","0","0","58","0","439","251","1","1","0","0","0","0","184","12","0","0","3","0","1","1","12","21","30","179","17","0","0","0","0","21","57","21","0","0","0","0","0","0","0","4","15","125","2","464","100","1","0","10","0","1220","4","756","130","0","0","0","0","1",".246",".378",".304",".308",".319",".132",".392",".399",".352",".366","-0.008","-0.001","-0.004","71.8",24.4,18.3,13.2,34.8,25.1,"7.3",10,9.1,0.3,54.9,32.6,"91.5","13.2",33,15,8.4,5.6,31.8,21.8,26.3,6.1,49.7,"80.88955875","95.777933466",57.8,20.2,26,44.8,55.2,73,163,51.5,628,65.6,7.6,156,699,78,1220,79.8,69,342,48.5,592,40.5,494,28.1,41.4,36.9,38.5,24.6,179,62.7,43.6,78,20.7,37,28.5,51,7.3,13,"R","1220",25.9,"38.6","93.3","2555","-9","-16","15.5","18.1","1.3",,,,,,,,,"12.8","87.2","1749","-15.3","-35.5","0.6","15.4","1.4","6.4","80.2","2908","13.2","-54.1","-11.2","17.4","1.4","18.7","93.1","2435","-17.3","-27.7","4.2","17.9","1.4",,,,,,,,,,,,,,,,,,,,,,,,,"23.5","82.7","3039","19.9","-40","0.5","20","1.5",,,,,,,,,,,,,,,,,,,,,,,,,"57.3","93.3","2516","-11.7","-19.8","11.8","18","1.4","29.9","82.2","3011","18.4","-43","-2","19.5","1.9","12.8","87.2","1749","-15.3","-35.5","0.6","15.4","1.4"
"Ryan, Joe",657746,2025,29,"14","80.0",335,304,58,32,16,0,10,96,20,28.7,6,".191",".342",".260","0.602","0.151",".241","26","27","0","0","240","7","2","0","2","0","2.93",,,"10","8","0","0","1","0","0","53","25","8","2","0","7","0","0","59","0","409","196","0","4","0","1","0","0","254","21","0","1","4","0","1","9","17","20","18","200","13","0","0","0","0","47","57","15","0","0","0","0","0","0","1","0","13","148","1","441","100","5","1","8","0","1264","1","823","151","0","0","0","0","1",".212",".405",".269",".299",".281",".193",".332",".381",".278",".311","-0.021","-0.063","-0.030","72.2",27.8,11.9,8.8,29.6,21.9,"7.2",11,7.7,0.6,51.5,30,"90.1","19.1",32.9,26,12.4,5.2,19.5,32.9,26.2,3.8,40.5,"79.995786442","94.390897692",69.6,23.2,25.9,38.9,61.1,63,162,45.9,626,80,8.1,203,865,101,1365,76.7,119,514,54.1,738,44.9,612,27,49.6,35.7,38.1,26.2,210,66,37.6,79,31,65,19,40,12.4,26,"R","1364",24.5,"54","93.3","2252","-12.6","-18","13.7","18.7","1.6","5.9","87","2329","0.6","-30.8","5.6","6.4","3.4",,,,,,,,,"1.5","78.4","2810","14.6","-56.7","-11.5","18.6","1.7","9.5","92.9","2087","-17.1","-23.5","8.4","19.1","1.6",,,,,,,,,"14.9","87.5","1990","-14.8","-35.6","0.3","15","1.8",,,,,,,,,"14.3","80.2","2788","17.1","-43","0.1","17.3","1.6",,,,,,,,,,,,,,,,,,,,,,,,,"63.4","93.3","2227","-13.2","-18.8","12.9","18.7","1.6","21.7","81.9","2664","12.4","-40.6","0.8","14.4","4.2","14.9","87.5","1990","-14.8","-35.6","0.3","15","1.8"
"Mattson, Isaac",676755,2025,29,"8","10.1",41,38,4,1,1,0,2,10,3,24.4,7.3,".105",".289",".171","0.460","0.184",".077","3","3","0","1","31","1","0","0","0","0","2.61",,,"0","1","0","0","0","0","0","6","3","0","0","0","0","0","0","6","0","40","30","0","0","0","0","0","0","23","1","1","8","0","0","0","0","2","0","1","25","1","0","0","0","0","8","5","3","0","0","0","0","0","0","0","0","0","15","0","41","10","0","0","1","0","135","0","94","15","4","0","0","0","0",".166",".299",".204",".234",".227",".133",".225",".268",".143",".226","-0.061","-0.010","-0.030","70.6",20,12.2,9.2,34.7,26.2,"6.9",1,8.5,0.7,55.4,30,"88.2","28.5",32.1,1,3.6,10.7,14.3,46.4,17.9,7.1,39.3,"77.351390714","93.563503571",63.2,21.8,25,37.5,62.5,6,16,42.4,64,76.9,8.6,28,102,21,151,78.2,12,55,57.6,87,36.4,55,25.4,47,17.9,50,32.1,28,65.9,25,7,35.7,10,17.9,5,21.4,6,"R","151",50.6,"67.5","93.7","2344","-8.4","-12.4","18.9","20.8","1.8","12.6","85","2059","4.6","-32.5","5.2","7.4","1.5","18.5","86.1","1719","-12.1","-28","9","15.3","1.8","1.3","80.9","2035","7.5","-36.4","5.5","9.3","1.4",,,,,,,,,,,,,,,,,,,,,,,,,,,,,,,,,,,,,,,,,,,,,,,,,,,,,,,,,,,,,,,,,"67.5","93.7","2344","-8.4","-12.4","18.9","20.8","1.8","13.9","84.6","2057","4.9","-32.9","5.2","7.6","1.7","18.5","86.1","1719","-12.1","-28","9","15.3","1.8"
"Evans, Logan",688138,2025,24,"7","40.0",167,153,41,26,6,2,7,30,12,18,7.2,".268",".471",".319","0.790","0.203",".291","15","20","0","0","120","3","2","2","0","0","3.38",,,"0","2","0","0","1","0","0","30","19","0","0","0","2","0","0","29","0","216","112","0","1","0","0","0","0","99","5","0","0","5","0","3","0","10","9","22","125","6","0","0","0","0","23","38","18","0","0","0","0","0","0","1","1","7","44","5","223","72","1","1","2","0","610","2","387","46","0","0","0","0","0",".289",".476",".342",".351",".339",".187",".391",".402",".331",".357","-0.021","-0.005","-0.009","72.1",27,16.3,13.7,33.7,28.2,"7.4",3,10.9,-3.1,51.6,32.6,"89.3","12.9",40.8,12,9.6,6.4,26.4,26.4,28.8,2.4,40,"78.356295806","94.233080565",62.3,8.5,26,45.3,54.7,34,75,47.4,289,70.2,9.3,79,316,66,610,91.5,17,200,52.6,321,41.8,255,18.5,45.1,40.8,37.6,21.6,125,59.9,37.6,47,27.2,34,32,40,3.2,4,"R","610",32.3,"12.5","92.8","2130","-12.9","-20","11.9","17.7","1.2",,,,,,,,,"13","86.7","2114","-17.6","-34.2","2.3","17.9","1.6","10.8","81.7","2999","11.8","-50.2","-8.9","15","1.8","13.3","92.9","2023","-18.1","-27.2","4.7","18.8","1.2","26.1","87.1","2542","2","-34.1","2","3.8","1.5",,,,,,,,,,,,,,,,,"24.4","83.8","2810","15.1","-39.1","0","15.2","1.6",,,,,,,,,,,,,,,,,,,,,,,,,"51.8","90","2310","-6.7","-28.9","5.1","11","3.3","35.2","83.2","2868","14.1","-42.5","-2.7","15.2","1.9","13","86.7","2114","-17.6","-34.2","2.3","17.9","1.6"
"Thielbar, Caleb",573204,2025,38,"31","26.2",108,95,18,10,7,0,1,25,11,23.1,10.2,".189",".295",".269","0.564","0.106",".239","5","5","1","2","80","2","1","0","0","0","1.69",,,"1","7","0","0","1","0","0","28","7","0","1","0","0","0","0","25","0","129","71","0","1","0","0","0","0","75","7","4","31","2","0","0","0","1","9","5","68","5","7","0","1","0","20","18","3","0","0","0","0","0","0","0","2","0","37","0","149","21","1","1","7","0","410","2","261","38","19","4","0","0","0",".185",".286",".250",".246",".267",".100",".275",".270",".250",".248",".004",".009",".004","71",22,14.4,11,37.9,28.9,"7.3",3,11.5,-6.9,60.1,30.4,"89","21.7",26.4,4,5.6,5.6,20.8,43.1,22.2,2.8,33.3,"79.124388056","93.755144583",65.2,20.9,26.4,34,64.2,18,53,47,201,80,9.3,0,190,159,428,79.1,31,148,53,227,40.4,173,24.4,47,37.5,38.9,23.6,72,65.7,38.9,28,36.1,26,11.1,8,13.9,10,"L","428",55.6,"44.4","92.6","2332","3.7","-12.7","19.3","19.8","1.3","10.5","87.6","2363","-4.7","-31.1","4.5","6.9","1.6",,,,,,,,,"26.6","75.8","2644","-8.1","-64.1","-16","18","1.4",,,,,,,,,,,,,,,,,,,,,,,,,,,,,,,,,"18.5","81.1","2604","-14.3","-41.7","-0.1","14.5","1.5",,,,,,,,,,,,,,,,,,,,,,,,,"44.4","92.6","2332","3.7","-12.7","19.3","19.8","1.3","55.6","79.8","2578","-9.6","-50.4","-6.8","14.7","4.8",,,,,,,,
"Smith, Dylan",681916,2025,25,"3","5.0",20,16,4,3,1,0,0,1,3,5,15,".250",".313",".400","0.713","0.063",".267","2","2","0","0","15","0","0","0","0","0","3.60",,,"0","0","0","0","0","0","0","5","2","0","0","0","0","0","0","3","0","24","10","0","1","0","0","0","0","12","0","1","3","2","0","0","1","0","1","3","15","1","0","0","0","0","3","7","0","0","0","0","0","0","0","0","0","0","10","0","28","5","1","0","0","0","75","0","47","10","0","0","0","0","0",".212",".287",".337",".317",".378",".076",".262",".230",".267",".227",".038",".026",".020","70.3",24.2,8.3,6.1,29.2,21.2,"7.2",0,7.1,4.2,54.5,34.6,"89.5","11.1",26.7,1,6.7,0,13.3,26.7,40,6.7,33.3,"80.007044286","93.498172143",73.7,21.4,24.3,44.4,55.6,4,9,49.3,37,85.7,9.3,7,48,0,75,78.6,6,28,50.7,38,32,24,27,49.3,26.7,40,33.3,15,60,53.3,8,20,3,20,3,6.7,1,"R","75",48.2,"64","95","2511","-2.8","-13.5","16.7","17.1","1.2",,,,,,,,,,,,,,,,,,,,,,,,,,,,,,,,,,,,,,,,,"9.3","85.4","1037","-6.7","-31.6","5.8","9.2","1.5",,,,,,,,,"26.7","86.1","2582","10.5","-31.2","5.6","12.5","1.4",,,,,,,,,,,,,,,,,,,,,,,,,"64","95","2511","-2.8","-13.5","16.7","17.1","1.2","26.7","86.1","2582","10.5","-31.2","5.6","12.5","1.4","9.3","85.4","1037","-6.7","-31.6","5.8","9.2","1.5"
"Sauer, Matt",669422,2025,26,"9","27.2",120,108,32,21,5,1,5,22,8,18.3,6.7,".296",".500",".350","0.850","0.204",".325","19","21","1","0","83","2","1","1","0","0","6.18",,,"0","2","0","0","0","0","0","17","19","0","0","0","0","0","0","29","0","149","70","0","0","0","0","0","0","101","1","4","8","4","0","0","2","5","9","18","88","7","0","0","0","0","12","30","6","0","0","0","0","0","0","0","2","1","38","2","164","54","0","0","2","0","468","2","304","43","3","0","0","0","1",".285",".457",".366",".344",".340",".171",".420",".389",".364",".350",".011",".043",".022","71.4",24.9,14.8,12.2,32.1,26.4,"7.1",5,9.4,-1.7,49.7,31.2,"90","11.8",36.4,7,8,4.5,27.3,25,34.1,1.1,36.4,"80.678028182","93.778118046",68.9,11.7,30.9,34.7,63.9,25,72,49.8,233,83.7,9.2,40,336,92,468,88.3,19,162,50.2,235,41.7,195,18.8,50,42,43.2,14.8,88,64.2,44.3,39,21.6,19,27.3,24,6.8,6,"R","468",44.7,"21.2","94.1","2176","-5.3","-14.2","16.8","17.8","1.3","14.1","84.3","2449","5.3","-43.7","-5.1","7.6","1.4","7.9","87.7","1577","-13.5","-28.9","6.9","15.5","1.5","5.6","82.6","2501","8.9","-45.1","-5","10.5","1.3","18.8","94.3","2098","-14.3","-17.8","13","19.4","1.3","31.8","90","2527","4.6","-25.8","7.9","9.6","1.6","0.6","84.6","1171","-7.1","-35.1","3.3","8","1.5",,,,,,,,,,,,,,,,,,,,,,,,,,,,,,,,,,,,,,,,,"71.8","92.3","2311","-3.3","-20.3","11.9","14.6","2.7","19.7","83.8","2464","6.3","-44.1","-5.1","8.4","1.5","8.5","87.4","1547","-13","-29.4","6.7","15","1.6"
"Bolton, Cody",675989,2025,27,"1","2.0",10,10,4,3,1,0,0,1,0,10,0,".400",".500",".400","0.900","0.100",".444","3","3","0","0","6","0","0","0","0","0","13.50",,,"0","0","0","0","0","0","0","1","3","0","0","0","0","0","0","3","0","12","8","0","0","0","0","0","0","9","0","0","1","0","0","0","0","0","1","3","9","2","0","0","0","0","1","2","1","0","0","0","0","0","0","0","0","0","2","0","12","5","0","0","0","0","40","0","28","2","0","0","0","0","0",".377",".539",".393",".392",".377",".162",".437",".436",".444",".418",".023","-0.039",".001","72.1",23.1,9.1,7.7,36.4,30.8,"7.3",0,11.4,3.9,53.8,32.9,"91.3","12.7",33.3,1,11.1,0,33.3,33.3,22.2,0,44.4,"81.015068","95.840591111",66.7,6.3,25,25,75,1,4,40,16,66.7,7.5,0,25,0,40,93.8,1,16,60,24,47.5,19,10,50,22.2,44.4,33.3,9,60,33.3,3,11.1,1,44.4,4,11.1,1,"R","40",38.5,"12.5","94.3","2486","-7.6","-17","13.7","15.9","1.4",,,,,,,,,,,,,,,,,,,,,,,,,"42.5","93.9","2321","-14.4","-22","9.1","17.1","1.5","7.5","88.9","2879","7","-34.9","-0.4","7.2","1.4",,,,,,,,,,,,,,,,,"37.5","82.9","2790","14.2","-37.9","2","14.4","1.3",,,,,,,,,,,,,,,,,,,,,,,,,"62.5","93.4","2421","-10.5","-22.6","8.9","15.7","1.8","37.5","82.9","2790","14.2","-37.9","2","14.4","1.3",,,,,,,,
"Mejia, Juan",675848,2025,24,"17","22.2",100,88,21,11,5,1,4,24,10,24,10,".239",".455",".313","0.768","0.216",".279","9","14","0","0","68","0","0","0","0","0","3.57",,,"1","4","0","0","0","0","0","19","14","1","0","0","0","0","0","17","0","127","66","0","0","0","0","0","0","70","6","8","17","4","0","0","0","5","4","10","60","6","2","0","0","0","6","20","8","0","0","0","0","0","0","1","1","0","47","5","131","36","0","0","4","0","382","2","251","49","5","0","0","0","0",".227",".342",".333",".288",".306",".115",".400",".334",".323",".312",".012",".113",".045","70.8",17.3,11,8.3,33.9,25.6,"7.2",1,7.4,1.1,46.4,32.7,"87.6","12.8",34.8,4,6.1,10.6,18.2,24.2,30.3,6.1,39.4,"75.705435161","93.836257419",65.8,19.4,28.4,53.8,46.2,28,52,45.5,183,73.5,8.5,0,233,169,402,80.6,28,144,54.5,219,40.8,164,28.6,48.8,28.8,31.8,39.4,66,57,39.4,26,24.2,16,27.3,18,9.1,6,"R","402",36.6,"58","96.2","2569","-1.8","-16.8","12.4","12.8","1.5","42","82.6","2814","14.3","-41.4","-1.4","14.6","1.3",,,,,,,,,,,,,,,,,,,,,,,,,,,,,,,,,,,,,,,,,,,,,,,,,,,,,,,,,,,,,,,,,,,,,,,,,,,,,,,,,"58","96.2","2569","-1.8","-16.8","12.4","12.8","1.5","42","82.6","2814","14.3","-41.4","-1.4","14.6","1.3",,,,,,,,
"Hudson, Bryan",663542,2025,28,"12","10.1",54,39,8,6,2,0,0,13,12,24.1,22.2,".205",".256",".415","0.671","0.051",".308","5","7","0","0","31","0","1","0","1","0","4.35",,,"4","2","0","0","0","0","0","15","4","2","2","0","0","0","0","14","0","93","50","0","0","0","0","0","0","32","2","2","12","1","0","0","2","0","3","5","27","3","2","0","2","1","7","10","0","1","0","0","0","0","0","1","0","0","19","2","103","10","0","0","2","0","234","1","131","19","1","0","0","0","2",".206",".248",".319",".315",".416",".042",".302",".296",".308",".309","-0.001",".008",".004","71.2",20.3,13,9.5,33.3,24.3,"7.2",1,6.6,1.3,51.4,34.2,"89.7","14.6",22.2,0,0,3.7,33.3,25.9,25.9,11.1,40.7,"78.754553846","94.703786923",55.4,21,15.6,47.4,52.6,9,19,52.1,122,73.3,6.4,4,185,0,234,79,13,62,47.9,112,43.6,102,27.2,34.6,48.1,29.6,22.2,27,42.3,48.1,13,25.9,7,18.5,5,7.4,2,"L","234",13.1,"70.1","90.1","2199","9.4","-20.7","13.1","16.2","1.6",,,,,,,,,"1.7","85.9","1874","15.6","-34","3.1","16","1.5",,,,,,,,,"8.1","89","2081","14.8","-31.8","3","15.3","1.4","0.9","84.1","2075","2.3","-34.5","4.7","5.2","1.4",,,,,,,,,,,,,,,,,"19.2","79.7","2061","-15.3","-48","-4.3","16.2","2",,,,,,,,,,,,,,,,,,,,,,,,,"79.1","89.9","2186","9.9","-22","12","16","1.7","19.2","79.7","2061","-15.3","-48","-4.3","16.2","2","1.7","85.9","1874","15.6","-34","3.1","16","1.5"
"Alcantara, Sandy",645261,2025,29,"14","68.0",304,264,68,41,17,0,10,55,32,18.1,10.5,".258",".436",".337","0.773","0.178",".284","52","53","0","0","204","3","8","4","0","0","6.88",,,"22","8","0","0","0","0","0","43","51","20","2","0","3","0","0","72","0","417","199","1","0","0","0","0","0","225","6","0","0","3","0","1","2","12","29","27","214","28","0","0","0","1","39","75","21","0","0","0","0","0","0","0","5","14","114","1","447","115","0","0","8","0","1211","5","764","115","0","0","0","0","1",".271",".457",".338",".351",".351",".186",".368",".387",".318",".338","-0.013","-0.021","-0.013","71.8",24.7,12.3,9.8,34.2,27.2,"7.3",9,9.5,-0.4,48.3,34,"90.6","8.5",33.6,20,9.3,4.2,25.7,21,38.3,1.4,43,"80.500191028","94.65414014",66.2,14.5,25.8,41.7,57.6,63,151,48.4,586,78.2,8.3,271,591,349,1211,85,60,414,51.6,625,41.6,504,21.8,46.7,46.7,29.4,23.8,214,59.9,48.6,104,25.7,55,22.9,49,2.8,6,"R","1211",31,"24.4","97.4","2274","-14.7","-16.4","12.7","19.6","1.4","13.6","88.7","2392","0.4","-31","3.8","4.5","1.7","22.4","90.3","2081","-18","-29.2","4.5","18.7","1.4","15.2","85.3","2449","2.6","-39.3","-1.8","3.9","1.8","24.4","97.2","2322","-18.2","-21.5","7.7","19.8","1.3",,,,,,,,,,,,,,,,,,,,,,,,,,,,,,,,,,,,,,,,,,,,,,,,,,,,,,,,,"48.8","97.3","2298","-16.5","-18.9","10.2","19.7","1.4","28.8","86.9","2422","1.6","-35.4","0.9","4.2","2.5","22.4","90.3","2081","-18","-29.2","4.5","18.7","1.4"
"Weathers, Ryan",677960,2025,25,"5","24.2",102,92,18,10,4,0,4,23,8,22.5,7.8,".196",".370",".267","0.637","0.174",".215","9","12","0","0","74","1","1","0","0","0","3.28",,,"4","7","0","0","0","0","0","15","12","3","1","0","0","0","0","16","0","137","64","0","0","0","0","0","0","70","4","0","0","1","0","0","1","7","5","6","70","4","0","0","0","0","19","24","4","0","0","0","0","0","0","1","0","5","48","3","148","34","0","0","7","0","406","1","258","49","0","0","0","0","2",".211",".378",".282",".289",".282",".167",".322",".332",".261",".282","-0.015","-0.008","-0.007","71.3",22.7,8.6,6.3,32.8,23.9,"7.3",1,10.3,-2.3,53.4,31.9,"88.4","15.9",35.7,6,8.6,2.9,20,32.9,27.1,7.1,34.3,"78.588964412","93.525277353",68.5,21.3,23.5,47.7,52.3,21,44,46.1,187,83.8,9.1,120,207,14,406,78,32,150,53.9,219,41.1,167,27.3,47.8,30,41.4,28.6,70,52.9,41.4,29,37.1,26,14.3,10,7.1,5,"L","406",43.8,"48.5","97.2","2369","9.1","-12.1","17.1","19.5","1.5","3.4","89.7","2596","-0.6","-28.4","5.9","7.1","1.7","29.6","87","1844","14","-33.5","2.9","14.5","1.7",,,,,,,,,"2.5","95.9","2201","16.7","-19.7","10.4","19.7","1.4",,,,,,,,,,,,,,,,,,,,,,,,,"16","83.4","2524","-10.4","-39.8","0","10.9","1.9",,,,,,,,,,,,,,,,,,,,,,,,,"51","97.1","2361","9.5","-12.5","16.8","19.5","1.5","19.5","84.5","2536","-8.7","-37.8","1","10.2","2.8","29.6","87","1844","14","-33.5","2.9","14.5","1.7"
"Shugart, Chase",663767,2025,28,"27","30.1",126,109,23,14,6,0,3,20,14,15.9,11.1,".211",".349",".302","0.651","0.138",".227","11","12","0","1","91","3","3","2","0","0","3.26",,,"1","2","0","0","0","0","0","34","13","1","0","0","0","0","0","31","0","192","82","0","0","0","0","0","0","65","7","8","27","1","0","1","1","5","5","12","91","6","4","0","2","0","17","25","14","0","0","0","0","0","0","0","2","0","47","1","195","38","0","0","2","0","488","2","293","48","17","2","0","0","0",".254",".419",".285",".339",".348",".165",".289",".363",".253",".317","-0.043","-0.070","-0.054","71.4",20.2,12.9,9.8,36.7,27.9,"7.3",3,9.3,-1.3,51.9,32.7,"86.9","17.9",40.7,7,7.7,9.9,20.9,29.7,28.6,3.3,35.2,"75.789669783","93.119733956",63.1,18.8,23.4,45.6,54.4,26,57,50,244,71.7,9.4,24,315,0,488,81.2,29,154,50,244,38.7,189,26.1,43.2,44,36.3,19.8,91,54.8,33,30,25.3,23,29.7,27,12.1,11,"R","488",34.7,"16.2","95.5","2087","-6.9","-15.3","14.8","16.5","1.2",,,,,,,,,"4.9","88.2","1776","-15","-29.2","6.1","16.4","1.3",,,,,,,,,"21.7","94.2","2063","-14","-22.2","8.7","16.6","1.4","26.6","89.7","2461","4.2","-27.5","6.2","8","1.5",,,,,,,,,,,,,,,,,"30.5","80.7","2634","17.3","-41.9","0.4","17.5","1.5",,,,,,,,,,,,,,,,,,,,,,,,,"64.5","92.7","2233","-4.7","-22.6","9.2","13","3","30.5","80.7","2634","17.3","-41.9","0.4","17.5","1.5","4.9","88.2","1776","-15","-29.2","6.1","16.4","1.3"
"Adcock, Ty",686654,2025,28,"3","3.0",14,11,2,1,0,0,1,5,2,35.7,14.3,".182",".455",".308","0.763","0.273",".200","1","1","0","0","9","0","0","0","0","0","3.00",,,"0","0","0","0","0","0","0","5","1","0","0","0","0","0","0","1","0","29","8","1","0","0","0","0","0","30","0","1","3","0","0","0","0","1","1","0","6","0","0","0","0","0","3","0","0","0","0","0","0","0","0","0","0","0","8","0","30","5","0","0","0","0","82","0","52","8","1","0","0","0","0",".111",".277",".335",".244",".248",".165",".494",".298",".333",".204",".071",".178",".091","71.6",25,2.9,2.5,11.8,10,"7",1,6,6.9,55,32.2,"93.1","38.8",16.7,1,16.7,16.7,16.7,50,0,0,33.3,"86.164383333","94.920916667",74.5,18.4,19.4,16.7,83.3,1,6,37.8,31,100,11,5,52,25,82,81.6,7,38,62.2,51,45.1,37,18.2,53.7,16.7,33.3,50,6,64.3,16.7,1,66.7,4,0,0,16.7,1,"R","82",47.1,"41.5","97.1","2172","-5.6","-12.2","17.1","18","1.5","30.5","86.9","2199","3","-37.6","-1.5","3.7","1.3",,,,,,,,,,,,,,,,,"1.2","94.9","2233","-12.6","-19.8","10.5","16.4",,"20.7","93.1","2206","3.4","-21.7","9.7","10.4","1.4","6.1","87.6","877","-8.9","-30.5","5.3","10.5","1.5",,,,,,,,,,,,,,,,,,,,,,,,,,,,,,,,,,,,,,,,,"63.4","95.7","2184","-2.8","-15.5","14.5","15.5","2.1","30.5","86.9","2199","3","-37.6","-1.5","3.7","1.3","6.1","87.6","877","-8.9","-30.5","5.3","10.5","1.5"
"Burke, Sean",680732,2025,25,"15","76.0",333,290,73,43,18,1,11,61,35,18.3,10.5,".252",".434",".338","0.772","0.182",".282","38","44","0","0","228","3","7","2","0","0","4.50",,,"8","41","1","0","3","0","0","59","38","6","1","1","5","0","0","67","0","466","189","1","4","0","0","0","0","215","17","0","2","3","0","2","4","15","19","39","232","19","0","0","0","0","58","59","20","0","0","0","0","0","0","1","2","13","127","6","500","126","4","3","42","0","1286","3","786","130","1","0","0","0","4",".267",".499",".340",".366",".353",".232",".370",".408",".316",".336","-0.015","-0.065","-0.026","71.8",23.8,15.7,11.9,32,24.2,"7.3",10,10.9,-1.7,55.5,31.3,"88.4","18.4",39.2,26,11.2,7.3,23.3,30.6,19,7.8,40.9,"76.043166579","94.577903612",68.4,17.8,25.2,42.4,56.4,70,165,50.9,655,75.4,8.9,88,598,600,1286,81.9,77,432,49.1,632,41.2,530,24.6,46.4,42.2,35.3,22.4,232,58.3,33.6,78,32.3,75,25.9,60,8.2,19,"R","1286",42.9,"40.2","94.1","2551","-4.3","-12.3","18.8","19.5","1.5","26.7","86.4","2528","5.5","-32","4.6","7.7","1.6","6.8","85.4","1852","-15.1","-28.2","9.5","18","1.5","20","78.9","2571","6.6","-59.8","-15.3","16.9","1.9","6.3","93.5","2402","-12.9","-15.8","15.7","20.5","1.4",,,,,,,,,,,,,,,,,,,,,,,,,,,,,,,,,,,,,,,,,,,,,,,,,,,,,,,,,"46.5","94","2531","-5.5","-12.7","18.4","19.6","1.5","46.7","83.2","2547","6","-43.9","-3.9","11.6","4.4","6.8","85.4","1852","-15.1","-28.2","9.5","18","1.5"
"King, Bryan",687911,2025,28,"32","30.0",127,117,24,17,4,0,3,35,6,27.6,4.7,".205",".316",".260","0.576","0.111",".263","9","9","0","0","90","3","1","1","0","0","2.70",,,"0","5","0","0","0","0","0","26","8","0","0","0","0","0","0","24","0","142","95","0","0","0","0","0","0","88","6","3","32","1","0","0","3","2","9","12","80","4","14","0","0","0","21","17","10","0","0","0","0","0","0","0","1","0","54","0","146","33","0","0","5","0","470","1","324","54","10","0","0","0","1",".223",".346",".258",".280",".283",".123",".318",".354",".289",".325","-0.018","-0.030","-0.022","70.8",20.1,10.8,8.1,31.8,23.9,"7",4,6.9,3.5,42.6,31.7,"86.9","21.4",38.6,3,3.6,6,27.7,33.7,20.5,7.2,30.1,"76.98611075","92.545229241",64.4,23.2,28.2,37.7,62.3,23,61,43.5,216,74.4,8.7,4,320,6,497,76.2,42,181,56.5,281,46.7,232,26.9,48.7,32.5,36.1,31.3,83,63,33.7,28,30.1,25,27.7,23,8.4,7,"L","497",33.3,"59.8","91.9","2143","4","-17.8","14.7","15.3","1.3",,,,,,,,,"0.8","88","1669","13.2","-32.1","3.6","13.7","1.4","1.2","77","2233","-13.7","-50","-3.5","14.6","1.5","4.6","90.7","1992","12.6","-27.2","6.3","14.2","1.2",,,,,,,,,,,,,,,,,,,,,,,,,"33.6","79.6","2329","-17.4","-41.1","2.6","17.8","1.4",,,,,,,,,,,,,,,,,,,,,,,,,"64.4","91.8","2133","4.6","-18.5","14.1","15.2","1.3","34.8","79.5","2326","-17.3","-41.4","2.4","17.7","1.4","0.8","88","1669","13.2","-32.1","3.6","13.7","1.4"
"Topa, Justin",623437,2025,34,"26","27.2",125,113,29,21,7,0,1,23,9,18.4,7.2,".257",".345",".320","0.665","0.088",".311","9","12","0","2","83","1","2","0","0","0","2.93",,,"3","3","0","0","0","0","0","30","16","3","0","0","0","1","0","35","0","147","84","0","0","0","0","0","1","71","5","6","25","1","0","0","2","2","8","15","87","11","2","0","1","0","12","32","10","0","0","0","0","1","0","0","1","1","31","3","152","35","0","0","3","0","430","1","278","31","12","5","0","0","2",".274",".398",".295",".326",".340",".124",".325",".368",".319",".346","-0.017","-0.053","-0.031","71.7",21.8,22.6,18.8,41.6,34.5,"7.1",3,8,0.8,43,33,"90.2","7.4",37.4,5,5.5,9.9,23.1,17.6,37.4,6.6,50.5,"79.257761957","95.31069011",60.9,10.1,26.8,39.3,60.7,22,56,46.2,209,75,8.8,62,281,0,452,89.2,15,148,53.8,243,40.9,185,18.1,45.1,35.2,37.4,27.5,91,66.4,47.3,43,16.5,15,28.6,26,7.7,7,"R","451",10.8,,,,,,,,,,,,,,,,,"13.7","86.3","1792","-12.5","-42.7","-5.8","14","1.4",,,,,,,,,"42.4","93.9","2163","-18","-30.8","0.4","18.1","1","20","90.8","2305","-1.5","-27","6","6.4","1.5",,,,,,,,,,,,,,,,,"23.9","82","2592","13.9","-37.5","3.4","14.5","1.6",,,,,,,,,,,,,,,,,,,,,,,,,"62.3","92.9","2208","-12.7","-29.6","2.2","14.3","1.9","23.9","82","2592","13.9","-37.5","3.4","14.5","1.6","13.7","86.3","1792","-12.5","-42.7","-5.8","14","1.4"
"Mey, Luis",682825,2025,24,"15","14.1",62,50,8,5,1,0,2,15,10,24.2,16.1,".160",".300",".306","0.606","0.140",".176","7","7","0","0","43","1","0","2","0","0","4.40",,,"0","1","0","0","0","0","0","13","9","0","0","0","0","0","0","15","0","104","50","0","0","0","0","0","0","45","1","7","15","0","0","1","1","2","3","3","36","3","2","0","0","0","4","17","4","0","0","0","0","0","0","0","1","0","29","0","117","15","0","0","1","0","279","1","162","30","3","2","0","0","0",".220",".362",".283",".342",".365",".143",".274",".377",".222",".323","-0.060","-0.062","-0.059","72.1",29.9,11.4,8.2,28.6,20.6,"7.4",3,10.9,-3.5,62.9,32.5,"89.6","8",33.3,4,11.1,0,22.2,19.4,44.4,2.8,41.7,"77.959182778","94.8647875",60.3,20.3,22.3,45.5,54.5,15,33,53,148,75,5.7,0,218,61,279,79.7,16,79,47,131,46.2,129,27.7,40.1,50,19.4,30.6,36,51.6,55.6,20,19.4,7,19.4,7,5.6,2,"R","279",35.1,"1.4","98.3","2285","-10.4","-14.1","14.3","17.8","1.5","21.9","85.8","2213","7.1","-30.3","6.9","10.6","1.7",,,,,,,,,,,,,,,,,"76.7","98.7","2290","-14.8","-21.2","7.1","16.6","1.4",,,,,,,,,,,,,,,,,,,,,,,,,,,,,,,,,,,,,,,,,,,,,,,,,,,,,,,,,"78.1","98.7","2290","-14.7","-21","7.2","16.6","1.4","21.9","85.8","2213","7.1","-30.3","6.9","10.6","1.7",,,,,,,,
"Zastryzny, Rob",642239,2025,33,"12","10.2",44,41,10,6,1,0,3,13,2,29.5,4.5,".244",".488",".273","0.761","0.244",".269","3","3","0","0","32","1","1","0","0","0","2.53",,,"0","1","0","0","0","0","0","7","4","0","0","0","0","0","0","6","0","51","28","0","0","0","0","0","0","33","2","2","11","0","0","0","0","4","2","4","29","0","1","0","1","0","6","9","1","0","0","0","0","0","0","0","1","1","27","0","55","20","0","0","1","0","174","1","119","27","6","1","0","0","0",".243",".468",".314",".307",".276",".225",".442",".431",".345",".350",".001",".020",".007","72.7",35.8,9.1,6.2,32.7,22.2,"7.4",2,10.9,-5.8,44.4,30,"88.3","15.6",44.8,3,10.3,3.4,31,31,20.7,3.4,24.1,"79.636971333","92.791193103",71.2,29.7,24.3,41.2,58.8,7,17,40.2,70,91.7,6.9,16,136,0,174,70.3,22,74,59.8,104,43.1,75,31.9,52.3,37.9,27.6,34.5,29,63.6,37.9,11,34.5,10,20.7,6,6.9,2,"L","174",41.7,"50.6","92.2","2518","3.8","-15.4","16.9","17.4","1.2",,,,,,,,,,,,,,,,,,,,,,,,,,,,,,,,,"27.6","86.6","2563","-5.1","-32.4","4","6.9","1.4","9.2","83.7","1423","9.8","-37.2","1.7","10.1","1.5",,,,,,,,,"12.6","80.6","2437","-12.4","-37","5.4","13.7","1.4",,,,,,,,,,,,,,,,,,,,,,,,,"78.2","90.2","2534","0.7","-21.4","12.3","13.7","2.9","12.6","80.6","2437","-12.4","-37","5.4","13.7","1.4","9.2","83.7","1423","9.8","-37.2","1.7","10.1","1.5"
"Sandlin, Nick",680704,2025,28,"10","8.0",41,35,7,5,2,0,0,11,4,26.8,9.8,".200",".257",".317","0.574","0.057",".292","2","5","1","1","24","0","2","1","0","0","2.25",,,"0","3","1","0","0","0","0","7","2","0","0","0","0","1","0","11","0","59","22","0","1","0","0","0","0","24","0","4","10","0","0","0","2","0","2","4","21","2","2","0","0","0","3","8","1","1","0","0","0","1","0","0","0","0","29","3","63","7","1","0","4","0","159","0","96","29","2","0","0","0","2",".223",".282",".273",".290",".337",".059",".291",".319",".292",".326","-0.023","-0.025","-0.017","71.3",25.8,19,12.9,33.3,22.6,"7.6",6,16.6,-13.3,44.4,33.5,"86.8","18.1",33.3,0,0,8.3,29.2,25,29.2,8.3,41.7,"73.3153775","94.13474375",61.3,22.4,35.7,60,40,21,35,55.1,98,58.3,6.7,42,53,82,178,77.6,11,49,44.9,80,36.5,65,38.1,47.2,58.3,25,16.7,24,56.1,41.7,10,16.7,4,25,6,16.7,4,"R","177",10.4,"19.8","91.6","2336","-14.2","-20.5","12.6","19.1","1.3","46.3","78.6","2548","13.7","-36.9","7.9","16","1.2",,,,,,,,,,,,,,,,,"10.2","91.7","2203","-18","-30.1","2.7","18.4","1.4",,,,,,,,,"23.7","84.2","1705","-12.7","-41.6","-2.6","13.2","1.4",,,,,,,,,,,,,,,,,,,,,,,,,,,,,,,,,,,,,,,,,"29.9","91.6","2291","-15.5","-23.8","9.2","18.8","1.3","46.3","78.6","2548","13.7","-36.9","7.9","16","1.2","23.7","84.2","1705","-12.7","-41.6","-2.6","13.2","1.4"
"Cleavinger, Garrett",664076,2025,31,"30","28.0",111,102,20,13,2,0,5,35,5,31.5,4.5,".196",".363",".261","0.624","0.167",".242","7","8","1","1","84","0","2","0","0","0","2.25",,,"1","11","0","0","1","0","0","19","11","1","0","0","0","1","0","16","0","119","77","0","1","0","0","0","0","65","5","5","30","2","0","0","4","6","5","9","67","4","10","0","0","0","15","22","5","0","0","0","0","0","0","0","0","0","63","1","130","37","1","1","11","0","409","0","279","64","8","3","0","0","0",".234",".382",".278",".298",".296",".148",".365",".401",".299",".357","-0.038","-0.019","-0.020","71.9",26.5,14,9.9,36.8,25.9,"7.3",5,9.4,0,48.1,31.3,"89.9","15.1",37.3,4,6,9,28.4,26.9,23.9,4.5,38.8,"79.308816667","94.768091077",64.9,25.3,29.2,59.6,40.4,31,52,43.5,178,75,8.8,0,227,145,409,74,38,150,56.5,231,39.4,161,34.2,49.4,37.3,28.4,34.3,67,65.8,40.3,27,31.3,21,20.9,14,7.5,5,"L","409",31.8,"8.8","97","2369","8.6","-13.3","15.7","18","1.3","35.5","86.7","2600","-6.2","-36.7","-0.8","6.6","1.8",,,,,,,,,,,,,,,,,"44","96.2","2409","16.5","-20.3","9.2","19","1.2","2.7","90","2535","-4","-29.2","4.4","6","1.4",,,,,,,,,,,,,,,,,"9","81.4","2809","-16.8","-43.3","-1.8","17","1.4",,,,,,,,,,,,,,,,,,,,,,,,,"55.5","96.1","2409","14.3","-19.6","10","18.2","1.9","44.5","85.6","2642","-8.3","-38.1","-1","8.7","2.8",,,,,,,,
"Ellard, Fraser",686642,2025,27,"7","6.2",25,18,1,1,0,0,0,10,6,40,24,".056",".056",".320","0.376","0.000",".125","5","5","0","0","20","0","2","0","0","0","6.75",,,"1","2","0","0","0","0","0","6","0","1","0","0","0","0","0","1","0","40","21","0","1","0","1","0","0","23","5","3","7","1","0","0","1","0","1","0","8","0","1","0","0","0","2","3","1","0","0","0","0","0","0","0","0","0","10","0","46","1","2","0","2","0","114","0","68","11","4","0","0","0","0",".124",".240",".231",".306",".369",".116",".111",".346",".125",".279","-0.068","-0.184","-0.075","71.2",21.1,14.8,10.5,25.9,18.4,"7.3",1,9,2.1,55.3,33.6,"96.2","19.8",12.5,0,0,25,25,25,25,0,75,"91.75911","97.44192125",60,13.3,26.6,70.6,29.4,12,17,56.1,64,62.5,7,16,68,30,114,86.7,4,30,43.9,50,48.2,55,34,41.2,37.5,37.5,25,8,52,50,4,25,2,12.5,1,12.5,1,"L","114",30,"47.4","94.3","2503","11.2","-15.8","15.3","19","1.2","26.3","83.6","2271","-8.3","-41.9","-2.4","8.9","1.3","14","89.1","1676","12.3","-31.9","2.8","13.3","1.4",,,,,,,,,"12.3","92.1","2092","16.2","-25.7","6.9","18","1.4",,,,,,,,,,,,,,,,,,,,,,,,,,,,,,,,,,,,,,,,,,,,,,,,,,,,,,,,,"59.6","93.8","2419","12.2","-17.8","13.6","18.8","1.5","26.3","83.6","2271","-8.3","-41.9","-2.4","8.9","1.3","14","89.1","1676","12.3","-31.9","2.8","13.3","1.4"
"Gordon, Tanner",685299,2025,27,"3","17.0",71,68,20,14,3,1,2,10,3,14.1,4.2,".294",".456",".324","0.780","0.162",".321","8","11","0","0","51","1","2","0","0","0","4.24",,,"3","5","0","0","0","0","0","10","10","3","0","0","1","0","0","16","0","69","31","0","0","0","0","0","0","59","0","0","0","3","0","0","0","5","6","9","58","4","0","0","0","0","10","18","5","0","0","0","0","0","0","0","0","3","20","3","75","31","0","0","5","0","243","0","168","20","0","0","0","0","0",".289",".421",".339",".320",".319",".132",".379",".357",".345",".339",".005",".035",".019","72.3",24.6,13.1,11.1,29.9,25.4,"7.4",0,9.7,0.6,42.9,34.1,"90.4","17.2",34.5,4,6.9,6.9,29.3,29.3,25.9,0,37.9,"80.067880345","94.553209123",78.4,12.8,26.9,21.4,78.6,6,28,42.8,104,94.4,7.4,53,116,74,243,87.2,14,109,57.2,139,43.2,105,14.6,56.4,32.8,44.8,22.4,58,63.4,41.4,24,25.9,15,24.1,14,8.6,5,"R","243",43.2,"47.7","91.7","2185","-10.3","-18.8","13.8","17.3","1.5","27.2","85.2","2005","2.7","-33.6","4","5","1.6","21.8","83.5","2073","-13","-33.2","6","14.5","1.5","3.3","80.4","2167","2.1","-43.6","-1","2.7","1.4",,,,,,,,,,,,,,,,,,,,,,,,,,,,,,,,,,,,,,,,,,,,,,,,,,,,,,,,,,,,,,,,,"47.7","91.7","2185","-10.3","-18.8","13.8","17.3","1.5","30.5","84.7","2022","2.6","-34.6","3.5","4.7","2","21.8","83.5","2073","-13","-33.2","6","14.5","1.5"
"King, John",667463,2025,30,"28","25.2",119,109,35,27,5,0,3,13,8,10.9,6.7,".321",".450",".364","0.814","0.129",".340","13","15","0","1","77","2","0","0","0","0","4.56",,,"4","3","0","0","0","0","0","25","17","4","0","0","0","0","0","29","0","124","60","0","0","0","0","0","0","71","5","10","28","3","0","0","0","8","14","11","95","13","1","0","0","0","7","47","6","2","0","0","0","0","0","1","1","0","33","2","136","46","0","0","3","0","403","2","267","35","17","8","0","0","1",".301",".436",".357",".340",".346",".136",".377",".356",".361",".338",".020",".014",".017","71.9",21.3,16.4,13.7,38.8,32.2,"7.1",4,6.8,6.2,45.4,35.1,"89","-0.3",25.5,5,5.1,2,25.5,11.2,51,4.1,40.8,"77.381976667","94.458980104",71.4,11.3,27.2,41.5,56.6,22,53,46.5,195,85.3,8.1,84,282,53,419,88.8,18,160,53.5,224,42.7,179,18.8,50.8,31.6,43.9,24.5,98,65.5,62.2,61,17.3,17,19.4,19,1,1,"L","419",27.5,"2.1","93.5","2291","9.3","-20.9","10.4","14.3","1.5","12.6","84.4","2888","-4.8","-40.6","-2.2","5.8","1.5","20","85.6","1712","16","-35.5","2","16.3","1.4",,,,,,,,,"65.2","93.1","2226","14.8","-28.9","2.8","15.2","1.2",,,,,,,,,,,,,,,,,,,,,,,,,,,,,,,,,,,,,,,,,,,,,,,,,,,,,,,,,"67.3","93.1","2228","14.6","-28.6","3","15.2","1.3","12.6","84.4","2888","-4.8","-40.6","-2.2","5.8","1.5","20","85.6","1712","16","-35.5","2","16.3","1.4"
"Valdez, Framber",664285,2025,31,"15","96.0",385,345,75,50,16,3,6,99,33,25.7,8.6,".217",".333",".292","0.625","0.116",".285","33","33","0","0","288","8","4","5","0","0","3.09",,,"11","11","0","0","0","0","0","75","31","9","2","0","11","0","0","81","0","443","239","0","1","2","0","2","0","228","18","0","0","12","0","1","4","8","38","28","249","17","0","0","0","1","32","113","22","0","0","0","0","0","0","1","2","15","140","0","492","115","2","0","11","0","1394","3","902","164","0","0","0","0","1",".246",".383",".281",".311",".319",".137",".330",".378",".302",".345","-0.029","-0.050","-0.030","72.3",26.9,17.2,12.9,36.9,27.8,"7.4",18,9.6,-2.1,52.1,33.5,"90.9","2.5",27.7,18,7.2,4,25.7,13.7,44.6,4.4,46.6,"80.114073171","95.39670126",63.7,14.5,30.6,56.3,43.3,117,208,48.8,680,75.3,7,245,644,505,1394,85.1,66,455,51.2,714,44.1,615,27.6,47.6,37.3,37.3,25.3,249,62.9,60.6,151,16.5,41,20.5,51,2.4,6,"L","1394",41.7,"0.9","93.4","2249","6.9","-22","9.4","11.8","1.6","2.7","84.3","2549","-4","-41.2","-2.8","5.7","1.5","17.6","89.7","1712","14.6","-33.7","0.6","14.9","1.9","33.5","79.6","2964","-13","-58.9","-15","19.9","1.6","45.3","94.1","2209","15.9","-25","6.2","17.3","1.7",,,,,,,,,,,,,,,,,,,,,,,,,,,,,,,,,,,,,,,,,,,,,,,,,,,,,,,,,"46.2","94.1","2210","15.7","-24.9","6.3","17.2","1.8","36.2","79.9","2933","-12.4","-57.6","-14","18.9","2.1","17.6","89.7","1712","14.6","-33.7","0.6","14.9","1.9"
"Berríos, José",621244,2025,31,"15","87.1",363,325,80,51,16,1,12,76,33,20.9,9.1,".246",".412",".320","0.732","0.166",".286","37","37","0","0","262","2","3","1","1","0","3.81",,,"6","11","6","0","0","2","0","70","35","6","0","0","9","0","0","68","0","460","227","0","3","0","0","0","0","217","11","0","0","10","0","1","3","13","21","46","251","11","0","0","2","0","46","80","17","0","0","0","0","0","0","1","1","15","128","0","483","134","3","2","17","0","1324","2","841","133","0","0","0","0","0",".263",".474",".321",".350",".338",".210",".368",".409",".320",".345","-0.017","-0.062","-0.029","72.7",28.9,15.3,11.8,34.3,26.5,"7.5",9,11.4,-3.4,56.5,33.4,"89.7","15",34.3,27,10.8,4.8,23.5,25.5,31.5,3.6,39.8,"78.662989919","94.573431855",66.3,14.8,28.2,41.8,58.2,82,196,52.4,694,84,7.6,212,753,0,1324,84.7,62,418,47.6,630,42.3,560,23.5,46.4,41.4,35.9,22.7,251,63.6,40.2,101,23.5,59,25.5,64,10.8,27,"R","1324",37.9,"20","93.1","2144","-9.9","-16.3","15.4","18.4","1.4",,,,,,,,,"16","85.6","1529","-14.6","-33.5","4","15.4","1.5",,,,,,,,,"30.9","92.4","2045","-16.5","-21.7","10.5","19.7","1.4","6","89.8","2316","0.7","-24.8","9","9.3","1.3",,,,,,,,,,,,,,,,,,,,,,,,,"27.1","82.6","2355","15.4","-44.5","-4.1","16.1","1.8",,,,,,,,,,,,,,,,,"56.9","92.4","2108","-12.4","-20.1","12.1","18.1","1.8","27.1","82.6","2355","15.4","-44.5","-4.1","16.1","1.8","16","85.6","1529","-14.6","-33.5","4","15.4","1.5"
"Liberatore, Matthew",669461,2025,25,"14","79.1",329,312,81,55,18,1,7,66,11,20.1,3.3,".260",".391",".287","0.678","0.131",".306","36","38","0","0","238","4","6","2","0","0","4.08",,,"9","15","0","0","0","0","0","54","35","7","2","0","8","0","0","59","0","344","201","0","2","0","0","0","0","214","8","0","0","3","0","0","2","8","34","39","250","17","0","0","0","2","56","75","20","0","0","0","0","1","0","1","3","14","108","2","386","122","2","0","15","0","1182","4","796","119","0","0","0","0","2",".263",".420",".295",".310",".294",".157",".353",".372",".325",".335","-0.003","-0.029","-0.015","72",25.9,17.6,14.1,41,32.9,"7.4",11,10.5,-2.8,55.1,32.6,"91.4","13.7",34,24,9.6,5.2,24,26,30.8,4.4,45.2,"81.704229024","95.219881748",65.4,10.3,34.4,44.4,55.6,88,198,48.6,575,70.9,7.3,154,619,408,1182,89.2,41,397,51.4,607,41.2,487,21.7,50.3,39.2,35.6,25.2,250,64.4,43.6,109,26,65,24.4,61,6,15,"L","1181",46.5,"26.8","94.3","2083","7.1","-14.6","16.2","17.8","1.3","22.1","86.4","2693","-4.3","-36.4","0","4.9","1.5","13","88.9","1779","14.9","-24.5","10.1","18.1","1.5","12.4","77.8","2947","-9.5","-64.3","-18.3","20.7","1.4","11.8","94.2","2085","12.7","-16.6","14.3","19.2","1.5","13.9","90.2","2493","-2.7","-23.6","9.7","10.3","1.5",,,,,,,,,,,,,,,,,,,,,,,,,,,,,,,,,,,,,,,,,,,,,,,,,"52.4","93.2","2192","5.8","-17.4","14.1","16.2","2.4","34.5","83.3","2785","-6.2","-46.4","-6.6","10.6","4.7","13","88.9","1779","14.9","-24.5","10.1","18.1","1.5"
"Hernández, Enrique",571771,2025,33,"4","5.0",31,26,9,7,1,0,1,1,5,3.2,16.1,".346",".500",".452","0.952","0.154",".333","5","7","0","0","15","0","0","1","0","0","9.00",,,"0","0","0","0","0","0","0","8","6","0","0","0","0","0","0","12","0","39","15","0","0","0","0","0","0","6","0","3","4","0","0","0","0","2","3","4","25","2","0","0","0","0","5","9","1","0","0","0","0","0","0","0","0","0","5","2","44","13","0","0","0","0","95","0","51","5","1","0","0","0","1",".304",".511",".420",".404",".416",".207",".382",".362",".360",".316",".042","-0.011",".016","71.6",32.3,19.2,16.1,53.8,45.2,"7.2",0,15.2,-9.2,61.3,29.2,"83.4","7",36,2,8,4,28,24,28,8,24,"71.907056923","91.8096148",53.7,13.6,25.9,14.3,85.7,2,14,56.8,54,100,1.1,0,0,0,95,86.4,3,22,43.2,41,44.2,42,13.9,37.9,48,40,12,25,48.4,48,12,28,7,20,5,4,1,"R","55",63.7,,,,,,,,,,,,,,,,,,,,,,,,,"100","51.4","1166","16.1","-90.5","17.1","23.8","3",,,,,,,,,,,,,,,,,,,,,,,,,,,,,,,,,,,,,,,,,,,,,,,,,,,,,,,,,,,,,,,,,,,,,,,,,"100","51.4","1166","16.1","-90.5","17.1","23.8","3",,,,,,,,
"Church, Marc",687847,2025,24,"5","4.2",23,16,4,2,2,0,0,5,6,21.7,26.1,".250",".375",".435","0.810","0.125",".333","2","2","0","1","14","0","0","0","0","0","3.86",,,"1","0","0","0","0","0","0","5","2","1","0","0","0","0","0","6","0","46","16","0","0","0","0","0","0","13","1","0","5","1","0","0","0","2","1","1","12","0","1","0","0","0","2","4","0","1","0","0","0","0","0","0","1","0","8","0","48","6","0","0","0","0","99","1","51","9","0","0","0","0","0",".276",".621",".368",".442",".453",".345",".359",".499",".333",".368","-0.026","-0.246","-0.074","72.6",27.3,21.7,15.2,34.8,24.2,"7.7",1,14.9,-9.2,51.5,31.7,"93.4","16.2",41.7,4,33.3,0,25,16.7,25,0,50,"83.118396667","95.881765",63,24.1,11.3,50,50,3,6,53.5,53,87.5,8.1,3,47,49,99,75.9,7,29,46.5,46,44.4,44,28.6,35.4,33.3,50,16.7,12,47.8,41.7,5,41.7,5,8.3,1,8.3,1,"R","99",61.5,"47.5","96.1","2133","-2.5","-12.1","17.8","18.1","1.6","49.5","86.7","2067","2.3","-31.6","4.8","6.1","1.6","3","91.3","1712","-12.4","-23.5","9.5","15.6","1.5",,,,,,,,,,,,,,,,,,,,,,,,,,,,,,,,,,,,,,,,,,,,,,,,,,,,,,,,,,,,,,,,,,,,,,,,,"47.5","96.1","2133","-2.5","-12.1","17.8","18.1","1.6","49.5","86.7","2067","2.3","-31.6","4.8","6.1","1.6","3","91.3","1712","-12.4","-23.5","9.5","15.6","1.5"
"Devenski, Chris",606965,2025,34,"2","3.0",13,10,3,0,3,0,0,3,1,23.1,7.7,".300",".600",".308","0.908","0.300",".333","2","2","0","0","9","0","0","0","0","0","6.00",,,"0","0","0","0","0","0","0","2","2","0","0","0","0","0","0","3","0","18","10","0","0","0","0","0","0","11","1","2","2","0","0","0","0","0","0","3","9","0","0","0","0","0","1","3","0","0","0","0","0","0","0","0","2","0","4","0","19","6","0","0","0","0","54","2","35","4","0","0","0","0","0",".277",".390",".345",".286",".300",".114",".422",".337",".333",".323",".023",".210",".059","70.8",26.1,10.5,8.7,36.8,30.4,"7.7",0,15.2,-10.6,60.9,31.3,"85.9","22.1",44.4,1,11.1,0,22.2,33.3,22.2,11.1,22.2,"75.700162","93.006338889",63.6,19,19,25,75,1,4,38.9,21,50,7.4,28,14,1,54,81,4,21,61.1,33,33.3,18,20,46.3,77.8,22.2,0,9,69.2,33.3,3,22.2,2,44.4,4,0,0,"R","54",40.4,"25.9","91.1","2318","-12.4","-15.9","17.6","21.6","1.5","1.9","81.9","2120","0.8","-37.3","4.1","4.1",,"51.9","82.1","1662","-19.5","-36.9","4.1","20","1.4",,,,,,,,,,,,,,,,,,,,,,,,,,,,,,,,,,,,,,,,,"20.4","77.2","2354","14.2","-46.7","0.4","14.4","1.6",,,,,,,,,,,,,,,,,,,,,,,,,"25.9","91.1","2318","-12.4","-15.9","17.6","21.6","1.5","22.2","77.6","2335","13.1","-45.9","0.7","13.6","1.7","51.9","82.1","1662","-19.5","-36.9","4.1","20","1.4"
"Priester, Quinn",682990,2025,24,"13","67.2",280,251,58,36,16,0,6,46,26,16.4,9.3,".231",".367",".305","0.672","0.136",".260","26","28","0","0","203","5","2","2","0","0","3.46",,,"3","9","0","0","0","0","0","52","24","2","1","0","3","0","0","54","0","391","177","0","4","1","0","0","0","176","4","1","4","8","0","1","1","10","25","23","207","11","0","0","0","1","28","95","15","1","0","0","0","0","0","1","1","9","100","2","407","92","5","0","9","0","1080","2","673","104","2","1","0","0","1",".256",".379",".299",".314",".328",".123",".314",".334",".282",".313","-0.025","-0.012","-0.015","71.9",24.4,16.1,12.9,35.4,28.3,"7.4",9,11,-1.1,54.8,33.6,"90.5","5.3",26.6,12,5.8,5.3,25.6,17.9,41.1,2.9,41.1,"80.990961485","94.311670941",66.2,13.4,25.5,44.5,53.3,61,137,49.8,538,71.3,9.4,28,644,408,1080,86.4,48,359,50.2,542,44.7,483,22,45.9,38.6,39.6,21.7,207,62.9,58,120,18.8,39,18.4,38,4.8,10,"R","1080",47.3,,,,,,,,,"29.6","85.8","2467","4.4","-37.7","-0.7","5","1.6","2.6","88.3","1424","-13","-30.6","4.3","14","1.4","8.1","80.6","2689","5.3","-51.9","-9.9","11.3","1.4","43.9","93.6","2040","-14.6","-23.6","7.7","16.6","1.2","15.7","92.3","2338","0.8","-20","11.9","12.1","1.4",,,,,,,,,,,,,,,,,,,,,,,,,,,,,,,,,,,,,,,,,,,,,,,,,"59.6","93.3","2119","-10.6","-22.6","8.8","15.4","1.4","37.8","84.7","2515","4.6","-40.8","-2.7","6.4","2.8","2.6","88.3","1424","-13","-30.6","4.3","14","1.4"
"Little, Brendon",663893,2025,28,"34","32.2",140,120,22,18,2,1,1,50,19,35.7,13.6,".183",".242",".300","0.542","0.059",".304","8","11","0","2","98","3","0","3","1","0","2.20",,,"0","6","0","0","0","0","0","34","10","0","0","0","0","0","0","41","0","188","102","0","2","1","0","0","0","59","6","2","34","2","0","0","1","2","8","12","69","7","13","0","0","1","8","32","4","0","0","0","0","0","0","0","0","0","89","3","249","29","3","0","6","0","600","0","351","111","16","3","0","0","3",".190",".283",".258",".273",".306",".093",".317",".347",".314",".326","-0.007","-0.041","-0.015","72.6",33.3,19.8,10.8,35.3,19.2,"7.6",14,12.6,-4.7,52.6,35.1,"89.8","1.8",31.4,5,7.1,5.7,21.4,11.4,51.4,2.9,47.1,"79.012342286","94.607361286",56,19.7,34.1,71.9,28.1,100,139,66.1,408,62.9,5.7,0,326,291,617,77.8,23,117,33.9,209,35.7,220,48,41.5,42.9,38.6,18.6,70,55.7,58.6,41,14.3,10,22.9,16,4.3,3,"L","617",33,"0.6","94.6","2056","12.5","-23.3","7.2","14.6","1.5",,,,,,,,,,,,,,,,,"47.2","87.1","1888","-2.1","-43.6","-7.3","7.8","0.9","46.4","93.7","2055","15.6","-33.5","-2","15.8","0.9","5.8","93","2152","1.3","-25.4","6.3","6.7","1.5",,,,,,,,,,,,,,,,,,,,,,,,,,,,,,,,,,,,,,,,,,,,,,,,,"52.8","93.6","2065","14","-32.5","-0.9","14.8","1","47.2","87.1","1888","-2.1","-43.6","-7.3","7.8","0.9",,,,,,,,
"Saucedo, Tayler",642048,2025,32,"4","3.2",22,19,8,6,1,0,1,3,3,13.6,13.6,".421",".632",".500","1.132","0.211",".467","4","4","0","0","11","0","0","0","0","0","9.82",,,"1","1","0","0","0","0","0","8","5","1","0","0","0","0","0","8","0","34","13","0","0","0","0","0","0","9","0","1","4","0","0","1","0","1","3","4","16","4","0","0","0","0","4","3","1","0","0","0","0","0","0","0","0","0","9","0","36","12","0","0","1","0","84","0","48","10","3","2","0","0","0",".400",".720",".489",".505",".482",".320",".542",".564",".500",".475",".021","-0.088","-0.016","71.4",21.4,23.8,17.9,52.4,39.3,"7.2",1,9.7,-0.7,39.3,32,"88.2","13.5",56.3,2,12.5,6.3,43.8,12.5,18.8,6.3,50,"75.39874","94.8914325",57.1,20,30.6,40,60,6,15,58.3,49,60,6,21,42,13,84,80,4,20,41.7,35,38.1,32,28.6,41.7,37.5,37.5,25,16,36.4,37.5,6,31.3,5,31.3,5,0,0,"L","84",25.9,"3.6","90.7","2331","8.3","-18.1","15.3","17.5","1.5","15.5","80.4","2268","-5.3","-41.6","0.6","6.8","1.5","25","84.7","2234","19.7","-34.5","3.9","20.2","1.4",,,,,,,,,"46.4","89.9","2208","17.2","-30.4","3.6","17.6","1.4",,,,,,,,,,,,,,,,,,,,,,,,,"9.5","79.9","2238","-10.8","-37.3","5.7","12.6","1.4",,,,,,,,,,,,,,,,,,,,,,,,,"50","90","2216","16.5","-29.5","4.4","17.6","1.4","25","80.2","2257","-7.4","-39.9","2.5","9","1.4","25","84.7","2234","19.7","-34.5","3.9","20.2","1.4"
"Sands, Cole",663485,2025,27,"33","31.1",127,114,27,21,3,0,3,24,8,18.9,6.3,".237",".342",".288","0.630","0.105",".270","14","16","2","2","94","3","3","2","0","0","4.02",,,"2","1","0","0","0","0","0","26","20","2","0","0","0","2","0","35","0","153","75","0","1","0","0","0","0","97","3","9","33","2","0","0","1","6","10","11","94","9","7","0","0","1","13","34","8","0","1","0","0","0","0","2","2","0","46","2","163","39","1","0","1","1","484","4","321","48","16","7","0","0","0",".265",".445",".280",".337",".320",".180",".312",".390",".293",".336","-0.028","-0.103","-0.057","71.6",19.3,14.1,11.5,31.1,25.2,"7.3",3,10.1,-3,59.2,32.1,"89.8","11.5",25.5,8,8.5,8.5,22.3,22.3,30.9,7.4,42.6,"78.290966087","94.913452198",68.2,13.2,29.5,43.8,54.7,28,64,44.8,217,75,7.4,105,334,45,484,85.7,24,182,55.2,267,46.1,223,21.1,50.8,43.6,36.2,20.2,94,62.2,46.8,44,22.3,21,20.2,19,10.6,10,"R","484",24.8,"26.4","94.8","2339","-11.3","-16.5","14.1","18.2","0.9",,,,,,,,,,,,,,,,,"9.3","81.2","2924","17.7","-48.2","-6.1","18.9","1.2","9.7","93.7","2224","-16.5","-23.6","7.7","18.4","1.3","32.9","89.4","2419","2.1","-25.6","8.5","9.1","1.1","21.7","87.8","1510","-14.3","-35.5","0.2","14.6","1.1",,,,,,,,,,,,,,,,,,,,,,,,,,,,,,,,,,,,,,,,,"69","92.1","2361","-5.6","-21.8","10.6","13.9","2.9","9.3","81.2","2924","17.7","-48.2","-6.1","18.9","1.2","21.7","87.8","1510","-14.3","-35.5","0.2","14.6","1.1"
"Gibson, Cade",806188,2025,27,"15","22.1",94,85,20,18,1,1,0,12,7,12.8,7.4,".235",".271",".309","0.580","0.036",".274","5","7","0","1","67","1","3","4","0","0","2.01",,,"1","7","0","0","0","0","0","25","4","1","0","0","0","0","0","23","0","116","69","0","0","0","0","0","0","58","1","7","14","2","0","0","2","0","10","10","73","4","1","0","1","0","11","28","11","0","0","0","0","0","0","0","0","1","23","2","129","23","0","0","7","0","356","0","227","25","4","1","0","0","1",".312",".420",".263",".349",".377",".108",".258",".367",".274",".363","-0.077","-0.149","-0.086","71.1",21.7,16.4,13.8,39.7,33.3,"7.2",1,7.9,0.5,50.7,33.3,"89.4","7.2",38.4,3,4.1,4.1,37,15.1,38.4,1.4,39.7,"80.168844167","93.535286806",60.5,6.5,28.5,37.3,62.7,19,51,50.3,179,87,6.5,71,120,130,356,92.5,7,107,49.7,177,38.8,138,16.5,44.4,21.9,39.7,38.4,73,63.8,52.1,38,15.1,11,30.1,22,2.7,2,"L","356",36.1,"10.4","91.9","2238","9.3","-20.4","12.1","15.5","1.4","10.7","85.8","2850","-2.6","-31.6","5.3","6.7","1.9","19.9","85.1","1959","15.5","-36.4","1.6","15.8","1.3","25.8","79.2","2972","-11.7","-60.7","-16.4","20.2","1.5","23.3","92","2265","16.9","-23.6","9","19.2","1.5",,,,,,,,,,,,,,,,,,,,,,,,,"9.8","80.4","2949","-12.9","-43.5","-0.9","13.2","1.5",,,,,,,,,,,,,,,,,,,,,,,,,"33.7","91.9","2257","14.6","-22.6","10","18.1","1.4","46.3","81","2939","-9.8","-50.3","-8.1","15.6","3.1","19.9","85.1","1959","15.5","-36.4","1.6","15.8","1.3"
"Brebbia, John",605154,2025,35,"19","18.2",93,77,22,12,7,0,3,20,11,21.5,11.8,".286",".494",".391","0.885","0.208",".345","16","18","0","0","56","1","0","2","0","0","7.71",,,"2","2","0","0","0","0","0","15","19","1","1","0","0","0","0","29","0","130","67","1","0","0","0","0","0","78","3","11","19","1","0","0","3","5","7","10","58","13","2","0","0","0","11","13","1","0","0","0","0","0","0","0","1","0","30","2","138","38","0","0","2","0","375","1","237","30","6","3","0","0","0",".223",".394",".386",".328",".341",".170",".444",".352",".379",".300",".063",".100",".058","71.4",22.7,14.9,12,27.3,22,"7.2",3,8.1,1.3,50,31.5,"90.3","21.6",29.3,6,10.3,8.6,19,32.8,24.1,5.2,46.6,"78.716397931","95.510469138",64.5,17.6,22.7,25.6,71.8,10,39,45.9,172,77.4,8.3,28,191,156,375,82.4,23,131,54.1,203,43.5,163,19.4,45.3,32.8,43.1,24.1,58,74.2,34.5,20,29.3,17,19,11,17.2,10,"R","375",38.9,"50.9","92.6","2220","-11.1","-14.9","17.2","20.5","1.3","40.5","83.8","2579","7","-34.6","4.1","8.4","1.7","7.5","86.4","1770","-16.7","-28.7","8","18.6","1.6","1.1","73.9","2333","8.3","-57.7","-7.5","11.3","1.5",,,,,,,,,,,,,,,,,,,,,,,,,,,,,,,,,,,,,,,,,,,,,,,,,,,,,,,,,,,,,,,,,"50.9","92.6","2220","-11.1","-14.9","17.2","20.5","1.3","41.6","83.6","2573","7","-35.2","3.8","8.5","2.3","7.5","86.4","1770","-16.7","-28.7","8","18.6","1.6"
"Johnson, Ryan",696270,2025,22,"14","14.2",72,66,24,19,1,0,4,16,5,22.2,6.9,".364",".561",".403","0.964","0.197",".426","12","15","1","2","44","1","1","0","0","0","7.36",,,"0","8","0","0","0","0","0","21","12","0","0","0","0","0","0","21","0","95","46","0","0","0","0","0","0","43","4","4","14","1","0","0","0","7","11","6","51","7","1","0","1","0","7","14","2","0","0","0","0","0","0","0","1","0","32","3","98","37","0","0","8","0","274","1","176","32","12","2","0","0","0",".259",".423",".412",".310",".308",".164",".519",".377",".471",".336",".105",".138",".102","70.9",18.5,14.6,10.9,32.6,24.4,"7.5",1,10.5,-4.3,49.6,32.5,"86.7","13.2",33.3,4,7.8,5.9,19.6,23.5,39.2,3.9,35.3,"74.974366923","93.447405686",64.9,19.4,25.8,53.1,46.9,17,32,45.1,124,72.7,8,16,184,0,274,80.6,19,98,54.9,151,41.5,114,27.7,47.4,51,25.5,23.5,51,52.1,49,25,29.4,15,15.7,8,5.9,3,"R","274",24.8,"1.8","94.2","2225","-3.3","-21.6","9.2","10","1.5",,,,,,,,,,,,,,,,,,,,,,,,,"20.8","94.3","2167","-9.9","-26.1","4.6","11.1","1.4","44.5","90.9","2527","4.5","-26.7","6.3","8.1","1.7","5.8","87.6","1154","-7.6","-33.6","2.2","8.4","1.5",,,,,,,,,"27","83.3","2452","10.5","-34.2","5.3","12.1","1.9",,,,,,,,,,,,,,,,,,,,,,,,,"67.2","92","2408","-0.2","-26.4","5.9","9.1","2.3","27","83.3","2452","10.5","-34.2","5.3","12.1","1.9","5.8","87.6","1154","-7.6","-33.6","2.2","8.4","1.5"
"Gallen, Zac",668678,2025,29,"15","86.2",399,354,87,53,14,3,17,86,41,21.6,10.3,".246",".446",".327","0.773","0.200",".278","50","53","0","0","260","4","8","1","0","0","5.19",,,"5","33","1","0","0","1","0","63","45","5","0","0","5","0","0","65","0","515","260","0","1","1","0","0","0","203","21","0","0","8","0","0","2","19","23","35","250","15","0","0","1","0","63","84","18","0","0","0","0","0","0","1","1","15","123","3","549","139","2","1","34","0","1424","2","875","139","0","0","0","0","3",".254",".468",".338",".346",".335",".214",".390",".403",".323",".335","-0.008","-0.022","-0.008","72.2",29.5,19.7,15,38.7,29.5,"7.4",20,11.9,-4.6,53.1,33.4,"90.8","13.8",36.3,32,11.9,8.1,21.5,25.6,28.5,4.1,46.7,"80.310526866","95.160758277",62.2,12.7,26.4,54.3,45.7,114,210,52.5,795,68.9,5.9,210,820,485,1515,86.8,57,448,47.5,720,43.2,654,26,43.4,42.2,31.9,25.9,270,63.7,42.2,114,33.3,90,21.5,58,3,8,"R","1515",41.2,"47.7","93.3","2335","-4.4","-14.5","17","17.7","1.3","7.9","87.6","2406","6","-31.7","3.9","7.5","1.5","13.9","86.7","1526","-12.3","-32.5","4","13.2","1.5","24.2","81","2448","5.3","-53.2","-11.4","12.7","1.5",,,,,,,,,"6.4","89.3","2378","3.6","-24.5","9.6","10.4","1.4",,,,,,,,,,,,,,,,,,,,,,,,,,,,,,,,,,,,,,,,,,,,,,,,,"54.1","92.8","2340","-3.4","-15.7","16.2","16.9","1.9","32","82.6","2438","5.5","-47.9","-7.6","11.4","3.4","13.9","86.7","1526","-12.3","-32.5","4","13.2","1.5"
"Peguero, Elvis",665625,2025,28,"6","7.1",36,31,8,6,1,0,1,5,4,13.9,11.1,".258",".387",".361","0.748","0.129",".280","4","6","0","0","22","0","0","1","0","0","4.91",,,"0","2","0","0","0","0","0","10","3","0","0","0","0","0","0","9","0","53","16","0","0","0","0","0","0","26","1","2","6","0","0","0","1","2","3","3","26","2","1","0","0","0","5","9","3","0","0","0","0","0","0","0","0","0","21","2","56","12","0","0","2","0","146","0","90","21","2","0","0","0","1",".253",".434",".338",".348",".357",".181",".333",".347",".308",".302",".005","-0.047","-0.010","72.7",23.5,8.3,5.9,27.1,19.1,"7.9",1,15.4,-9.4,51.5,34.2,"89.4","8.1",34.6,2,7.7,0,23.1,30.8,34.6,3.8,26.9,"80.223144615","93.588833846",65.5,13.2,40.9,47.2,52.8,17,36,60.3,88,100,0.7,0,77,69,146,86.8,5,38,39.7,58,41.1,60,29.7,50.7,46.2,34.6,19.2,26,55.6,46.2,12,26.9,7,23.1,6,3.8,1,"R","146",21.9,,,,,,,,,"47.3","87.8","2623","3.8","-38.2","-2.8","5.3","1.5",,,,,,,,,,,,,,,,,"52.7","95","1905","-16.8","-26.7","3.7","17.3","1.1",,,,,,,,,,,,,,,,,,,,,,,,,,,,,,,,,,,,,,,,,,,,,,,,,,,,,,,,,"52.7","95","1905","-16.8","-26.7","3.7","17.3","1.1","47.3","87.8","2623","3.8","-38.2","-2.8","5.3","1.5",,,,,,,,
"Cannon, Jonathan",686563,2025,24,"12","63.2",281,254,68,42,13,2,11,51,21,18.1,7.5,".268",".465",".331","0.796","0.197",".294","33","34","0","0","191","2","7","2","1","0","4.66",,,"5","23","0","0","0","0","0","55","30","5","0","0","2","0","0","71","0","388","161","0","1","0","0","0","0","208","9","0","2","6","0","0","4","17","23","28","205","9","0","0","0","0","47","55","14","0","0","0","0","0","0","0","2","10","94","1","409","118","1","0","23","0","1093","2","684","94","0","0","0","0","4",".268",".467",".346",".346",".332",".199",".389",".389",".332",".334",".000","-0.002",".000","72",23.3,15,12.1,33.1,26.7,"7.2",9,10.5,-0.4,54.7,32,"90","16.7",33.7,22,10.7,7.8,22.9,27.8,25.9,4.4,45.4,"79.117504608","94.917893793",68.6,13.9,25.5,36.6,61.2,49,134,48.1,526,80.2,9.7,232,703,0,1093,85.1,54,389,51.9,567,44.3,484,19.7,47.8,41,37.6,21.5,205,60.5,38,78,32.7,67,20.5,42,8.8,18,"R","1093",26.2,"16.2","93.2","2229","-8.3","-16.5","15.1","17.3","1.5",,,,,,,,,"21.2","85.4","1804","-15.6","-36.3","1.6","16","1.2",,,,,,,,,"22","92.9","2147","-15.2","-27.1","4.7","16","1.2","26.2","89.2","2298","0.6","-24.8","9.5","9.8","1.4",,,,,,,,,,,,,,,,,"14.5","81.1","2609","16","-38.7","3.2","16.5","1.3",,,,,,,,,,,,,,,,,,,,,,,,,"64.3","91.4","2229","-7.1","-23.5","9.3","13.8","2.5","14.5","81.1","2609","16","-38.7","3.2","16.5","1.3","21.2","85.4","1804","-15.6","-36.3","1.6","16","1.2"
"Blubaugh, AJ",805123,2025,24,"1","4.0",19,17,5,3,0,0,2,6,1,31.6,5.3,".294",".647",".316","0.963","0.353",".300","2","7","0","0","12","0","1","0","0","0","4.50",,,"0","0","0","0","0","0","0","0","7","0","0","0","0","0","0","1","0","31","3","0","0","0","0","0","0","20","4","0","0","0","0","0","0","2","1","2","12","1","0","0","0","0","4","2","0","0","0","0","0","0","0","0","1","1","11","5","33","11","0","0","0","0","84","1","51","12","0","0","0","0","0",".237",".545",".395",".327",".265",".308",".568",".460",".417",".336",".057",".102",".068","71.3",22.2,20,13.3,36.7,24.4,"7.4",2,12.7,-2.5,42.2,34,"97.4","23.2",33.3,2,16.7,16.7,16.7,33.3,16.7,0,75,"92.401616667","98.379926667",87.5,28.6,29.5,46.2,53.8,6,13,52.4,44,83.3,7.1,12,39,12,84,71.4,10,35,47.6,40,46.4,39,33.3,57.1,41.7,50,8.3,12,57.9,25,3,58.3,7,16.7,2,0,0,"R","84",43.3,"41.7","93.9","2314","-13.1","-13.7","17.7","22.1","1.5","1.2","82.9","2289","1.6","-29.5","10","10.1",,"14.3","84.3","2383","-17.2","-30.9","7.9","19","1.5","13.1","78.5","2227","8.6","-57.7","-12.7","15.5","1.4",,,,,,,,,"4.8","87.2","2301","3.4","-24.8","11.2","11.8","1.5",,,,,,,,,,,,,,,,,"25","82.4","2609","12.2","-36.3","4.3","13.2","1.4",,,,,,,,,,,,,,,,,,,,,,,,,"46.4","93.2","2313","-11.4","-14.9","17","21","2.2","39.3","81.1","2472","10.7","-43.2","-1.2","13.9","1.9","14.3","84.3","2383","-17.2","-30.9","7.9","19","1.5"
"Taylor, Troy",700187,2025,23,"8","6.2",37,30,14,11,1,0,2,2,3,5.4,8.1,".467",".700",".500","1.200","0.233",".429","9","9","0","0","20","0","0","0","0","0","12.15",,,"0","0","0","0","0","0","0","6","8","0","0","0","0","0","0","9","0","50","20","0","0","0","0","0","0","22","1","4","8","1","0","0","1","3","2","9","31","5","0","0","0","0","6","6","1","0","0","0","0","0","0","1","2","0","9","0","52","21","0","0","0","0","136","3","84","9","0","0","0","0","0",".424",".710",".500",".481",".466",".286",".506",".484",".467",".425",".043","-0.010",".019","71.9",18.6,14,11.9,32,27.1,"7.3",0,9.2,-3,66.1,31.9,"89.1","22",41.9,3,9.7,3.2,32.3,35.5,12.9,6.5,32.3,"79.235730667","93.550975667",70.1,16.7,16.9,10,90,1,10,43.4,59,100,10.3,2,83,0,136,81.5,9,54,56.6,77,40.4,55,15.6,47.1,48.4,25.8,25.8,31,67.6,25.8,8,35.5,11,32.3,10,6.5,2,"R","136",31.2,"61","96.3","2362","-14.8","-16.4","13.2","20.1","1.1",,,,,,,,,"1.5","90.5","1894","-17.4","-28.5","4.9","18.2","1.4",,,,,,,,,,,,,,,,,,,,,,,,,,,,,,,,,,,,,,,,,"37.5","84.9","2827","14.6","-43.4","-5.1","15.6","1.3",,,,,,,,,,,,,,,,,,,,,,,,,"61","96.3","2362","-14.8","-16.4","13.2","20.1","1.1","37.5","84.9","2827","14.6","-43.4","-5.1","15.6","1.3","1.5","90.5","1894","-17.4","-28.5","4.9","18.2","1.4"
"Moll, Sam",594580,2025,33,"3","2.0",12,8,3,2,0,0,1,1,3,8.3,25,".375",".750",".545","1.295","0.375",".333","4","4","0","0","6","0","0","2","0","0","18.00",,,"0","2","0","0","0","0","0","2","5","0","0","0","0","0","0","4","0","23","7","0","0","0","0","0","0","8","0","1","3","0","0","0","0","1","0","2","8","1","0","0","0","0","2","3","0","1","0","0","0","0","0","1","0","0","6","0","23","6","0","0","2","0","52","1","29","6","2","2","0","0","0",".259",".449",".539",".406",".461",".189",".550",".341",".429",".296",".116",".301",".133","70.6",26.3,7.7,5.3,38.5,26.3,"7.5",0,11.8,0,68.4,31.6,"92","16.1",50,0,0,25,12.5,25,25,12.5,37.5,"86.328905","94.37256",59.1,23.1,30,33.3,66.7,3,9,57.7,30,50,3.8,5,32,0,52,76.9,3,13,42.3,22,28.8,15,27.3,42.3,50,25,25,8,41.7,37.5,3,37.5,3,25,2,0,0,"L","52",14.9,"34.6","91.1","2530","11.4","-21","12","16.7","1.5",,,,,,,,,"9.6","83.6","1612","13.2","-47","-7.4","15.2","1.6",,,,,,,,,"26.9","89.9","2253","18.1","-35.8","-1.7","18.2","1.6",,,,,,,,,,,,,,,,,,,,,,,,,"28.8","79.8","2750","-15.4","-44.2","-0.8","15.6","1.5",,,,,,,,,,,,,,,,,,,,,,,,,"61.5","90.6","2409","14.3","-27.5","6","17.4","1.6","28.8","79.8","2750","-15.4","-44.2","-0.8","15.6","1.5","9.6","83.6","1612","13.2","-47","-7.4","15.2","1.6"
"Bednar, David",670280,2025,30,"29","25.2",105,96,22,16,2,2,2,36,7,34.3,6.7,".229",".354",".286","0.640","0.125",".339","9","11","10","0","77","2","5","3","0","0","3.16",,,"4","4","0","0","0","0","0","14","9","2","2","0","0","3","0","19","0","135","78","0","0","0","0","0","1","76","5","22","29","3","0","0","1","3","11","8","61","4","3","0","2","0","13","16","7","0","0","0","0","0","0","0","1","0","50","2","141","34","0","0","4","0","418","1","277","56","0","0","0","0","0",".214",".403",".275",".285",".272",".189",".395",".412",".361",".337",".015","-0.049","-0.010","71",20.9,15.8,11.7,33.3,24.5,"7.1",6,8.7,0.7,51.5,30.9,"89.8","10.9",29.5,8,13.1,4.9,21.3,26.2,27.9,6.6,44.3,"78.556515484","95.128947049",64.3,21.5,28.4,54.5,45.5,30,55,46.4,194,76,6,75,195,148,418,77.8,31,144,53.6,224,44,184,30.7,47.6,34.4,41,24.6,61,59.2,44.3,27,27.9,17,24.6,15,3.3,2,"R","418",38.4,"46.7","97","2427","-8.6","-11.1","18.2","20.2","1",,,,,,,,,,,,,,,,,"35.4","77.5","2430","8","-53.5","-7.8","11.4","1.4",,,,,,,,,,,,,,,,,"17.9","92.4","1694","-8.7","-26.8","5.1","10.4","1.2",,,,,,,,,,,,,,,,,,,,,,,,,,,,,,,,,,,,,,,,,"46.7","97","2427","-8.6","-11.1","18.2","20.2","1","35.4","77.5","2430","8","-53.5","-7.8","11.4","1.4","17.9","92.4","1694","-8.7","-26.8","5.1","10.4","1.2"
"Estrada, Jeremiah",669093,2025,26,"36","33.0",143,124,30,21,3,1,5,44,14,30.8,9.8,".242",".403",".319","0.722","0.161",".325","14","17","2","3","99","2","4","2","0","0","3.82",,,"0","1","0","0","0","0","0","34","18","0","0","0","0","2","0","33","0","180","68","0","0","0","0","0","1","125","8","5","36","2","0","1","1","5","10","15","84","8","13","0","1","0","19","21","6","1","0","0","0","0","0","2","2","0","86","3","186","50","0","0","1","0","561","4","375","87","13","3","0","0","0",".230",".387",".316",".306",".311",".157",".420",".404",".366",".352",".012",".016",".010","70.5",21.7,12.7,8.9,30.4,21.3,"7",5,8.6,1,54.7,28.3,"90.9","19.1",36.9,7,8.3,8.3,26.2,29.8,25,2.4,40.5,"80.877595122","94.667163902",74.6,22.3,35.4,48.5,50.5,49,101,50.8,285,77.5,7.1,107,360,94,561,76.7,46,206,49.2,276,43.5,244,30.9,54.7,33.3,46.4,20.2,84,66.9,36.9,31,31,26,25,21,7.1,6,"R","561",66.4,"64.2","97.9","2228","-2.7","-9","19.9","20.2","1","16.8","88.4","2239","4.6","-32.3","2.8","5.8","1.7",,,,,,,,,,,,,,,,,,,,,,,,,,,,,,,,,"19.1","83.7","1412","-10.9","-28.5","10.8","15.7","1.6",,,,,,,,,,,,,,,,,,,,,,,,,,,,,,,,,,,,,,,,,"64.2","97.9","2228","-2.7","-9","19.9","20.2","1","16.8","88.4","2239","4.6","-32.3","2.8","5.8","1.7","19.1","83.7","1412","-10.9","-28.5","10.8","15.7","1.6"
"Bellozo, Valente",678368,2025,25,"12","39.2",168,151,37,23,9,1,4,31,14,18.5,8.3,".245",".397",".315","0.712","0.152",".282","18","19","0","1","119","1","3","0","1","0","4.08",,,"0","12","3","0","0","0","0","29","15","0","0","0","0","0","0","27","0","236","106","0","2","0","0","0","0","125","8","4","7","1","0","0","2","7","10","20","121","7","0","0","0","0","38","22","8","1","0","0","0","0","0","0","1","5","59","1","252","60","2","0","15","0","673","1","421","60","0","0","0","0","0",".226",".416",".315",".310",".299",".190",".345",".339",".306",".283",".019","-0.019",".005","72.1",27.6,14.2,10.9,33.6,25.9,"7.3",0,11.2,-2.3,46.8,32,"89.4","25.5",31.4,10,8.3,10.7,17.4,41.3,19,2.5,36.4,"79.417674167","93.9154255",68.6,20.5,24.4,24.7,74.1,20,81,49.3,332,81.7,8.9,105,435,32,673,79.5,48,234,50.7,341,42.5,286,21.6,46.8,38,36.4,25.6,121,56,26.4,32,38,46,23.1,28,12.4,15,"R","673",48.5,"29.4","90.8","2141","-3.3","-15.5","17.9","18.3","1.5",,,,,,,,,"12","81.2","2051","-16.2","-35.2","6.4","17.6","1.5","4.8","77.2","2796","12.2","-53.1","-6.8","14.2","1.4",,,,,,,,,"35.2","84.3","2533","6","-29.5","9","11.2","1.6","3.6","80.4","1458","-6.9","-38.6","3.9","8.4","1.5",,,,,,,,,"15","78.5","2721","15.1","-42","2.9","15.6","1.4",,,,,,,,,,,,,,,,,,,,,,,,,"64.6","87.3","2354","1.8","-23.1","13.1","14.4","3.8","19.8","78.2","2739","14.4","-44.6","0.6","15.3","1.5","15.6","81","1915","-14.1","-35.9","5.8","15.5","1.5"
"Garcia, Robert",676395,2025,29,"33","28.1",120,108,25,17,6,0,2,28,11,23.3,9.2,".231",".343",".300","0.643","0.112",".291","10","10","5","3","85","1","3","1","1","0","3.18",,,"1","2","1","0","1","1","0","23","13","1","0","0","0","1","0","34","0","135","75","0","1","1","0","0","0","81","1","11","33","2","0","0","0","3","7","14","77","7","10","0","0","0","18","21","9","0","1","0","0","0","0","0","1","0","57","0","144","36","2","2","3","1","436","1","292","58","14","6","0","0","0",".245",".392",".287",".310",".313",".148",".331",".365",".309",".328","-0.014","-0.049","-0.023","72",23.5,15.3,11.5,30.7,23,"7.4",7,8.5,2.6,50,31.7,"89.4","11.7",40.7,7,8.6,3.7,27.2,29.6,27.2,3.7,35.8,"79.259209512","94.10417642",69.4,18.4,30.8,44.3,55.7,31,70,50.9,227,69.6,10.3,134,176,136,446,81.6,28,152,49.1,219,40.1,179,26.6,49.8,38.3,34.6,27.2,81,68.3,38.3,31,28.4,23,28.4,23,4.9,4,"L","446",26.1,"39.5","94","2226","10","-17.5","13.7","17.1","1.2","30.5","86.3","2383","-3.8","-33.8","2.9","5.2","1.4","30","88.6","1691","16.2","-33.3","1.9","16.6","1.4",,,,,,,,,,,,,,,,,,,,,,,,,,,,,,,,,,,,,,,,,,,,,,,,,,,,,,,,,,,,,,,,,,,,,,,,,"39.5","94","2226","10","-17.5","13.7","17.1","1.2","30.5","86.3","2383","-3.8","-33.8","2.9","5.2","1.4","30","88.6","1691","16.2","-33.3","1.9","16.6","1.4"
"Varland, Louis",686973,2025,27,"35","33.1",132,119,25,17,5,0,3,38,7,28.8,5.3,".210",".328",".264","0.592","0.118",".278","8","9","0","1","100","2","3","0","0","0","2.16",,,"5","2","0","0","0","0","0","31","10","3","1","1","0","1","0","32","0","136","79","0","0","1","0","0","0","98","7","3","35","2","0","0","2","4","9","12","85","3","12","0","0","0","10","39","4","0","1","0","0","0","0","3","1","0","54","1","156","39","1","0","2","1","488","4","332","62","10","4","0","0","1",".236",".371",".263",".288",".287",".135",".337",".376",".305",".342","-0.026","-0.043","-0.025","71.3",21,14.7,11.2,28.8,22,"7.1",10,5.7,3.8,42.5,32.9,"90.5","4.6",24.7,8,9.4,8.2,18.8,16.5,40,7.1,50.6,"78.331291463","95.798001829",67.6,14.5,31.5,62.7,35.8,42,67,43.6,213,93.2,9,29,261,198,488,85.5,27,186,56.4,275,40.2,196,27.3,51.8,45.9,30.6,23.5,85,64.4,56.5,48,17.6,15,18.8,16,7.1,6,"R","488",42.5,"46.7","98","2131","-7.3","-12.8","15.9","17.6","1.1","5.7","90.6","2372","3.9","-28.2","5.1","7.1","1.6","5.9","91","1731","-14.6","-26.9","6.3","16.2","1.5","34.8","88.4","2353","2.9","-40.7","-5.7","6.7","1.4","6.8","96.9","2078","-14.6","-16.4","12.9","19.6","1.3",,,,,,,,,,,,,,,,,,,,,,,,,,,,,,,,,,,,,,,,,,,,,,,,,,,,,,,,,"53.5","97.9","2124","-8.2","-13.3","15.5","17.8","1.1","40.6","88.7","2356","3.1","-39","-4.2","6.7","1.7","5.9","91","1731","-14.6","-26.9","6.3","16.2","1.5"
"Rocker, Kumar",677958,2025,25,"7","28.1",134,123,40,27,8,1,4,27,8,20.1,6,".325",".504",".373","0.877","0.179",".387","23","24","0","0","85","2","4","4","0","0","7.31",,,"6","6","0","0","0","0","0","24","21","6","0","0","1","0","0","38","0","160","75","0","0","0","0","0","0","92","5","0","0","2","0","1","2","6","14","20","97","14","0","0","0","0","13","31","7","1","0","0","0","0","0","0","1","7","55","1","180","62","0","0","6","0","508","1","328","59","0","0","0","0","0",".310",".532",".381",".388",".363",".222",".454",".463",".412",".398",".015","-0.028","-0.007","71.5",24.1,19,14.8,36.9,28.7,"7.3",12,9.8,0.4,46.8,32.6,"91.6","9.7",37.1,12,12.4,5.2,27.8,16.5,35.1,3.1,48.5,"80.437232653","95.94332268",71,13.6,25.9,61.3,38.7,38,62,47,239,84,9.8,24,308,176,508,86.4,26,191,53,269,39.6,201,25.3,49.8,32,45.4,22.7,97,59.7,46.4,45,20.6,20,27.8,27,5.2,5,"R","508",30.7,"18.3","95.6","2166","-11","-18.3","11.7","16.2","1.2","27.4","84","2168","1.8","-40.6","-1.8","3.2","1.6","4.7","88.2","1562","-15.6","-28.9","6.3","17","1.6","7.3","77.4","2276","8.6","-57.4","-11.4","14.4","1.6","32.3","95.8","2173","-16.2","-22.8","7.1","18","1.5","10","91","2263","1.8","-27.5","5.3","5.9","1.6",,,,,,,,,,,,,,,,,,,,,,,,,,,,,,,,,,,,,,,,,,,,,,,,,"60.6","95","2186","-11.6","-22.2","8.2","15.4","2.4","34.6","82.6","2191","3.2","-44.1","-3.8","5.5","3.1","4.7","88.2","1562","-15.6","-28.9","6.3","17","1.6"
"Woods Richardson, Simeon",680573,2025,24,"10","47.1",209,188,53,36,9,0,8,43,18,20.6,8.6,".282",".457",".349","0.806","0.175",".326","27","28","0","0","142","2","3","2","0","0","5.13",,,"3","11","0","0","0","0","0","37","25","2","1","0","0","0","0","40","0","285","119","0","4","0","0","0","0","157","12","0","1","4","0","0","2","13","14","26","146","13","0","0","0","0","31","33","13","0","0","0","0","0","0","0","1","9","81","1","316","86","4","0","11","0","835","1","519","84","0","0","0","0","1",".285",".519",".354",".372",".353",".234",".411",".437",".363",".368","-0.003","-0.062","-0.018","72.1",25.9,17.8,13.6,33.3,25.6,"7.2",9,9.8,-0.2,54.3,31.8,"90.8","19.2",40.4,20,13.7,3.4,28.8,29.5,19.9,4.8,45.9,"80.087237945","95.09041469",71,17.5,26.4,40.4,59.6,46,114,51.7,432,79.2,8.6,94,385,356,835,82.2,50,286,48.3,403,38.8,324,24,47.9,40.4,32.2,27.4,146,58.9,32.2,47,30.8,45,27.4,40,9.6,14,"R","835",47.2,"46.1","93.1","2251","-5.5","-12.8","19","19.9","1.4","27.4","85.6","2311","5.5","-30.8","6.5","9","1.4","9.6","83.2","2314","-15.7","-28.7","11.1","19.5","1.5","15.2","77.6","2603","6.2","-60.4","-14.5","16","1.4",,,,,,,,,,,,,,,,,"1.7","85.7","1040","-6.7","-28.4","9.1","12.5","1.6",,,,,,,,,,,,,,,,,,,,,,,,,,,,,,,,,,,,,,,,,"46.1","93.1","2251","-5.5","-12.8","19","19.9","1.4","42.6","82.7","2415","5.7","-41.4","-1","11.5","4.3","11.3","83.6","2124","-14.4","-28.6","10.8","18.4","1.8"
"Martin, Davis",663436,2025,28,"14","80.2",334,309,80,46,20,2,12,53,19,15.9,5.7,".259",".453",".308","0.761","0.194",".276","34","38","0","0","242","2","7","1","0","0","3.79",,,"5","36","3","0","0","0","0","62","33","4","1","0","6","0","0","68","0","438","172","0","4","0","0","0","0","227","15","0","1","13","0","1","4","14","25","41","258","14","0","0","0","0","44","99","17","0","0","0","0","0","0","0","2","13","114","4","465","140","4","0","39","0","1254","2","789","115","0","0","0","0","3",".301",".509",".330",".369",".349",".208",".365",".416",".310",".363","-0.042","-0.056","-0.039","72.1",24.3,19.4,15.7,37.5,30.3,"7.2",11,8.2,0.2,54.8,33.1,"91","10.5",35.3,27,10.5,5.4,27.1,19.8,34.1,2.7,46.1,"80.145642481","95.472647977",69.8,11.9,27.8,45,55,77,171,49,615,78.8,8.3,287,830,137,1254,87.7,53,446,51,639,42,527,21.1,49.2,42.6,36,21.3,258,54.5,48.1,124,22.9,59,22.9,59,6.2,16,"R","1254",39.7,"30.5","93.6","2397","-5.5","-15.9","15.5","16.6","1.6","8.1","83.5","2733","9.7","-37.5","2","10.3","1.5","22.9","89.7","2025","-14.1","-32.9","1.2","14.4","1.4","2.8","78.3","2747","13.8","-53.2","-8.1","16.3","1.6","9.7","92.5","2365","-15.7","-22.6","9.5","18.5","1.6","26","88.3","2576","1.5","-29.6","5.6","6.6","1.6",,,,,,,,,,,,,,,,,,,,,,,,,,,,,,,,,,,,,,,,,,,,,,,,,"66.2","91.3","2463","-4.3","-22.3","10.7","13","3.2","10.9","82.1","2737","10.8","-41.5","-0.6","11.8","2.7","22.9","89.7","2025","-14.1","-32.9","1.2","14.4","1.4"
"Lively, Ben",594902,2025,33,"9","44.2",178,163,38,24,8,0,6,29,15,16.3,8.4,".233",".393",".298","0.691","0.160",".250","16","16","0","0","134","2","2","0","0","0","3.22",,,"7","20","3","0","0","0","0","30","14","6","0","1","0","0","0","35","0","257","121","0","2","0","0","0","0","149","11","0","0","5","0","0","0","10","10","17","134","7","0","0","0","0","41","31","14","0","0","0","0","0","0","0","0","9","42","0","259","64","2","0","23","0","719","0","460","44","0","0","0","0","0",".256",".471",".305",".339",".319",".215",".328",".373",".284",".312","-0.023","-0.078","-0.034","72.1",26.8,14.8,12.7,36.5,31.4,"7.2",5,7.3,1.2,51,29.8,"92.1","20.4",35.1,14,10.4,8.2,20.9,35.1,24.6,0.7,44.8,"82.966507313","95.267296791",67.5,11.7,24.3,30.5,68.3,25,82,47,338,83.3,8.3,56,476,60,719,88.3,30,257,53,381,42.1,303,16.2,47.1,32.1,31.3,36.6,134,61.2,30.6,41,38.1,51,23.1,31,8.2,11,"R","719",36.9,"28.8","89.7","2029","-8.7","-17.2","16.8","19.1","1.3","1.5","83","1894","1.4","-26","13.7","14.2","1.3","7.8","84.8","1639","-14.9","-29.2","8.8","17.4","1.3","6.8","77.6","2013","7.4","-50.4","-4.8","9","1.6","28.8","90.5","2018","-14","-20.3","13.2","19.4","1.3","8.6","84.2","1922","-1.6","-26.3","12.3","12.8","1.5",,,,,,,,,,,,,,,,,"17.7","79.9","2023","8.3","-40.5","2.5","9.2","2.6",,,,,,,,,,,,,,,,,,,,,,,,,"66.2","89.3","2010","-10.1","-19.7","14.7","18.4","2.6","26","79.5","2013","7.7","-42.3","1.2","9.4","2.7","7.8","84.8","1639","-14.9","-29.2","8.8","17.4","1.3"
"Freeman, Caleb",673965,2025,27,"5","3.1",16,14,5,3,1,0,1,3,1,18.8,6.3,".357",".643",".400","1.043","0.286",".400","2","2","0","1","10","0","0","0","0","0","5.40",,,"1","0","0","0","0","0","0","4","2","1","0","0","0","0","0","5","0","18","14","0","0","0","0","0","0","21","1","3","5","0","0","0","0","1","2","2","12","1","0","0","0","0","3","2","1","0","0","0","0","0","0","1","0","0","2","0","20","9","0","0","0","0","70","1","50","2","2","0","0","0","0",".260",".448",".447",".325",".310",".188",".546",".380",".455",".331",".097",".195",".122","68.8",10.7,11.5,10.7,26.9,25,"7.1",0,5.7,0.1,60.7,31,"91","19.5",33.3,2,16.7,0,16.7,33.3,25,8.3,41.7,"81.781485","94.737483636",62.5,4,36.7,18.2,81.8,2,11,42.9,30,33.3,4.3,0,34,36,70,96,1,25,57.1,40,41.4,29,8.3,51.4,50,16.7,33.3,12,75,33.3,4,33.3,4,25,3,8.3,1,"R","70",45.9,"48.6","95.8","2279","-9.9","-12.9","17","19.7","1.2","21.4","88.6","2793","5.8","-33.7","1.1","6.6","1.4",,,,,,,,,"30","82.3","2901","5.6","-56.5","-15.9","16.9","1.4",,,,,,,,,,,,,,,,,,,,,,,,,,,,,,,,,,,,,,,,,,,,,,,,,,,,,,,,,,,,,,,,,"48.6","95.8","2279","-9.9","-12.9","17","19.7","1.2","51.4","85","2856","5.7","-47","-8.8","12.6","2.6",,,,,,,,
"Fitts, Richard",690916,2025,25,"5","21.0",91,80,20,14,1,0,5,15,7,16.5,7.7,".250",".450",".311","0.761","0.200",".242","11","12","0","0","63","0","3","1","0","0","4.71",,,"2","1","2","0","0","0","0","16","12","2","0","0","2","0","0","18","0","96","46","1","0","0","0","0","0","73","3","0","0","3","0","0","1","4","6","10","67","5","0","0","0","0","14","20","8","0","0","0","0","0","0","0","2","5","37","1","105","36","0","0","3","0","332","2","227","37","0","0","0","0","2",".274",".511",".330",".375",".346",".237",".359",".421",".299",".345","-0.024","-0.061","-0.045","70.1",19.1,14.2,11.8,32.3,27,"7.1",6,7.9,0.6,55.3,29.8,"89.3","13.2",38.8,9,13.4,4.5,25.4,19.4,32.8,3,43.3,"77.79199","94.681500152",73.1,10.4,34.8,48.2,51.8,27,56,48.5,161,88.5,7.8,9,154,118,332,88.8,13,125,51.5,171,44.6,148,22.1,54.5,41.8,28.4,29.9,67,72.5,38.8,26,31.3,21,26.9,18,3,2,"R","332",52.2,"37.3","95","2445","-2.1","-13.8","16.8","17","1.5","25.9","87.7","2420","3.6","-34.5","1.1","4.5","1.5","2.7","88.9","1332","-9.9","-32.1","2.9","11","1.5","9.6","82.7","2522","6.1","-51.5","-11.3","13","1.4","9","94.1","2226","-12.7","-16.6","14.6","19.6","1.4",,,,,,,,,,,,,,,,,,,,,,,,,"15.4","84.9","2447","12.4","-37.2","1.3","12.7","1.5",,,,,,,,,,,,,,,,,,,,,,,,,"46.4","94.8","2402","-4.2","-14.3","16.3","17.5","1.5","50.9","85.9","2448","6.7","-38.6","-1.2","8.6","2.5","2.7","88.9","1332","-9.9","-32.1","2.9","11","1.5"
"Hernández, Carlos",672578,2025,28,"26","27.0",134,116,35,25,6,0,4,27,14,20.1,10.4,".302",".457",".383","0.840","0.155",".360","15","16","0","0","81","1","0","1","0","0","5.00",,,"7","3","0","0","0","0","0","37","22","5","2","0","0","0","0","42","0","139","65","0","0","0","0","0","0","97","2","12","26","1","0","0","2","6","13","13","87","13","1","0","1","0","25","14","5","0","0","0","0","0","0","1","1","0","48","1","148","49","0","0","3","0","451","2","303","51","13","6","0","0","0",".285",".535",".368",".386",".370",".250",".423",".450",".389",".370",".017","-0.078","-0.018","70.5",18.6,13.7,10.6,33.7,26.1,"7.1",4,9.1,-0.2,47.3,30.2,"90.8","20.4",30.8,13,14.3,5.5,26.4,31.9,18.7,3.3,42.9,"80.149433333","95.046926067",71.3,15.7,28.7,46.8,51.6,29,62,44.6,216,71.4,8.7,60,279,144,484,84.3,30,191,55.4,268,46.1,223,23.3,52.3,33,41.8,25.3,91,60.4,30.8,28,36.3,33,23.1,21,9.9,9,"R","484",41.1,"55.6","97.8","2421","-8.7","-11.1","17.7","19.8","1.4","17.8","87.5","2036","2.2","-32.8","3","4.5","1.6",,,,,,,,,"12","82.9","2389","5.8","-45.1","-5.3","8.4","1.6","2.1","97.2","2263","-14.7","-14.8","14.3","20.5","1.4",,,,,,,,,"12.4","89.1","1329","-11.3","-24.3","10.1","15.4","1.5",,,,,,,,,"0.2","83.3","2289","15.2","-42.4","-2.6","15.4",,,,,,,,,,,,,,,,,,,,,,,,,,"57.6","97.8","2415","-8.9","-11.2","17.6","19.8","1.3","30","85.6","2179","3.7","-37.8","-0.4","6.2","2.7","12.4","89.1","1329","-11.3","-24.3","10.1","15.4","1.5"
"Giolito, Lucas",608337,2025,30,"9","45.2",194,176,50,37,6,1,6,41,15,21.1,7.7,".284",".432",".337","0.769","0.148",".336","24","25","0","0","137","3","1","1","0","0","4.73",,,"3","5","2","0","0","0","0","36","23","3","0","0","5","0","0","40","0","258","125","0","1","0","0","0","0","138","10","0","0","6","0","3","0","10","18","22","138","14","0","0","0","0","23","39","14","0","0","1","0","1","0","1","2","9","69","1","272","76","1","0","7","1","755","3","483","70","0","0","0","0","0",".299",".499",".336",".365",".351",".201",".398",".438",".365",".385","-0.015","-0.067","-0.029","71.8",26.6,16.2,12.8,39.8,31.5,"7.3",6,11.1,-3.9,50.8,30.4,"91.7","14.7",37.7,11,8,5.8,30.4,26.1,24.6,5.1,47.8,"81.521102609","95.60744292",66.4,12.6,29,44.1,55.9,49,111,50.7,383,81.3,6.4,194,359,201,755,86.6,31,247,49.3,372,46.2,349,22.3,47.4,34.8,42,23.2,138,59.8,41.3,57,25.4,35,26.1,36,7.2,10,"R","754",49.6,"47.6","93.4","2220","-7.3","-13.7","17.9","19.4","1.5","23.2","87.1","1978","2.5","-31","5","5.8","1.4","25.7","82.4","1684","-13.3","-28.1","12.2","18.2","1.4","3.4","79.4","2469","6.9","-58.5","-14.6","16.3","1.7",,,,,,,,,,,,,,,,,,,,,,,,,,,,,,,,,,,,,,,,,,,,,,,,,,,,,,,,,,,,,,,,,"47.6","93.4","2220","-7.3","-13.7","17.9","19.4","1.5","26.7","86.1","2042","3.1","-34.5","2.4","7.1","3","25.7","82.4","1684","-13.3","-28.1","12.2","18.2","1.4"
"Wrobleski, Justin",680736,2025,24,"5","24.1",101,92,23,15,4,0,4,21,6,20.8,5.9,".250",".424",".290","0.714","0.174",".275","14","15","0","0","73","2","2","0","0","0","5.18",,,"2","4","0","0","0","0","0","17","15","2","0","0","0","0","0","18","0","116","60","0","0","0","0","0","0","81","3","3","3","2","0","0","0","5","5","13","74","6","0","0","0","0","8","33","3","0","0","0","0","0","0","1","2","2","35","1","120","39","0","0","4","0","376","3","256","36","2","0","0","0","0",".272",".452",".308",".331",".314",".180",".366",".396",".315",".348","-0.022","-0.028","-0.023","71.2",25.6,15.7,12.5,34.3,27.4,"7",1,6,3.5,42.9,31.7,"91.5","7.2",31.1,5,6.8,8.1,23,18.9,39.2,2.7,48.6,"80.791799167","95.645412778",68.9,16.6,28.7,31.1,68.9,14,45,41.8,157,79.1,11.4,20,243,113,376,82.1,25,151,58.2,219,40.7,153,19.9,52.1,28.4,44.6,27,74,62.4,51.4,38,20.3,15,21.6,16,6.8,5,"L","376",36.1,"25.5","95.3","2382","7.7","-13.4","16.8","18.6","2.3","18.1","87.5","2434","-3.6","-35.8","-0.2","4.5","1.6","5.3","88.4","1425","11.3","-34.1","1.1","12.2","1.4","12","80.7","2368","-8","-51","-9","12.2","1.7","22.1","95.3","2132","15","-19.6","10.7","18.5","1.5","17","92","2455","-1","-23.7","8.4","8.7","1.4",,,,,,,,,,,,,,,,,,,,,,,,,,,,,,,,,,,,,,,,,,,,,,,,,"64.6","94.4","2316","7.9","-18.2","12.5","15.9","2.4","30.1","84.8","2408","-5.3","-41.9","-3.7","7.5","3.5","5.3","88.4","1425","11.3","-34.1","1.1","12.2","1.4"
"Kranick, Max",668820,2025,27,"24","37.0",150,142,34,24,5,0,5,25,7,16.7,4.7,".239",".380",".273","0.653","0.141",".257","15","15","0","1","111","3","2","0","0","0","3.65",,,"1","1","1","0","0","0","0","35","22","1","0","0","0","0","0","35","0","157","69","0","1","0","0","0","0","115","9","6","24","0","0","0","0","7","9","18","118","11","5","0","0","0","26","34","10","0","0","0","0","0","0","0","1","0","50","0","166","54","1","0","2","0","529","1","363","52","23","9","0","0","0",".272",".465",".286",".340",".310",".193",".322",".391",".288",".335","-0.033","-0.085","-0.054","71.3",23.3,15.9,12.8,35.1,28.3,"7.1",4,8,0.7,54.3,30.9,"90.2","18.1",33.1,11,9.3,8.5,23.7,27.1,25.4,4.2,44.9,"79.798507931","94.664708261",75.9,18.9,27.1,26.7,73.3,16,60,41.9,221,84.3,9.7,0,217,270,529,81.1,44,233,58.1,307,45.5,240,20.7,55.6,38.1,36.4,25.4,118,64,36.4,43,28.8,34,23.7,28,11,13,"R","528",42.3,"39.4","95.5","2278","-3","-12.9","17.2","17.6","1.4","39.2","89.9","2181","3.1","-26.1","7.9","8.9","1.6",,,,,,,,,"11.9","79.1","2478","12.5","-52.5","-8.5","15.3","1.5","1.7","95.7","2258","-8.9","-13.8","16.2","18.5","1.4",,,,,,,,,,,,,,,,,,,,,,,,,"7.8","82.5","2243","12.2","-34.3","6.4","14.3","1.7",,,,,,,,,,,,,,,,,,,,,,,,,"41.1","95.5","2277","-3.2","-13","17.1","17.6","1.4","58.9","86.7","2249","6.2","-32.5","4.3","10.9","5",,,,,,,,
"Hahn, Jesse",534910,2025,35,"3","5.0",25,18,6,5,0,0,1,3,5,12,20,".333",".500",".500","1.000","0.167",".357","3","4","0","0","15","0","1","0","1","0","5.40",,,"0","1","0","0","0","0","0","9","4","0","0","0","0","0","0","8","0","32","13","0","0","0","0","0","0","7","0","2","3","2","0","0","1","1","3","2","16","2","0","0","3","1","0","9","1","0","0","0","0","0","0","1","0","0","7","1","35","9","0","0","1","0","79","1","44","7","0","0","0","0","0",".328",".435",".411",".383",".496",".107",".434",".396",".400",".393",".005",".065",".028","71.1",30.4,31.6,26.1,57.9,47.8,"7",1,3.7,4.1,39.1,32.2,"94.5","-4.9",37.5,1,6.3,6.3,25,0,50,12.5,56.3,"86.273265","97.882641333",59,13,20,62.5,37.5,5,8,50.6,40,85.7,8.9,0,51,11,79,87,3,23,49.4,39,46.8,37,25.8,39.2,37.5,37.5,25,16,56.5,75,12,6.3,1,18.8,3,0,0,"R","79",25.2,,,,,,,,,,,,,,,,,,,,,,,,,"13.9","79.2","3126","17.2","-57.6","-13","21.6","1.3","64.6","95","2337","-17.7","-26.1","4.6","18.8","1.2",,,,,,,,,,,,,,,,,,,,,,,,,"21.5","81.9","3085","20.6","-45.6","-4.2","21.2","1.4",,,,,,,,,,,,,,,,,,,,,,,,,"64.6","95","2337","-17.7","-26.1","4.6","18.8","1.2","35.4","80.9","3101","19.3","-50.3","-7.7","21.4","1.6",,,,,,,,
"Matthews, Zebby",805673,2025,25,"4","19.0",83,74,20,17,1,0,2,25,8,30.1,9.6,".270",".365",".341","0.706","0.095",".383","11","11","0","0","57","1","1","0","0","0","5.21",,,"0","2","0","0","0","0","0","17","11","0","0","0","0","0","0","14","0","103","56","0","0","0","0","0","0","65","3","0","0","2","0","0","0","3","5","12","50","5","0","0","0","0","9","12","2","0","0","0","0","0","0","1","0","4","32","0","109","27","0","0","2","0","323","1","214","39","0","0","0","0","0",".248",".379",".318",".309",".321",".132",".419",".404",".408",".374",".022","-0.014",".009","71.4",23.6,10,7.9,30.9,24.3,"7.2",6,8.4,-1.9,57.1,31,"89.3","21",38,4,8,4,30,30,24,4,42,"79.169068","93.861303061",64.2,15,30.6,55.6,44.4,25,45,45.5,147,83.3,11.1,24,196,103,323,84.1,17,113,54.5,176,39,126,26.6,48.9,40,32,28,50,75.9,34,17,24,12,28,14,14,7,"R","323",40.4,"44.6","96.4","2331","-9.8","-12.5","17.1","19.8","1.2","26.9","87.6","2411","2.4","-35.4","0.3","3.2","1.4","7.4","85.5","1322","-13.3","-31.3","6.3","15","1.7","5","82.1","2423","5.6","-50.9","-10.2","11.7","1.5",,,,,,,,,"16.1","91.8","2481","1.8","-21.1","11.1","11.5","1.3",,,,,,,,,,,,,,,,,,,,,,,,,,,,,,,,,,,,,,,,,,,,,,,,,"60.7","95.2","2370","-6.8","-14.8","15.5","17.6","2.4","31.9","86.7","2413","2.9","-37.8","-1.4","4.5","2.4","7.4","85.5","1322","-13.3","-31.3","6.3","15","1.7"
"Boyd, Matthew",571510,2025,34,"14","80.2",346,315,77,55,10,2,10,79,21,22.8,6.1,".244",".384",".299","0.683","0.140",".293","25","30","0","0","242","6","3","1","0","0","2.79",,,"3","44","1","0","6","0","0","62","28","2","1","0","10","0","0","55","0","402","185","0","2","0","0","0","0","285","20","0","0","10","0","0","5","17","27","31","230","19","0","0","0","0","52","58","20","1","2","0","0","0","0","2","3","14","125","5","417","116","2","6","45","2","1274","5","857","132","0","0","0","0","2",".246",".395",".301",".307",".304",".149",".358",".366",".322",".328","-0.002","-0.011","-0.006","71.6",22.1,14.1,11,30.7,23.9,"7.3",6,9.5,-3.2,48.1,31.7,"88.2","19.3",32.4,19,7.9,5.8,27.4,30.3,23.2,4.6,38.6,"76.769344118","93.935387521",71.6,17.7,30.3,36.5,63,70,192,47,634,77.7,7.6,315,674,361,1350,81.5,91,513,53,716,43.6,588,22.8,52.2,38.6,35.3,26.1,241,69.4,36.5,88,30.7,74,22.4,54,10.4,25,"L","1350",25.1,"46.4","93.1","2313","13","-18.3","13.4","18.8","1.3","16.3","81.6","2491","-3.3","-41.3","-0.3","4.1","1.6","23.3","79.1","1838","15.9","-38.5","5.4","17","1.3","10.4","73.9","2359","-12.9","-59.6","-9.1","16","2.4","3.5","91.5","2268","16.8","-23.3","9.6","19.5","1.5",,,,,,,,,,,,,,,,,,,,,,,,,,,,,,,,,,,,,,,,,,,,,,,,,,,,,,,,,"49.9","93","2310","13.3","-18.6","13.2","18.8","1.4","26.7","78.6","2440","-7","-48.5","-3.7","8.7","4.5","23.3","79.1","1838","15.9","-38.5","5.4","17","1.3"
"Holderman, Colin",670059,2025,29,"14","15.0",74,58,20,13,4,0,3,11,11,14.9,14.9,".345",".569",".452","1.021","0.224",".370","15","15","0","2","45","0","1","3","0","0","9.00",,,"3","2","0","0","0","0","0","24","16","3","0","0","0","0","0","26","0","90","48","0","0","0","0","0","0","46","1","3","14","4","0","0","2","4","8","8","50","8","2","0","0","0","2","21","3","1","0","0","0","0","0","1","2","0","32","0","99","33","0","0","2","0","279","3","180","34","13","5","0","0","0",".314",".506",".437",".417",".436",".192",".466",".436",".408",".384",".031",".063",".020","71.2",22.9,24.1,18.1,40.5,30.5,"7.4",5,9.8,-4.5,55.2,31.8,"90.4","5.9",30,4,8,8,32,6,38,8,52,"79.527972","95.394235102",60.8,17.2,33.1,44.4,53.3,20,45,48.7,136,60.9,8.2,19,170,0,279,82.8,15,87,51.3,143,37.6,105,26.5,47.3,40,36,24,50,58.1,58,29,16,8,22,11,4,2,"R","279",29.1,"11.1","97.1","2292","-10.7","-14.8","14.4","18","1.4",,,,,,,,,,,,,,,,,,,,,,,,,"32.6","97.3","2264","-17.1","-21.1","8","19","1.5","17.2","89.8","2401","2.9","-28.1","5.7","6.8","1.7","6.8","90.1","1838","-17.2","-32.1","1.8","17.4","1.5",,,,,,,,,"32.3","82.9","2511","11.6","-34.1","5.8","13.5","1.8",,,,,,,,,,,,,,,,,,,,,,,,,"60.9","95.1","2308","-10.3","-21.9","8.5","15.4","3.7","32.3","82.9","2511","11.6","-34.1","5.8","13.5","1.8","6.8","90.1","1838","-17.2","-32.1","1.8","17.4","1.5"
"Wheeler, Zack",554430,2025,35,"14","88.0",359,334,63,39,13,1,10,118,22,32.9,6.1,".189",".323",".242","0.565","0.134",".256","27","28","0","0","264","7","2","1","0","0","2.76",,,"0","13","0","0","1","0","0","46","23","0","0","0","11","0","0","32","0","468","203","0","2","0","0","0","0","289","18","0","0","5","0","2","2","19","11","29","207","8","0","0","0","0","38","74","21","0","0","0","0","0","0","0","1","14","179","1","483","103","2","1","13","0","1390","1","907","190","0","0","0","0","1",".196",".322",".251",".252",".250",".126",".338",".340",".290",".303","-0.007",".001","-0.001","71.7",24.7,10.3,7.3,25.4,18.1,"7.1",16,8.2,1.5,47.9,31.8,"87.2","13.6",36.9,15,6.9,6.5,21.7,28.6,32.3,3.7,33.2,"76.277871019","93.120940605",69,24.7,29.7,45.7,54.3,96,210,47.6,708,82.5,6.9,143,1000,143,1488,75.3,133,538,52.4,780,46.5,692,30.6,50.3,40.6,35,24.4,217,61.3,41,89,27.6,60,24,52,7.4,16,"R","1488",24.2,"41.7","96","2464","-9.5","-14.9","15","17.9","1.3",,,,,,,,,,,,,,,,,"9.6","81","2786","12.2","-52.1","-10.3","16.1","1.2","15.7","95.2","2298","-17.2","-22.6","7.8","19","1.4","9.7","91.8","2544","1","-22.4","9.8","10.2","1.3","9.6","87.1","1553","-13.4","-29.6","6.6","15.2","1.5",,,,,,,,,"13.6","84.1","2631","12.6","-35.5","3.4","13.5","1.2",,,,,,,,,,,,,,,,,,,,,,,,,"67.2","95.2","2437","-9.8","-17.8","12.6","17","2","23.2","82.8","2695","12.4","-42.4","-2.3","14.6","2","9.6","87.1","1553","-13.4","-29.6","6.6","15.2","1.5"
"Perdomo, Angel",622780,2025,31,"4","3.1",16,12,2,2,0,0,0,2,3,12.5,18.8,".167",".167",".375","0.542","0.000",".200","2","2","0","0","10","0","0","0","0","0","5.40",,,"1","3","0","0","0","0","0","3","1","1","0","0","0","0","0","5","0","30","8","0","0","0","0","0","0","14","0","0","4","0","0","0","1","0","1","1","10","1","0","0","0","0","3","5","0","1","0","0","0","0","0","0","0","0","6","0","32","2","0","0","3","0","72","0","40","6","1","0","0","0","0",".288",".450",".286",".412",".466",".162",".178",".379",".200",".345","-0.121","-0.283","-0.126","67.5",3.8,9.5,7.7,33.3,26.9,"6.9",0,6.2,5.7,53.8,28,"83","7.9",20,1,10,0,30,20,30,10,30,"68.750508","92.58259",72.7,16.7,20.5,25,62.5,2,8,54.2,39,50,2.8,3,48,21,72,79.2,4,24,45.8,33,43.1,31,18.8,44.4,50,40,10,10,43.8,60,6,30,3,10,1,0,0,"L","72",40.3,"66.7","92.6","2390","2.1","-15.3","16.7","17","1.6","29.2","83.4","2501","-8.1","-37.9","1.3","8.4","1.6","4.2","90.3","2094","15.1","-23.6","10","18.1","1.4",,,,,,,,,,,,,,,,,,,,,,,,,,,,,,,,,,,,,,,,,,,,,,,,,,,,,,,,,,,,,,,,,,,,,,,,,"66.7","92.6","2390","2.1","-15.3","16.7","17","1.6","29.2","83.4","2501","-8.1","-37.9","1.3","8.4","1.6","4.2","90.3","2094","15.1","-23.6","10","18.1","1.4"
"Bivens, Spencer",702352,2025,31,"22","36.2",154,136,29,18,4,5,2,25,13,16.2,8.4,".213",".360",".294","0.654","0.147",".245","13","15","0","0","110","2","2","1","0","0","3.19",,,"3","2","0","0","0","0","0","38","17","3","0","0","0","0","0","42","0","176","104","0","1","1","0","0","0","107","2","8","22","2","0","0","3","6","13","10","112","11","1","0","0","0","19","47","7","0","0","0","0","0","0","1","1","0","44","2","189","49","2","0","2","0","560","2","371","45","14","3","0","0","0",".225",".376",".290",".302",".306",".151",".297",".312",".259",".275","-0.012","-0.016","-0.012","71.9",23.7,9,7.5,30,24.9,"7.3",2,11.7,-2.9,53.5,33.5,"85.1","8",25.7,7,6.2,4.4,16.8,23.9,38.9,8.8,31,"73.2521375","92.547710991",63.4,10.2,30.1,34.5,64.3,29,84,48.6,279,71.7,8,72,406,3,574,89.8,19,187,51.4,295,45.3,260,17.7,47.2,44.2,34.5,21.2,113,62.3,53.1,60,23.9,27,15,17,8,9,"R","574",37.7,"1.7","94.6","1967","-9.4","-18.9","11.6","15.5","1.3","0.5","87.3","2185","5.5","-29.7","6","8.2","1.5","12.5","88","1499","-12.3","-32.5","3.1","13.3","1.4",,,,,,,,,"34.5","94.1","1892","-16.4","-25.2","5.8","17.5","1.3","34.5","90.5","2102","1.8","-23.5","9.7","10.1","1.3",,,,,,,,,,,,,,,,,"4.9","81.9","2257","13.1","-38.6","2.2","13.6","1.5","11.3","79.9","2234","5.4","-47.5","-4.9","7.4","1.3",,,,,,,,,,,,,,,,,"70.7","92.3","1996","-7.4","-24.2","7.9","13.9","2.4","16.7","80.7","2239","7.7","-44.3","-2.5","9.2","2","12.5","88","1499","-12.3","-32.5","3.1","13.3","1.4"
"Wynne, Randy",691094,2025,32,"1","3.0",13,12,3,1,1,0,1,3,1,23.1,7.7,".250",".583",".308","0.891","0.333",".250","1","1","1","0","9","0","0","0","0","0","3.00",,,"0","0","0","0","0","0","0","3","1","0","0","0","0","0","0","4","0","14","5","0","0","0","0","0","0","16","0","1","1","0","0","0","0","1","1","1","9","1","0","0","0","0","3","2","0","0","0","0","0","0","0","0","0","0","3","0","14","7","0","0","0","0","47","0","33","3","0","0","0","0","0",".226",".588",".379",".368",".286",".362",".470",".455",".333",".302",".024","-0.005",".011","72.2",25,13.6,12.5,27.3,25,"7.2",0,12.5,-0.9,58.3,30.6,"93.9","20.8",11.1,2,22.2,0,0,44.4,33.3,0,44.4,"85.16381","97.109861111",77.8,9.5,35,14.3,85.7,1,7,42.6,20,85.7,14.9,6,33,8,47,90.5,2,21,57.4,27,51.1,24,10.7,59.6,33.3,33.3,33.3,9,84.6,33.3,3,44.4,4,11.1,1,11.1,1,"R","47",32.7,,,,,,,,,"6.4","80.8","2588","8.3","-39.7","1.9","9","1.5","12.8","80.6","1552","-12.9","-32.7","9.7","16.2","1.4","10.6","75.5","2413","9.3","-59.2","-11","14.5","1.4","51.1","90.5","2262","-15.4","-18.6","15","21.7","1.2","19.1","86.5","2267","0","-26.1","10.3","10.4","1.4",,,,,,,,,,,,,,,,,,,,,,,,,,,,,,,,,,,,,,,,,,,,,,,,,"70.2","89.4","2264","-11.2","-20.6","13.8","18.6","1.8","17","77.5","2479","8.9","-51.9","-6.1","12.5","1.8","12.8","80.6","1552","-12.9","-32.7","9.7","16.2","1.4"
"Snider, Collin",676092,2025,29,"24","26.1",119,107,32,15,12,2,3,24,6,20.2,5,".299",".533",".342","0.875","0.234",".354","16","20","0","0","79","2","1","1","0","0","5.47",,,"1","3","0","0","0","0","0","26","23","1","0","0","0","0","0","43","0","142","64","0","0","0","0","0","0","119","4","4","24","3","0","0","2","5","9","18","87","14","4","0","1","0","15","27","5","0","0","0","0","0","0","2","2","0","51","4","150","57","0","0","3","0","477","4","327","53","9","4","0","0","3",".291",".517",".370",".368",".343",".225",".446",".446",".376",".378",".008",".016",".002","71.2",22.9,11.8,9.4,23.6,18.8,"7.3",5,10.9,-5.8,49.8,31.5,"90.3","13",35.6,11,12.6,10.3,24.1,20.7,27.6,3.4,47.1,"78.356503571","95.455914405",75.3,15.4,31.2,39.7,60.3,27,68,45.7,218,87.8,8.6,0,286,0,477,84.6,30,195,54.3,259,44.4,212,21.7,55.1,43.7,32.2,24.1,87,62.7,41.4,36,24.1,21,27.6,24,6.9,6,"R","477",18.6,"31.4","92.4","2607","-1.6","-23.6","8.4","8.9","1.1",,,,,,,,,,,,,,,,,,,,,,,,,"4.4","93.1","2532","-9.3","-25.2","6.4","11.4","1.3","24.1","86.8","2709","5.8","-37","-0.6","6.3","1.7",,,,,,,,,,,,,,,,,"28.5","82.4","2765","14.3","-38.3","2.3","14.5","1","11.5","84.1","2765","10.1","-41.4","-2.7","10.6","1.3",,,,,,,,,,,,,,,,,"60","90.2","2642","0.8","-29.1","4.6","8.1","3.2","40","82.9","2765","13.1","-39.2","0.8","13.4","1.4",,,,,,,,
"Uribe, Abner",682842,2025,25,"35","35.1",144,123,26,23,1,0,2,45,15,31.3,10.4,".211",".268",".317","0.585","0.057",".316","7","9","1","1","106","2","1","4","1","0","1.78",,,"0","5","2","0","0","1","0","30","10","0","0","0","0","0","0","26","0","173","116","0","1","0","0","0","1","86","11","2","35","3","0","0","4","3","8","15","80","6","20","0","2","1","7","33","7","0","0","0","0","0","0","2","0","0","64","2","192","33","1","1","7","0","554","2","362","67","6","2","0","0","0",".218",".295",".270",".281",".324",".077",".331",".353",".333",".347","-0.007","-0.027","-0.011","70.6",14.4,12.2,9,26.5,19.4,"7.5",9,12,-4.7,52.2,33,"86","8.7",33.8,2,2.5,2.5,30,18.8,33.8,10,35,"72.872869737","93.680928",58.4,25.4,27.5,50.7,49.3,35,69,45.3,251,76,9,0,290,264,554,74.6,45,177,54.7,303,42.1,233,32.5,44.4,45,37.5,17.5,80,58.5,51.2,41,12.5,10,27.5,22,8.8,7,"R","554",38.8,"1.6","99.9","2404","-6.2","-13.6","14","15.4","1.4","47.7","87.4","2547","10.5","-31.9","4.1","11.7","1.2",,,,,,,,,,,,,,,,,"50.7","98.8","2302","-14.3","-21.6","6.6","15.9","1",,,,,,,,,,,,,,,,,,,,,,,,,,,,,,,,,,,,,,,,,,,,,,,,,,,,,,,,,"52.3","98.9","2305","-14.1","-21.3","6.8","15.9","1.1","47.7","87.4","2547","10.5","-31.9","4.1","11.7","1.2",,,,,,,,
"Waddell, Brandon",663399,2025,31,"4","10.2",44,41,10,6,2,1,1,7,2,15.9,4.5,".244",".415",".273","0.688","0.171",".265","4","4","0","0","32","0","0","0","0","0","3.38",,,"1","1","0","0","0","0","0","10","4","1","0","0","0","0","0","8","0","55","21","0","0","0","0","0","0","40","0","1","4","0","0","0","0","1","3","6","35","1","1","0","0","0","10","10","2","0","0","0","0","0","0","0","1","0","15","0","58","17","0","0","1","0","169","1","111","15","2","0","0","0","0",".297",".436",".294",".334",".330",".139",".330",".380",".286",".358","-0.053","-0.021","-0.040","71.3",22.9,10,8.4,35.7,30.1,"7.4",2,12.6,-3.4,60.2,32.8,"88.4","15.9",31.4,2,5.7,2.9,40,31.4,17.1,2.9,31.4,"79.088773889","93.005062286",72.9,8.1,33.3,35.7,64.3,10,28,49.7,84,92.3,7.7,28,75,44,169,91.9,5,62,50.3,85,46.2,78,16.7,53.3,54.3,34.3,11.4,35,65.9,37.1,13,31.4,11,25.7,9,5.7,2,"L","169",42.3,"30.2","90.9","2221","3.4","-17.3","16.1","16.6","1.3","26","86.1","2325","-5.3","-32.3","5","7.5","1.4","16.6","83.2","1272","13.9","-35.4","4.5","14.8","1.4",,,,,,,,,"14.2","90.8","2119","15.9","-23.3","10.4","19.2","1.5",,,,,,,,,,,,,,,,,,,,,,,,,"13","78.3","2454","-16.6","-40.5","4.7","17.5","1.7",,,,,,,,,,,,,,,,,,,,,,,,,"44.4","90.8","2188","7.4","-19.2","14.3","17.4","1.3","39.1","83.5","2368","-9.1","-35","4.9","10.8","3.4","16.6","83.2","1272","13.9","-35.4","4.5","14.8","1.4"
"Wacha, Michael",608379,2025,33,"15","86.0",358,329,79,56,13,1,9,65,23,18.2,6.4,".240",".368",".292","0.660","0.128",".272","31","31","0","0","258","4","6","0","0","0","3.24",,,"1","7","0","0","0","0","0","72","22","0","1","0","7","0","0","60","0","434","195","1","0","0","0","0","0","250","11","0","0","8","0","0","2","15","28","36","267","10","0","0","0","0","49","79","30","1","0","0","0","0","0","1","2","15","123","0","458","121","0","0","7","0","1313","3","855","129","0","0","0","0","3",".255",".422",".292",".315",".307",".167",".325",".357",".297",".316","-0.015","-0.054","-0.023","72.2",26.9,12.6,10.1,32,25.8,"7.4",18,12.8,-4.7,52,32.8,"87.1","16.7",38.6,18,6.7,5.2,26.2,31.1,24,6,32.2,"75.959586565","93.241740536",71.3,17.2,26.1,34,66,54,159,46.5,610,84.8,8.5,339,729,245,1313,82.2,86,501,53.5,703,44.9,589,21.2,50.3,41.6,34.8,23.6,267,64.8,40.1,107,25.1,67,24.7,66,10.1,27,"R","1313",51,"30.6","93.2","2167","-6.4","-13.4","18.2","19.4","1.3","10.5","85.1","1982","4.1","-34.1","3.6","6.1","1.4","25.8","80.2","1553","-12.4","-34.6","8.1","15.8","1.4","8.1","75.2","2316","12.9","-61.7","-12.7","18.2","1.3","10.6","93.5","2070","-12.8","-16","15.3","20.1","1.4","14.3","88.1","2130","2.3","-26","9","9.6","1.5",,,,,,,,,,,,,,,,,,,,,,,,,,,,,,,,,,,,,,,,,,,,,,,,,"55.5","92","2139","-5.4","-17.1","15.3","17","2.9","18.7","80.8","2128","7.9","-46.1","-3.5","11.4","5.2","25.8","80.2","1553","-12.4","-34.6","8.1","15.8","1.4"
"De los Santos, Yerry",660787,2025,27,"14","20.0",93,79,22,20,2,0,0,13,12,14,12.9,".278",".304",".370","0.674","0.026",".328","4","4","0","0","60","0","0","1","0","0","1.80",,,"2","4","1","0","0","0","0","18","5","2","0","0","0","0","0","15","0","101","65","0","0","0","0","0","1","56","3","3","14","3","0","0","0","1","10","11","68","4","2","0","0","0","6","30","4","0","0","0","0","0","0","1","1","0","26","0","118","24","0","0","5","0","338","2","220","28","1","1","0","0","2",".292",".394",".311",".346",".382",".102",".303",".350",".328",".345","-0.014","-0.090","-0.035","72.3",30.1,13.8,11,34.9,27.9,"7.3",1,8.4,-0.7,43.4,33.6,"89.1","5.5",25,3,4.4,5.9,25,14.7,47.1,2.9,38.2,"78.372863235","94.053778955",62.5,17.1,29.4,26,74,13,50,50.3,170,87,6.8,71,221,46,338,82.9,18,105,49.7,168,41.4,140,20,45.9,39.7,33.8,26.5,68,71,58.8,40,11.8,8,22.1,15,7.4,5,"R","338",29.5,"8.6","94.9","2128","-12.8","-17.5","12.9","18.3","1.5","13.6","85","2075","4.1","-36.7","1.2","5.1","1.3","21","88.5","1643","-14.5","-34.1","0.8","14.8","1.2",,,,,,,,,"56.8","95.6","2148","-17.3","-21.8","8.3","19.2","1.1",,,,,,,,,,,,,,,,,,,,,,,,,,,,,,,,,,,,,,,,,,,,,,,,,,,,,,,,,"65.4","95.5","2145","-16.7","-21.3","8.9","19.1","1.2","13.6","85","2075","4.1","-36.7","1.2","5.1","1.3","21","88.5","1643","-14.5","-34.1","0.8","14.8","1.2"
"Leasure, Jordan",673929,2025,26,"31","27.0",122,106,27,12,10,1,4,33,14,27,11.5,".255",".481",".344","0.825","0.226",".329","13","15","1","3","81","1","4","1","0","0","4.33",,,"1","7","1","0","0","0","0","28","21","1","0","0","0","2","0","45","0","187","67","0","0","1","0","0","0","92","5","7","31","0","0","0","1","6","9","12","74","11","8","0","1","1","12","17","8","0","0","0","0","0","0","0","1","0","64","2","202","51","1","0","8","0","507","1","305","66","15","8","0","0","1",".220",".380",".355",".304",".314",".160",".449",".365",".365",".315",".035",".101",".051","71.2",18.2,12.7,8.9,30.3,21.2,"7.4",4,11.1,-6.2,55.2,30.1,"90.1","19.9",33.8,8,10.8,6.8,21.6,29.7,27,4.1,39.2,"79.939773243","94.29297274",71.1,21.8,26.5,49.3,50.7,36,73,54.2,275,69.7,6.5,15,285,207,507,78.2,36,165,45.8,232,38.5,195,30.3,46.9,40.5,36.5,23,74,63.1,35.1,26,25.7,19,27,20,12.2,9,"R","507",53.5,"56.2","96.3","2380","-4.3","-10","19.7","20.3","1.1","40.8","87.7","2457","6.8","-30.8","4.6","8.5","1.2",,,,,,,,,,,,,,,,,,,,,,,,,,,,,,,,,"3","87.1","919","-6.7","-25.2","10.9","13.5","1.3",,,,,,,,,,,,,,,,,,,,,,,,,,,,,,,,,,,,,,,,,"56.2","96.3","2380","-4.3","-10","19.7","20.3","1.1","40.8","87.7","2457","6.8","-30.8","4.6","8.5","1.2","3","87.1","919","-6.7","-25.2","10.9","13.5","1.3"
"Misiorowski, Jacob",694819,2025,23,"1","5.0",37,33,1,0,0,0,1,11,4,29.7,10.8,".030",".121",".135","0.256","0.091",".000","0","0","0","0","15","1","0","0","0","0","0.00",,,"0","0","0","0","0","0","0","2","0","0","0","0","0","0","0","1","0","32","12","0","0","0","0","0","0","15","0","0","0","1","0","0","0","0","0","0","9","0","0","0","0","0","3","4","0","0","0","0","0","0","0","0","0","1","13","0","32","0","0","0","0","0","81","0","49","13","0","0","0","0","0",".152",".235",".131",".222",".244",".082",".094",".247",".045",".229","-0.122","-0.114","-0.091","71.5",24.4,8.2,6.4,23,17.9,"7.1",3,5.4,2.9,48.7,29.2,"90","15.7",22.7,1,4.5,4.5,18.2,31.8,40.9,0,27.3,"81.694325455","93.408835",70.6,15,30.5,52,48,13,25,49.1,82,85.7,8.4,4,84,79,167,85,9,60,50.9,85,44.3,74,25.9,50.9,54.5,31.8,13.6,22,54.1,45.5,10,27.3,6,13.6,3,13.6,3,"R","167",29.9,"50.3","99.7","2583","-9.6","-11.7","16.1","18.8","1.7","34.1","94.6","2454","2.8","-23.3","7.3","8.2","1.5","2.4","92.8","2122","-17.6","-24.6","7.6","19.1","1.5","13.2","87.6","2459","5.5","-44.8","-9.2","10.9","1.3",,,,,,,,,,,,,,,,,,,,,,,,,,,,,,,,,,,,,,,,,,,,,,,,,,,,,,,,,,,,,,,,,"50.3","99.7","2583","-9.6","-11.7","16.1","18.8","1.7","47.3","92.6","2455","3.6","-29.3","2.7","9","3.1","2.4","92.8","2122","-17.6","-24.6","7.6","19.1","1.5"
"López, Pablo",641154,2025,29,"11","60.2",247,227,51,35,10,1,5,61,14,24.7,5.7,".225",".344",".275","0.619","0.119",".280","19","22","0","0","182","5","3","1","2","0","2.82",,,"8","8","0","0","1","0","0","41","20","7","1","0","3","0","0","50","0","334","160","0","2","0","0","0","0","191","8","0","0","3","0","0","3","9","13","29","169","11","0","0","0","0","35","54","12","0","0","0","0","0","0","0","3","11","116","3","354","78","2","1","8","0","1007","3","653","122","0","0","0","0","2",".239",".384",".274",".296",".292",".145",".330",".362",".302",".327","-0.014","-0.040","-0.022","71.5",23,11.3,8.4,30.5,22.6,"7.2",12,9,-1.1,50.7,32.6,"88","15.1",35.5,10,5.9,7.1,21.9,31.4,28.4,5.3,32.5,"76.661285833","93.752545988",65.5,15.7,32.3,48.1,51.9,78,162,49.9,502,74.4,7.7,218,501,93,1007,83.4,52,331,50.1,505,40.3,406,26.4,49,34.9,40.2,24.9,169,61.1,39.6,67,26.6,45,25.4,43,8.3,14,"R","1007",35.2,"42.7","94.5","2154","-6.4","-16.5","14.2","15.7","1.2",,,,,,,,,"21.6","87.2","1779","-15","-33.5","2.7","15.8","1.3","9.2","82.5","2600","7.3","-52.3","-11.8","14","1.7","7.1","93.6","2039","-15.1","-24.4","7.1","16.8","1.3",,,,,,,,,,,,,,,,,,,,,,,,,"19.4","84.9","2401","12.1","-37.9","0.3","12.5","1.2",,,,,,,,,,,,,,,,,,,,,,,,,"49.8","94.4","2137","-7.6","-17.6","13.2","15.8","1.2","28.6","84.1","2465","10.5","-42.5","-3.6","13","1.8","21.6","87.2","1779","-15","-33.5","2.7","15.8","1.3"
"Leahy, Kyle",681517,2025,28,"32","40.2",168,150,34,25,5,0,4,32,15,19,8.9,".227",".340",".298","0.638","0.113",".259","13","13","0","1","122","2","1","1","0","0","2.88",,,"2","1","0","0","0","0","0","38","16","2","0","0","0","0","0","43","0","193","109","0","1","0","0","0","0","110","7","2","32","4","0","2","1","5","9","20","120","6","12","0","1","0","19","46","10","0","0","0","0","0","0","0","2","0","59","0","211","51","1","0","1","0","620","2","409","62","16","6","0","0","1",".270",".449",".283",".349",".341",".179",".307",".398",".283",".345","-0.043","-0.109","-0.066","71.6",21.5,17.1,13.6,31,24.5,"7.2",7,8.6,2.2,56.2,32,"88.1","10.4",36.7,14,11.7,8.3,20,17.5,36.7,5.8,40.8,"75.523140167","94.497821681",66.9,13.6,27.5,48.8,51.2,39,80,46.9,291,84.4,10.3,65,237,225,620,85.9,30,220,53.1,329,40,248,23,48.4,39.2,37.5,23.3,120,69.6,45.8,55,21.7,26,25,30,7.5,9,"R","620",44.9,"30.8","95","2375","-3.3","-13.4","17","17.5","1.1","25.5","90.7","2362","4.6","-28","5.2","7.2","1.5","10.5","89.8","1552","-11.2","-29.2","5","12.6","1.3","10.8","82.8","2409","9.3","-53.9","-13.5","16.5","1.3","7.4","94.8","2216","-13.2","-18.2","12.4","18.1","1.3",,,,,,,,,,,,,,,,,,,,,,,,,"15","86.5","2694","14.9","-32.3","4.4","15.8","1.5",,,,,,,,,,,,,,,,,,,,,,,,,"38.2","94.9","2344","-5.2","-14.4","16.1","17.6","1.2","51.3","87.8","2469","8.6","-34.7","1","11.7","3.6","10.5","89.8","1552","-11.2","-29.2","5","12.6","1.3"
"Guerrero, Luis",692285,2025,24,"9","13.1",53,42,5,4,1,0,0,5,10,9.4,18.9,".119",".143",".283","0.426","0.024",".132","4","4","0","0","40","0","0","0","0","0","2.70",,,"3","0","0","0","0","0","0","11","4","2","1","0","0","0","0","9","0","77","26","0","0","0","0","0","0","32","1","5","9","2","0","0","0","0","3","2","38","3","0","0","0","0","10","13","7","0","0","0","0","1","0","0","1","0","26","0","85","6","0","0","0","0","209","1","124","27","3","1","0","0","0",".284",".441",".222",".399",".426",".157",".127",".373",".132",".331","-0.165","-0.298","-0.177","71.1",17.9,16.1,11.9,33.9,25,"7.4",5,11.2,-3.6,52.4,31.8,"88.1","13.9",39.5,3,7.9,7.9,15.8,28.9,36.8,2.6,36.8,"76.957655263","93.661067368",72.9,21,29,41.7,58.3,15,36,59.3,124,77.8,8.6,11,74,93,209,79,13,62,40.7,85,41.6,87,28.6,46.9,39.5,34.2,26.3,38,60.4,42.1,16,28.9,11,23.7,9,5.3,2,"R","208",35.4,"35.6","96.5","2179","-8.7","-13.5","16.1","18.4","1.4","44.7","84.8","2341","4.2","-39.5","-1.5","5","1.6","5.3","87.7","1864","-17","-31.3","4.3","17.8","1.4",,,,,,,,,,,,,,,,,,,,,,,,,,,,,,,,,,,,,,,,,"14.4","81.8","2442","16","-38.9","2.2","16.4","1.5",,,,,,,,,,,,,,,,,,,,,,,,,"35.6","96.5","2179","-8.7","-13.5","16.1","18.4","1.4","59.1","84.1","2366","7.1","-39.4","-0.6","7.8","2","5.3","87.7","1864","-17","-31.3","4.3","17.8","1.4"
"Garrett, Reed",657585,2025,32,"30","29.1",128,111,24,16,7,0,1,35,17,27.3,13.3,".216",".306",".320","0.626","0.090",".307","4","7","2","4","88","2","2","2","0","0","1.23",,,"2","3","0","0","0","0","0","43","12","2","0","0","0","1","0","48","0","170","84","0","0","0","0","0","0","78","3","6","30","1","0","0","0","4","5","12","73","7","14","0","2","0","16","25","7","1","0","0","0","0","0","0","0","0","62","3","185","29","0","0","3","0","489","0","304","66","19","6","0","0","0",".232",".341",".282",".299",".334",".109",".331",".358",".316",".339","-0.016","-0.035","-0.017","72",23.6,12.7,8.7,35.1,24.1,"7.5",9,12.4,-5,50.8,33.5,"88.4","14.3",35.5,4,5.3,7.9,27.6,23.7,28.9,6.6,42.1,"75.877783421","94.629683947",60.7,16.9,32.6,53.8,46.2,50,93,56,285,71.9,6.3,108,309,0,509,83.1,23,136,44,224,37.1,189,31.9,45,39.5,40.8,19.7,76,62.7,40.8,31,26.3,20,27.6,21,5.3,4,"R","509",34.7,"5.1","97.9","2386","-9","-13","15.8","18.3","1.3",,,,,,,,,,,,,,,,,,,,,,,,,"23.2","96.6","2296","-16.9","-21.8","7.7","18.7","1.2","32.4","92.3","2498","2.8","-24.4","7.6","8.5","1.4","21.2","89.1","1533","-12.4","-33.7","0.8","12.5","1.2",,,,,,,,,"18.1","86.4","2795","12.1","-34.5","2.5","12.8","1.5",,,,,,,,,,,,,,,,,,,,,,,,,"60.7","94.4","2411","-5.7","-22.5","8.3","13.2","2.8","18.1","86.4","2795","12.1","-34.5","2.5","12.8","1.5","21.2","89.1","1533","-12.4","-33.7","0.8","12.5","1.2"
"Myers, Tobias",668964,2025,26,"6","20.0",96,84,26,19,5,0,2,15,10,15.6,10.4,".310",".440",".385","0.825","0.130",".353","11","11","0","0","60","1","1","0","1","0","4.95",,,"0","3","0","0","0","0","0","21","11","0","0","0","0","0","0","27","0","117","54","0","0","0","0","0","0","85","5","0","1","1","0","0","1","3","10","13","70","10","0","0","0","0","14","17","4","0","0","0","0","0","0","0","1","5","25","0","129","37","0","0","3","0","368","1","239","25","0","0","0","0","0",".278",".431",".365",".346",".359",".154",".391",".365",".371",".335",".032",".009",".019","71.6",23.3,16.1,13.5,30.7,25.8,"7.3",0,9.7,-1.9,55.2,30.5,"90.6","14.2",32.9,3,4.3,10,25.7,27.1,27.1,5.7,44.3,"80.063807353","94.904172353",68.5,14.1,29.2,22,78,11,50,46.5,171,87.9,9,11,245,112,368,85.9,19,135,53.5,197,44.8,165,16.2,50.3,34.3,40,25.7,70,57.3,38.6,27,24.3,17,25.7,18,11.4,8,"R","368",61.1,"48.6","92.6","2244","-5.2","-12.4","19.6","20.4","1.7","29.1","84.4","2117","4.4","-34.2","4","6.6","1.7","3","79.8","1794","-11.7","-29.2","13.6","18","1.5","1.4","76.1","2269","1.4","-55.4","-8.2","8.3","1.5",,,,,,,,,"17.9","87.6","2132","4","-23.3","12.2","13.1","1.4",,,,,,,,,,,,,,,,,,,,,,,,,,,,,,,,,,,,,,,,,,,,,,,,,"66.6","91.3","2214","-2.7","-15.3","17.6","18.4","2.8","30.4","84","2124","4.3","-35.1","3.5","6.6","2.3","3","79.8","1794","-11.7","-29.2","13.6","18","1.5"
"Meyer, Max",676974,2025,26,"12","64.2",285,261,72,48,12,0,12,68,20,23.9,7,".276",".460",".330","0.790","0.184",".328","34","39","0","0","194","3","5","0","1","0","4.73",,,"3","22","2","0","0","0","0","45","36","3","0","0","5","0","0","61","0","350","176","0","1","0","0","0","0","159","11","0","0","4","0","1","2","13","28","31","195","16","0","0","0","0","33","69","9","3","0","0","0","0","0","0","2","12","113","5","371","120","1","0","24","0","1039","2","668","124","0","0","0","0","2",".270",".467",".344",".348",".328",".197",".424",".430",".369",".367",".006","-0.007","-0.004","72.7",31.7,19.3,14,40.5,29.4,"7.4",10,10.4,-1.9,54.6,33.5,"91.9","8.7",30.3,18,9.2,7.2,28.2,19,32.8,3.6,48.2,"81.961734227","95.684813731",64.8,15.7,27.7,58.5,41.5,79,135,47,488,75.3,9,180,373,365,1039,83.5,56,357,53,551,44.4,461,27.4,47.4,39,37.4,23.6,195,62.8,49.7,97,24.6,48,20.5,40,5.1,10,"R","1039",37,"22.2","95","2513","-9.1","-15","15.4","18","1.2","35.1","89.9","2620","2.4","-35.3","-1.3","3.4","1.5","17.3","89.3","1784","-15.6","-32.5","2","15.9","1.5",,,,,,,,,"13.7","94.2","2485","-15","-25.4","5.4","16","1.3",,,,,,,,,,,,,,,,,,,,,,,,,"11.6","86.7","2461","10.9","-41","-4.3","12","1.2",,,,,,,,,,,,,,,,,,,,,,,,,"35.9","94.7","2502","-11.3","-19","11.6","17.3","1.3","46.8","89.1","2580","4.5","-36.7","-2","5.6","2.1","17.3","89.3","1784","-15.6","-32.5","2","15.9","1.5"
"Abbott, Andrew",671096,2025,26,"12","68.1",271,249,49,32,9,0,8,69,20,25.5,7.4,".197",".329",".259","0.588","0.132",".238","14","19","0","0","205","6","1","3","0","1","1.84",,,"5","18","1","0","1","1","0","47","18","4","1","0","4","0","0","37","0","360","178","0","1","0","0","1","0","222","11","0","0","4","0","2","1","14","16","19","181","6","0","0","0","0","54","41","19","0","0","0","0","0","0","1","0","12","114","5","379","82","1","2","19","0","1091","1","712","120","0","0","0","0","2",".208",".371",".263",".281",".270",".163",".313",".340",".272",".288","-0.011","-0.042","-0.018","72.3",28.5,9.2,7.2,27.1,21.1,"7.4",11,10.3,-1.1,47.7,30.7,"87.9","20.2",33.1,16,8.8,4.4,21.5,37.6,22.7,3.9,33.1,"77.748178539","93.097157247",68.1,17.8,29.9,39.6,60.4,65,164,50.2,548,86.2,6,230,556,153,1091,82.2,66,370,49.8,543,44.9,490,24.5,48.9,29.8,37.6,32.6,181,62.7,31.5,57,37.6,68,21,38,9.9,18,"L","1091",48.5,"47.7","92.2","2233","8.8","-16","16.3","18.6","1.3",,,,,,,,,"21.1","84.4","1907","15.2","-28.4","10","18.2","1.3","14","80.5","2744","-9.9","-44.9","-2.8","10.7","1.5",,,,,,,,,"3.3","87.3","2378","-1.3","-27.5","8.3","9.2","1.4",,,,,,,,,,,,,,,,,"13.9","82.6","2694","-10.8","-36.1","4.1","12","1.3",,,,,,,,,,,,,,,,,,,,,,,,,"51","91.9","2243","8.1","-16.7","15.8","18","1.9","28","81.5","2719","-10.3","-40.5","0.7","11.4","1.8","21.1","84.4","1907","15.2","-28.4","10","18.2","1.3"
"Scherzer, Max",453286,2025,40,"1","3.0",11,11,3,1,0,0,2,1,0,9.1,0,".273",".818",".273","1.091","0.545",".125","2","2","0","0","9","0","0","0","0","0","6.00",,,"0","0","0","0","0","0","0","0","2","0","0","0","0","0","0","0","0","17","9","0","0","0","0","0","0","6","0","0","0","0","0","0","0","2","1","0","10","0","0","0","0","0","3","1","1","0","0","0","0","0","0","0","0","1","3","0","17","9","0","0","0","0","45","0","28","3","0","0","0","0","0",".318",".895",".458",".499",".318",".577",".504",".548",".300",".350","-0.045","-0.077","-0.041","71.7",26.7,23.1,20,53.8,46.7,"7",0,12,-2.1,60,34.6,"95.6","28.1",40,2,20,0,10,50,20,0,50,"88.043604","96.714332",60,13.3,20,25,75,1,4,44.4,20,80,11.1,7,28,10,45,86.7,2,15,55.6,25,46.7,21,15.8,42.2,50,40,10,10,63.6,20,2,50,5,10,1,20,2,"R","45",31.7,"42.2","91.9","2380","-12.1","-16.4","16.5","20.5","1.3","8.9","84","2308","4.7","-33.2","5.8","8.2","1.5","15.6","83.3","1474","-16.1","-35.8","3.8","16.6","1.4","13.3","73.9","2622","13.3","-59.8","-9.2","16.2","1.5",,,,,,,,,"20","86.4","2374","3","-30.5","6.3","7.3","1.4",,,,,,,,,,,,,,,,,,,,,,,,,,,,,,,,,,,,,,,,,,,,,,,,,"62.2","90.1","2378","-7.2","-20.9","13.2","16.3","2.2","22.2","78","2496","9.9","-49.2","-3.2","13","2.4","15.6","83.3","1474","-16.1","-35.8","3.8","16.6","1.4"
"Casparius, Ben",676508,2025,26,"23","47.2",192,180,39,27,10,0,2,48,10,25,5.2,".217",".306",".257","0.563","0.089",".282","16","16","0","0","143","5","1","0","0","0","3.02",,,"2","6","0","0","0","0","0","33","15","2","0","0","0","1","0","42","0","229","111","0","1","0","0","0","0","127","9","2","21","1","0","1","0","5","10","24","134","11","7","0","0","0","35","37","9","0","1","0","0","0","0","1","1","2","97","0","251","55","1","0","6","1","735","2","484","101","9","0","0","0","1",".235",".364",".250",".278",".274",".128",".307",".347",".293",".319","-0.018","-0.058","-0.028","70.8",20.5,10.5,7.8,32.9,24.2,"7.2",8,9.7,-0.8,51.2,32.1,"87.6","19.5",30.6,7,5.2,4.5,28.4,36.6,23.1,2.2,31.3,"77.808953433","92.728351278",68.5,19.9,30.7,53.8,44.3,57,106,46.9,345,80.6,8.4,0,395,103,735,80.1,53,267,53.1,390,42.9,315,29.5,50.7,30.6,40.3,29.1,134,57.8,35.1,47,30.6,41,24.6,33,9.7,13,"R","735",46.5,"34.4","96.2","2443","-2.9","-11.4","18.2","18.5","1.3",,,,,,,,,,,,,,,,,"14","80.7","2998","10.6","-57.3","-14.8","18.3","1.9",,,,,,,,,"19.3","91.9","2766","5.6","-25.7","6.5","8.9","1.5",,,,,,,,,,,,,,,,,"32.2","85.3","3064","14","-38.2","-0.4","14.3","1.9",,,,,,,,,,,,,,,,,,,,,,,,,"53.7","94.6","2559","0.1","-16.5","14","15.1","2.6","46.3","83.9","3044","13","-44","-4.8","15.5","3",,,,,,,,
"Palencia, Daniel",694037,2025,25,"25","27.0",104,94,16,11,3,1,1,29,10,27.9,9.6,".170",".255",".250","0.505","0.085",".234","5","6","7","1","81","0","2","0","0","0","1.67",,,"1","9","0","0","0","0","0","22","6","1","0","0","0","2","0","21","0","137","64","0","0","0","0","0","1","95","6","12","25","3","0","1","0","5","5","6","65","4","6","0","1","0","11","23","10","0","0","0","0","0","0","0","0","0","44","1","141","24","0","0","9","0","417","0","276","46","5","0","0","0","1",".225",".344",".228",".283",".299",".120",".265",".352",".246",".325","-0.055","-0.089","-0.055","70.6",19,6.6,5,33.1,25.1,"6.8",5,7.6,5.1,49.2,30.1,"89.1","10.9",40,2,3.1,7.7,26.2,23.1,33.8,6.2,40,"79.5391825","93.845617143",71.1,19.4,27.1,40.4,59.6,21,52,46,192,86.8,9.1,9,315,93,417,80.6,31,160,54,225,43.9,183,24.5,50.8,24.6,46.2,29.2,65,65,43.1,28,24.6,16,24.6,16,7.7,5,"R","417",34.2,"73.1","99.3","2321","-12.5","-12.2","15.6","20.1","1.5","21.6","88.4","2225","1.8","-32.4","2.6","3.8","2.2",,,,,,,,,"0.7","82.2","2038","2.1","-38.4","1.7","2.8","1.5","2.4","99.8","2355","-18.1","-12.8","14.9","23.5","1.4",,,,,,,,,"2.2","87.2","1042","-8.4","-33.8","2.1","9.2","1.5",,,,,,,,,,,,,,,,,,,,,,,,,,,,,,,,,,,,,,,,,"75.5","99.3","2322","-12.7","-12.3","15.6","20.2","1.5","22.3","88.2","2219","1.8","-32.6","2.6","3.8","2.4","2.2","87.2","1042","-8.4","-33.8","2.1","9.2","1.5"
"Blanco, Ronel",669854,2025,31,"9","48.1",199,176,37,21,9,0,7,48,20,24.1,10.1,".210",".381",".288","0.669","0.171",".244","22","22","0","0","145","3","4","0","0","0","4.10",,,"5","13","0","0","0","0","0","30","21","5","0","0","4","0","0","36","0","284","124","0","1","0","0","0","0","126","6","0","0","2","0","2","0","9","11","17","131","8","0","0","0","0","31","36","12","0","0","0","0","0","0","1","2","9","112","0","292","67","1","0","13","0","794","3","502","115","0","0","0","0","0",".204",".357",".295",".282",".282",".154",".343",".323",".285",".276",".006",".024",".013","71.9",24.9,11.9,8.3,29.2,20.3,"7.7",5,15.1,-9.6,55.4,30.7,"85.9","17.7",25.2,11,8.4,5.3,19.8,35.9,21.4,9.2,30.5,"74.409075313","92.826420709",65.3,21.5,31.5,51.1,48.9,67,131,52.5,416,79.6,6.2,99,283,411,794,78.5,53,246,47.5,377,44,349,32,47.6,47.3,28.2,24.4,131,58.8,35.9,47,32.1,42,22.1,29,9.9,13,"R","793",45.5,"35.7","93.2","2260","-6.7","-13","18.8","20.1","1.1","31.5","85.5","2134","2.9","-31","6.4","7.5","1.4","12.5","84.4","1513","-13.7","-32.6","6.2","15.4","1.5","20.3","80.2","2213","10.2","-44.6","-1.5","10.8","1.2",,,,,,,,,,,,,,,,,,,,,,,,,,,,,,,,,,,,,,,,,,,,,,,,,,,,,,,,,,,,,,,,,"35.7","93.2","2260","-6.7","-13","18.8","20.1","1.1","51.8","83.4","2165","5.8","-36.4","3.3","8.8","3.1","12.5","84.4","1513","-13.7","-32.6","6.2","15.4","1.5"
"Kelly, Merrill",518876,2025,36,"15","87.0",347,324,67,40,16,2,9,86,22,24.8,6.3,".207",".352",".259","0.611","0.145",".253","33","36","0","0","261","6","3","0","0","0","3.41",,,"6","41","1","0","3","0","0","51","34","6","0","0","8","0","0","61","0","461","238","0","0","0","0","0","0","243","16","0","0","4","0","1","1","15","19","33","238","15","0","0","0","1","42","91","21","0","0","0","0","0","0","0","0","15","140","3","478","114","0","3","42","0","1364","0","886","148","0","0","0","0","3",".261",".442",".270",".325",".310",".181",".326",".407",".282",".356","-0.054","-0.090","-0.055","72.8",34.8,17.4,13.4,33,25.4,"7.5",23,11.5,-3.8,55,33.6,"90.7","12",30.7,22,9.2,8.8,24.4,21.4,32.4,3.4,45.8,"79.32519839","95.404041745",65.3,15.4,31.4,44.4,55.1,100,225,52.5,716,72.7,7.3,327,791,246,1364,84.4,65,423,47.5,648,45.7,623,25.5,47.5,39.9,36.6,23.5,238,64,46.2,110,23.9,57,22.7,54,7.1,17,"R","1364",24,"24.4","91.8","2358","-9.3","-17.5","15.2","17.9","1.4","7.3","85.8","2352","2.4","-33.8","3.4","4.5","1.3","24","88.2","2155","-15.3","-35.1","0.2","15.4","1.2","10.8","81.9","2616","8.3","-50.9","-10","13.1","1.7","14.4","92.1","2215","-16.4","-26.5","5.9","17.7","1.5","19.2","90.6","2352","-2.8","-21.2","12.2","12.7","1.2",,,,,,,,,,,,,,,,,,,,,,,,,,,,,,,,,,,,,,,,,,,,,,,,,"58","91.4","2321","-8.9","-20.9","11.9","16.1","1.5","18","83.4","2510","5.9","-44","-4.6","9.6","2.5","24","88.2","2155","-15.3","-35.1","0.2","15.4","1.2"
"De Los Santos, Enyel",660853,2025,29,"30","30.1",124,111,22,15,5,0,2,30,11,24.2,8.9,".198",".297",".282","0.579","0.099",".253","13","13","0","1","91","2","2","2","1","0","3.86",,,"2","10","0","0","0","0","0","28","16","2","0","0","0","0","0","30","0","168","75","0","0","0","0","0","1","96","7","4","30","3","0","0","2","3","3","16","81","9","1","0","1","0","17","24","11","0","1","0","0","0","0","0","0","0","69","0","173","33","0","0","10","1","502","0","329","69","17","5","0","0","1",".227",".380",".262",".301",".308",".153",".294",".353",".272",".311","-0.029","-0.083","-0.039","71",19.1,14.4,10.2,27.5,19.6,"7.4",2,10.7,-3,48.1,32.7,"87.7","16.3",34.6,7,8.6,4.9,21,29.6,28.4,7.4,39.5,"75.175897561","94.201494815",70.4,24.2,27.6,46.9,51.6,30,64,46.2,232,79.5,8.8,68,229,205,502,75.8,46,190,53.8,270,41.8,210,29.9,50.6,45.7,28.4,25.9,81,62.6,33.3,27,24.7,20,33.3,27,8.6,7,"R","502",24.3,"45.6","96.3","2254","-11","-17","12.6","16.9","0.9","40.8","88.8","2198","1.3","-28.1","6.5","6.8","1.3","13.5","87.6","1867","-16.2","-28.4","7.4","17.8","1.5",,,,,,,,,,,,,,,,,,,,,,,,,,,,,,,,,,,,,,,,,,,,,,,,,,,,,,,,,,,,,,,,,,,,,,,,,"45.6","96.3","2254","-11","-17","12.6","16.9","0.9","40.8","88.8","2198","1.3","-28.1","6.5","6.8","1.3","13.5","87.6","1867","-16.2","-28.4","7.4","17.8","1.5"
"Matsui, Yuki",673513,2025,29,"32","30.0",125,107,22,11,8,1,2,35,15,28,12,".206",".355",".298","0.653","0.149",".278","10","11","1","0","90","2","1","4","0","0","3.00",,,"2","2","0","0","0","0","0","36","15","2","0","0","0","0","0","36","0","170","59","0","0","0","0","0","1","92","6","8","32","3","0","0","0","5","8","8","75","7","2","0","2","0","22","18","5","0","0","0","0","0","0","1","2","0","68","1","193","38","0","0","2","0","500","3","307","73","23","9","0","0","0",".202",".345",".284",".279",".296",".143",".347",".338",".297",".294",".004",".010",".005","72",29.8,10.1,7.2,32.9,23.6,"7.5",11,12.7,-6.7,52.4,33.8,"90.1","20.2",26.7,5,6.7,8,21.3,38.7,22.7,2.7,40,"80.760978378","93.977472703",72.9,19.5,30.5,56,44,47,84,55,275,82.1,5.6,171,180,91,500,79.3,32,164,45,225,40.8,204,31.9,49.6,46.7,25.3,28,75,58.5,34.7,26,38.7,29,17.3,13,9.3,7,"L","500",56.4,"35.8","92.1","2408","3.7","-12.8","19.8","20.2","1.1","17.8","86.8","2625","-2.8","-29.1","7.3","8.7","1.5",,,,,,,,,"0.4","74.8","2679","-7","-67.6","-17.9","19.3","1.4","0.2","91.3","2123","13.9","-22.4","10.8","17.6",,,,,,,,,,"34.2","84","1113","8.9","-35.3","3.8","10.5","1.3",,,,,,,,,"11.6","81.1","2835","-13.4","-44.3","-2.1","13.9","1.5",,,,,,,,,,,,,,,,,,,,,,,,,"36","92.1","2406","3.7","-12.9","19.7","20.2","1.1","29.8","84.4","2707","-7","-35.5","3.3","10.8","3.3","34.2","84","1113","8.9","-35.3","3.8","10.5","1.3"
"Bautista, Félix",642585,2025,30,"26","25.2",109,92,13,7,4,0,2,36,17,33,15.6,".141",".250",".275","0.525","0.109",".204","8","8","15","1","77","0","1","1","0","0","2.81",,,"4","7","0","0","0","0","0","22","7","4","0","0","0","0","0","30","0","164","65","0","1","0","0","0","2","81","5","23","26","0","0","0","0","3","5","5","55","6","0","0","0","0","6","22","7","0","0","0","0","1","0","0","0","0","60","0","185","23","1","0","7","0","454","0","269","63","2","0","0","0","0",".170",".315",".250",".280",".299",".146",".276",".335",".232",".279","-0.029","-0.065","-0.030","72",26.1,10.9,7.4,21.1,14.4,"7.5",6,13.6,-7,59,31.1,"87.2","9.1",32.1,5,8.9,12.5,12.5,19.6,39.3,7.1,41.1,"73.873338929","94.319556786",68.6,25.2,24.7,53.2,46.8,33,62,53.3,251,73.3,6.4,139,281,50,471,74.8,38,151,46.7,220,41.6,196,33.3,45.2,51.8,33.9,14.3,56,52.3,48.2,27,17.9,10,21.4,12,12.5,7,"R","470",65.4,,,,,,,,,"10.6","85.7","2459","5.7","-36.2","0.9","6.2","1.6",,,,,,,,,,,,,,,,,"59.4","97.2","2376","-4.9","-8.3","20.7","21.4","1.3","0.4","92.6","2318","3","-17.2","14.5","14.9","1.5","29.6","89.1","1067","-9","-23.4","11.1","14.6","1.5",,,,,,,,,,,,,,,,,,,,,,,,,,,,,,,,,,,,,,,,,"59.8","97.2","2376","-4.8","-8.4","20.7","21.3","1.3","10.6","85.7","2459","5.7","-36.2","0.9","6.2","1.6","29.6","89.1","1067","-9","-23.4","11.1","14.6","1.5"
"Miller, Mason",695243,2025,26,"27","27.2",119,101,19,10,3,2,4,47,15,39.5,12.6,".188",".376",".297","0.673","0.188",".294","16","17","14","3","83","1","2","3","0","0","5.20",,,"1","1","0","0","0","0","0","20","18","1","0","0","0","2","0","26","0","149","63","0","1","0","0","0","1","75","6","22","27","2","0","0","1","7","6","6","54","6","0","0","1","0","9","15","4","0","0","0","0","0","0","1","1","0","84","1","155","38","1","0","1","0","445","2","290","89","7","2","0","0","1",".183",".336",".296",".288",".297",".153",".440",".424",".345",".347",".005",".040",".008","69.3",9.8,8.1,5.2,27.9,17.8,"7.1",15,8.9,0.1,44.8,29.9,"88","17.3",39.3,8,14.3,5.4,23.2,26.8,25,5.4,42.9,"77.0318075","93.790325091",67.1,27,36.8,64.5,34.4,60,93,54.6,253,73.5,7.3,7,261,195,463,71.6,38,141,45.4,210,43.8,203,41.9,50.5,32.1,42.9,25,56,61,39.3,22,32.1,18,19.6,11,8.9,5,"R","463",34.5,"56.4","100.8","2551","-8.4","-10.2","17","19","1.6","42.1","87.4","2386","9.2","-37.4","-1.3","9.6","1.4","1.5","92.6","1948","-13.9","-25.2","6.9","15.6","1.6",,,,,,,,,,,,,,,,,,,,,,,,,,,,,,,,,,,,,,,,,,,,,,,,,,,,,,,,,,,,,,,,,,,,,,,,,"56.4","100.8","2551","-8.4","-10.2","17","19","1.6","42.1","87.4","2386","9.2","-37.4","-1.3","9.6","1.4","1.5","92.6","1948","-13.9","-25.2","6.9","15.6","1.6"
"Muñoz, Andrés",662253,2025,26,"29","28.2",111,97,14,13,0,0,1,38,10,34.2,9,".144",".175",".229","0.404","0.031",".220","4","6","18","4","86","2","0","2","0","0","1.26",,,"4","1","0","0","0","0","0","30","5","4","0","0","0","0","0","30","0","151","78","1","0","0","0","0","0","72","2","21","29","2","0","0","1","2","7","5","61","4","0","0","2","0","9","29","6","0","0","0","0","0","0","1","1","0","71","2","169","17","0","0","1","0","460","2","291","77","4","0","0","0","0",".203",".300",".186",".255",".282",".098",".227",".352",".233",".330","-0.059","-0.125","-0.069","70.3",14.5,12.2,8.1,32.2,21.4,"7.4",7,10.5,-5.5,47.4,31.4,"88","5.1",26.2,4,6.6,1.6,27.9,16.4,39.3,6.6,42.6,"75.717674667","94.360397288",65.5,21.5,30.7,64.1,35.9,50,78,55.2,254,59.4,7,6,222,232,460,77.8,29,135,44.8,206,41.7,192,37.1,46.3,36.1,45.9,18,61,49.5,59,36,19.7,12,18,11,3.3,2,"R","460",29.7,"33.7","98.7","2231","-11.2","-15","13.2","17.5","1.2","50.4","87.1","2296","4.9","-36.9","-1","5.3","1.4","1.3","91.2","1312","-11.9","-34.7","-1.7","12.9","1.4",,,,,,,,,"14.6","98.3","1995","-17.3","-22.2","6.2","18.6","1.2",,,,,,,,,,,,,,,,,,,,,,,,,,,,,,,,,,,,,,,,,,,,,,,,,,,,,,,,,"48.3","98.6","2160","-13","-17.2","11.1","17.8","1.2","50.4","87.1","2296","4.9","-36.9","-1","5.3","1.4","1.3","91.2","1312","-11.9","-34.7","-1.7","12.9","1.4"
"Gordon, Colton",676467,2025,26,"7","35.2",154,148,44,27,8,1,8,34,5,22.1,3.2,".297",".527",".325","0.852","0.230",".340","18","19","0","0","107","2","1","1","1","0","4.54",,,"0","5","3","0","0","0","0","27","17","0","0","0","1","0","0","30","0","183","110","0","0","0","0","0","0","127","2","0","0","2","0","1","1","8","14","21","114","6","0","0","2","0","20","26","13","1","0","0","0","0","0","0","0","7","50","1","190","78","0","0","8","0","595","0","405","51","0","0","0","0","1",".264",".433",".363",".306",".292",".169",".459",".384",".386",".342",".033",".094",".057","72.7",31.4,14.7,12.3,32.1,26.8,"7.4",5,10.8,-4.4,50.2,31,"89.8","18.7",38.6,12,10.5,9.6,25.4,28.9,21.1,4.4,39.5,"79.227181053","94.372203947",66.4,12.1,27.8,36.1,63.9,26,72,43.5,259,76.4,9.2,34,309,60,595,87.4,27,223,56.5,336,45.2,269,18,49.6,43.9,29.8,26.3,114,61.7,35.1,40,24.6,28,29.8,34,10.5,12,"L","595",28.4,"36.6","91.3","2053","10.7","-16.8","16.4","19.6","1.1",,,,,,,,,"5.7","84.6","1478","12.9","-30.5","8","15.3","1.5","10.1","75.4","2609","-14.4","-51","-2.2","14.8","1.9","15.3","91.6","2136","16.3","-20.8","12.1","20.5","1.3",,,,,,,,,,,,,,,,,,,,,,,,,"32.3","80.2","2635","-11.5","-36.6","6.2","13.5","1.4",,,,,,,,,,,,,,,,,,,,,,,,,"51.9","91.4","2077","12.3","-18","15.1","19.9","1.2","42.4","79.1","2629","-12.2","-40","4.2","13.8","2.7","5.7","84.6","1478","12.9","-30.5","8","15.3","1.5"
"Svanson, Matt",694335,2025,26,"10","13.2",57,46,8,6,1,0,1,12,7,21.1,12.3,".174",".261",".298","0.559","0.087",".200","6","6","0","0","41","0","0","0","0","0","3.95",,,"0","0","0","0","0","0","0","14","5","0","0","0","0","0","0","9","0","96","51","0","0","0","0","0","1","37","2","4","10","1","0","0","2","1","5","2","36","0","0","0","0","0","7","14","4","0","0","0","0","0","0","0","2","0","19","0","104","12","0","0","0","0","249","2","145","19","3","0","0","0","0",".185",".328",".263",".289",".310",".143",".241",".282",".222",".240","-0.011","-0.067","-0.026","71.1",15.7,10.6,8.4,39.4,31.3,"6.9",3,4.8,6.4,41,33.1,"91.4","7.5",25,3,8.3,8.3,8.3,25,50,0,33.3,"83.260252778","94.240209444",58.5,19.4,17.5,31.8,68.2,7,22,50.6,126,78.6,5.6,0,187,0,249,80.6,14,72,49.4,123,38.2,95,22.3,37.8,36.1,36.1,27.8,36,56.1,52.8,19,27.8,10,16.7,6,2.8,1,"R","249",31.3,,,,,,,,,,,,,,,,,,,,,,,,,,,,,,,,,"55.4","96.4","2224","-15.2","-19.9","9.7","18.1","1.1","19.7","90.9","2226","2.6","-27","6","7","1.4",,,,,,,,,,,,,,,,,"24.9","86.3","2166","10.6","-34.7","2.2","11.1","1.2",,,,,,,,,,,,,,,,,,,,,,,,,"75.1","95","2224","-10.5","-21.8","8.7","15.2","2.7","24.9","86.3","2166","10.6","-34.7","2.2","11.1","1.2",,,,,,,,
"Richards, Trevor",670950,2025,32,"3","3.0",18,15,7,6,1,0,0,2,2,11.1,11.1,".467",".533",".500","1.033","0.066",".500","4","4","0","0","9","0","0","3","0","0","12.00",,,"0","1","0","0","0","0","0","4","2","0","0","0","0","0","0","6","0","21","12","0","0","0","0","0","0","16","0","2","3","0","0","0","0","2","1","4","14","3","0","0","0","0","1","4","0","0","0","0","0","0","0","0","1","0","6","0","28","8","0","0","1","0","76","1","48","6","0","0","0","0","0",".301",".355",".444",".343",".386",".054",".471",".342",".500",".353",".166",".178",".101","70.7",18.8,7.4,6.3,33.3,28.1,"7.3",0,11.9,2.2,53.1,30.9,"84.4","11.1",57.1,0,0,7.1,42.9,21.4,14.3,14.3,21.4,"72.922415714","92.00455",66.7,12.5,30,25,75,3,12,52.6,40,66.7,3.9,27,37,12,76,87.5,3,24,47.4,36,30.3,23,16.7,47.4,35.7,35.7,28.6,14,72.2,35.7,5,21.4,3,35.7,5,7.1,1,"R","76",51.2,"48.7","91.9","2274","-5","-13","19.5","20.2","1.1","15.8","84","2248","3.2","-36.7","2","4","1.3","35.5","79.9","2513","-14.2","-42.5","0.2","14.4","1.3",,,,,,,,,,,,,,,,,,,,,,,,,,,,,,,,,,,,,,,,,,,,,,,,,,,,,,,,,,,,,,,,,,,,,,,,,"48.7","91.9","2274","-5","-13","19.5","20.2","1.1","15.8","84","2248","3.2","-36.7","2","4","1.3","35.5","79.9","2513","-14.2","-42.5","0.2","14.4","1.3"
"Castano, Blas",680604,2025,26,"1","3.0",16,13,4,1,2,0,1,1,2,6.3,12.5,".308",".692",".438","1.130","0.384",".273","3","3","0","0","9","0","0","0","0","0","9.00",,,"1","0","0","0","0","0","0","4","3","1","0","0","0","0","0","4","0","18","6","0","0","0","0","0","0","12","0","1","1","0","0","0","1","1","0","3","12","1","0","0","0","0","4","3","1","0","0","0","0","0","0","0","0","0","1","0","19","9","0","0","0","0","50","0","31","1","0","0","0","0","0",".383",".866",".475",".556",".499",".483",".458",".565",".333",".415","-0.075","-0.174","-0.081","72.9",31.8,14.3,13.6,28.6,27.3,"7.3",0,10.5,1.2,59.1,33.4,"91.4","19.2",58.3,3,25,8.3,16.7,25,25,0,41.7,"81.863046667","94.556048333",78.6,4.5,13.6,0,100,0,3,44,22,62.5,16,16,28,0,50,95.5,1,22,56,28,28,14,4,50,41.7,50,8.3,12,56.3,25,3,41.7,5,33.3,4,0,0,"R","50",26.7,"10","93.3","2234","-9.4","-17.7","13.9","16.8","1.4",,,,,,,,,"32","88.6","1556","-14.9","-37.2","-2.3","15.3","1.3",,,,,,,,,"6","93.9","2148","-17.9","-27.7","3.5","18.3","1.4","40","89.8","2404","3","-27.8","5.8","7.1","1.4",,,,,,,,,,,,,,,,,"12","82.1","2613","18.1","-36.7","4.1","18.7","1.4",,,,,,,,,,,,,,,,,,,,,,,,,"56","90.9","2346","-1.5","-26","7","10","1.8","12","82.1","2613","18.1","-36.7","4.1","18.7","1.4","32","88.6","1556","-14.9","-37.2","-2.3","15.3","1.3"
"Green, Chad",643338,2025,34,"31","30.1",132,123,35,22,4,0,9,26,8,19.7,6.1,".285",".537",".333","0.870","0.252",".295","15","16","1","0","91","2","2","0","0","0","4.45",,,"3","4","0","0","0","0","0","30","16","4","0","0","0","0","0","24","0","161","64","0","6","0","0","0","2","87","8","8","31","0","0","0","1","11","13","10","93","4","4","0","1","0","26","20","6","0","0","0","0","1","0","0","0","0","52","1","167","64","6","0","4","0","474","0","307","53","13","3","0","0","0",".279",".563",".373",".375",".328",".284",".446",".449",".361",".354",".006","-0.026","-0.002","71.6",21.8,20.2,15.3,37,27.9,"7.3",4,10.6,-0.8,51.5,30.3,"91.9","17.5",32,16,16.5,7.2,19.6,28.9,23.7,3.1,50.5,"81.653981458","96.015901263",72.8,17.5,31.2,42.3,56.4,33,78,50.7,250,87.5,8.1,0,262,230,493,81.9,31,177,49.3,243,40.8,201,25.1,51.7,42.3,37.1,20.6,97,67.9,35.1,34,39.2,38,16.5,16,9.3,9,"R","492",46.2,"51.6","95.1","2469","-6.9","-12","18.6","19.9","1","46.7","88","2230","3.4","-31.8","3.6","5.3","1.1",,,,,,,,,,,,,,,,,"1.6","94.1","2242","-12.9","-19.6","11.6","17.4","1.3",,,,,,,,,,,,,,,,,,,,,,,,,,,,,,,,,,,,,,,,,,,,,,,,,,,,,,,,,"53.3","95.1","2462","-7","-12.3","18.3","19.8","1","46.7","88","2230","3.4","-31.8","3.6","5.3","1.1",,,,,,,,
"Sterner, Justin",686993,2025,28,"29","27.1",123,102,25,18,2,0,5,30,14,24.4,11.4,".245",".412",".352","0.764","0.167",".290","13","14","0","4","82","1","3","1","0","0","4.28",,,"5","8","0","0","0","0","0","33","20","5","0","0","0","0","0","35","0","191","77","1","2","0","0","0","0","91","7","3","28","1","0","0","4","5","5","15","74","8","7","0","0","0","23","12","4","0","0","0","0","1","0","0","2","1","62","1","207","42","2","0","8","0","518","2","311","62","18","7","0","0","0",".220",".398",".340",".324",".333",".177",".390",".364",".338",".305",".025",".014",".016","70.4",16.8,13.4,9.6,38,27.4,"7.1",5,9.3,0.7,52.8,29.7,"92","25.1",35.1,7,9.5,2.7,24.3,45.9,17.6,0,41.9,"83.406108378","94.702802162",66.8,18.3,28,50.6,49.4,41,81,55.8,289,77.8,6.9,0,453,0,518,81.7,28,153,44.2,229,40.5,210,29.5,45.2,32.4,35.1,32.4,74,61,23,17,39.2,29,27,20,10.8,8,"R","517",36.2,"54.2","93.5","2376","-9.4","-14.2","17.5","20","1",,,,,,,,,,,,,,,,,,,,,,,,,,,,,,,,,"33.5","87.3","2692","5.1","-31.6","4.4","7.2","1.3",,,,,,,,,,,,,,,,,"12.4","81.1","2677","16.2","-40.1","2","16.5","1.3",,,,,,,,,,,,,,,,,,,,,,,,,"87.6","91.1","2497","-3.8","-20.9","12.5","15.1","3.5","12.4","81.1","2677","16.2","-40.1","2","16.5","1.3",,,,,,,,
"Weissert, Greg",669711,2025,30,"36","34.0",139,127,27,19,5,0,3,32,11,23,7.9,".213",".323",".281","0.604","0.110",".261","10","12","3","2","102","2","1","0","0","0","2.65",,,"5","4","0","0","0","0","0","37","13","5","0","0","0","1","0","45","0","191","93","0","0","1","0","0","0","84","5","6","36","3","0","0","1","4","9","14","94","9","13","0","1","0","16","33","11","0","0","0","0","0","0","0","0","0","48","2","202","41","1","0","4","0","528","0","326","50","14","1","0","0","1",".230",".371",".269",".291",".297",".140",".310",".342",".284",".308","-0.017","-0.048","-0.022","71.8",23.8,12.1,9.4,33.1,25.7,"7.2",4,8.3,1.7,44.6,32.4,"88.4","11.4",36.8,5,5.3,5.3,25.3,26.3,34.7,3.2,40,"78.055752708","93.609210632",65,18.7,23.4,36.5,63.5,23,63,50.6,269,69.7,6.2,52,342,72,532,81.3,32,171,49.4,263,41,218,23.5,44,42.1,33.7,24.2,95,50.7,45.3,43,21.1,20,26.3,25,7.4,7,"R","532",16.3,"35.5","94","2355","-8.9","-18.3","12.7","15.7","1.1","13.5","86.1","2490","4.7","-36","0.9","5.2","1.1","9.8","85.7","1598","-14.4","-38.9","-1.5","14.8","1.3",,,,,,,,,"28.8","93.7","2155","-16.9","-28.8","2.6","17.3","1.2",,,,,,,,,,,,,,,,,,,,,,,,,"12.4","81","2876","19.7","-39.7","2.5","20.5","1.3",,,,,,,,,,,,,,,,,,,,,,,,,"64.3","93.9","2266","-12.5","-23","8.2","16.4","1.1","25.9","83.6","2674","11.9","-37.7","1.7","12.5","2.7","9.8","85.7","1598","-14.4","-38.9","-1.5","14.8","1.3"
"Gibson, Kyle",502043,2025,37,"4","12.1",73,64,29,14,6,2,7,10,7,13.7,9.6,".453",".938",".493","1.431","0.485",".449","23","23","0","0","37","0","3","1","0","0","16.78",,,"0","5","0","0","0","0","0","8","22","0","0","0","0","0","0","16","0","99","38","0","0","0","0","0","0","44","2","0","0","0","0","0","0","8","11","10","56","10","0","0","0","0","8","16","1","0","0","0","0","0","0","0","2","4","20","0","116","60","0","0","5","0","280","2","164","24","0","0","0","0","0",".353",".650",".584",".443",".409",".297",".674",".491",".518",".409",".100",".288",".141","72.5",26.4,25.8,20.9,48.3,39.1,"7.7",3,13.3,-6.9,57.3,36.1,"93.8","10.5",35.7,8,14.3,7.1,33.9,16.1,26.8,1.8,60.7,"85.582240714","96.359508036",68.8,6.7,29.8,41.2,58.8,21,51,61.1,171,58.3,4.3,36,155,36,280,93.3,5,75,38.9,109,40.7,114,20.6,45,46.4,41.1,12.5,56,61.6,48.2,27,30.4,17,21.4,12,0,0,"R","280",44.1,"9.3","91.5","2265","-5.5","-16.1","16.5","17.5","1.3","1.8","83.3","2497","4.2","-42.5","-3","5.3","1.4","12.9","85.4","1746","-13.2","-33.4","4.2","14","1.4","11.1","78.8","2453","7.9","-54.8","-10.6","13.4","1.2","35.7","90.9","2070","-14","-26.4","6.7","15.6","1.2","10.4","87.5","2367","3.8","-29.1","6.4","7.7","1.3",,,,,,,,,,,,,,,,,"18.9","81.2","2430","13","-41","0.7","13.3","1.2",,,,,,,,,,,,,,,,,,,,,,,,,"55.4","90.4","2159","-9.2","-25.2","8.3","14.5","1.8","31.8","80.5","2442","10.7","-45.9","-3.4","12.9","1.7","12.9","85.4","1746","-13.2","-33.4","4.2","14","1.4"
"Cortes Jr., Nestor",641482,2025,30,"2","8.0",38,31,7,1,1,0,5,8,7,21.1,18.4,".226",".742",".368","1.110","0.516",".111","8","8","0","0","24","1","1","0","0","0","9.00",,,"0","0","0","0","0","0","0","6","7","0","0","0","1","0","0","5","0","61","31","0","0","0","0","0","0","18","5","0","0","0","0","0","0","5","0","2","23","1","0","0","0","0","5","6","3","0","0","0","0","0","0","0","0","2","11","0","62","23","0","0","0","0","150","0","88","11","0","0","0","0","0",".235",".649",".457",".425",".376",".414",".545",".490",".304",".317","-0.009",".093",".032","72.1",25.5,24.3,17.6,40.5,29.4,"7.5",1,11.4,0.2,66.7,30.9,"92.1","20.2",30.4,4,17.4,13,8.7,30.4,21.7,8.7,47.8,"81.187172727","95.964047727",58.6,29.3,20,25,75,4,16,53.3,80,77.8,6,20,120,0,150,70.7,12,41,46.7,70,51.3,77,28.1,38,39.1,34.8,26.1,23,57.9,26.1,6,43.5,10,21.7,5,8.7,2,"L","150",51.8,"42","90.3","2237","4.3","-14","19.7","20.3","1.3",,,,,,,,,"13.3","81.6","1384","13.6","-34.7","6.4","15.3","1.4",,,,,,,,,"1.3","90.8","2247","13.1","-16.7","16.7","21.3","1.4","36.7","85.8","2354","-5.7","-28.7","8.2","10.2","1.5",,,,,,,,,,,,,,,,,"6.7","76.2","2603","-14.5","-48.8","-1.4","14.8","1.6",,,,,,,,,,,,,,,,,,,,,,,,,"80","88.3","2291","-0.1","-20.8","14.4","15.7","2.6","6.7","76.2","2603","-14.5","-48.8","-1.4","14.8","1.6","13.3","81.6","1384","13.6","-34.7","6.4","15.3","1.4"
"Herget, Jimmy",623474,2025,31,"25","36.1",155,136,35,26,6,0,3,25,13,16.1,8.4,".257",".368",".329","0.697","0.111",".288","12","12","0","1","109","0","0","1","1","0","2.97",,,"2","10","1","0","0","0","0","45","22","1","1","0","0","0","0","44","0","190","92","0","1","0","1","0","0","80","8","3","25","3","0","0","3","6","9","20","114","12","1","0","0","1","22","32","12","0","0","0","0","1","0","0","3","0","56","0","201","50","2","0","11","0","553","3","352","56","21","11","0","0","0",".262",".398",".310",".325",".336",".136",".324",".343",".307",".317","-0.005","-0.030","-0.015","71.4",22.7,19.3,14.4,40.9,30.6,"7.5",2,13.2,-8,50.2,31.3,"90.1","16.6",36,7,6.1,10.5,24.6,28.1,27.2,2.6,42.1,"79.503760357","94.593195893",67.5,18.3,24.1,46,54,29,63,47.2,261,83.9,11.2,23,194,335,553,81.2,36,197,52.8,292,38.3,212,25,47,43.9,29.8,26.3,114,60.6,36,41,26.3,30,28.9,33,8.8,10,"R","552",6,"5.4","92.8","2448","-12.5","-23.4","8","15.1","1.5","31.3","85.4","2706","1.1","-33.7","3.4","4.3","1.4","4.2","86.7","1643","-11.8","-36.9","-1","12","1.4","29.3","77.8","3057","16.2","-43.3","2","16.6","1.6","29.7","92.1","2426","-15.5","-32.1","0","15.7","1.5",,,,,,,,,,,,,,,,,,,,,,,,,,,,,,,,,,,,,,,,,,,,,,,,,,,,,,,,,"35.1","92.2","2430","-15","-30.8","1.3","15.6","1.5","60.7","81.7","2876","8.4","-38.4","2.7","10.2","4.3","4.2","86.7","1643","-11.8","-36.9","-1","12","1.4"
"Lord, Brad",695418,2025,25,"26","51.1",221,196,51,39,5,2,5,45,20,20.4,9,".260",".383",".333","0.716","0.123",".313","21","22","0","0","154","1","5","0","0","0","3.68",,,"1","5","4","0","0","0","0","49","21","1","0","0","1","0","0","46","0","288","128","0","3","0","0","0","0","171","17","2","20","8","0","0","2","10","17","24","154","9","5","0","0","0","15","53","27","0","0","0","0","0","0","2","1","6","83","1","297","75","3","0","9","0","852","3","555","83","11","4","0","0","2",".306",".449",".319",".361",".375",".143",".359",".419",".336",".396","-0.046","-0.066","-0.042","70.9",19,13.9,10.9,31,24.2,"6.8",7,3.2,9.3,35.9,32.6,"89.2","11.6",39.6,8,5.2,10.4,35.1,14.3,30.5,4.5,42.2,"77.302949737","94.782096711",69.5,19.3,25.5,37.5,62.5,36,96,44.1,376,81.9,8.5,91,604,155,852,80.1,64,331,55.9,476,42.1,359,23.4,50.1,28.6,38.3,33.1,154,58.4,45.5,70,16.9,26,33.1,51,4.5,7,"R","852",19.7,"53.9","94.8","2302","-15.3","-20.2","10.3","18.5","1.2","18.2","84.9","2538","1.6","-38.9","-1.1","3","1.5","10.7","85.7","1856","-17.1","-33","4.4","17.9","1.3",,,,,,,,,"17","94.9","2205","-17.3","-25.9","4.5","18","1.4",,,,,,,,,,,,,,,,,,,,,,,,,,,,,,,,,"0.2","82.3","2683","7.5","-45.2","-5","9","1.4",,,,,,,,,,,,,,,,,"70.9","94.8","2279","-15.8","-21.5","8.9","18.4","1.3","18.4","84.8","2539","1.7","-39","-1.1","3","1.5","10.7","85.7","1856","-17.1","-33","4.4","17.9","1.3"
"Flexen, Chris",623167,2025,30,"12","21.1",77,71,11,10,1,0,0,13,6,16.9,7.8,".155",".169",".221","0.390","0.014",".190","0","1","1","0","64","4","0","1","0","0","0.00",,,"0","10","2","0","0","0","0","20","1","0","0","0","0","0","0","23","0","100","46","0","2","0","0","0","1","58","3","9","12","3","0","1","0","0","4","7","58","1","0","0","0","0","16","22","8","0","0","0","0","0","0","0","0","0","19","1","106","12","2","0","12","0","294","0","188","21","2","0","0","0","0",".236",".342",".186",".283",".296",".106",".175",".304",".190",".289","-0.081","-0.173","-0.097","71.3",19.8,12.4,10.3,35.2,29.4,"7.3",0,8.7,1.5,54.8,30.3,"91.1","10.9",25.9,2,3.4,5.2,27.6,27.6,32.8,3.4,37.9,"82.983226429","93.952363214",69.5,16.2,25.9,18.9,81.1,7,37,48.6,143,88.2,11.6,7,213,60,294,81.9,17,105,51.4,151,41.8,123,16.9,48.3,27.6,48.3,24.1,58,59.7,44.8,26,27.6,16,25.9,15,1.7,1,"R","294",65.5,"43.5","92.3","2245","-1.9","-14.2","18.1","18.4","1.2","5.8","80.8","2540","1.4","-53.7","-11.7","11.9","1.4","2.4","80.5","1261","-12.6","-33.6","8.7","15.4","1.5","14.6","72.9","2628","9","-67.5","-15.3","17.8","1.3",,,,,,,,,"28.9","88.8","2503","8","-26.5","7.9","11.4","1.4",,,,,,,,,,,,,,,,,,,,,,,,,"4.8","77.4","2654","5","-63.7","-17.4","18.2","1.4",,,,,,,,,,,,,,,,,"72.4","90.9","2348","2","-19.1","14","15.6","2.1","25.2","75.6","2612","6.5","-63.6","-14.9","16.5","3.1","2.4","80.5","1261","-12.6","-33.6","8.7","15.4","1.5"
"Skenes, Paul",694973,2025,23,"16","102.0",390,361,63,38,19,1,5,106,27,27.2,6.9,".175",".274",".236","0.510","0.099",".232","21","24","0","0","306","4","6","2","0","0","1.85",,,"1","41","0","0","0","0","0","69","22","1","0","0","12","0","0","62","0","546","233","0","1","0","0","1","0","297","14","0","0","11","0","3","2","11","19","33","255","10","0","0","0","0","50","105","24","1","2","0","0","0","0","0","0","16","210","3","562","99","1","0","41","2","1579","0","1017","217","0","0","0","0","4",".203",".316",".231",".257",".262",".113",".274",".314",".247",".288","-0.028","-0.042","-0.026","71.1",19.9,11.1,7.9,30.7,21.9,"7.4",10,9.8,-2.5,47.6,33.1,"88.2","10.3",28.2,13,5.1,4.7,23.1,23.9,40,2.4,40,"77.23307063","93.760900909",69.5,21.4,30.2,47.7,52.3,115,241,50.5,798,69.9,7.2,454,704,169,1579,78.5,116,543,49.5,781,46.2,730,29.5,49.7,46.7,35.3,18,255,62.1,48.6,124,23.9,61,22.4,57,5.1,13,"R","1579",22.6,"36.6","98.1","2225","-14.7","-17.3","11.3","18.6","1","6.3","84.9","2317","3.6","-30.4","7.6","9","1.2","8.7","88.1","1846","-17.4","-30.5","4.9","18.3","1.3","4.4","83.4","2461","6.4","-42.2","-2.9","7.3","1.4","8","97.6","2254","-17.9","-23.1","5.7","18.9","1.2",,,,,,,,,"20","93.6","1695","-13.8","-31.2","0","14.2","1.1",,,,,,,,,"16","84.4","2329","11.2","-32.6","6","13","1.3",,,,,,,,,,,,,,,,,,,,,,,,,"44.6","98","2231","-15.3","-18.3","10.3","18.7","1","26.7","84.4","2348","8.6","-33.7","4.9","11.1","1.4","28.8","92","1741","-14.9","-31","1.5","15.5","3"
"Keller, Brad",641745,2025,29,"32","34.1",137,123,25,22,3,0,0,33,10,24.1,7.3,".203",".228",".279","0.507","0.025",".278","8","10","0","2","103","2","0","0","0","0","2.10",,,"0","4","2","0","0","0","0","30","9","0","0","0","0","0","0","23","0","188","96","0","0","0","0","0","0","96","7","3","31","6","0","0","3","1","15","8","91","6","11","0","0","0","11","42","9","1","0","0","0","0","0","1","0","1","56","2","201","28","0","0","6","0","550","1","349","57","5","2","0","0","1",".202",".275",".239",".253",".278",".073",".259",".281",".278",".276",".001","-0.047","-0.014","70.4",15.3,10.6,7.9,30.4,22.8,"7.2",5,7.2,3.7,50.2,31.1,"86","2.8",28.6,4,4.4,2.2,19.8,18.7,47.3,7.7,31.9,"74.246743778","92.884729778",61.6,14.5,31.2,45.5,53.4,40,88,51.3,282,75.6,7.5,50,294,116,550,84.8,24,165,48.7,268,41.6,229,25.3,46,37.4,38.5,24.2,91,63.5,62.6,57,13.2,12,18.7,17,5.5,5,"R","550",46.8,"43.6","97","2369","-1.2","-13.7","15.4","15.6","1.2","21.1","87.3","2619","5.7","-38.3","-2.4","6.5","1.3","9.1","92.2","1682","-11.2","-26.5","5.6","12.8","1.1",,,,,,,,,"9.8","96.5","2206","-14.3","-19","10.7","18","1.3",,,,,,,,,,,,,,,,,,,,,,,,,"16.4","86.4","2719","14.2","-32.6","4.3","15.1","1.4",,,,,,,,,,,,,,,,,,,,,,,,,"53.5","96.9","2339","-3.6","-14.7","14.5","16","1.2","37.5","86.9","2663","9.4","-35.8","0.5","10.3","1.4","9.1","92.2","1682","-11.2","-26.5","5.6","12.8","1.1"
"Littell, Zack",641793,2025,29,"15","92.2",372,354,92,55,15,0,22,61,11,16.4,3,".260",".489",".288","0.777","0.229",".256","40","40","0","0","278","6","7","1","0","0","3.88",,,"7","20","1","0","0","0","0","60","39","6","1","0","10","0","0","56","0","392","195","1","2","1","0","1","0","269","13","0","0","11","0","3","4","24","35","33","296","12","0","0","1","0","62","89","24","0","1","0","0","0","0","0","2","15","116","0","418","173","3","0","21","1","1314","2","896","117","0","0","0","0","0",".273",".514",".333",".346",".302",".241",".385",".401",".312",".329","-0.013","-0.025","-0.013","72.1",28.1,16.6,13.5,37.6,30.5,"7.3",7,11.6,-3,55.9,30.9,"90.7","14.7",31.9,36,12.2,5.8,21,27.1,30.5,3.1,42.4,"80.646834932","94.749646233",71.2,12.7,31.8,34.4,65.1,65,189,45.3,595,76,9.2,325,508,428,1314,86.1,65,512,54.7,719,46.3,608,18.5,53.3,37.6,41.7,20.7,295,63.2,42,124,29.5,87,19.7,58,8.8,26,"R","1314",39.7,"24.4","92","2010","-6.9","-16.1","16.2","17.7","1.1","32.6","87.4","2201","1.6","-28.4","7.3","7.9","1.3",,,,,,,,,,,,,,,,,"14.2","91.2","2041","-14","-19.9","12.9","19.1","1.2",,,,,,,,,"24.7","83.4","1068","-11.4","-40.6","-1.1","12","1.2",,,,,,,,,"4","79.9","2188","11.8","-46.6","-3.6","12.7","1.3",,,,,,,,,,,,,,,,,,,,,,,,,"38.7","91.7","2022","-9.5","-17.5","15","18.3","1.2","36.6","86.6","2200","2.7","-30.4","6.1","8.4","2.9","24.7","83.4","1068","-11.4","-40.6","-1.1","12","1.2"
"Díaz, Edwin",621242,2025,31,"29","29.1",115,98,15,11,2,0,2,43,12,37.4,10.4,".153",".235",".261","0.496","0.082",".236","7","8","15","1","88","3","0","5","0","0","2.15",,,"7","5","0","0","0","0","0","22","11","6","1","0","0","0","0","30","0","180","76","0","3","0","0","0","1","72","8","21","29","1","0","0","3","2","8","5","57","6","0","0","0","0","11","22","5","1","0","0","0","0","0","0","2","0","70","1","187","23","3","0","5","0","473","2","286","73","5","4","0","0","1",".160",".241",".234",".248",".274",".081",".289",".317",".263",".291","-0.007","-0.006","-0.014","71.5",24.3,9.7,6.2,27.4,17.5,"7.3",6,9.9,-1,43.5,32.3,"87.4","10.9",29.8,2,3.5,8.8,19.3,22.8,38.6,7,36.8,"75.321417241","94.144850877",63.5,27.7,27.5,60.9,39.1,42,69,53.1,251,73,7.8,0,247,226,473,72.3,39,141,46.9,222,39.3,186,38.6,44.4,35.1,29.8,35.1,57,50.4,52.6,30,24.6,14,19.3,11,3.5,2,"R","473",20.2,"52.2","96.8","2286","-13.1","-16.4","13","18.6","1.6","47.8","88.5","2229","1.7","-31.1","3.7","4.4","1.6",,,,,,,,,,,,,,,,,,,,,,,,,,,,,,,,,,,,,,,,,,,,,,,,,,,,,,,,,,,,,,,,,,,,,,,,,,,,,,,,,"52.2","96.8","2286","-13.1","-16.4","13","18.6","1.6","47.8","88.5","2229","1.7","-31.1","3.7","4.4","1.6",,,,,,,,
"Gillispie, Connor",687362,2025,27,"6","26.0",123,109,32,15,11,0,6,23,11,18.7,8.9,".294",".560",".358","0.918","0.266",".317","25","26","0","0","78","0","3","1","0","0","8.65",,,"6","9","2","0","0","0","0","20","24","6","0","0","0","0","0","34","0","162","84","0","0","1","0","0","0","80","5","0","0","0","0","1","1","6","9","17","88","13","0","0","0","0","16","25","3","0","0","0","0","0","0","0","2","6","37","1","172","61","1","0","11","0","471","2","299","41","0","0","0","0","2",".272",".505",".391",".364",".341",".233",".451",".414",".364",".341",".022",".055",".027","72.5",31,19.3,15.5,38.7,31,"7.4",5,12.6,-4.2,64.7,30.6,"91.4","16.5",36.4,11,12.5,10.2,19.3,25,28.4,4.5,50,"80.485346279","95.911199535",62,13.6,29.1,38.2,61.8,26,68,49.7,234,76.5,7.2,73,254,5,471,85.7,20,147,50.3,237,41,193,21.4,45.6,47.7,29.5,22.7,88,55.3,38.6,34,27.3,24,22.7,20,11.4,10,"R","471",42.2,"29.3","91.2","2339","-7.5","-13.4","19.7","21.3","1.1",,,,,,,,,"15.5","87.1","1962","-17.4","-30","6.3","18.7","1.1","1.1","78.3","2366","10.4","-56.4","-11.4","15.5","1.4",,,,,,,,,"24.6","86.7","2534","1.7","-28.3","8","8.4","1.3",,,,,,,,,,,,,,,,,"29.5","81.1","2547","14.8","-44.3","-2.4","15.3","1.4",,,,,,,,,,,,,,,,,,,,,,,,,"53.9","89.2","2428","-3.3","-20.2","14.4","15.4","2.6","30.6","81","2541","14.6","-44.7","-2.7","15.3","1.5","15.5","87.1","1962","-17.4","-30","6.3","18.7","1.1"
"Graceffo, Gordon",700669,2025,25,"9","15.2",71,66,18,10,6,1,1,13,4,18.3,5.6,".273",".439",".310","0.749","0.166",".321","13","16","1","0","47","2","0","2","0","0","7.47",,,"0","0","0","0","0","0","0","8","18","0","0","0","0","0","0","26","0","74","39","0","0","0","0","0","0","57","2","6","9","0","0","0","0","4","4","10","54","12","0","0","0","0","7","18","6","0","0","0","0","0","0","0","1","0","28","3","93","29","0","0","0","0","273","1","180","28","3","2","0","0","2",".294",".515",".323",".361",".331",".221",".373",".424",".333",".362","-0.021","-0.076","-0.038","71",15.9,15.8,12.7,33.7,27,"7.1",3,7.2,2.7,50,32.3,"92.7","10.7",38.9,6,11.1,9.3,20.4,24.1,35.2,0,48.1,"82.21670037","96.165586296",71.5,11.7,29.5,47.4,52.6,18,38,47.3,129,82.6,8.4,8,127,138,273,88.3,12,103,52.7,144,45.1,123,21.3,51.6,38.9,44.4,16.7,54,66.2,40.7,22,22.2,12,29.6,16,7.4,4,"R","273",51.5,"46.5","95","2100","-4.5","-14.3","16","16.8","2","28.6","90.1","2375","3.1","-28.8","4.7","5.9","1.4","2.9","85.6","2181","-16.7","-27.2","10.3","19.7","1.5","22","83.9","2606","1.2","-54","-14.9","15.1","1.4",,,,,,,,,,,,,,,,,,,,,,,,,,,,,,,,,,,,,,,,,,,,,,,,,,,,,,,,,,,,,,,,,"46.5","95","2100","-4.5","-14.3","16","16.8","2","50.5","87.4","2476","2.3","-39.8","-3.8","9.9","3.3","2.9","85.6","2181","-16.7","-27.2","10.3","19.7","1.5"
"Lee, Dylan",669276,2025,30,"34","33.0",124,114,21,13,3,0,5,34,8,27.4,6.5,".184",".342",".236","0.578","0.158",".211","7","9","1","3","99","1","2","1","3","0","1.91",,,"2","5","1","0","1","1","0","26","10","2","0","0","0","1","0","24","0","143","81","0","0","1","0","0","2","87","4","5","34","3","0","0","0","8","4","9","82","3","8","0","1","0","20","29","2","0","0","0","0","0","0","1","1","0","75","2","160","39","1","2","6","0","492","2","332","77","14","2","0","0","1",".202",".370",".251",".272",".258",".168",".318",".350",".259",".294","-0.018","-0.028","-0.021","72.3",28.8,11.7,8,29.2,19.9,"7.8",5,14.6,-12.2,50.4,32.5,"87.4","17.6",29.3,7,8.5,11,18.3,26.8,29.3,4.9,35.4,"76.070379487","93.443017821",69.4,19.8,31.1,62.2,37.8,46,74,48.3,238,88.4,8.7,50,165,277,492,79.7,35,177,51.7,255,41.6,205,32.3,51,37.8,35.4,26.8,82,69.4,40.2,33,34.1,28,14.6,12,11,9,"L","492",46.9,"33.5","93.8","2322","8.4","-11.9","19.3","21.1","1.3","56.3","85.7","2101","-0.7","-30.8","6.4","6.8","1.4","10.2","86.7","1634","10.7","-23.1","13.4","17.4","1.2",,,,,,,,,,,,,,,,,,,,,,,,,,,,,,,,,,,,,,,,,,,,,,,,,,,,,,,,,,,,,,,,,,,,,,,,,"33.5","93.8","2322","8.4","-11.9","19.3","21.1","1.3","56.3","85.7","2101","-0.7","-30.8","6.4","6.8","1.4","10.2","86.7","1634","10.7","-23.1","13.4","17.4","1.2"
"Castillo, José",620454,2025,29,"16","17.1",86,73,24,15,6,0,3,17,9,19.8,10.5,".329",".534",".419","0.953","0.205",".389","9","11","0","1","52","0","1","1","3","0","4.67",,,"2","2","0","0","0","0","0","27","10","1","1","0","0","0","0","21","0","95","55","0","1","1","0","0","0","62","2","3","16","2","0","1","3","7","9","6","54","5","3","0","0","0","8","21","2","1","0","0","0","0","0","0","1","0","26","2","102","37","2","0","2","0","304","1","202","29","9","0","0","0","1",".263",".399",".413",".340",".365",".136",".476",".366",".421",".339",".066",".135",".073","72",25,15.2,12.1,30.3,24.2,"7.6",2,12,-3,58.9,35.6,"87.5","6.4",35.1,3,5.3,7,28.1,17.5,38.6,1.8,38.6,"75.800381071","93.645192857",65.4,10.6,31.1,44.7,55.3,21,47,48.7,151,65.2,7.4,1,139,169,309,89.4,11,104,51.3,159,49,152,21.2,48.9,40.4,38.6,21.1,57,68.6,56.1,32,28.1,16,15.8,9,0,0,"L","309",38.9,"4.9","93","2118","5.6","-18.9","12.9","14.2","1.4","54.7","83.7","2517","-5.7","-40.8","-1.6","6.6","1.5","0.3","90.2","1763","10.3","-29.1","4.4","11.1",,,,,,,,,,"40.1","92.5","2015","15.1","-27","5.3","16.3","1.3",,,,,,,,,,,,,,,,,,,,,,,,,,,,,,,,,,,,,,,,,,,,,,,,,,,,,,,,,"45","92.5","2027","14.1","-26.2","6.1","16","1.3","54.7","83.7","2517","-5.7","-40.8","-1.6","6.6","1.5","0.3","90.2","1763","10.3","-29.1","4.4","11.1",
"Chavez, Jesse",445926,2025,41,"2","3.0",16,13,4,1,2,0,1,3,3,18.8,18.8,".308",".692",".438","1.130","0.384",".333","2","2","0","0","9","0","0","0","0","0","6.00",,,"1","0","0","0","0","0","0","5","2","1","0","0","0","0","0","5","0","26","15","0","0","0","0","0","0","10","0","0","2","0","0","0","0","1","1","2","10","1","0","0","0","0","3","1","1","0","0","0","0","0","0","0","0","0","3","0","30","9","0","0","0","0","69","0","39","4","0","0","0","0","0",".242",".517",".473",".388",".384",".276",".549",".413",".400",".315",".066",".175",".085","70.9",13.6,16.7,13.6,33.3,27.3,"7.4",0,11,-3.6,40.9,33.2,"91.5","24.2",50,2,20,0,10,50,20,0,40,"82.156166","94.452838",53.3,6.3,20.5,37.5,62.5,3,8,56.5,39,100,5.8,14,46,9,69,93.8,1,16,43.5,30,30.4,21,16.7,34.8,50,30,20,10,56.3,20,2,40,4,30,3,10,1,"R","69",19.9,,,,,,,,,,,,,,,,,"20.3","83.9","1769","-15.4","-38.3","0.6","15.5","1.3","13","73.8","2545","16.8","-58.6","-8.1","18.7","1.4","30.4","89.4","1948","-16.5","-27","7.3","18.1","1.3","36.2","87.4","2186","-1.8","-23.9","11.9","12.1","1.3",,,,,,,,,,,,,,,,,,,,,,,,,,,,,,,,,,,,,,,,,,,,,,,,,"66.7","88.3","2077","-8.5","-25.3","9.8","14.8","1.5","13","73.8","2545","16.8","-58.6","-8.1","18.7","1.4","20.3","83.9","1769","-15.4","-38.3","0.6","15.5","1.3"
"Rainey, Tanner",663432,2025,32,"11","7.2",37,28,7,6,1,0,0,9,6,24.3,16.2,".250",".286",".389","0.675","0.036",".350","9","9","0","1","23","0","1","0","0","0","10.57",,,"0","0","0","0","0","0","0","4","4","0","0","0","0","0","0","5","0","51","18","0","0","0","0","0","0","30","3","0","11","0","0","0","1","0","4","3","21","2","2","0","0","1","3","7","3","0","0","0","0","0","0","1","1","0","22","0","59","8","0","0","0","0","156","2","97","24","3","2","0","0","0",".285",".352",".319",".368",".434",".067",".330",".417",".350",".431","-0.035","-0.066","-0.049","71.2",25.8,16.7,11.3,26.2,17.7,"7.6",4,12.8,-7.1,40.3,32,"90.2","11",33.3,1,4.8,0,52.4,14.3,23.8,4.8,42.9,"76.656882","96.0977445",72.6,22.6,31.3,61.5,38.5,16,26,53.2,83,100,7.1,0,75,81,156,77.4,12,53,46.8,73,40.4,63,35.4,50.6,57.1,33.3,9.5,21,54.1,52.4,11,14.3,3,33.3,7,0,0,"R","156",43.1,"48.1","95","2398","-8.6","-11.8","18.8","20.8","1.3","51.9","85.9","2356","3.3","-36.1","0.8","4.2","1.4",,,,,,,,,,,,,,,,,,,,,,,,,,,,,,,,,,,,,,,,,,,,,,,,,,,,,,,,,,,,,,,,,,,,,,,,,,,,,,,,,"48.1","95","2398","-8.6","-11.8","18.8","20.8","1.3","51.9","85.9","2356","3.3","-36.1","0.8","4.2","1.4",,,,,,,,
"Henry, Tommy",674072,2025,27,"2","6.2",26,23,6,3,0,0,3,8,1,30.8,3.8,".261",".652",".320","0.972","0.391",".250","3","3","0","0","20","0","0","0","0","0","4.05",,,"0","5","0","0","1","0","0","5","3","0","0","0","0","0","0","5","0","35","18","0","1","0","0","0","0","21","3","1","2","1","0","0","1","2","2","2","16","1","0","0","0","0","1","8","1","0","0","0","0","0","0","1","0","0","11","0","37","15","1","1","5","0","107","1","70","12","1","0","0","0","0",".314",".661",".412",".433",".369",".347",".593",".628",".400",".482","-0.053","-0.009","-0.021","73.2",34.9,24.1,16.3,34.5,23.3,"7.5",2,13.3,-7.7,48.8,33,"94.8","1.7",37.5,4,25,6.3,25,0,31.3,12.5,62.5,"82.7704625","99.373844667",64.7,21.2,33.9,42.1,57.9,8,19,52.3,56,50,5.6,25,29,53,107,78.8,7,33,47.7,51,41.1,44,28.8,48.6,37.5,50,12.5,16,53.8,62.5,10,18.8,3,18.8,3,0,0,"L","107",44.4,"25.2","89","2120","6.5","-18.3","16.2","17.6","1.4","21.5","85.1","2164","-1.9","-30.7","6.9","7.4","1.3","23.4","81.9","1281","12","-37.1","3.8","13.5","1.6","28","77.7","2134","-9.7","-56","-10.6","14.5","1.3","1.9","87.2","1991","10.2","-22","14","17.4","1.4",,,,,,,,,,,,,,,,,,,,,,,,,,,,,,,,,,,,,,,,,,,,,,,,,,,,,,,,,"27.1","88.9","2111","6.8","-18.6","16.1","17.6","1.4","49.5","80.9","2147","-6.3","-45","-3","11.4","3.1","23.4","81.9","1281","12","-37.1","3.8","13.5","1.6"
"Jackson, Luke",592426,2025,33,"30","24.0",103,90,21,16,2,0,3,18,11,17.5,10.7,".233",".356",".320","0.676","0.123",".257","10","12","9","2","72","1","4","0","0","0","3.75",,,"3","7","0","0","0","0","0","21","10","3","0","0","0","2","0","18","0","116","65","0","0","0","0","0","3","51","3","19","30","2","0","0","1","2","8","11","73","5","2","0","1","0","12","28","7","1","0","0","0","0","0","0","1","0","30","2","128","32","0","0","7","0","355","1","227","33","8","4","0","0","1",".267",".449",".300",".344",".350",".182",".315",".377",".288",".330","-0.034","-0.093","-0.044","72.3",25.3,18.8,15.1,42.7,34.2,"7.5",5,11,-2.8,61,33,"92.3","8.2",28.8,5,6.8,4.1,24.7,23.3,37,2.7,47.9,"81.668125","96.181907222",65.2,12.5,24.6,50,50,21,42,48.2,171,71.9,9,0,117,238,355,85.8,15,120,51.8,184,44.8,159,22.2,45.6,53.4,28.8,17.8,73,68.9,49.3,36,20.5,15,24.7,18,5.5,4,"R","355",51,"33","94.4","2319","-6.1","-12.5","18.5","19.6","1.1","48.7","87.3","2288","0","-41.4","-5.5","5.9","1.1",,,,,,,,,"18.3","84.1","2423","3.8","-51.6","-12.6","13.5","1.5",,,,,,,,,,,,,,,,,,,,,,,,,,,,,,,,,,,,,,,,,,,,,,,,,,,,,,,,,,,,,,,,,"33","94.4","2319","-6.1","-12.5","18.5","19.6","1.1","67","86.4","2325","1.1","-44.2","-7.4","7.9","2",,,,,,,,
"Anderson, Shaun",641312,2025,30,"6","10.2",50,47,16,11,1,0,4,10,3,20,6,".340",".617",".380","0.997","0.277",".364","9","9","0","1","32","1","0","0","0","0","7.59",,,"1","2","0","0","0","0","0","10","8","1","0","0","0","0","0","9","0","66","29","0","0","0","0","0","0","35","1","2","6","1","0","0","0","4","5","7","37","2","1","0","0","0","8","9","1","0","0","0","0","0","0","0","0","0","23","0","69","29","0","0","2","0","194","0","125","23","4","2","0","0","0",".297",".601",".428",".395",".339",".304",".523",".478",".432",".377",".043",".016",".033","72.3",29.5,18.2,13.6,34.8,26.1,"7.1",0,9.5,1.4,53.4,33.7,"91.1","17.3",29.7,6,16.2,5.4,27,24.3,21.6,5.4,37.8,"81.678468889","94.582226389",69.5,20.5,25.8,39.1,60.9,9,23,45.9,89,82.6,11.9,45,64,59,194,79.5,15,73,54.1,105,44.3,86,25,49.5,29.7,43.2,27,37,70,37.8,14,32.4,12,21.6,8,8.1,3,"R","193",45.2,"29","92.2","2495","-2.1","-17","15.2","15.5","1.4","30.6","88.1","2611","6","-31","4.1","7.6","1.4","23.3","85.7","1411","-14.5","-32.3","5.1","15.8","1.5",,,,,,,,,"4.1","92.9","2431","-10.1","-18.3","13.6","17.2","1.4",,,,,,,,,,,,,,,,,,,,,,,,,"13","82.1","2718","16.5","-40.2","0.7","16.7","1.6",,,,,,,,,,,,,,,,,,,,,,,,,"33.2","92.3","2487","-3.1","-17.2","15","15.7","1.4","43.5","86.4","2643","9.1","-33.7","3.1","10.3","2.8","23.3","85.7","1411","-14.5","-32.3","5.1","15.8","1.5"
"Kelly, Kevin",687330,2025,27,"13","13.0",50,48,11,7,1,0,3,9,2,18,4,".229",".438",".260","0.698","0.209",".222","5","5","0","1","39","0","0","1","0","0","3.46",,,"2","6","0","0","0","0","0","6","6","2","0","0","0","0","0","10","0","69","31","0","0","2","0","0","0","27","0","3","13","1","0","0","0","2","5","4","39","3","2","0","0","0","8","13","6","0","0","0","0","0","0","0","0","0","14","0","69","21","1","0","6","0","180","0","111","14","5","2","0","0","0",".280",".520",".302",".353",".310",".240",".351",".419",".282",".347","-0.051","-0.082","-0.051","71.7",18.2,26.3,22.7,42.1,36.4,"7",0,6.6,1.4,50,32.7,"89.3","9",35.9,6,15.4,10.3,17.9,17.9,25.6,10.3,53.8,"75.884453158","96.226082105",63.9,12.9,21.7,33.3,66.7,6,18,46.1,83,77.3,12.2,0,140,0,180,87.1,8,62,53.9,97,36.7,66,17.5,44.4,25.6,48.7,25.6,39,62,46.2,18,25.6,10,25.6,10,2.6,1,"R","180",3.8,"5.6","91.9","2161","-10.2","-21.2","11.2","15.2","1.3",,,,,,,,,,,,,,,,,,,,,,,,,"62.2","90.4","2182","-17.4","-34.3","-0.8","17.5","1.2","10","88.1","2377","-0.7","-27","7.9","8.3","1.5",,,,,,,,,,,,,,,,,"22.2","78","2677","18.3","-39.8","5.5","19.2","1.4",,,,,,,,,,,,,,,,,,,,,,,,,"77.8","90.2","2206","-14.7","-32.5","1.2","16.2","1.5","22.2","78","2677","18.3","-39.8","5.5","19.2","1.4",,,,,,,,
"Leiter Jr., Mark",643410,2025,34,"35","30.0",132,122,33,24,6,0,3,42,9,31.8,6.8,".270",".393",".326","0.719","0.123",".390","12","14","2","3","90","4","3","3","0","0","3.60",,,"6","6","2","0","0","0","0","31","17","5","2","0","0","0","0","41","0","154","91","0","1","0","0","0","0","75","4","5","35","1","0","0","1","8","15","9","80","11","10","0","0","0","13","27","5","0","0","0","0","0","0","0","0","0","63","2","177","48","1","0","8","0","502","0","325","72","20","6","0","0","1",".233",".371",".319",".292",".291",".137",".439",".394",".412",".356",".037",".022",".027","71.2",19.4,14.7,10,29.4,19.9,"7.4",6,12.2,-6.8,50.7,31.5,"86.1","10.8",26.3,5,6.3,3.8,30,20,33.8,6.3,31.3,"73.43801275","93.362279",65,20.8,30.2,55,43.8,44,80,52.8,265,61.5,5.2,164,212,126,502,77.9,32,154,47.2,237,42.4,213,32.5,46.6,40,35,25,80,62.1,52.5,42,26.3,21,17.5,14,3.8,3,"R","502",50.8,,,,,,,,,"0.8","83.4","2239","3.8","-43.4","-4.1","5.8","1.5",,,,,,,,,"24.3","74.1","2269","8.1","-68.3","-17.6","19.5","1.3","38.2","94","2020","-13.7","-17.3","13.8","19.5","1.2","4","91.2","2096","1.6","-24.4","8.4","8.7","1.5","32.7","86.2","687","-7.6","-32.3","4.7","9.5","1",,,,,,,,,,,,,,,,,,,,,,,,,,,,,,,,,,,,,,,,,"42.2","93.7","2027","-12.3","-17.9","13.3","18.5","1.5","25.1","74.4","2268","8","-67.5","-17.2","19.1","2.1","32.7","86.2","687","-7.6","-32.3","4.7","9.5","1"
"Bradley, Taj",671737,2025,24,"15","80.0",343,302,74,49,13,0,12,73,34,21.3,9.9,".245",".407",".327","0.734","0.162",".282","44","52","0","0","240","4","5","0","0","0","4.95",,,"1","11","0","0","0","0","0","56","43","1","0","0","8","0","0","66","0","454","188","0","1","0","0","0","0","234","13","0","0","13","0","2","4","16","24","34","232","16","0","0","0","0","38","89","13","0","0","0","0","0","0","0","3","15","120","8","487","123","1","0","11","0","1288","3","801","128","0","0","0","0","4",".244",".394",".325",".317",".326",".150",".366",".355",".319",".318",".001",".013",".008","72.5",27.6,14.4,11.4,29.6,23.5,"7.3",16,9.5,-0.3,52.9,31.4,"88.7","8.8",31,15,6.5,5.6,22.8,23.3,37.9,3.9,38.4,"77.560195862","94.01475625",68.7,15.1,26.3,44,54.2,74,168,49.7,640,83.3,6.5,254,845,189,1288,84.3,67,445,50.3,648,43.4,559,23,47.6,44.8,32.8,22.4,232,58.3,48.7,113,24.6,57,20.3,47,6.5,15,"R","1288",53.1,"45.3","96.3","2308","-7.3","-11.7","17.9","19.4","1.4",,,,,,,,,,,,,,,,,"14.7","81.5","2587","4.5","-56.7","-15.2","16","1.6",,,,,,,,,"20.3","90","2214","3.8","-28.1","5.5","7.1","1.4","19.7","91.3","1723","-13","-24.4","8.3","15.7","1.4",,,,,,,,,,,,,,,,,,,,,,,,,,,,,,,,,,,,,,,,,"65.6","94.3","2279","-3.8","-16.8","14","15.6","3.5","14.7","81.5","2587","4.5","-56.7","-15.2","16","1.6","19.7","91.3","1723","-13","-24.4","8.3","15.7","1.4"
"Smith, Cade",671922,2025,26,"34","32.2",135,120,24,15,9,0,0,50,11,37,8.1,".200",".275",".274","0.549","0.075",".333","8","10","3","1","98","2","2","1","1","0","2.20",,,"1","0","0","0","0","0","0","31","12","1","0","0","0","1","0","37","0","181","89","0","0","0","0","0","1","100","10","5","34","1","0","0","2","3","6","15","72","10","14","0","1","0","14","20","8","0","0","0","0","0","0","0","2","0","80","2","190","33","0","0","0","0","546","2","356","84","14","4","0","0","0",".204",".287",".247",".254",".280",".082",".343",".357",".333",".344","-0.004","-0.012","-0.007","70.8",18.8,9.6,6.3,29.5,19.3,"7.1",3,6.6,4.3,45.7,29.9,"90.5","13.6",43.1,3,4.2,15.3,26.4,22.2,29.2,2.8,43.1,"81.288674167","94.264132778",68.2,27.4,27.2,57.1,41.4,40,70,47.1,257,75,6.6,112,379,0,546,72.6,54,197,52.9,289,47.3,258,35.2,48.9,27.8,44.4,27.8,72,60.4,36.1,26,26.4,19,31.9,23,5.6,4,"R","546",37.4,"69.4","96.1","2295","-8.9","-13.1","16.7","19.1","1.5",,,,,,,,,,,,,,,,,,,,,,,,,,,,,,,,,,,,,,,,,"20.5","88.3","800","-10.1","-35.9","-0.6","10.9","1.7",,,,,,,,,"10.1","84.9","1969","12.8","-33","5.3","14.2","1.6",,,,,,,,,,,,,,,,,,,,,,,,,"69.4","96.1","2295","-8.9","-13.1","16.7","19.1","1.5","10.1","84.9","1969","12.8","-33","5.3","14.2","1.6","20.5","88.3","800","-10.1","-35.9","-0.6","10.9","1.7"
"Eisert, Brandon",685126,2025,27,"33","31.2",141,127,35,18,11,2,4,38,8,27,5.7,".276",".488",".340","0.828","0.212",".360","16","16","2","2","95","2","1","1","0","0","4.55",,,"2","8","1","0","0","0","0","34","19","1","1","0","0","0","0","40","0","190","79","0","0","0","0","0","1","85","8","7","31","0","0","0","5","9","13","13","90","12","3","0","2","0","19","24","8","1","0","0","0","0","0","0","1","2","71","0","210","62","0","0","9","0","546","1","336","74","18","5","0","0","0",".223",".380",".354",".294",".297",".157",".460",".369",".389",".322",".053",".108",".060","71.2",18.9,13.6,9.3,29.2,19.8,"7.4",3,11.2,-3.5,53.3,31.6,"87.3","13.2",37.8,8,8.9,5.6,22.2,26.7,31.1,2.2,33.3,"76.390513182","93.205223793",68.2,21.2,30.3,51.1,48.9,47,92,55.7,304,64.7,6.2,159,163,224,546,78.8,35,165,44.3,242,39.6,216,31.9,47.1,36.7,38.9,24.4,90,59.3,41.1,37,31.1,28,24.4,22,3.3,3,"L","546",33.5,"25.1","89.8","2031","10.2","-18.5","15.7","18.9","1.3","41","85.1","2104","-2.5","-32.9","5","6.1","1.4","29.1","83.8","1332","13.6","-36.3","2.7","14.1","1.5",,,,,,,,,"4.8","88","1930","17.2","-26","9.6","19.8","1.3",,,,,,,,,,,,,,,,,,,,,,,,,,,,,,,,,,,,,,,,,,,,,,,,,,,,,,,,,"29.9","89.6","2015","11.3","-19.7","14.7","19","1.5","41","85.1","2104","-2.5","-32.9","5","6.1","1.4","29.1","83.8","1332","13.6","-36.3","2.7","14.1","1.5"
"Headrick, Brent",687396,2025,27,"11","13.1",54,50,12,6,3,0,3,16,3,29.6,5.6,".240",".480",".296","0.776","0.240",".290","7","7","0","0","40","0","0","0","0","0","4.73",,,"0","2","0","0","1","0","0","11","9","0","0","0","0","0","0","9","0","61","29","0","1","0","0","0","0","60","5","3","11","1","0","0","1","3","2","7","34","3","0","0","0","0","7","8","4","0","0","0","0","0","0","0","0","0","27","0","63","24","1","1","2","0","218","0","155","27","8","2","0","0","0",".269",".501",".336",".354",".323",".232",".452",".480",".353",".396","-0.029","-0.021","-0.018","71.9",22.3,10.6,8,27.1,20.5,"7.3",0,12,-0.9,52.7,31.1,"91.8","15.9",41.2,5,14.7,0,29.4,26.5,23.5,5.9,47.1,"81.768738235","95.575355152",74.2,18,37.8,43.2,56.8,16,37,45,98,85.7,9.6,23,149,46,218,82,16,89,55,120,45,98,25.4,57.8,47.1,29.4,23.5,34,70.4,29.4,10,29.4,10,32.4,11,8.8,3,"L","218",44,"68.3","93.6","2397","8","-12.5","19","20.7","1.4","21.1","80.4","2025","-2.7","-39.1","3.3","4.8","1.4",,,,,,,,,,,,,,,,,,,,,,,,,,,,,,,,,"10.6","83.7","1148","12.3","-35","4.2","13.5","1.3",,,,,,,,,,,,,,,,,,,,,,,,,,,,,,,,,,,,,,,,,"68.3","93.6","2397","8","-12.5","19","20.7","1.4","21.1","80.4","2025","-2.7","-39.1","3.3","4.8","1.4","10.6","83.7","1148","12.3","-35","4.2","13.5","1.3"
"Pérez, Cionel",672335,2025,29,"19","21.2",110,87,28,19,6,0,3,21,18,19.1,16.4,".322",".494",".444","0.938","0.172",".391","20","22","0","0","65","0","0","1","1","0","8.31",,,"1","6","0","0","0","0","0","31","23","0","1","0","0","0","0","34","0","144","72","0","0","0","0","0","0","81","7","6","19","5","0","0","2","6","13","9","69","12","0","0","1","0","7","29","2","0","0","0","0","0","0","2","1","0","39","2","166","43","0","0","6","0","437","3","271","42","9","3","0","0","1",".218",".324",".411",".313",".361",".106",".458",".302",".418",".283",".104",".170",".098","70.6",16.8,12.3,9.6,29.2,22.8,"7.1",5,7.3,0.5,45.2,33.5,"90.6","3.4",18.8,2,2.9,5.8,24.6,13,49.3,4.3,44.9,"81.073184706","94.394608955",65,15.1,26.9,46.7,53.3,28,60,51,223,88.4,9.8,0,242,99,437,84.9,21,139,49,214,40.5,177,24.6,45.5,42,31.9,26.1,69,60.6,60.9,42,20.3,14,15.9,11,2.9,2,"L","437",38,"11.2","95.5","2073","7","-15.2","14.9","16.6","1.9","22.7","88.2","2358","-5.7","-32.6","2.9","7.7","1.4",,,,,,,,,,,,,,,,,"42.8","95.6","2107","14.7","-22.4","7.6","16.6","1.7","1.4","91.1","2368","-3.6","-22.3","11.1","12.5","1.4",,,,,,,,,,,,,,,,,,,,,,,,,"22","83.1","2529","-10.9","-45.4","-5.6","12.5","1.5",,,,,,,,,,,,,,,,,"55.4","95.5","2107","12.7","-20.9","9.1","16.5","1.9","44.6","85.7","2442","-8.3","-38.9","-1.3","10.1","2.9",,,,,,,,
"Buttó, José",676130,2025,27,"27","37.1",163,141,33,22,8,1,2,35,19,21.5,11.7,".234",".348",".327","0.675","0.114",".295","12","14","1","1","112","2","1","2","1","0","2.89",,,"2","10","2","0","1","0","0","38","20","2","0","0","0","1","0","40","0","221","86","0","1","0","0","0","0","96","7","7","27","4","0","0","1","5","9","19","105","13","2","0","1","0","18","38","9","1","0","0","0","0","0","1","1","0","71","2","244","49","1","1","12","0","616","2","372","77","21","8","0","0","0",".253",".452",".302",".344",".344",".199",".331",".394",".308",".333","-0.019","-0.104","-0.042","71.2",17,13.7,9.8,33.7,24.2,"7.4",5,10.9,-2.4,57.2,33,"89.9","9.5",34.3,13,12,2.8,25.9,23.1,31.5,4.6,40.7,"79.523648889","94.40115243",67,18.3,29.8,51.4,47.7,55,107,55.7,359,84.2,5.9,95,311,179,644,81.7,35,191,44.3,285,41.8,269,30.2,46.3,44.4,38,17.6,108,59.3,46.3,50,22.2,24,25.9,28,5.6,6,"R","644",37.6,"30.4","94.8","2389","-2.9","-15.2","15.3","15.8","1.2","27.8","86.3","2636","2.8","-36.6","0.1","3.5","1.4","14.8","87.8","1858","-8.2","-32.5","3.1","9.1","1.2",,,,,,,,,"17.9","94.4","2194","-15","-20.5","10.5","18.5","1.2",,,,,,,,,,,,,,,,,,,,,,,,,"9.2","83.5","2553","12.5","-44.7","-5.1","13.7","1.4",,,,,,,,,,,,,,,,,,,,,,,,,"48.3","94.7","2317","-7.4","-17.2","13.5","16.8","1.2","37","85.6","2615","5.2","-38.6","-1.2","6","1.8","14.8","87.8","1858","-8.2","-32.5","3.1","9.1","1.2"
"Gilbert, Tyler",656457,2025,31,"15","16.1",68,61,11,8,1,0,2,19,7,27.9,10.3,".180",".295",".265","0.560","0.115",".225","7","7","0","0","49","1","1","0","0","0","3.86",,,"3","9","0","0","1","0","0","12","5","3","0","0","0","0","0","9","0","104","40","0","1","0","0","0","0","55","4","3","12","1","0","0","0","3","2","5","39","2","1","0","0","1","12","9","4","0","0","0","0","0","0","0","0","3","33","0","107","17","1","1","9","0","279","0","172","33","4","0","0","0","0",".206",".356",".256",".286",".289",".150",".298",".349",".262",".301","-0.026","-0.061","-0.030","71.9",26.7,11.6,8.6,31.4,23.3,"7.2",3,9.4,0.4,51.7,31.4,"88.9","20.1",38.1,4,9.5,7.1,19,31,28.6,2.4,40.5,"79.748641429","93.452528049",67.8,19.2,26.7,51.3,48.7,20,39,50,146,56,8.6,31,188,10,292,80.8,19,99,50,146,39.7,116,28.3,47.3,47.6,31,21.4,42,64.7,33.3,14,35.7,15,21.4,9,9.5,4,"L","292",15.2,"10.3","89.9","2266","11.5","-21.7","12.3","17","1.3",,,,,,,,,,,,,,,,,"3.4","81.2","2361","-3.3","-45","-2.7","4.5","1.5","28.1","89.8","2145","17.9","-29.6","4.7","18.6","1.5","26","87.1","2283","0.4","-25","10.9","11.2","1.7","10.6","82.1","1290","13.6","-35.2","5.4","14.9","1.6",,,,,,,,,"21.6","81.1","2423","-9.6","-42.1","-0.2","9.9","1.5",,,,,,,,,,,,,,,,,,,,,,,,,"64.4","88.7","2220","9.8","-26.5","8.4","15.4","2.1","25","81.1","2414","-8.8","-42.5","-0.5","9.1","1.4","10.6","82.1","1290","13.6","-35.2","5.4","14.9","1.6"
"Kirby, George",669923,2025,27,"5","25.2",132,120,35,22,5,1,7,33,8,25,6.1,".292",".525",".341","0.866","0.233",".341","17","17","0","0","77","1","3","1","0","0","5.96",,,"1","3","2","0","0","0","0","18","17","1","0","0","1","0","0","20","0","137","69","0","0","0","0","0","0","104","7","0","0","5","0","0","2","3","9","16","71","7","0","0","0","0","11","22","7","0","0","0","0","0","0","0","2","5","41","0","145","48","0","0","5","0","442","2","297","46","0","0","0","0","1",".277",".480",".371",".346",".329",".203",".472",".434",".393",".375",".015",".045",".025","71.3",20.3,13.1,10.6,32.2,26,"7.1",5,8.5,1.6,58.9,31.8,"91.5","14.9",36,10,11.2,4.5,31.5,25.8,25.8,1.1,47.2,"82.414989111","94.75489764",71.2,13.5,30.5,41.3,58.7,31,75,46.7,246,71.4,9.3,45,290,192,527,86.5,27,200,53.3,281,42.3,223,21.1,52.2,33.7,39.3,27,89,68.2,38.2,34,27,24,31.5,28,3.4,3,"R","527",30.7,"30.7","96.1","2223","-11","-15.7","14","17.9","1.1","23","87.8","2342","10.2","-37.5","-1.9","10.7","1.2","3.2","87.4","1494","-15.5","-29","6.8","17","1.3","13.5","84.7","2375","8.9","-50.7","-12.4","15.3","1.3","24.3","96","2204","-16.6","-19.6","10.2","19.6","1.2",,,,,,,,,"5.3","86.4","892","-11.3","-34.7","2.1","12.1","1.3",,,,,,,,,,,,,,,,,,,,,,,,,,,,,,,,,,,,,,,,,"55","96.1","2214","-13.5","-17.4","12.3","18.7","1.1","36.4","86.6","2354","9.7","-42.4","-5.8","12.4","1.9","8.5","86.8","1120","-12.9","-32.6","3.9","13.9","1.3"
"Thompson, Zach",605507,2025,31,"2","3.2",12,11,0,0,0,0,0,3,1,25,8.3,".000",".000",".083","0.083","0.000",".000","0","0","0","0","11","0","0","1","0","0","0.00",,,"0","1","0","0","0","0","0","1","0","0","0","0","0","0","0","1","0","24","8","0","0","0","0","0","0","15","1","0","2","0","0","0","0","0","0","0","8","0","0","0","0","0","4","3","0","0","0","0","0","0","0","0","0","0","4","0","24","0","0","0","1","0","60","0","36","4","0","0","0","0","0",".129",".148",".058",".170",".202",".019",".000",".168",".000",".178","-0.129","-0.148","-0.112","71.3",16.7,5.3,4.2,21.1,16.7,"7.1",0,9.1,0.4,29.2,29,"79.4","18.1",0,0,0,0,12.5,50,25,12.5,12.5,"66.66586","90.29403125",64.3,5.6,31.3,40,60,4,10,53.3,32,66.7,5,8,43,9,60,94.4,1,18,46.7,28,43.3,26,17.9,46.7,0,37.5,62.5,8,41.7,37.5,3,50,4,0,0,12.5,1,"R","60",47.8,"40","91.2","2426","-0.6","-18.9","13.9","14","1.3",,,,,,,,,"13.3","84.9","1768","-8.6","-34.2","3.7","9.9","1.5","15","74.1","2293","4.9","-63.2","-13.1","14.2","1.4","5","90.1","2412","-8.4","-25.6","7.7","11.5","1.5","26.7","85.3","2671","3.5","-33.6","3.7","5.3","1.5",,,,,,,,,,,,,,,,,,,,,,,,,,,,,,,,,,,,,,,,,,,,,,,,,"71.7","88.9","2516","0.4","-24.8","9.7","10.6","2.5","15","74.1","2293","4.9","-63.2","-13.1","14.2","1.4","13.3","84.9","1768","-8.6","-34.2","3.7","9.9","1.5"
"Adam, Jason",592094,2025,33,"37","37.0",163,139,30,25,3,0,2,45,18,27.6,11,".216",".281",".311","0.592","0.065",".298","6","10","0","1","111","5","2","3","0","0","1.46",,,"8","5","0","0","0","0","0","37","10","7","1","0","0","0","0","28","0","205","94","1","1","0","0","0","0","98","6","3","37","2","0","0","2","5","8","14","94","4","17","0","1","0","23","31","5","0","0","0","0","0","0","1","2","0","94","4","220","36","1","0","5","0","609","3","389","97","5","3","0","0","0",".214",".334",".271",".286",".309",".119",".314",".338",".313",".311",".002","-0.053","-0.015","71.9",22.8,14.4,9.6,33.3,22.1,"7.7",5,15.1,-11.7,51.5,30.4,"88.5","14.9",27.8,7,7.2,3.1,22.7,30.9,32,4.1,36.1,"78.042709583","93.538103854",66.1,27.2,33.4,49.6,50.4,57,115,53.8,344,61.8,8.6,215,143,213,639,72.8,53,195,46.2,295,40.4,258,35.5,48.5,44.3,41.2,14.4,97,55.6,40.2,39,30.9,30,22.7,22,6.2,6,"R","639",38.3,"21.9","94.5","2588","-8","-11.9","19","20.7","1.1","33.3","83.6","2597","1.5","-41.1","-2.1","3.3","1.3","33.6","88","2014","-16","-32.1","3.6","16.6","1.2",,,,,,,,,,,,,,,,,"0.5","85.9","2516","1.7","-31.8","5.3","5.7","1.4",,,,,,,,,,,,,,,,,"10.6","77.2","2558","15.7","-50","-3.5","16.3","1.6",,,,,,,,,,,,,,,,,,,,,,,,,"22.4","94.3","2586","-7.8","-12.4","18.7","20.4","1.6","44","82.1","2587","5","-43.3","-2.4","6.5","3.2","33.6","88","2014","-16","-32.1","3.6","16.6","1.2"
"Cantillo, Joey",676282,2025,25,"21","28.1",123,109,25,13,7,0,5,36,14,29.3,11.4,".229",".431",".317","0.748","0.202",".294","12","17","1","0","85","1","0","2","0","0","3.81",,,"3","3","1","0","0","0","0","24","16","3","0","0","0","0","0","30","0","189","108","0","1","0","0","0","0","76","2","10","21","2","0","0","0","8","7","10","73","6","1","0","0","0","12","24","9","0","0","0","0","0","0","0","0","0","55","5","202","47","1","0","4","0","517","0","315","56","8","1","0","0","2",".247",".417",".329",".329",".332",".171",".422",".422",".342",".368","-0.018",".014",".000","70.8",16.2,19.7,13.8,37.6,26.3,"7.5",1,12.2,-7.8,40.7,30.3,"89.6","12.1",35.6,7,9.6,4.1,31.5,20.5,28.8,5.5,42.5,"78.292044054","94.694890685",56.4,24,21.7,39.6,60.4,21,53,47.2,244,67.3,9.5,191,212,114,517,76,37,154,52.8,273,44.3,229,28,40,38.4,37,24.7,73,56.1,42.5,31,27.4,20,26,19,4.1,3,"L","517",53.6,"41","91.7","1810","6.6","-15.2","17.3","18.6","1.4","7.9","84.8","2009","-5.3","-32.3","5.7","8.7","1.6","36.9","78.1","1496","11","-33.1","11.9","16.5","1.2","14.1","76.2","2641","-7.9","-67.5","-19.5","21.1","1.5",,,,,,,,,,,,,,,,,,,,,,,,,,,,,,,,,,,,,,,,,,,,,,,,,,,,,,,,,,,,,,,,,"41","91.7","1810","6.6","-15.2","17.3","18.6","1.4","22.1","79.3","2414","-7","-54.8","-10.4","16.6","4.1","36.9","78.1","1496","11","-33.1","11.9","16.5","1.2"
"Akin, Keegan",669211,2025,30,"33","32.0",140,121,27,15,8,0,4,36,18,25.7,12.9,".223",".388",".329","0.717","0.165",".284","10","11","0","2","96","2","0","2","0","0","2.81",,,"0","6","0","0","0","0","0","34","10","0","0","0","0","0","0","29","0","183","88","0","0","0","0","0","0","121","10","3","30","1","0","0","1","6","9","11","82","4","11","0","0","0","25","16","7","0","0","0","0","0","0","0","0","3","58","1","185","46","0","0","6","0","551","0","366","59","17","1","0","0","0",".217",".379",".321",".313",".323",".162",".374",".360",".318",".309",".006",".009",".008","70.9",18.9,13.9,10.4,25.7,19.3,"7.3",3,9.4,-0.3,52.6,31.1,"90.3","21.3",36.5,7,8.2,9.4,23.5,36.5,20,2.4,43.5,"79.925447857","94.439623214",69.4,16.4,29.2,46.3,51.2,37,80,47.2,274,74.5,8.1,100,297,184,581,81.7,35,213,52.8,307,47.3,275,24.6,50.4,38.8,31.8,29.4,85,67.1,31.8,27,36.5,31,22.4,19,9.4,8,"L","581",38.1,"51.1","93.3","2360","12.3","-14.5","17.2","21.2","1.4","31.7","85","2582","-4","-35.5","2.3","5.3","1.8","17.2","86.1","2032","17","-28.6","8.7","19.2","1.5",,,,,,,,,,,,,,,,,,,,,,,,,,,,,,,,,,,,,,,,,,,,,,,,,,,,,,,,,,,,,,,,,,,,,,,,,"51.1","93.3","2360","12.3","-14.5","17.2","21.2","1.4","31.7","85","2582","-4","-35.5","2.3","5.3","1.8","17.2","86.1","2032","17","-28.6","8.7","19.2","1.5"
"Zerpa, Angel",672582,2025,25,"31","32.1",140,130,36,23,9,0,4,27,8,19.3,5.7,".277",".438",".329","0.767","0.161",".323","13","13","0","2","97","3","0","0","0","0","3.62",,,"0","14","0","0","0","0","0","30","18","0","0","0","0","0","0","27","0","184","110","0","0","0","0","0","0","115","1","3","31","5","0","0","2","6","16","12","100","6","5","0","0","0","6","53","5","0","0","0","0","0","0","0","0","0","33","0","198","55","0","0","14","0","561","0","363","36","17","6","0","0","1",".256",".398",".337",".310",".309",".142",".390",".354",".350",".324",".021",".040",".027","70.6",12.4,15.2,13.3,35.6,31.2,"7",6,5.3,5.6,42.7,31.1,"90.3","-3.1",27.2,7,6.8,5.8,18.4,7.8,55.3,4.9,44.7,"79.972453529","94.823575941",61.8,7.3,25.9,35.3,63.2,24,68,46,263,67.3,8.6,18,361,193,572,92.7,14,191,54,309,47,269,14.7,45.3,41.7,34,24.3,103,64.3,68.9,71,11.7,12,17.5,18,1.9,2,"L","572",31.2,"19.6","95.9","2010","8.9","-17.5","12.3","15.4","1.2","33.7","84","2595","-7.5","-46.4","-7.5","10.9","1.7","3.1","91.1","1597","13.6","-26.8","6.3","15.3","1.6",,,,,,,,,"43.5","96.3","2083","16.5","-25.4","4.2","17.2","1.1",,,,,,,,,,,,,,,,,,,,,,,,,,,,,,,,,,,,,,,,,,,,,,,,,,,,,,,,,"63.1","96.2","2061","14.1","-22.9","6.7","16.6","1.1","33.7","84","2595","-7.5","-46.4","-7.5","10.9","1.7","3.1","91.1","1597","13.6","-26.8","6.3","15.3","1.6"
"Horton, Cade",690990,2025,23,"7","36.1",153,141,36,27,5,0,4,29,8,19,5.2,".255",".376",".303","0.679","0.121",".294","14","16","0","0","109","3","1","1","0","0","3.47",,,"5","15","1","0","0","0","0","27","16","5","0","0","1","0","0","37","0","183","91","1","2","0","0","0","0","84","9","0","1","2","0","0","2","9","10","17","114","10","0","0","0","0","22","43","6","0","0","0","0","0","0","0","1","6","62","2","205","53","2","0","16","0","569","1","364","66","0","0","0","0","1",".259",".435",".300",".320",".306",".176",".342",".369",".319",".324","-0.004","-0.059","-0.020","72",23.9,17.7,13.4,39.2,29.6,"7.4",5,9.3,-0.9,38.9,33,"89.7","9.5",36.3,13,11.5,6.2,26.5,18.6,34.5,2.7,42.5,"78.515426071","94.630138571",66.3,10.6,29.6,65.5,34.5,55,84,49.9,284,83,9.3,65,304,77,569,88.9,20,189,50.1,285,38.7,220,27.5,48,31.9,38.1,30.1,113,67.3,46.9,53,28.3,32,20.4,23,4.4,5,"R","569",49.5,"51.3","95.6","2510","0.6","-15.3","14.7","14.9","1",,,,,,,,,"11.4","87.8","1977","-14.1","-27.5","8.2","16.4","1.3","13.5","83.6","2576","4.1","-45","-5.6","7.7","1.5","2.1","95.5","2368","-11","-16.9","13.2","17.4","1.3",,,,,,,,,,,,,,,,,,,,,,,,,"21.6","83.8","2593","13.4","-40.1","-0.7","13.6","1.2",,,,,,,,,,,,,,,,,,,,,,,,,"53.4","95.6","2505","0.1","-15.4","14.6","15","1","35.1","83.7","2587","9.8","-42","-2.6","11.3","1.3","11.4","87.8","1977","-14.1","-27.5","8.2","16.4","1.3"
"Castro, Miguel",612434,2025,30,"6","6.0",28,22,5,2,2,0,1,4,5,14.3,17.9,".227",".455",".393","0.848","0.228",".235","5","5","0","0","18","0","0","0","0","0","7.50",,,"2","2","0","0","0","0","0","9","4","2","0","0","0","0","0","7","0","40","21","0","0","0","0","0","0","15","0","1","6","1","0","0","1","1","3","1","18","2","1","0","0","0","4","6","2","0","0","0","0","0","0","0","0","0","7","0","44","10","0","0","2","0","105","0","61","7","5","0","0","0","0",".246",".396",".378",".366",".407",".150",".355",".336",".278",".300","-0.019",".059",".012","70.5",18.9,9.4,8.1,40.6,35.1,"7.5",0,10.5,-3.9,51.4,32.4,"88.3","10.4",22.2,1,5.6,0,22.2,38.9,33.3,0,33.3,"79.112096667","93.153393889",57.7,13.3,18.9,30,70,3,10,50.5,53,63.6,10.5,12,63,30,105,86.7,4,30,49.5,52,43.8,46,17.5,38.1,44.4,27.8,27.8,18,42.9,50,9,27.8,5,16.7,3,5.6,1,"R","105",11.5,,,,,,,,,"28.6","83.7","2845","11.5","-37.1","2.1","11.9","1.4","11.4","88.7","1934","-17.8","-34.2","1","17.8","1.5",,,,,,,,,"60","95.1","2247","-17.5","-24.2","6.3","18.8","1.2",,,,,,,,,,,,,,,,,,,,,,,,,,,,,,,,,,,,,,,,,,,,,,,,,,,,,,,,,"60","95.1","2247","-17.5","-24.2","6.3","18.8","1.2","28.6","83.7","2845","11.5","-37.1","2.1","11.9","1.4","11.4","88.7","1934","-17.8","-34.2","1","17.8","1.5"
"Castillo, Luis",622491,2025,32,"15","85.1",359,327,78,48,19,0,11,72,28,20.1,7.8,".239",".398",".301","0.699","0.159",".272","32","34","0","0","256","4","5","1","0","0","3.38",,,"5","14","1","0","0","0","0","73","33","5","0","0","9","0","0","82","0","484","198","0","3","0","0","0","0","283","19","0","0","5","0","1","2","17","22","39","257","17","0","0","0","0","58","82","19","0","0","0","0","0","0","0","2","15","161","2","503","130","3","0","15","0","1424","2","921","163","0","0","0","0","2",".269",".463",".307",".343",".330",".195",".348",".398",".304",".344","-0.030","-0.065","-0.036","71.1",19.7,14.8,11.1,33.2,24.9,"7.1",10,8.8,0.3,47.5,31.8,"90.4","14",36.6,31,12.1,6.2,21,26.5,28.4,5.4,45.9,"79.236154688","95.16692451",73.6,18.7,28.3,41.9,58.1,85,203,50.4,717,81,7,167,955,302,1424,81.2,97,520,49.6,707,43.8,624,25.2,50.8,35,41.2,23.7,257,64.9,40.5,104,29.6,76,23,59,7,18,"R","1424",15.2,"46.8","95.1","2204","-13.2","-17.6","12.9","18.5","1.1","21.2","84.6","2250","0.6","-38.8","-0.7","2.5","1.5","11.7","87.5","1983","-18.4","-36.5","-0.6","18.5","1.2",,,,,,,,,"20.2","95","2042","-19.3","-26.3","4.1","19.8","1.2",,,,,,,,,,,,,,,,,,,,,,,,,,,,,,,,,,,,,,,,,,,,,,,,,,,,,,,,,"67.1","95.1","2155","-15","-20.2","10.2","18.9","1.1","21.2","84.6","2250","0.6","-38.8","-0.7","2.5","1.5","11.7","87.5","1983","-18.4","-36.5","-0.6","18.5","1.2"
"López, Jorge",605347,2025,32,"26","24.2",105,94,25,20,2,2,1,17,6,16.2,5.7,".266",".362",".324","0.686","0.096",".308","18","18","1","3","74","6","0","3","0","0","6.57",,,"4","10","1","0","0","0","0","20","18","4","0","0","0","0","0","31","0","115","70","0","0","0","0","0","0","81","1","5","26","2","0","0","3","1","9","15","79","11","5","0","0","0","10","28","12","0","0","0","0","1","0","0","2","0","27","0","124","34","0","0","11","0","387","2","263","32","14","5","0","0","0",".315",".490",".304",".369",".368",".175",".324",".410",".316",".376","-0.049","-0.128","-0.065","71.3",20.2,16.9,14.3,39.4,33.3,"7.4",1,10.6,-3.4,46.4,33.9,"91.9","8.9",40.5,5,6.3,7.6,27.8,20.3,35.4,2.5,50.6,"81.9893025","95.491026582",64.6,7.4,32.6,39.7,60.3,23,58,46,178,75.7,9.6,37,204,145,387,92.6,10,135,54,209,39.5,153,17.1,49.9,38,34.2,27.8,79,61.9,46.8,37,16.5,13,34.2,27,2.5,2,"R","386",40.1,"25.6","94.7","1966","-10","-16.1","14.4","17.7","1.4","20.7","85.8","2303","6.8","-34.9","2","7.7","1.5","9.6","87","1720","-15.9","-31.6","4.5","16.6","1.7","16.8","81.3","2471","9","-55.2","-13.6","16.3","1.5","27.2","94.7","1922","-17.2","-21.9","8.6","19.4","1.4",,,,,,,,,,,,,,,,,,,,,,,,,,,,,,,,,,,,,,,,,,,,,,,,,,,,,,,,,"52.8","94.7","1943","-13.7","-19.1","11.4","18.6","1.4","37.6","83.8","2378","7.8","-44","-5","11.6","2.7","9.6","87","1720","-15.9","-31.6","4.5","16.6","1.7"
"Ashby, Aaron",676879,2025,27,"6","10.2",41,39,9,7,1,0,1,10,1,24.4,2.4,".231",".333",".268","0.601","0.102",".286","2","2","1","0","32","0","0","3","0","0","1.69",,,"0","1","0","0","0","0","0","7","2","0","0","0","0","0","0","10","0","45","31","0","0","0","0","0","0","16","1","4","6","1","0","0","1","3","3","3","29","1","0","0","0","1","1","17","2","0","0","0","0","0","0","0","0","0","11","0","56","13","0","0","1","0","149","0","93","14","1","1","0","0","0",".271",".372",".268",".299",".306",".101",".330",".374",".310",".364","-0.040","-0.039","-0.031","71.6",14.9,13.9,10.6,38.9,29.8,"7.4",2,10.6,-2.1,55.3,31.4,"83.8","-6.5",27.6,1,3.4,0,34.5,3.4,51.7,6.9,31,"72.906631333","91.812217586",54.8,7.5,28.9,59.1,36.4,13,22,51,76,46.2,8.7,9,59,81,149,92.5,3,40,49,73,40.3,60,25.8,41.6,37.9,55.2,6.9,29,51.2,69,20,13.8,4,17.2,5,0,0,"L","149",49.5,"5.4","95.8","2258","5.7","-16.9","12.7","14.3","1.5","12.8","83.3","2700","-11","-46.7","-7.2","13.3","1.5","6","90","2004","11.5","-31.3","2.3","11.8","1.5","41.6","81.6","2735","-8.1","-58.7","-17.2","19.1","1.5","34.2","96.8","2170","13.9","-21.7","7.4","15.9","1.4",,,,,,,,,,,,,,,,,,,,,,,,,,,,,,,,,,,,,,,,,,,,,,,,,,,,,,,,,"39.6","96.7","2182","12.8","-21","8.2","15.7","1.4","54.4","82","2727","-8.8","-55.9","-14.9","17.7","1.6","6","90","2004","11.5","-31.3","2.3","11.8","1.5"
"Skubal, Tarik",669373,2025,28,"15","96.0",365,347,70,55,9,0,6,117,12,32.1,3.3,".202",".280",".234","0.514","0.078",".283","22","22","0","0","288","8","2","1","1","1","2.06",,,"2","8","0","0","1","0","0","53","20","2","0","0","9","0","0","51","0","371","212","0","4","0","0","1","0","271","17","0","0","3","0","0","3","16","15","39","233","9","0","0","0","0","48","83","13","0","0","0","0","0","0","1","2","15","229","0","396","97","4","1","8","0","1370","3","974","236","0","0","0","0","0",".218",".344",".229",".259",".250",".126",".313",".362",".302",".328","-0.016","-0.064","-0.030","71.2",18.3,9.5,6.4,28,18.6,"7.3",12,9.2,-0.1,43.3,32.4,"85.8","12.4",36.1,16,6.9,7.3,23.6,25.8,29.6,6.4,32.2,"73.514030517","93.04106671",71.4,26.4,34.4,52.2,47.3,105,201,42.6,584,86.3,8.5,414,747,209,1370,72.9,148,561,57.4,786,42.1,577,33.2,55.6,32.6,38.2,29.2,233,72.3,42.1,98,28.3,66,22.3,52,7.3,17,"L","1370",50.1,"26.9","97.6","2329","4","-11.4","17.5","18.1","1.5","13.1","89.6","2220","-3.4","-28.9","5","6.5","1.7","30.2","88.5","1850","15.6","-28.2","7","17.4","1.8","2.2","81.2","2474","-4.8","-47.3","-5.7","7.9","1.9","27.7","97.3","2242","13.4","-15","14.1","19.5","1.3",,,,,,,,,,,,,,,,,,,,,,,,,,,,,,,,,,,,,,,,,,,,,,,,,,,,,,,,,"54.5","97.5","2285","8.8","-13.2","15.8","18.8","1.4","15.3","88.4","2256","-3.6","-31.6","3.5","6.7","3.5","30.2","88.5","1850","15.6","-28.2","7","17.4","1.8"
"Harrison, Kyle",690986,2025,23,"8","23.2",100,91,21,11,5,1,4,25,9,25,9,".231",".440",".300","0.740","0.209",".274","12","12","0","0","71","1","1","0","0","0","4.56",,,"2","3","1","0","0","0","0","17","11","2","0","0","0","0","0","21","0","129","59","0","0","1","0","0","0","75","4","2","4","0","0","0","0","5","5","11","66","5","1","0","1","0","13","19","9","0","0","0","0","0","0","0","0","4","50","0","131","40","1","0","4","0","388","0","257","52","0","0","0","0","1",".264",".480",".319",".345",".330",".216",".394",".434",".318",".364","-0.033","-0.040","-0.026","71.4",19.7,14.9,10.4,36.4,25.4,"6.9",1,4.4,5.8,36.4,30.9,"92.8","14.7",43.9,7,10.6,10.6,24.2,22.7,25.8,6.1,48.5,"84.072444688","95.691423438",71.7,22.4,27.9,45.1,54.9,23,51,47.2,183,87.9,8.5,38,253,0,388,76.9,33,147,52.8,205,42.3,164,28.3,51,30.3,42.4,27.3,66,60.6,36.4,24,27.3,18,30.3,20,6.1,4,"L","388",27.1,"65.2","95.1","2294","14","-18.2","12.3","18.7","1.2",,,,,,,,,"9.8","87","2037","15.1","-34.9","1.2","15.2","1.3",,,,,,,,,,,,,,,,,,,,,,,,,,,,,,,,,,,,,,,,,,,,,,,,,"25","83.1","2157","-9.7","-42.9","-3","10.7","1.2",,,,,,,,,,,,,,,,,"65.2","95.1","2294","14","-18.2","12.3","18.7","1.2","25","83.1","2157","-9.7","-42.9","-3","10.7","1.2","9.8","87","2037","15.1","-34.9","1.2","15.2","1.3"
"Vodnik, Victor",680767,2025,25,"20","19.2",79,69,15,10,2,0,3,18,9,22.8,11.4,".217",".377",".304","0.681","0.160",".245","7","8","1","2","59","2","2","1","0","0","3.20",,,"0","1","0","0","0","0","0","20","15","0","0","0","0","1","0","16","0","137","50","0","1","0","0","0","2","62","4","9","20","4","0","0","0","3","5","7","52","8","1","0","0","0","9","23","4","0","0","0","0","0","0","0","1","0","33","1","149","26","1","0","1","0","351","1","202","34","13","7","0","0","1",".275",".506",".302",".376",".360",".231",".339",".451",".288",".374","-0.058","-0.129","-0.074","72.6",37.7,19.4,14.6,37.8,28.5,"7.1",3,6.7,3.5,40.8,32.3,"91.9","1.4",34.6,7,13.5,3.8,19.2,17.3,40.4,5.8,57.7,"79.842259615","97.258638654",66.9,17.4,20.7,48.6,51.4,18,37,51,179,88.9,5.1,88,203,60,351,82.6,20,115,49,172,41.9,147,25,43.3,32.7,44.2,23.1,52,55.7,53.8,28,23.1,12,23.1,12,0,0,"R","351",39.6,"57.5","98.3","2332","-5.8","-14.2","14","15.4","1.4","17.1","87.3","2368","4.5","-38.2","-2.6","5.6","1.4","25.1","91.6","1884","-14.3","-31.9","0.7","14.5","1.5",,,,,,,,,,,,,,,,,"0.3","91.3","2319","4.6","-31.6","0.5","4.6",,,,,,,,,,,,,,,,,,,,,,,,,,,,,,,,,,,,,,,,,,,,,,,,,,"57.8","98.3","2332","-5.8","-14.3","13.9","15.3","1.5","17.1","87.3","2368","4.5","-38.2","-2.6","5.6","1.4","25.1","91.6","1884","-14.3","-31.9","0.7","14.5","1.5"
"Criswell, Cooper",681867,2025,28,"5","9.0",46,42,14,11,1,0,2,4,3,8.7,6.5,".333",".500",".370","0.870","0.167",".324","6","9","1","0","27","1","0","0","0","0","6.00",,,"1","2","0","0","0","0","0","9","11","1","0","0","0","0","0","14","0","60","26","0","0","1","0","0","0","26","1","4","5","0","0","0","0","2","7","4","39","7","0","0","0","0","7","13","2","0","0","0","0","0","0","0","1","0","8","3","61","21","1","0","2","0","162","1","101","9","4","3","0","0","1",".260",".397",".375",".304",".307",".137",".389",".306",".359",".284",".073",".103",".071","72.1",25.4,15.8,14.3,28.1,25.4,"7.4",2,8.1,2.3,58.7,34.8,"86.1","9.6",28.2,1,2.6,7.7,20.5,28.2,33.3,5.1,35.9,"74.379846842","92.993383684",67.1,8.2,29.2,23.1,76.9,6,26,54.9,89,100,3.1,55,90,0,162,91.8,4,49,45.1,73,51.2,83,13.3,46.3,41,41,17.9,39,58.7,51.3,20,28.2,11,15.4,6,5.1,2,"R","162",9.7,,,,,,,,,,,,,,,,,"34","84.4","1484","-12.8","-43.9","-5.4","14.2","1.3",,,,,,,,,"26.5","89.5","2065","-15.1","-36","-1.6","15.4","1.3","29","87.1","2228","-1.1","-27.8","8.1","8.4","1.3",,,,,,,,,,,,,,,,,"10.5","76.7","2491","19","-42.5","4.6","19.7","1.3",,,,,,,,,,,,,,,,,,,,,,,,,"55.6","88.2","2150","-7.8","-31.7","3.5","11.7","1.7","10.5","76.7","2491","19","-42.5","4.6","19.7","1.3","34","84.4","1484","-12.8","-43.9","-5.4","14.2","1.3"
"Poche, Colin",621363,2025,31,"13","8.2",46,32,10,5,3,1,1,10,12,21.7,26.1,".313",".563",".478","1.041","0.250",".391","11","12","0","0","26","1","2","1","0","0","11.42",,,"3","1","0","0","0","0","0","10","13","2","1","0","0","0","0","16","0","93","43","0","0","0","0","0","0","32","2","0","13","1","0","0","0","3","1","6","24","8","0","0","0","0","5","3","1","0","0","0","0","0","0","0","2","0","13","1","99","18","0","0","1","0","215","2","116","14","12","8","0","0","0",".217",".396",".440",".369",".419",".179",".497",".360",".417",".303",".096",".167",".071","72",25,9.8,7.8,37.3,29.7,"7",1,8.5,2,59.4,30,"90.2","25.4",41.7,3,12.5,8.3,16.7,41.7,16.7,4.2,54.2,"80.832853333","94.713522917",57,15.8,13.9,43.8,50,7,16,53.5,115,66.7,7,0,154,61,215,84.2,9,57,46.5,100,42.8,92,21.9,34,29.2,45.8,25,24,47.8,16.7,4,33.3,8,37.5,9,12.5,3,"L","215",56.6,"71.6","92","2236","1.5","-12.4","20","20.2","1.4","28.4","82.7","2450","-6","-36.2","3.5","7.5","1.5",,,,,,,,,,,,,,,,,,,,,,,,,,,,,,,,,,,,,,,,,,,,,,,,,,,,,,,,,,,,,,,,,,,,,,,,,,,,,,,,,"71.6","92","2236","1.5","-12.4","20","20.2","1.4","28.4","82.7","2450","-6","-36.2","3.5","7.5","1.5",,,,,,,,
"McDaniels, Garrett",680729,2025,25,"10","10.2",50,41,13,9,2,0,2,6,8,12,16,".317",".512",".440","0.952","0.195",".333","7","8","0","0","32","0","0","2","0","0","5.91",,,"4","3","1","0","0","0","0","14","10","3","1","0","0","0","0","14","0","72","31","0","0","0","0","0","0","22","0","4","10","3","0","0","1","2","6","5","35","5","1","0","0","0","3","19","0","1","0","0","0","0","0","0","0","0","17","1","85","21","0","0","4","0","191","0","106","18","6","3","0","0","0",".289",".455",".419",".387",".417",".166",".419",".373",".371",".338",".028",".057",".032","71.5",27.1,24.1,18.6,40.7,31.4,"7.4",1,10.1,-2.1,45.7,32.9,"89","1.5",22.9,4,11.4,0,25.7,5.7,57.1,0,42.9,"76.641867222","94.898244571",62.8,13,20,52.4,47.6,11,21,55,105,80,7.9,0,83,108,191,87,7,54,45,86,42.4,81,24,39.3,51.4,22.9,25.7,35,56,71.4,25,14.3,5,14.3,5,0,0,"L","191",48,,,,,,,,,"52.4","85","2458","-1.1","-40.3","-2.4","3.2","1.4",,,,,,,,,"4.2","80","2488","-12.4","-54.1","-10.7","16.6","1.6","43.5","92.2","2262","12.5","-26.3","6.1","14.2","1.2",,,,,,,,,,,,,,,,,,,,,,,,,,,,,,,,,,,,,,,,,,,,,,,,,,,,,,,,,"43.5","92.2","2262","12.5","-26.3","6.1","14.2","1.2","56.5","84.7","2460","-2","-41.3","-3","4.2","1.9",,,,,,,,
"Montero, Keider",672456,2025,24,"11","56.0",240,217,58,39,7,1,11,39,20,16.3,8.3,".267",".461",".335","0.796","0.194",".281","25","26","0","0","168","3","1","2","0","0","4.02",,,"1","10","0","0","1","0","0","50","24","1","0","0","1","0","0","42","0","267","167","0","1","0","0","0","0","168","8","0","5","5","0","0","2","13","19","26","179","8","0","0","0","1","34","61","13","1","0","0","0","0","0","1","0","6","76","1","283","100","1","1","10","0","886","1","603","79","4","1","0","0","0",".252",".435",".348",".329",".322",".183",".382",".357",".326",".308",".015",".026",".019","71.7",21.7,13.4,11,32.7,26.8,"7.4",5,10.5,-2.7,48.7,32.3,"87.4","13.3",36.3,15,8.4,4.5,21.2,26.8,32.4,5,33,"76.111856897","93.399111149",65.2,12.7,28.8,42,58,47,112,43.9,389,74.7,8.5,110,450,325,886,87,41,324,56.1,497,43.3,384,20.2,49.2,45.8,34.6,19.6,179,67.9,44.7,80,26.8,48,21.8,39,6.7,12,"R","886",41,"29.8","93.8","2203","-5.1","-15.6","15.6","16.5","1.4","22.8","84.2","2702","10.1","-36.3","2.3","10.7","1.3","12.4","86.6","1929","-15.1","-29.9","6.7","16.7","1.3","13.9","78.6","2928","13.7","-55.5","-10.8","17.7","1.4","21","93.6","2193","-15","-21.1","10.3","18.3","1.2",,,,,,,,,,,,,,,,,,,,,,,,,"0.1","83.7","2841","28.6","-42.5","-2.8","28.7",,,,,,,,,,,,,,,,,,,,,,,,,,"50.8","93.7","2199","-9.2","-17.9","13.4","17.3","1.3","36.8","82.1","2788","11.5","-43.6","-2.7","13.4","3.2","12.4","86.6","1929","-15.1","-29.9","6.7","16.7","1.3"
"Zeferjahn, Ryan",666171,2025,27,"32","27.1",119,104,25,16,4,0,5,33,13,27.7,10.9,".240",".423",".336","0.759","0.183",".303","14","14","1","2","82","4","1","1","0","0","4.61",,,"2","8","2","0","0","0","0","18","13","2","0","0","0","0","0","25","0","169","81","0","0","0","0","0","1","90","3","1","32","3","0","0","2","8","6","11","71","7","14","0","0","0","12","23","5","1","0","0","0","0","0","0","0","0","63","0","182","44","0","0","10","0","495","0","313","65","6","2","0","0","0",".230",".422",".337",".329",".327",".192",".418",".404",".352",".337",".010",".001",".008","71.2",20.7,15.8,11.4,27.3,19.7,"7.3",6,9.6,-0.5,51.8,32.1,"90.4","11.9",39.4,6,8.5,9.9,19.7,28.2,32.4,1.4,45.1,"79.023884","95.197583429",69.3,21.6,20.6,59.6,38.3,28,47,46.1,228,78,8.3,0,286,105,495,77.3,40,185,53.9,267,40.8,202,29.3,46.9,40.8,32.4,26.8,71,63,40.8,29,28.2,20,22.5,16,8.5,6,"R","495",38.2,"26.7","97.4","2186","-5.5","-13","16","17.1","1.3","21.2","88.5","2443","5.9","-35.4","-0.6","6.2","1.9",,,,,,,,,,,,,,,,,,,,,,,,,"31.1","90.5","2394","4.6","-28.7","4.7","7","2",,,,,,,,,,,,,,,,,"21","83.1","2684","15.5","-38.7","1.3","15.8","1.5",,,,,,,,,,,,,,,,,,,,,,,,,"57.8","93.7","2298","-0.1","-21.4","10","11.7","4","42.2","85.8","2563","10.7","-37","0.4","11","3.3",,,,,,,,
"Kershaw, Clayton",477132,2025,37,"6","27.2",136,123,31,17,10,0,4,24,12,17.6,8.8,".252",".431",".316","0.747","0.179",".281","10","12","0","0","83","2","0","1","0","0","3.25",,,"0","4","0","0","0","0","0","21","12","0","0","0","1","0","0","28","0","150","79","0","0","0","0","0","0","62","3","0","0","4","0","0","0","2","9","15","85","8","0","0","0","0","18","27","5","0","0","0","0","0","0","0","1","6","38","2","166","42","0","0","4","0","438","1","272","43","0","0","0","0","0",".255",".413",".326",".323",".321",".158",".361",".356",".310",".317","-0.003",".018",".003","73",37.6,21.9,16.6,47.1,35.6,"7.7",4,14.1,-10,54.6,33.9,"93.2","14.9",31,6,6,13,25,25,30,1,52,"84.5714558","95.849518081",62.7,14.4,24.9,50.8,49.2,33,65,50.6,261,77.8,8.7,21,192,303,516,85.6,23,160,49.4,255,40.1,207,24.9,43.6,52,28,20,100,64.7,45,45,26,26,21,21,8,8,"L","516",54.9,"37","89","2307","0.1","-16.3","18.2","18.4","1.3","41.1","85.6","2486","-4.9","-29.5","7.8","9.6","1.3",,,,,,,,,"17.6","71.9","2245","-4.9","-68.9","-15.1","16.1","2.7","0.2","88.8","2270","8.8","-19.6","15.1","17.4",,,,,,,,,,"4.1","83.3","1590","9.1","-24.9","14.4","17.4","1.4",,,,,,,,,,,,,,,,,,,,,,,,,,,,,,,,,,,,,,,,,"37.2","89","2306","0.2","-16.3","18.2","18.4","1.3","58.7","81.5","2414","-4.9","-41.3","0.9","11.6","6.8","4.1","83.3","1590","9.1","-24.9","14.4","17.4","1.4"
"Agnos, Zach",688642,2025,24,"20","21.1",90,79,19,10,5,0,4,12,9,13.3,10,".241",".456",".315","0.771","0.215",".234","13","15","4","0","64","0","3","2","0","0","5.48",,,"0","2","0","1","0","0","0","16","10","0","0","0","0","0","0","19","0","131","33","0","2","0","0","0","0","48","6","10","20","3","0","0","0","4","4","11","69","3","3","0","0","0","16","25","4","0","0","0","0","0","0","1","1","0","40","2","137","36","2","0","3","0","338","2","201","44","5","1","0","0","1",".284",".527",".334",".379",".359",".243",".346",".405",".279",".337","-0.043","-0.071","-0.045","72.6",26.2,14.3,10.1,38.1,26.8,"7.4",5,12.2,-3.2,55,31.5,"89.2","13.8",29,7,10.1,7.2,17.4,23.2,30.4,8.7,40.6,"77.778852424","94.602445606",76.9,18.3,26.4,58.3,41.7,28,48,53.8,182,100,6.8,89,203,0,338,80.8,22,120,46.2,156,36.4,123,29.8,49.7,47.8,36.2,15.9,69,56.7,42,29,33.3,23,21.7,15,2.9,2,"R","338",40.2,"23.4","95.9","2375","-7.6","-14.8","14.8","16.8","1.2",,,,,,,,,,,,,,,,,,,,,,,,,,,,,,,,,"36.7","92.6","2314","0.9","-24.2","7.4","7.7","1.2","26.3","86.7","1425","-10.9","-33.9","2.1","11.3","1.1",,,,,,,,,"13.6","85.4","2689","10.4","-41.4","-4","11.4","1.5",,,,,,,,,,,,,,,,,,,,,,,,,"60.1","93.9","2338","-2.4","-20.6","10.3","11.2","2.1","13.6","85.4","2689","10.4","-41.4","-4","11.4","1.5","26.3","86.7","1425","-10.9","-33.9","2.1","11.3","1.1"
"Blalock, Bradley",687134,2025,24,"5","16.0",78,71,27,18,3,0,6,8,6,10.3,7.7,".380",".676",".423","1.099","0.296",".362","23","23","0","0","48","0","2","2","0","0","12.94",,,"3","4","1","0","0","0","0","8","17","2","1","0","0","0","0","15","0","98","41","0","0","1","0","0","0","58","1","2","2","1","0","0","0","6","9","12","64","8","0","0","0","0","13","17","3","1","0","0","0","0","0","0","1","3","22","0","112","48","1","0","5","0","299","1","187","23","0","0","0","0","0",".296",".553",".467",".379",".346",".257",".504",".397",".422",".328",".084",".123",".088","71.7",23.7,17.1,14.5,36,30.5,"7.2",5,8.1,1.1,52.7,32.5,"89.2","13.2",35.9,8,12.5,4.7,23.4,25,29.7,4.7,42.2,"78.18091","94.361936719",71.7,10.1,25.2,35.1,64.9,13,37,49.2,147,95.5,7.4,56,160,83,299,89.9,11,109,50.8,152,39.5,118,16.4,48.8,37.5,35.9,26.6,64,44.9,40.6,26,31.3,20,23.4,15,4.7,3,"R","299",60.1,"37.8","94.5","2054","-3.3","-14.2","16.2","16.6","1.5","12.4","85.7","2498","3.9","-39.8","-3","5.2","1.6",,,,,,,,,"15.4","81.6","2538","1.6","-50.4","-9.5","9.9","1.5",,,,,,,,,"15.7","89.8","2313","4","-28.7","4.9","6.8","1.7","18.7","87.6","1398","-8.7","-28.1","7.2","11.7","1.9",,,,,,,,,,,,,,,,,,,,,,,,,,,,,,,,,,,,,,,,,"53.5","93.1","2130","-1.1","-18.5","12.9","13.7","2.7","27.8","83.4","2520","2.6","-45.7","-6.6","7.8","2.4","18.7","87.6","1398","-8.7","-28.1","7.2","11.7","1.9"
"Gray, Sonny",543243,2025,35,"14","79.2",326,306,79,55,13,1,10,85,15,26.1,4.6,".258",".405",".296","0.701","0.147",".325","34","36","0","0","239","7","2","1","0","0","3.84",,,"2","24","1","0","1","1","0","53","34","1","1","0","8","0","0","52","0","366","218","2","4","1","0","0","0","213","8","0","0","6","0","0","2","14","23","42","222","13","0","0","0","0","39","63","20","0","0","0","0","1","0","0","1","14","127","2","407","124","5","2","25","0","1219","1","812","149","0","0","0","0","0",".270",".446",".307",".326",".309",".176",".395",".422",".356",".374","-0.012","-0.041","-0.019","72.5",28.8,15.3,11.8,32.7,25.1,"7.4",18,10.7,-2.3,53.7,33.6,"89.4","12.8",36,20,9,8.6,27,23.4,28.4,3.6,39.6,"78.020502072","94.525337477",65.2,14.1,31,54.4,45.6,99,182,48.2,587,82.4,7.5,87,660,215,1219,85.4,58,412,51.8,632,44.6,544,26.4,48.7,35.1,36.5,28.4,222,64.7,38.7,86,24.3,54,27.9,62,9,20,"R","1218",47.5,"19.7","91.8","2499","1.3","-21.5","10.9","11.2","0.9","1.1","84.8","2596","5.4","-38","0","6.2","1.5","7.1","86.6","1845","-13.8","-31.1","5.6","15.2","1.5","16.5","80.1","2592","13.1","-57.6","-14.2","19.5","1.2","21.4","92.2","2382","-10.2","-23.6","8.8","13.7","1.1","13.1","88.2","2642","4.8","-31.7","3.5","6.5","1.4",,,,,,,,,,,,,,,,,"21","84.9","2678","15.9","-42.3","-4.1","16.5","1.1",,,,,,,,,,,,,,,,,,,,,,,,,"54.2","91.1","2487","-2.4","-24.8","8.3","11","2.1","38.7","82.9","2639","14.4","-48.7","-8.3","17.5","2.9","7.1","86.6","1845","-13.8","-31.1","5.6","15.2","1.5"
"Gomber, Austin",596295,2025,31,"1","5.0",44,41,14,8,2,1,3,4,2,9.1,4.5,".341",".659",".372","1.031","0.318",".324","0","0","0","0","15","0","0","0","0","0","0.00",,,"0","1","0","0","0","0","0","3","0","0","0","0","0","0","0","1","0","19","11","0","0","0","0","0","0","19","2","0","0","0","0","0","0","1","0","1","13","0","0","0","0","0","5","3","2","0","0","0","0","0","0","0","0","1","10","0","21","2","0","0","1","0","76","0","55","10","0","0","0","0","0",".319",".662",".438",".425",".350",".343",".472",".457",".378",".353",".022","-0.003",".013","72.8",37.2,15.5,12.8,26.8,22.1,"7.6",2,12.8,-7.8,48.8,32.2,"84.9","22.7",42.1,6,15.8,5.3,23.7,34.2,10.5,10.5,36.8,"71.372786316","93.487961892",77.6,12.1,33.3,33.3,66.7,8,24,45.9,72,70,6.4,56,52,49,157,87.9,8,66,54.1,85,47.1,74,17.8,57.3,42.1,26.3,31.6,38,68.2,26.3,10,44.7,17,21.1,8,7.9,3,"L","157",52.3,"33.1","88","2129","5.7","-18.4","16.6","17.6","1.6","15.9","81","2264","-5","-36.8","4.4","6.8","1.5","17.8","79.8","1621","8.6","-31.3","11.3","14.3","1.4","15.3","74.3","2467","-7.5","-59.5","-10.2","12.7","1.7",,,,,,,,,,,,,,,,,"17.8","80.9","940","1.7","-39.4","2.4","4","1.5",,,,,,,,,,,,,,,,,,,,,,,,,,,,,,,,,,,,,,,,,"33.1","88","2129","5.7","-18.4","16.6","17.6","1.6","31.2","77.8","2363","-6.2","-47.9","-2.7","9.7","3","35.7","80.3","1281","5.2","-35.3","6.9","9.2","1.5"
"Cruz, Fernando",518585,2025,35,"28","29.1",120,103,19,11,5,0,3,47,14,39.2,11.7,".184",".320",".292","0.612","0.136",".296","11","13","2","1","88","1","3","3","0","0","3.38",,,"2","2","1","0","0","0","0","30","11","2","0","0","0","0","0","33","0","165","80","0","0","0","0","0","0","46","6","4","28","3","0","0","2","7","4","8","57","6","8","0","0","0","9","15","6","0","0","0","0","0","0","0","1","0","81","2","197","33","0","0","3","0","484","1","287","97","14","1","0","0","0",".188",".324",".279",".280",".295",".136",".392",".393",".333",".340","-0.004","-0.004","-0.001","71.4",19,18.5,10.8,35.9,20.9,"7.9",11,17.5,-19.9,46.2,31.7,"86.6","21.3",43.9,5,8.8,12.3,24.6,26.3,24.6,3.5,40.4,"74.400111034","93.555654561",61.9,28.2,30.5,77.8,22.2,70,90,61,295,62.5,6.6,280,162,42,484,70.9,33,117,39,189,35.5,172,49.8,42.8,43.9,40.4,15.8,57,54.2,33.3,19,29.8,17,24.6,14,12.3,7,"R","484",48.6,"17.6","93.7","2252","-6.4","-13.8","17.6","18.8","1","8.7","82.5","2629","7.8","-39.2","1.1","8.4","1.2",,,,,,,,,,,,,,,,,"15.9","92.8","2045","-14","-18","13.8","19.7","1.2",,,,,,,,,"57.9","80.5","815","-4.7","-41.2","1","6.5","1",,,,,,,,,,,,,,,,,,,,,,,,,,,,,,,,,,,,,,,,,"33.5","93.3","2154","-10","-15.8","15.8","19.3","1.1","8.7","82.5","2629","7.8","-39.2","1.1","8.4","1.2","57.9","80.5","815","-4.7","-41.2","1","6.5","1"
"Bird, Jake",656234,2025,29,"32","41.2",170,149,33,22,9,0,2,54,16,31.8,9.4,".221",".322",".300","0.622","0.101",".323","10","11","0","3","125","2","1","3","0","0","2.16",,,"1","20","1","0","0","0","0","48","18","1","0","0","0","0","0","50","0","201","161","0","2","1","0","0","0","111","4","3","32","2","0","0","2","8","9","16","98","9","10","0","1","0","14","36","7","1","0","0","0","0","0","0","3","0","81","1","214","48","3","0","21","0","672","3","458","82","27","8","0","0","0",".215",".314",".278",".279",".300",".099",".358",".359",".337",".336",".006",".008","-0.001","70.9",16.7,15.4,11.2,31.9,23.1,"7.5",10,12.2,-5.6,44.6,33.4,"89.2","10.3",32.7,5,5.1,4.1,27.6,26.5,34.7,2,42.9,"77.313863061","94.649602755",55.7,19.4,30.1,50.5,49.5,46,91,44.9,302,55.1,10.3,0,258,414,672,79.6,40,206,55.1,370,42.9,288,29,44.2,33.7,43.9,22.4,98,62.7,45.9,45,24.5,24,24.5,24,5.1,5,"R","672",18.2,"0.6","93.4","2221","-9.2","-21.7","9.4","13.4","1.4","40","84","2688","14","-32.7","5.9","15.4","1.4",,,,,,,,,"21.6","80.4","2899","16","-51.3","-8.8","18.3","1.3","35.1","94.2","2099","-11.3","-30.4","0.1","11.4","1.1","2.7","92.6","2451","-0.9","-22","9.6","9.9","1.5",,,,,,,,,,,,,,,,,,,,,,,,,,,,,,,,,,,,,,,,,,,,,,,,,"38.4","94","2126","-10.5","-29.7","0.9","11.4","1.2","61.6","82.7","2762","14.7","-39.2","0.8","16.5","2.3",,,,,,,,
"Pomeranz, Drew",519141,2025,36,"21","19.1",71,61,8,7,1,0,0,18,6,25.4,8.5,".131",".148",".239","0.387","0.017",".182","0","1","1","0","58","2","1","0","0","0","0.00",,,"4","8","0","0","0","0","0","23","1","3","1","0","0","0","0","13","0","86","49","0","1","0","0","0","1","56","1","6","19","2","0","0","3","2","2","4","44","1","4","0","1","0","11","12","6","0","0","0","0","0","0","0","1","2","23","1","94","9","1","0","8","0","269","1","175","23","8","0","0","0","0",".240",".429",".188",".337",".339",".189",".170",".408",".182",".343","-0.109","-0.281","-0.149","72",30.6,11.1,9,25.6,20.7,"7",1,7.1,3.5,56.8,32.5,"89.2","19.5",38.6,6,13.6,11.4,20.5,29.5,22.7,2.3,43.2,"78.687265455","93.875653636",67.3,14.9,21,36,60,9,25,44.2,119,86.4,8.2,0,212,57,269,84.2,15,101,55.8,150,40.5,109,19,46.8,45.5,31.8,22.7,44,68.6,31.8,14,29.5,13,25,11,13.6,6,"L","269",40.7,"78.8","92.8","2605","1.4","-13.8","18","18.2","1.1",,,,,,,,,,,,,,,,,"21.2","83.5","2300","-4.6","-51.5","-12","13.1","1.4",,,,,,,,,,,,,,,,,,,,,,,,,,,,,,,,,,,,,,,,,,,,,,,,,,,,,,,,,,,,,,,,,"78.8","92.8","2605","1.4","-13.8","18","18.2","1.1","21.2","83.5","2300","-4.6","-51.5","-12","13.1","1.4",,,,,,,,
"Coulombe, Danny",543056,2025,35,"24","19.0",74,70,12,10,2,0,0,22,4,29.7,5.4,".171",".200",".216","0.416","0.029",".250","1","1","2","0","57","1","0","1","0","0","0.47",,,"1","1","0","0","0","0","0","29","3","1","0","0","0","0","0","19","0","87","47","0","0","0","0","0","0","62","3","7","24","1","0","0","0","0","5","5","45","2","2","0","0","0","10","12","6","0","0","0","0","0","0","0","0","0","31","0","92","12","0","0","1","0","283","0","191","34","18","2","0","0","0",".205",".280",".192",".236",".248",".075",".238",".306",".250",".298","-0.034","-0.080","-0.044","73.1",36.1,11.7,9,25.2,19.5,"7.4",1,10.7,-4.6,60.2,31.8,"87.4","21.3",29.2,0,0,8.3,27.1,35.4,25,4.2,37.5,"77.18995875","92.916684681",63.6,20.2,40.9,31.7,68.3,20,63,53.8,154,88.9,6.3,0,213,12,286,79.8,17,84,46.2,132,46.9,134,25.2,51.4,43.8,33.3,22.9,48,60.8,41.7,20,20.8,10,22.9,11,14.6,7,"L","286",57.4,"18.9","90.1","2402","0.3","-18.2","15.4","15.5","1.2",,,,,,,,,,,,,,,,,"4.2","78.3","2769","-5.3","-64.6","-19.3","20.1","1.4","21.3","90.2","2309","10.8","-20.2","13.6","17.6","1.3","34.3","85.3","2605","-5.2","-33.7","3.8","7.2","1.1",,,,,,,,,,,,,,,,,"21.3","80.5","2606","-12.5","-47.4","-5","13.7","1.2",,,,,,,,,,,,,,,,,,,,,,,,,"74.5","87.9","2469","0.8","-25.9","9.5","12.3","2.7","25.5","80.1","2633","-11.3","-50.2","-7.3","14.7","1.4",,,,,,,,
"Garza, Justin",621057,2025,31,"4","4.2",28,27,8,5,2,0,1,3,1,10.7,3.6,".296",".481",".321","0.802","0.185",".304","0","0","0","0","14","0","0","1","0","0","0.00",,,"0","1","0","0","0","0","0","6","0","0","0","0","0","0","0","5","0","17","7","0","0","0","0","0","0","4","1","3","4","1","0","0","0","0","2","2","15","0","0","0","0","0","1","5","2","1","0","0","0","0","0","0","0","0","6","0","17","5","0","0","1","0","51","0","34","6","2","0","0","0","0",".328",".557",".348",".388",".352",".229",".377",".423",".333",".369","-0.032","-0.076","-0.040","72.9",41.7,26.7,22.2,46.7,38.9,"7.2",0,7.8,2.3,55.6,31,"90.2","17.5",29.2,2,8.3,0,37.5,29.2,25,0,45.8,"78.6320725","94.927435",68.2,10,28.6,33.3,66.7,4,12,48.8,42,100,8.1,3,75,8,86,86.7,3,30,51.2,44,47.7,41,16.7,48.8,58.3,25,16.7,24,53.6,37.5,9,20.8,5,29.2,7,12.5,3,"R","86",46.2,"37.2","96.1","2319","-7.8","-13.8","16","17.9","1.2","9.3","81.8","2523","6.8","-51.6","-10.7","12.7","1.6",,,,,,,,,,,,,,,,,,,,,,,,,"50","89.6","2364","4.1","-29.2","4.9","6.9","1.3","3.5","83.9","864","-5.6","-41.7","-2.5","7.5","1.5",,,,,,,,,,,,,,,,,,,,,,,,,,,,,,,,,,,,,,,,,"87.2","92.3","2345","-1","-22.6","9.6","11.6","3","9.3","81.8","2523","6.8","-51.6","-10.7","12.7","1.6","3.5","83.9","864","-5.6","-41.7","-2.5","7.5","1.5"
"Clarke, Taylor",664199,2025,32,"14","16.1",61,59,10,7,1,0,2,10,2,16.4,3.3,".169",".288",".197","0.485","0.119",".170","6","6","1","1","49","1","1","2","0","0","3.31",,,"2","8","0","0","0","0","0","13","8","1","1","0","0","0","0","14","0","87","40","0","0","0","0","0","0","52","2","6","14","1","0","0","0","3","3","4","49","5","1","0","0","1","12","16","7","0","0","0","1","0","0","0","0","0","19","0","93","17","0","0","8","1","259","0","166","22","10","5","0","0","1",".272",".533",".213",".350",".296",".261",".237",".407",".204",".327","-0.103","-0.245","-0.137","71.9",23.2,14.1,11.6,32.6,26.8,"7.4",2,12,-3.7,59.8,31.5,"89.4","14.6",36.7,5,10.2,10.2,16.3,28.6,34.7,0,38.8,"78.2052104","94.723602449",69.6,11.7,25.8,43.8,56.3,14,32,47.9,124,91.7,9.3,54,99,105,259,88.3,11,94,52.1,135,42.1,109,19.8,48.6,42.9,36.7,20.4,49,60.7,38.8,19,30.6,15,22.4,11,8.2,4,"R","259",44,"29.3","94.9","2310","-7.3","-13.5","17","18.6","1.1","40.5","87.3","2323","4.6","-32.9","2.7","5.7","1.3","20.8","89.3","1610","-14.5","-32.4","1.8","14.9","1.1",,,,,,,,,"8.9","94.6","2285","-14.4","-20.2","10.3","17.9","1.2",,,,,,,,,,,,,,,,,,,,,,,,,"0.4","84.7","2303","4.8","-37","0.6","4.8",,,,,,,,,,,,,,,,,,,,,,,,,,"38.2","94.8","2304","-9","-15.1","15.4","18.4","1","40.9","87.3","2323","4.6","-33","2.7","5.7","1.3","20.8","89.3","1610","-14.5","-32.4","1.8","14.9","1.1"
"Jobe, Jackson",695549,2025,22,"10","49.0",218,185,46,29,9,1,7,39,27,17.9,12.4,".249",".422",".347","0.769","0.173",".277","23","24","0","0","147","4","1","1","0","0","4.22",,,"5","16","1","0","0","0","0","45","24","5","0","0","2","0","0","48","0","322","148","0","1","0","0","0","0","138","8","0","0","3","0","0","2","10","21","15","150","10","0","0","0","0","30","45","17","0","1","0","0","0","0","2","2","10","85","1","344","78","1","0","17","1","877","4","533","87","0","0","0","0","0",".250",".451",".340",".347",".348",".201",".360",".370",".311",".313","-0.001","-0.029","-0.007","71.6",23.9,15.1,11.5,39.4,30,"7.4",6,11.8,-5.6,60.3,31.6,"89.1","13.1",36,13,8.7,7.3,22,23.3,30.7,8,43.3,"77.682526351","94.535962568",63.9,17,26.1,41.3,58.7,50,121,52.9,464,73.7,6.5,148,388,339,877,82.2,45,264,47.1,413,42.5,373,24.7,43.9,46,29.3,24.7,150,66.1,44,66,28,42,21.3,32,6.7,10,"R","877",43.2,"31.1","96.5","2384","-7.5","-11.8","17.8","19.4","1.3","30.6","88.9","2729","6","-32.8","1.6","6.8","1.6","16.9","85.3","1829","-16.2","-30.9","6.9","17.8","1.5","8.1","81.5","2925","10.7","-51.9","-10.4","15.2","1.7","13.1","95.2","2410","-16.3","-20.5","9.8","19.1","1.5",,,,,,,,,,,,,,,,,,,,,,,,,"0.2","83.8","2882","13.4","-44.2","-5","14.3","1.4",,,,,,,,,,,,,,,,,,,,,,,,,"44.2","96.1","2392","-10.1","-14.4","15.4","19.3","1.5","38.9","87.3","2771","7","-36.8","-1","8.6","3.6","16.9","85.3","1829","-16.2","-30.9","6.9","17.8","1.5"
"Mantiply, Joe",573009,2025,34,"10","9.2",58,54,26,17,4,0,5,8,3,13.8,5.2,".481",".833",".517","1.350","0.352",".512","17","17","0","1","29","0","1","0","0","0","15.83",,,"1","3","1","0","1","0","0","14","18","1","0","0","0","0","0","20","0","58","40","0","1","0","0","0","0","26","0","4","10","0","0","0","1","7","8","11","46","10","0","0","1","0","6","13","1","0","0","0","0","0","0","0","0","0","19","0","61","45","1","1","4","0","192","0","131","19","2","1","0","0","0",".301",".543",".573",".376",".349",".242",".664",".419",".565",".353",".180",".290",".197","71.4",24.4,18.2,14.6,40.9,32.9,"7.6",1,12.5,-6.8,54.9,32.5,"89.4","6.3",39.1,5,10.9,10.9,15.2,21.7,34.8,6.5,34.8,"79.06594","93.998794091",58.4,13.6,35.2,34.4,65.6,11,32,47.4,91,50,8.3,51,72,69,192,86.4,8,59,52.6,101,41.7,80,20.9,47.4,54.3,28.3,17.4,46,71.9,45.7,21,28.3,13,26.1,12,0,0,"L","192",15.8,"2.1","88.2","2154","13.5","-25.4","9.9","16.8","1.4",,,,,,,,,"26.6","80.7","1578","15.8","-45.6","-3.3","16.3","1.4","35.9","78.7","2489","-9.4","-47.7","-3.4","10.2","1.3","35.4","88.4","2219","19","-33.1","2.1","19.2","1.4",,,,,,,,,,,,,,,,,,,,,,,,,,,,,,,,,,,,,,,,,,,,,,,,,,,,,,,,,"37.5","88.4","2215","18.7","-32.7","2.5","19","1.4","35.9","78.7","2489","-9.4","-47.7","-3.4","10.2","1.3","26.6","80.7","1578","15.8","-45.6","-3.3","16.3","1.4"
"Scott, Tayler",605463,2025,33,"20","20.2",100,81,23,13,8,1,1,18,15,18,15,".284",".444",".398","0.842","0.160",".349","15","16","0","1","62","1","2","0","0","0","6.53",,,"11","7","1","0","0","0","0","22","14","10","1","0","0","0","0","34","0","156","66","0","0","0","0","0","0","54","6","1","20","0","0","0","1","3","12","8","66","11","3","0","0","0","12","19","7","0","0","0","0","0","0","2","1","0","42","1","166","36","0","0","8","0","403","3","237","43","10","3","0","0","0",".253",".423",".372",".358",".379",".170",".396",".374",".359",".331",".031",".021",".014","71.1",19.9,18.4,13.5,35,25.5,"7.3",6,9.1,-1.7,49.6,30.7,"86.4","8.2",34.8,4,6.1,9.1,19.7,19.7,34.8,10.6,37.9,"73.345510938","93.946272857",60.2,20.2,27.9,43.5,56.5,27,62,55.1,222,76.2,5.2,113,213,77,403,78,22,109,44.9,181,45.4,183,28.7,42.4,34.8,37.9,27.3,66,59,47,31,22.7,15,24.2,16,6.1,4,"R","403",13.2,"50.6","92","2095","-15.1","-22","10.7","18.6","1.1","19.1","83.5","2834","11.4","-40","-0.3","11.9","2",,,,,,,,,,,,,,,,,"2.2","91.5","2185","-18.9","-29.1","3.9","19.3","1.5",,,,,,,,,"28","84.1","1413","-8.1","-43.5","-4.7","9.6","1.4",,,,,,,,,,,,,,,,,,,,,,,,,,,,,,,,,,,,,,,,,"52.9","92","2099","-15.3","-22.3","10.4","18.6","1.1","19.1","83.5","2834","11.4","-40","-0.3","11.9","2","28","84.1","1413","-8.1","-43.5","-4.7","9.6","1.4"
"Bergert, Ryan",686701,2025,25,"8","24.0",93,83,14,10,2,0,2,19,9,20.4,9.7,".169",".265",".258","0.523","0.096",".194","5","5","0","0","72","1","0","1","0","0","1.88",,,"1","2","0","0","0","0","0","13","5","1","0","0","0","0","0","10","0","139","54","0","0","0","0","0","0","74","11","2","4","2","0","0","1","3","3","8","64","2","0","0","0","0","23","18","6","0","0","0","0","0","0","0","0","4","28","0","150","22","0","0","2","0","381","0","231","28","0","0","0","0","0",".238",".428",".242",".327",".320",".190",".243",".366",".219",".308","-0.069","-0.163","-0.085","71.9",19.8,10.1,8,30.2,24.1,"7.4",3,10.8,-1.9,59.9,31.4,"88.2","18.9",40.6,5,7.8,6.3,25,32.8,25,3.1,32.8,"78.495065","92.980736719",69.3,18.6,20.7,35.1,64.9,13,37,47,179,83.8,9.7,18,214,91,381,81.4,26,140,53,202,43.3,165,22,46.5,45.3,29.7,25,64,57,32.8,21,40.6,26,21.9,14,4.7,3,"R","381",50.6,"50.4","93.7","2412","-7.1","-12.9","18.4","19.8","1.3","23.9","87.5","2603","4.3","-32","3.5","5.9","1.4","4.7","87.8","1652","-13.7","-24.6","11","17.9","1.4",,,,,,,,,"5.8","93.1","2319","-14","-17.5","14.2","19.9","1.4",,,,,,,,,,,,,,,,,,,,,,,,,"15.2","84","2740","12.5","-38.2","0.7","12.8","1.4",,,,,,,,,,,,,,,,,,,,,,,,,"56.2","93.7","2403","-7.8","-13.3","18","19.8","1.3","39.1","86.2","2657","7.5","-34.4","2.4","8.6","2.2","4.7","87.8","1652","-13.7","-24.6","11","17.9","1.4"
"Sale, Chris",519242,2025,36,"15","89.1",370,334,78,57,10,4,7,114,26,30.8,7,".234",".350",".302","0.652","0.116",".332","25","27","0","0","268","5","4","2","0","0","2.52",,,"16","21","0","0","1","0","0","67","25","11","5","0","8","0","0","71","0","465","260","0","6","0","0","0","0","288","25","0","0","2","0","1","7","14","26","37","223","13","0","0","0","2","53","64","14","1","0","0","0","0","0","2","1","15","181","2","487","117","6","1","21","0","1486","3","999","197","0","0","0","0","0",".216",".337",".292",".277",".285",".121",".381",".357",".353",".326",".018",".013",".015","70.5",18.8,8.6,6.3,27.2,20,"7.4",27,9.2,-2.3,40.8,32.5,"86.5","12.6",34.1,17,7.6,1.8,25.1,31.4,29.1,4.9,31.8,"74.71138982","93.227296425",63.9,18.5,34.4,54.1,45.1,133,246,48.1,715,67.8,8.1,87,681,718,1486,81.1,91,493,51.9,771,45,668,30.3,49.7,32.7,39.9,27.4,223,66.2,40.4,90,30.5,68,22.9,51,6.3,14,"L","1486",8.2,"42.2","94.9","2250","14.9","-21.5","9.1","17.6","2.1","48.3","79.2","2328","-10.1","-46.6","-2.8","10.9","2.6","5.9","86.4","1793","15.8","-37.6","-0.8","15.9","1.8",,,,,,,,,"3.6","93.9","2088","17.9","-29.9","1.2","18","1.8",,,,,,,,,,,,,,,,,,,,,,,,,,,,,,,,,,,,,,,,,,,,,,,,,,,,,,,,,"45.8","94.8","2237","15.1","-22.1","8.5","17.6","2.1","48.3","79.2","2328","-10.1","-46.6","-2.8","10.9","2.6","5.9","86.4","1793","15.8","-37.6","-0.8","15.9","1.8"
"Brieske, Beau",689225,2025,27,"22","22.0",103,88,24,15,4,0,5,16,12,15.5,11.7,".273",".489",".353","0.842","0.216",".275","16","20","1","1","66","1","3","2","0","0","6.55",,,"3","3","0","0","0","0","0","15","20","3","0","0","0","2","0","24","0","158","53","0","0","0","0","0","1","66","2","9","21","0","0","1","0","6","9","9","75","9","5","0","1","0","18","21","3","0","0","0","0","0","0","1","2","1","33","4","173","43","0","0","3","0","405","3","232","36","5","2","0","0","1",".222",".381",".360",".314",".326",".158",".389",".325",".324",".287",".051",".108",".046","71.7",19.9,14.3,11.4,35.3,28.3,"7.3",3,11.2,-1.5,57.8,32.4,"89.4","15.6",26.7,6,8,8,20,32,26.7,4,50.7,"78.116545135","94.960522297",71.9,16.5,20.9,34.8,65.2,16,46,54.3,220,93.5,7.7,100,264,41,405,83.5,22,133,45.7,185,42,170,21.2,44.2,36,37.3,26.7,75,53.9,40,30,32,24,18.7,14,9.3,7,"R","405",49.1,"49.1","95.7","2514","-4.6","-11.7","18.3","18.9","1.2","10.1","88","2485","3.4","-32.9","2.3","4.6","1.4","24.7","89.8","2133","-14","-27.7","6.2","15.5","1.4",,,,,,,,,"16","95.7","2501","-12.9","-14.4","15.7","20.4","1.4",,,,,,,,,,,,,,,,,,,,,,,,,,,,,,,,,,,,,,,,,,,,,,,,,,,,,,,,,"65.2","95.7","2511","-6.6","-12.3","17.6","19.3","1.2","10.1","88","2485","3.4","-32.9","2.3","4.6","1.4","24.7","89.8","2133","-14","-27.7","6.2","15.5","1.4"
"King, Michael",650633,2025,30,"10","55.2",225,205,40,25,9,0,6,64,17,28.4,7.6,".195",".327",".262","0.589","0.132",".250","16","19","0","0","167","4","2","2","0","1","2.59",,,"0","6","0","0","2","0","0","35","17","0","0","0","2","0","0","35","0","348","159","0","1","0","0","1","0","152","9","0","0","3","0","2","2","6","17","17","142","9","0","0","0","0","34","39","10","0","0","0","0","0","0","0","1","10","103","3","357","67","1","1","6","0","923","1","566","104","0","0","0","0","2",".208",".371",".264",".284",".275",".163",".324",".356",".282",".301","-0.013","-0.044","-0.020","71.4",20.6,13.3,9.7,28.9,21.2,"7.5",8,13.1,-6.1,49.9,32.6,"88","17",32.4,16,11.3,5.6,21.8,31,23.2,7,39.4,"75.670460141","94.364316312",63.3,20.5,26.1,44.4,55.6,55,124,51.6,476,69.4,7.8,200,489,60,923,79.5,58,283,48.4,447,43.6,402,27.8,44.1,40.8,33.8,25.4,142,60.9,39.4,56,28.9,41,19.7,28,12,17,"R","923",27.1,"25","93.7","2373","-7.1","-14.6","17","18.6","1.2","6.5","83.8","2497","4.5","-40.2","-0.9","5.2","1.5","21.7","86.8","2021","-19.7","-32.1","4.6","20.3","1.2",,,,,,,,,"28","92.5","2304","-19","-28","4.6","19.7","1.3",,,,,,,,,,,,,,,,,,,,,,,,,"18.9","82.3","2782","15","-37.7","3.2","15.6","1.7",,,,,,,,,,,,,,,,,,,,,,,,,"53","93.1","2337","-13.4","-21.6","10.5","19.2","1.4","25.4","82.6","2709","12.3","-38.4","2.2","12.9","1.8","21.7","86.8","2021","-19.7","-32.1","4.6","20.3","1.2"
"Peralta, Luis",678821,2025,24,"9","8.1",44,34,10,7,2,0,1,5,8,11.4,18.2,".294",".441",".432","0.873","0.147",".310","7","9","0","0","25","1","1","1","1","0","7.56",,,"4","5","1","0","0","0","0","11","7","3","1","0","0","0","0","14","0","71","23","0","1","0","0","0","0","38","3","1","9","1","0","0","1","1","3","6","30","4","1","0","0","0","9","5","4","0","0","0","0","0","0","0","1","0","15","2","83","15","1","0","6","0","192","1","109","15","5","1","0","0","0",".302",".473",".389",".415",".450",".171",".361",".399",".333",".357","-0.008","-0.032","-0.026","70.7",13.2,13.2,10.3,37.7,29.4,"7.1",1,7.9,2.8,47.1,32.3,"93","20",43.3,2,6.7,10,30,36.7,13.3,0,43.3,"84.872724","95.357100345",71.4,18.2,27,25.8,74.2,8,31,59.9,115,76.9,6.8,9,137,46,192,81.8,10,55,40.1,77,44.8,86,20.9,44.8,33.3,33.3,33.3,30,63.6,26.7,8,36.7,11,33.3,10,3.3,1,"L","192",30.3,"71.4","94.3","2255","13","-16.1","14.7","19.7","1",,,,,,,,,"4.7","86.7","1733","12.3","-25","11.2","16.8","1.4","24","80.8","2178","-10","-44.6","-2.8","10.7","1.3",,,,,,,,,,,,,,,,,,,,,,,,,,,,,,,,,,,,,,,,,,,,,,,,,,,,,,,,,,,,,,,,,"71.4","94.3","2255","13","-16.1","14.7","19.7","1","24","80.8","2178","-10","-44.6","-2.8","10.7","1.3","4.7","86.7","1733","12.3","-25","11.2","16.8","1.4"
"Monteverde, Patrick",687287,2025,27,"1","3.2",20,19,9,7,2,0,0,4,1,20,5,".474",".579",".500","1.079","0.105",".600","4","4","0","0","11","0","0","0","0","0","9.82",,,"1","1","0","0","0","0","0","7","4","1","0","0","0","0","0","9","0","29","11","0","0","0","0","0","0","23","1","0","1","1","0","0","0","1","4","4","15","4","0","0","0","0","3","1","1","0","0","0","0","0","0","0","0","0","6","0","31","11","0","0","1","0","87","0","56","6","1","0","0","0","0",".303",".414",".472",".328",".338",".112",".583",".391",".600",".383",".171",".165",".144","74.6",48.8,8.3,7.3,16.7,14.6,"7.5",1,10.9,-2.4,53.7,34.6,"88.6","22.8",33.3,1,6.7,6.7,26.7,40,20,0,26.7,"80.59916","92.500766",73.9,2.9,26.8,54.5,45.5,6,11,47.1,41,87.5,9.2,9,63,15,87,97.1,1,34,52.9,46,48.3,42,15.6,51.7,46.7,20,33.3,15,55,33.3,5,26.7,4,33.3,5,6.7,1,"L","87",41.5,"14.9","90.3","2129","4.6","-18.9","14.7","15.5","1.3","3.4","80.9","2490","-10.9","-40.1","1.8","11.5","1.5","10.3","82.7","1578","15.5","-34.9","5.2","16.6","1.4","13.8","76.7","2532","-11.5","-58.2","-11.2","16.2","1.5","12.6","89.8","1985","14","-21.9","12.2","18.6","1.3","44.8","86.4","2256","-5.1","-28.1","8.4","10.2","1.2",,,,,,,,,,,,,,,,,,,,,,,,,,,,,,,,,,,,,,,,,,,,,,,,,"72.4","87.8","2182","0.2","-25.1","10.4","12.7","1.9","17.2","77.5","2524","-11.4","-54.6","-8.6","15.2","1.8","10.3","82.7","1578","15.5","-34.9","5.2","16.6","1.4"
"Lawrence, Justin",664875,2025,30,"11","11.1",44,36,5,2,3,0,0,15,6,34.1,13.6,".139",".222",".295","0.517","0.083",".238","1","1","0","1","34","1","0","1","0","0","0.79",,,"1","1","0","0","0","0","0","11","2","0","1","0","0","0","0","13","0","70","32","0","1","1","0","0","0","21","0","3","11","2","0","0","2","2","1","2","21","2","3","0","1","0","2","10","2","0","0","0","0","0","0","0","0","0","23","0","73","8","2","0","1","0","172","0","99","25","2","1","0","0","0",".171",".331",".244",".292",".321",".160",".265",".363",".238",".293","-0.032","-0.109","-0.048","71.8",28.6,15.2,10.2,27.3,18.4,"7.6",4,11.2,-8.1,34.7,34.5,"86","9.6",33.3,4,19,0,9.5,19,52.4,0,23.8,"76.548829091","92.053301429",54.2,17.9,28,64.3,35.7,18,28,58.1,100,50,5.8,0,81,0,172,82.1,7,39,41.9,72,34.3,59,37.3,39,38.1,47.6,14.3,21,51.2,52.4,11,19,4,19,4,9.5,2,"R","172",-1.9,"8.7","95","2465","-14.2","-21.4","9.1","17.1","1.3",,,,,,,,,,,,,,,,,,,,,,,,,"38.4","95","2357","-16.8","-31.8","-1.3","17.1","1.2",,,,,,,,,,,,,,,,,,,,,,,,,"52.9","83.2","2963","16","-35.3","4.4","16.9","1.3",,,,,,,,,,,,,,,,,,,,,,,,,"47.1","95","2377","-16.3","-29.9","0.6","17.1","1.2","52.9","83.2","2963","16","-35.3","4.4","16.9","1.3",,,,,,,,
"Morton, Charlie",450203,2025,41,"17","67.0",308,264,75,53,10,2,10,74,32,24,10.4,".284",".451",".367","0.818","0.167",".353","42","44","0","0","201","4","7","1","1","0","5.64",,,"6","34","0","0","2","0","0","63","36","6","0","0","3","0","0","80","0","416","205","1","0","0","0","0","0","198","20","1","6","6","0","1","5","14","24","37","196","15","0","0","0","0","33","61","13","1","3","0","0","0","0","2","4","11","123","2","448","119","0","2","34","3","1200","6","752","133","3","0","0","0","3",".254",".412",".359",".331",".343",".158",".431",".388",".387",".348",".030",".039",".028","72",24,15.4,11.5,34.3,25.7,"7.4",17,10.4,-1.9,52.9,33.2,"90.9","10.8",30.6,16,8.2,4.6,29.1,24.5,31.1,2,41.8,"81.066366804","94.766204508",66.1,17.8,26.5,51.5,48.5,85,165,51.8,622,71.4,7,122,624,454,1200,82.2,68,382,48.2,578,41.3,496,28,45.6,44.4,33.7,21.9,196,57.5,43.4,85,25.5,50,26.5,52,4.6,9,"R","1200",21.4,"30.3","94","2332","-11.6","-18.3","12.8","17.4","1.3",,,,,,,,,"10.2","87.5","1854","-14","-39.3","-3.3","14.9","1.3","37.8","81.4","3143","15.8","-50.8","-9.2","18.5","1.2","13.6","93.9","2237","-17.9","-27","4.3","18.5","1.3","8.2","88.4","2497","0.9","-28.8","6.1","6.5","1.4",,,,,,,,,,,,,,,,,,,,,,,,,,,,,,,,,,,,,,,,,,,,,,,,,"52","93.1","2333","-11.3","-22.2","9.5","16","2.6","37.8","81.4","3143","15.8","-50.8","-9.2","18.5","1.2","10.2","87.5","1854","-14","-39.3","-3.3","14.9","1.3"
"McCaughan, Darren",670766,2025,29,"3","5.1",23,22,5,4,1,0,0,6,1,26.1,4.3,".227",".273",".261","0.534","0.046",".313","1","1","0","0","16","0","0","0","0","0","1.69",,,"0","0","0","0","0","0","0","5","1","0","0","0","0","0","0","3","0","24","18","0","0","0","0","0","0","15","1","1","3","0","0","0","0","2","1","2","16","1","1","0","0","0","5","2","2","0","0","0","0","0","0","0","0","0","10","0","24","6","0","0","0","0","86","0","62","11","1","0","0","0","1",".232",".323",".240",".259",".266",".091",".301",".329",".313",".320","-0.005","-0.050","-0.019","69.5",15,17.2,12.5,34.5,25,"7.4",1,10.5,-7.6,60,32.8,"87.1","27.2",37.5,1,6.3,12.5,25,37.5,12.5,6.3,43.8,"74.02145375","94.079369375",58.5,22.6,39.4,38.5,53.8,5,13,38.4,33,77.8,10.5,10,40,0,86,77.4,7,31,61.6,53,58.1,50,27.3,51.2,31.3,18.8,50,16,78.3,18.8,3,50,8,25,4,6.3,1,"R","86",29.7,"23.3","88.9","2343","-5.4","-20.5","14.2","15.4","1.5",,,,,,,,,"11.6","80.8","1295","-14.4","-36.8","5.2","15.5","1.4",,,,,,,,,"23.3","90.1","2207","-16.3","-26.7","7.2","17.9","1.4",,,,,,,,,,,,,,,,,,,,,,,,,"41.9","82.2","2668","11.3","-36.4","4.4","12.6","1.5",,,,,,,,,,,,,,,,,,,,,,,,,"46.5","89.5","2275","-10.9","-23.6","10.7","16.7","1.5","41.9","82.2","2668","11.3","-36.4","4.4","12.6","1.5","11.6","80.8","1295","-14.4","-36.8","5.2","15.5","1.4"
"Mize, Casey",663554,2025,28,"12","67.0",280,259,65,47,8,1,9,59,18,21.1,6.4,".251",".394",".297","0.691","0.143",".290","22","24","0","0","201","7","2","1","0","0","2.96",,,"5","14","0","0","0","0","0","49","24","5","0","0","4","0","0","53","0","333","178","0","2","0","0","0","0","172","14","0","0","4","0","0","0","12","29","24","203","11","0","0","0","1","46","57","19","0","0","0","0","0","0","1","2","12","112","2","349","102","2","0","14","0","1031","3","682","113","0","0","0","0","3",".234",".400",".303",".295",".282",".167",".357",".345",".322",".300",".017","-0.006",".008","71.9",24.1,15.4,11.5,37.2,27.8,"7.3",6,10.4,-0.5,54.1,32.3,"89.8","14",35,18,8.9,5.4,21.2,29.6,31.5,3,40.4,"79.601727921","94.296556832",68,20.5,27.5,38.8,61.2,52,134,47.2,487,73.8,8.1,263,466,135,1031,79.2,76,370,52.8,544,44,454,25.4,48.9,32.5,41.4,26.1,203,68.6,42.4,86,29.6,60,21.2,43,6.9,14,"R","1031",45.2,"33.4","94.4","2207","-8.1","-13.8","17","19","1.5","13.1","87.3","2191","2.5","-31.9","3.9","5","1.5",,,,,,,,,,,,,,,,,"11.8","94.7","2137","-14.8","-17.7","12.8","19.7","1.4",,,,,,,,,"25.5","88.7","1425","-14.6","-31.1","3.8","15.3","1.3",,,,,,,,,"0.1","83.5","2112","12.1","-34.4","5.2","13.2",,"16.1","83.3","2190","6","-40.3","-1","6.7","1.4",,,,,,,,,,,,,,,,,"45.2","94.5","2189","-9.8","-14.8","15.9","19.1","1.5","29.3","85.1","2190","4.4","-36.6","1.2","6","2.6","25.5","88.7","1425","-14.6","-31.1","3.8","15.3","1.3"
"May, Dustin",669160,2025,27,"13","72.2",315,276,67,45,10,4,8,67,30,21.3,9.5,".243",".395",".331","0.726","0.152",".292","36","40","0","0","218","4","4","1","0","0","4.46",,,"12","19","1","0","0","0","0","59","34","13","0","0","6","0","0","76","0","419","215","0","2","0","0","0","0","185","10","0","0","7","0","2","7","14","24","29","211","16","0","0","2","1","35","79","17","0","0","0","0","0","0","1","1","13","94","4","431","109","2","0","20","0","1150","2","719","96","0","0","0","0","2",".264",".429",".321",".342",".352",".165",".360",".392",".319",".350","-0.021","-0.034","-0.021","71.9",25.1,16,12.8,34.6,27.6,"7.1",6,8,1,48.2,34.3,"90.1","11.4",31.8,16,7.6,6.2,28.9,21.3,32.2,3.3,42.7,"78.722040577","94.983250769",62.6,13.8,24.8,40.1,59.2,57,142,49.8,573,73.4,8.2,0,683,0,1150,86.2,50,362,50.2,578,40.6,467,21.2,43.8,37.4,35.5,27,211,54.9,48.8,103,23.2,49,22.7,48,5.2,11,"R","1150",18,"14.1","95.1","2350","-10.7","-17.9","12.3","16.4","1.2",,,,,,,,,,,,,,,,,,,,,,,,,"40.2","94.4","2424","-18.5","-26.2","4.6","19.1","1.1","5.1","92.4","2506","-1.5","-25.2","6.7","7.2","1.5",,,,,,,,,,,,,,,,,"40.6","85.2","3187","16.8","-39.9","-1.8","17","1",,,,,,,,,,,,,,,,,,,,,,,,,"59.4","94.4","2414","-15.2","-24.1","6.6","17.5","1.4","40.6","85.2","3187","16.8","-39.9","-1.8","17","1",,,,,,,,
"Burrows, Mike",681347,2025,25,"5","23.1",123,111,31,20,4,1,6,29,8,23.6,6.5,".279",".495",".333","0.828","0.216",".321","11","12","0","0","70","1","1","1","0","0","4.24",,,"2","6","1","0","0","0","0","17","9","2","0","0","0","0","0","18","0","125","58","0","1","0","0","0","0","60","7","0","0","3","0","0","1","5","6","13","67","3","0","0","0","0","7","21","7","0","0","0","0","0","0","0","2","5","43","1","134","42","1","0","7","0","372","2","238","45","0","0","0","0","1",".272",".469",".357",".342",".327",".197",".439",".417",".369",".360",".007",".026",".015","71.7",22.9,19.6,14.4,34.5,25.4,"7.5",3,14,-8.9,48.8,30,"88.7","16.1",38.1,9,10.7,6,25,27.4,26.2,4.8,45.2,"75.92090119","94.840233929",69.5,20.7,24.6,47.3,52.7,26,55,48.7,224,76.7,6.5,127,190,143,460,78.7,34,164,51.3,236,41.7,192,27.4,47.6,42.9,32.1,25,84,56.1,34.5,29,22.6,19,33.3,28,9.5,8,"R","460",51.8,"41.3","94.8","2290","-4.9","-13.3","17.2","18","1.1","18.9","84.9","2530","3.4","-37.6","0.1","4.5","1.6","27.6","86.4","1504","-13.2","-27.4","9.2","16.2","1.2","12.2","77.8","2876","7.7","-63.5","-17.6","19.3","1.3",,,,,,,,,,,,,,,,,,,,,,,,,,,,,,,,,,,,,,,,,,,,,,,,,,,,,,,,,,,,,,,,,"41.3","94.8","2290","-4.9","-13.3","17.2","18","1.1","31.1","82.1","2665","5.1","-47.8","-6.8","10.3","3.7","27.6","86.4","1504","-13.2","-27.4","9.2","16.2","1.2"
"Wicks, Jordan",696136,2025,25,"2","2.0",12,11,6,6,0,0,0,2,0,16.7,0,".545",".545",".545","1.090","0.000",".667","3","5","0","0","6","0","1","0","0","0","13.50",,,"0","1","0","0","0","0","0","4","1","0","0","0","0","0","0","8","0","8","4","0","0","0","1","0","0","6","3","1","2","0","0","0","0","0","4","2","10","4","0","0","0","0","0","2","1","0","0","0","0","0","0","1","0","0","1","2","11","6","1","0","1","0","36","1","25","2","0","0","0","0","0",".400",".447",".485",".369",".400",".047",".592",".452",".667",".489",".145",".098",".116","71.8",0,18.2,14.3,54.5,42.9,"7.2",0,7.5,0.8,42.9,30.8,"88.9","5.6",40,0,0,0,50,10,20,20,40,"78.851232","95.008283333",78.9,20,35.3,33.3,66.7,2,6,47.2,17,100,8.3,4,20,0,36,80,3,15,52.8,19,44.4,16,23.8,58.3,50,40,10,10,75,60,6,0,0,30,3,10,1,"L","36",50.4,"36.1","94.1","2353","2.5","-15","15.8","16.1","1.3",,,,,,,,,"11.1","82.1","1407","12.7","-37.1","3.6","13.3","1.5",,,,,,,,,"19.4","93.1","2233","13.9","-21.9","9.5","17","1.4",,,,,,,,,,,,,,,,,,,,,,,,,"33.3","82.6","2814","-13.3","-41.4","-1.3","13.6","1.5",,,,,,,,,,,,,,,,,,,,,,,,,"55.6","93.8","2311","6.5","-17.4","13.6","16.4","1.3","33.3","82.6","2814","-13.3","-41.4","-1.3","13.6","1.5","11.1","82.1","1407","12.7","-37.1","3.6","13.3","1.5"
"Fernandez, Ryan",681676,2025,27,"11","8.2",45,40,15,8,3,2,2,7,5,15.6,11.1,".375",".700",".444","1.144","0.325",".419","11","13","0","1","26","0","2","0","0","0","11.42",,,"0","2","0","0","0","0","0","7","13","0","0","0","0","2","0","14","0","48","21","0","0","0","0","0","0","29","1","4","11","1","0","0","0","4","6","5","33","6","2","0","1","0","5","9","1","0","0","0","0","0","0","0","0","0","14","2","55","28","0","0","2","0","158","0","103","18","2","2","0","0","0",".307",".564",".478",".397",".384",".257",".553",".446",".455",".373",".068",".136",".081","71.3",22.9,21.4,17.1,37.5,30,"7.4",3,11.2,-2.6,50,31.9,"92.8","9.7",27.3,5,15.2,9.1,21.2,21.2,30.3,3,57.6,"83.297868824","96.744837273",73.3,10.9,32.5,48.1,51.9,13,27,52.5,83,100,4.4,1,86,71,158,87.3,6,55,47.5,75,40.5,64,23.2,51.9,36.4,33.3,30.3,33,56.8,45.5,15,27.3,9,18.2,6,9.1,3,"R","158",55.9,"44.9","95.8","2115","-7.9","-13.2","16.9","18.8","1.1","44.9","85.9","2646","2.5","-38.6","-1.5","3.5","1.4","0.6","89.7","1258","-18","-28.3","6.3","19.1",,,,,,,,,,,,,,,,,,"9.5","91.4","2296","1.3","-23","9.8","10.2","1.3",,,,,,,,,,,,,,,,,,,,,,,,,,,,,,,,,,,,,,,,,,,,,,,,,"54.4","95","2147","-6.3","-14.9","15.6","17.3","1.9","44.9","85.9","2646","2.5","-38.6","-1.5","3.5","1.4","0.6","89.7","1258","-18","-28.3","6.3","19.1",
"Seabold, Connor",657756,2025,29,"3","6.2",29,25,7,7,0,0,0,5,3,17.2,10.3,".280",".280",".345","0.625","0.000",".333","1","1","0","0","20","0","0","0","0","0","1.35",,,"0","0","0","0","0","0","0","9","3","0","0","0","0","0","0","6","0","35","16","0","0","0","0","0","1","22","2","3","3","1","0","0","0","0","2","5","21","2","0","0","0","0","8","3","1","0","0","0","0","0","0","0","1","0","8","0","35","7","0","0","0","0","104","1","69","8","2","2","0","0","0",".246",".457",".286",".334",".320",".211",".296",".362",".333",".299",".034","-0.177","-0.048","72.3",28,17.5,14,30,24,"6.8",0,5.9,5.5,54,29.9,"91.3","22.3",38.1,3,14.3,9.5,19,33.3,23.8,0,42.9,"82.364874545","94.731082381",78.3,21.3,13.6,0,100,0,6,42.3,44,100,11.5,23,58,20,104,78.7,10,47,57.7,60,29.8,31,18.9,51,42.9,28.6,28.6,21,58.6,23.8,5,42.9,9,28.6,6,4.8,1,"R","104",20.1,"55.8","92.1","2196","-14.1","-18.6","13.8","19.8","1.3","19.2","86","2391","0.6","-27.8","9","9.2","1.4","22.1","80.6","2340","-15.3","-46.2","-4","16","1.5",,,,,,,,,,,,,,,,,,,,,,,,,,,,,,,,,,,,,,,,,"2.9","79.8","2552","9.8","-40.7","2.6","10.2","1.5",,,,,,,,,,,,,,,,,,,,,,,,,"55.8","92.1","2196","-14.1","-18.6","13.8","19.8","1.3","22.1","85.2","2412","1.8","-29.5","8.1","9.3","2","22.1","80.6","2340","-15.3","-46.2","-4","16","1.5"
"Finnegan, Kyle",640448,2025,33,"27","27.1",113,102,26,17,4,3,2,22,8,19.5,7.1,".255",".412",".310","0.722","0.157",".300","9","11","18","5","82","0","2","4","0","0","2.96",,,"3","4","0","0","0","0","0","27","16","3","0","0","0","0","0","37","0","136","76","0","3","0","0","0","0","80","5","22","27","2","0","0","1","4","10","12","82","8","0","0","0","0","13","27","8","0","0","0","0","0","0","0","2","0","35","2","150","42","3","0","4","0","432","2","282","38","9","6","0","0","1",".267",".415",".313",".329",".326",".148",".355",".377",".317",".340","-0.012","-0.003","-0.016","72",25.8,13.5,10.8,36.5,29,"7.2",2,8.9,-0.4,51.6,30.8,"90.3","12.1",32.9,8,9.8,6.1,24.4,24.4,34.1,1.2,40.2,"79.976626341","94.59493716",65.8,16.9,24.3,34.8,63,16,46,43.8,189,84.6,9,136,283,13,432,83.1,27,160,56.3,243,42.8,185,20.9,47.7,34.1,31.7,34.1,82,63.7,45.1,37,23.2,19,24.4,20,7.3,6,"R","432",48.9,"65.5","96.1","2221","-10.6","-12.6","17.1","20.2","1","3","84.7","2184","2.2","-38.4","-0.4","2.9","1.4",,,,,,,,,,,,,,,,,,,,,,,,,,,,,,,,,"31.5","87.1","1079","-10.1","-32.2","3.9","11.3","1.2",,,,,,,,,,,,,,,,,,,,,,,,,,,,,,,,,,,,,,,,,"65.5","96.1","2221","-10.6","-12.6","17.1","20.2","1","3","84.7","2184","2.2","-38.4","-0.4","2.9","1.4","31.5","87.1","1079","-10.1","-32.2","3.9","11.3","1.2"
"Strahm, Matt",621381,2025,33,"33","30.1",128,115,30,19,7,1,3,35,8,27.3,6.3,".261",".417",".299","0.716","0.156",".333","13","15","4","4","91","1","3","2","0","0","3.86",,,"1","5","0","0","0","0","0","24","15","1","0","0","0","0","0","34","0","145","75","0","0","0","0","0","0","132","3","8","33","2","0","1","0","4","10","16","85","8","9","0","0","0","17","13","8","0","0","0","0","0","0","1","4","0","57","2","152","48","0","0","5","0","509","5","357","60","5","2","0","0","0",".242",".397",".308",".293",".284",".155",".400",".377",".357",".334",".019",".020",".015","71.6",26.8,12.7,10.2,24.9,20,"7.3",5,9.6,-2.6,51.5,30.9,"90.3","27.3",35.3,5,5.9,11.8,24.7,34.1,15.3,8.2,44.7,"79.855563171","94.83966321",69.3,15.5,38.4,37.5,62.5,33,88,45,229,73.8,8.3,6,371,132,509,83.5,30,194,55,280,43.4,221,22.3,55.4,43.5,31.8,24.7,85,70.3,27.1,23,29.4,25,28.2,24,15.3,13,"L","509",30.3,"39.1","92.1","2499","13.9","-15.9","16.6","21.8","1.2","25.9","82.5","2663","-6.8","-36","4.6","9.2","1.5","1.2","83.1","1531","9.3","-40.8","-1","9.8","1.5",,,,,,,,,"17.3","92.4","2446","17.4","-20.9","11.4","20.9","1.2","16.5","87.7","2525","2.8","-25","10.4","11.1","1.3",,,,,,,,,,,,,,,,,,,,,,,,,,,,,,,,,,,,,,,,,,,,,,,,,"72.9","91.1","2492","12.2","-19.2","14","19.1","2.4","25.9","82.5","2663","-6.8","-36","4.6","9.2","1.5","1.2","83.1","1531","9.3","-40.8","-1","9.8","1.5"
"Chapman, Aroldis",547973,2025,37,"34","31.0",121,111,16,12,2,0,2,45,9,37.2,7.4,".144",".216",".207","0.423","0.072",".215","5","6","13","1","93","3","2","1","0","0","1.45",,,"4","6","0","0","0","0","0","27","6","3","1","0","0","2","0","28","0","128","57","0","0","0","0","0","1","88","7","19","34","2","0","0","0","2","7","7","66","4","2","0","0","1","14","17","9","0","0","0","0","0","0","0","1","0","88","1","135","24","0","0","6","0","450","1","315","91","5","0","0","0","2",".182",".301",".195",".243",".244",".119",".259",".347",".239",".306","-0.038","-0.085","-0.048","71.8",23,11.6,7.2,25.4,15.8,"7.2",7,7.9,1.8,52.3,30,"90","17.9",38.8,5,7.5,14.9,17.9,26.9,29.9,3,44.8,"79.436192727","94.507911364",75.9,32.8,34.3,53.5,45.1,38,71,44.6,207,89.5,8.2,44,354,66,464,65.1,64,195,55.4,257,42.9,199,38.3,57.3,35.8,34.3,29.9,67,72.7,35.8,24,26.9,18,23.9,16,13.4,9,"L","464",52.3,"45","98.6","2453","3.7","-9.5","18.7","19.2","1.6","14.2","87","2288","-9","-30.4","5.9","11.8","1.6",,,,,,,,,,,,,,,,,"31.3","100","2443","11.2","-10.4","17.1","20.5","1.7",,,,,,,,,"9.5","91.6","1336","4.5","-27.3","5.3","7.6","1.9",,,,,,,,,,,,,,,,,,,,,,,,,,,,,,,,,,,,,,,,,"76.3","99.2","2449","6.7","-9.9","18.1","19.8","1.8","14.2","87","2288","-9","-30.4","5.9","11.8","1.6","9.5","91.6","1336","4.5","-27.3","5.3","7.6","1.9"
"Dunning, Dane",641540,2025,30,"1","3.0",14,12,4,3,0,0,1,3,2,21.4,14.3,".333",".583",".429","1.012","0.250",".375","2","2","1","0","9","0","0","1","0","0","6.00",,,"0","0","0","0","0","0","0","4","2","0","0","0","0","0","0","3","0","21","6","0","0","0","0","0","0","10","1","1","1","1","0","0","0","1","1","2","9","0","0","0","0","0","2","3","0","0","0","0","0","0","0","0","0","0","5","0","21","7","0","0","0","0","52","0","31","5","0","0","0","0","0",".247",".406",".438",".340",".354",".159",".527",".375",".444",".329",".086",".177",".098","72.5",26.1,5.9,4.3,17.6,13,"7.1",0,9.7,-1.9,60.9,31,"74.2","4.7",44.4,1,11.1,0,22.2,22.2,22.2,22.2,22.2,"61.240682","90.488552222",76,31.6,22.2,0,100,0,6,51.9,27,50,3.8,4,40,8,52,68.4,6,19,48.1,25,46.2,24,24,48.1,55.6,11.1,33.3,9,42.9,44.4,4,33.3,3,22.2,2,0,0,"R","52",33.8,,,,,,,,,"7.7","81.6","2367","1.7","-41.9","-0.6","2.3","1.4","7.7","85.3","1806","-18","-33.5","4.4","18.6","1.4","7.7","76.6","2305","12.1","-63.6","-16","20","1.4","36.5","89.6","2091","-14.1","-29.2","5.1","15.1","1.3","40.4","88.2","2246","0.2","-24.3","10.9","11.2","1.3",,,,,,,,,,,,,,,,,,,,,,,,,,,,,,,,,,,,,,,,,,,,,,,,,"76.9","88.8","2172","-6.6","-26.6","8.1","13","1.3","15.4","79.1","2336","6.9","-52.8","-8.3","11.2","1.8","7.7","85.3","1806","-18","-33.5","4.4","18.6","1.4"
"Beeks, Jalen",656222,2025,31,"34","34.1",143,130,26,15,8,0,3,33,11,23.1,7.7,".200",".331",".266","0.597","0.131",".242","12","14","1","1","103","2","0","0","0","0","3.15",,,"4","9","0","0","0","0","0","35","18","4","0","0","0","0","0","46","0","175","56","0","0","0","0","0","0","108","5","5","34","2","0","1","1","4","11","11","97","10","9","0","1","0","14","44","5","0","0","0","0","0","0","0","1","0","76","2","205","43","0","0","9","0","554","1","349","81","15","5","0","0","1",".231",".362",".263",".288",".296",".131",".303",".339",".265",".309","-0.031","-0.031","-0.025","72.8",30.6,11.1,7.8,25.8,18.3,"7.2",4,9.5,-1,49.6,32,"87.3","7.6",26.5,8,8.2,4.1,22.4,20.4,35.7,9.2,37.8,"73.994646042","94.39808625",76.5,21.2,30.8,51.1,48.9,46,90,51.3,292,80,7,236,333,0,569,77.8,45,212,48.7,277,38.3,218,30.1,53.1,38.8,39.8,21.4,98,66.9,56.1,55,19.4,19,17.3,17,7.1,7,"L","569",48.2,"45.7","94.7","2165","6.1","-14.4","16.2","17.4","1.2",,,,,,,,,"41.5","89","2125","16.4","-25.2","9.6","19.1","1.2",,,,,,,,,,,,,,,,,"12.8","84","2339","-2.6","-38.5","0.2","3.8","1.5",,,,,,,,,,,,,,,,,,,,,,,,,,,,,,,,,,,,,,,,,,,,,,,,,"58.5","92.4","2203","4.2","-19.7","12.7","14.4","4.9",,,,,,,,,"41.5","89","2125","16.4","-25.2","9.6","19.1","1.2"
"Wentz, Joey",666214,2025,27,"21","28.0",137,119,32,21,7,1,3,23,16,16.8,11.7,".269",".420",".358","0.778","0.151",".309","14","16","0","1","84","2","1","0","0","0","4.50",,,"8","5","0","0","1","0","0","27","28","6","2","0","0","0","0","48","0","162","65","0","1","0","0","0","0","103","4","7","21","2","0","0","1","3","11","13","89","14","0","0","2","0","16","25","12","0","0","0","0","0","0","0","1","0","50","2","191","43","1","1","5","0","506","1","315","53","18","15","0","0","3",".272",".449",".339",".352",".364",".178",".364",".383",".330",".338","-0.003","-0.029","-0.013","71.5",22.2,18,14.5,34.4,27.8,"7.4",3,10.4,-2.9,47.4,31.8,"92.3","16.7",33,9,9.3,9.3,26.8,25.8,26.8,2.1,47.4,"83.2597525","95.299395474",71.5,13.6,28.4,42.5,56.3,34,80,51.4,282,85.7,8.9,4,445,100,549,86.4,26,191,48.6,267,42.1,231,22.1,49.4,44.3,29.9,25.8,97,55.6,39.2,38,24.7,24,27.8,27,8.2,8,"L","549",49.4,"47.7","93.9","2334","5.8","-13.7","17.4","18.4","1.2",,,,,,,,,"0.7","86.2","1927","13","-25.3","11.5","17.4","1.5","18.2","79.8","2534","-6.6","-49.4","-6.3","9.4","1.8",,,,,,,,,"33.3","86.8","2465","-2.2","-30.2","6.2","7.3","1.6",,,,,,,,,,,,,,,,,,,,,,,,,,,,,,,,,,,,,,,,,,,,,,,,,"81.1","91","2388","2.5","-20.5","12.8","13.9","4","18.2","79.8","2534","-6.6","-49.4","-6.3","9.4","1.8","0.7","86.2","1927","13","-25.3","11.5","17.4","1.5"
"Ragans, Cole",666142,2025,27,"10","48.2",209,188,47,28,13,1,5,76,16,36.4,7.7,".250",".410",".313","0.723","0.160",".385","28","29","0","0","146","2","3","3","0","0","5.18",,,"3","7","0","0","0","0","0","35","23","3","0","0","2","0","0","45","0","285","148","0","1","0","0","0","0","166","12","0","0","0","0","0","2","9","11","27","115","13","0","0","0","1","18","32","5","0","0","0","0","0","0","1","2","10","116","1","302","77","1","0","7","0","873","3","571","126","0","0","0","0","0",".201",".334",".317",".266",".269",".132",".468",".376",".412",".333",".049",".076",".051","71.3",19,11.9,8.3,28.5,19.8,"7.4",14,9.7,-2.6,49.6,30.9,"88.4","15.9",34.8,10,8.7,6.1,23.5,30.4,24.3,7,39.1,"76.672493158","94.244518246",66.1,25.3,29.4,51.2,48,63,123,48,419,77.5,8.1,172,460,241,873,74,76,300,52,454,41.4,361,32.9,48.5,46.1,27.8,26.1,115,60.8,37.4,43,25.2,29,27.8,32,9.6,11,"L","873",38.5,"48.6","95.3","2561","13.7","-13.4","16.9","21.8","1.7","13.9","84.7","2625","-1.6","-40.4","-2.5","3.9","1.5","19.7","84.4","2068","16.2","-27.2","11.3","19.9","1.3","13.7","80.2","2443","-11.5","-55.8","-12.9","17.4","1.6",,,,,,,,,"4.1","90","2543","-0.1","-25","8.5","8.8","1.5",,,,,,,,,,,,,,,,,,,,,,,,,,,,,,,,,,,,,,,,,,,,,,,,,"52.7","94.8","2559","12.6","-14.3","16.3","20.8","2.3","27.6","82.4","2534","-6.5","-48.1","-7.7","10.6","2.8","19.7","84.4","2068","16.2","-27.2","11.3","19.9","1.3"
"Webb, Logan",657277,2025,28,"16","101.1",408,382,93,68,17,2,6,114,20,27.9,4.9,".243",".346",".281","0.627","0.103",".328","28","32","0","0","304","7","5","2","0","0","2.49",,,"3","19","0","0","1","0","0","79","31","3","0","0","12","0","0","88","0","496","315","1","2","0","1","0","0","252","9","0","0","10","0","0","1","10","31","52","272","25","0","0","0","0","29","119","17","0","0","0","0","0","0","1","3","16","160","4","519","132","3","1","19","0","1546","4","1027","176","0","0","0","0","3",".244",".346",".276",".276",".282",".102",".360",".360",".343",".345","-0.001",".000",".000","71.4",23.1,15.7,12,36.3,27.8,"7.1",19,7.6,3.6,46.4,33.3,"89.2","5.5",33.5,13,4.8,4.8,28.7,16.9,41.5,2.9,37.5,"78.282657111","94.249680074",62.1,13.8,30.2,50.6,49.4,119,235,50.3,778,70.4,7.4,292,815,0,1546,85.5,66,477,49.7,768,42.6,659,26,46.1,34.2,39.7,26.1,272,72.3,55.1,150,15.1,41,25.7,70,4,11,"R","1546",22.8,"7.1","93.2","2132","-9.3","-20.4","11.1","14.5","1.1",,,,,,,,,"18.9","86.7","1503","-8.9","-42.2","-5.9","11","1.2",,,,,,,,,"36.3","92.8","1971","-16.3","-31.4","0.6","16.5","1.1","9.3","91.1","2197","-2.4","-25.4","7.6","8.3","1.2",,,,,,,,,,,,,,,,,"28.4","84.8","2523","14.9","-38.9","-0.7","15.2","1.3",,,,,,,,,,,,,,,,,,,,,,,,,"52.7","92.5","2033","-12.9","-28.9","3.2","14.8","1.3","28.4","84.8","2523","14.9","-38.9","-0.7","15.2","1.3","18.9","86.7","1503","-8.9","-42.2","-5.9","11","1.2"
"Aldegheri, Sam",691951,2025,23,"1","2.1",10,7,1,1,0,0,0,2,1,20,10,".143",".143",".300","0.443","0.000",".167","0","2","0","1","7","0","0","0","0","0","0.00",,,"0","0","0","0","0","0","0","1","1","0","0","0","0","0","0","1","0","18","7","0","0","0","0","0","0","12","0","0","1","1","0","0","1","1","0","0","6","0","0","0","0","0","1","2","1","0","0","0","0","0","0","0","1","0","4","2","20","1","0","0","0","0","49","1","29","4","0","0","0","0","1",".223",".284",".231",".297",".359",".061",".148",".259",".167",".265","-0.080","-0.141","-0.066","71.8",26.3,12.5,10.5,31.3,26.3,"7.4",0,12.3,-5.1,57.9,30.9,"92.3","20.9",16.7,0,0,0,33.3,50,16.7,0,50,"84.847276667","95.229046667",70,28.6,27.6,0,100,0,8,59.2,29,66.7,6.1,12,23,14,49,71.4,4,14,40.8,20,40.8,20,18.2,44.9,33.3,33.3,33.3,6,40,33.3,2,50,3,16.7,1,0,0,"L","49",42.4,"46.9","91.4","2439","2.2","-17.2","15.4","15.6","1.4","8.2","82.9","2317","-4.8","-43.1","-3.5","6.1","1.4","24.5","83.2","1761","14.4","-31.7","7.8","16.8","1.5","20.4","74.7","2220","-11.9","-62.4","-12.9","17.6","1.5",,,,,,,,,,,,,,,,,,,,,,,,,,,,,,,,,,,,,,,,,,,,,,,,,,,,,,,,,,,,,,,,,"46.9","91.4","2439","2.2","-17.2","15.4","15.6","1.4","28.6","77","2248","-9.9","-56.9","-10.2","14.3","2.3","24.5","83.2","1761","14.4","-31.7","7.8","16.8","1.5"
"Krook, Matt",640454,2025,30,"3","3.1",15,13,5,3,2,0,0,3,1,20,6.7,".385",".538",".429","0.967","0.153",".500","2","2","0","0","10","0","0","1","0","0","5.40",,,"2","0","1","0","0","0","0","4","2","1","1","0","0","0","0","6","0","23","12","0","0","0","0","0","0","15","0","0","3","1","0","0","0","0","2","3","11","2","0","0","0","0","2","2","1","0","0","0","0","0","0","1","0","0","7","0","26","7","0","0","1","0","71","1","45","7","3","1","0","0","0",".258",".459",".421",".331",".311",".201",".520",".395",".500",".336",".127",".079",".090","70.1",9.7,16.7,12.9,37.5,29,"7.3",0,13.4,-7,61.3,34.5,"91.3","21.6",36.4,1,9.1,18.2,27.3,18.2,18.2,9.1,36.4,"82.495772","94.693791",66.7,16.7,25.7,33.3,66.7,3,9,49.3,35,80,7,11,41,0,71,83.3,4,24,50.7,36,42.3,30,21.2,46.5,45.5,18.2,36.4,11,60,36.4,4,18.2,2,36.4,4,9.1,1,"L","71",27.6,,,,,,,,,,,,,,,,,"15.5","84.9","1650","16.2","-41","-2.8","16.6","1.4",,,,,,,,,"33.8","89.6","2127","16.8","-32","2.4","17.3","1.4","23.9","87.4","2541","-0.1","-30","5.7","6","1.4",,,,,,,,,,,,,,,,,"26.8","82.5","2875","-16.6","-40.4","0.3","16.7","1.5",,,,,,,,,,,,,,,,,,,,,,,,,"57.7","88.7","2298","9.8","-31.2","3.8","12.6","1.6","26.8","82.5","2875","-16.6","-40.4","0.3","16.7","1.5","15.5","84.9","1650","16.2","-41","-2.8","16.6","1.4"
"Englert, Mason",669438,2025,25,"13","22.1",97,90,27,23,2,0,2,22,4,22.7,4.1,".300",".389",".333","0.722","0.089",".373","12","13","0","0","67","0","0","0","0","0","4.84",,,"0","4","0","0","0","0","0","17","11","0","0","0","0","0","0","15","0","120","55","1","0","0","0","0","0","66","2","4","13","3","0","0","1","4","10","13","69","6","0","0","0","0","11","22","4","0","0","0","0","0","0","0","1","0","43","1","128","35","0","0","4","0","367","1","239","46","0","0","0","0","0",".312",".475",".319",".354",".346",".163",".393",".442",".391",".408","-0.012","-0.086","-0.035","72.7",29.4,17.8,12.9,37.3,27,"7.6",3,12.3,-4.2,57.7,32.3,"93.2","12.3",37.7,6,8.7,10.1,34.8,18.8,24.6,2.9,53.6,"83.056035294","96.574528971",71.8,17.7,29,48.1,51.9,26,54,50.7,186,73.9,6.3,116,219,24,367,82.3,23,130,49.3,181,43.9,161,26.6,50.1,47.8,39.1,13,69,70.1,46.4,32,21.7,15,26.1,18,5.8,4,"R","367",40.1,"17.7","93.8","2303","-7.9","-14","17.2","19.1","1.1","0.5","86","2325","1.4","-35.5","1","1.7","1.5","31.6","87.6","2108","-12.5","-35.1","0.6","12.6","1.2","6","77.5","2771","12","-58.9","-13.1","18","1.5","19.1","92.9","2227","-14.7","-24.3","7.3","16.5","1.1","22.9","88.1","2316","2.7","-30.9","4.3","5.6","1.3",,,,,,,,,,,,,,,,,"0.8","80.9","2366","13.8","-42.8","-1.1","13.9","1.5","1.4","81.4","2319","6.3","-42.9","-1.9","6.9","1.5",,,,,,,,,,,,,,,,,"59.7","91.3","2284","-6","-23.8","9.1","13.1","2.9","8.7","78.9","2634","10.6","-53.4","-9.3","14.8","2.3","31.6","87.6","2108","-12.5","-35.1","0.6","12.6","1.2"
"Fisher, Braydon",680755,2025,24,"16","17.0",70,67,12,10,0,0,2,27,3,38.6,4.3,".179",".269",".214","0.483","0.090",".263","5","5","0","0","51","1","0","0","0","0","2.65",,,"1","1","0","0","0","0","0","15","7","1","0","0","0","0","0","9","0","68","58","0","0","0","0","0","0","46","3","5","15","2","0","0","0","4","3","5","38","4","1","0","0","0","7","12","3","0","0","0","0","0","0","0","0","1","34","0","76","18","0","0","1","0","256","0","180","35","7","2","0","0","1",".206",".310",".216",".241",".240",".104",".326",".369",".300",".346","-0.027","-0.041","-0.025","71.2",17.1,11.8,8.1,30.3,20.7,"7.7",4,14.1,-7.4,61.3,30.2,"87.1","16.6",30,2,5,2.5,30,32.5,25,5,35,"75.492543","93.34311975",58,17.2,34.4,62.8,37.2,27,43,45.5,125,65.2,8.4,0,64,211,275,82.8,15,87,54.5,150,45.8,126,32.3,47.3,32.5,42.5,25,40,67.1,37.5,15,30,12,20,8,12.5,5,"R","275",48.2,"18.9","95.5","2287","-5.6","-12.5","17.8","18.7","1.3","42.5","88.1","2270","2","-32.6","2.6","3.7","1.1",,,,,,,,,"34.2","83.5","2457","4.8","-53.4","-14","15","1.1",,,,,,,,,"4.4","92.7","2169","2.4","-20.9","10.8","11.2","1.3",,,,,,,,,,,,,,,,,,,,,,,,,,,,,,,,,,,,,,,,,,,,,,,,,"23.3","95","2265","-4.1","-14","16.5","17.3","1.6","76.7","86","2354","3.2","-41.9","-4.8","8.7","2.6",,,,,,,,
"Ort, Kaleb",672391,2025,33,"21","20.1",82,70,15,8,5,0,2,19,10,23.2,12.2,".214",".371",".309","0.680","0.157",".260","11","11","0","0","61","1","1","2","0","0","4.87",,,"4","1","0","0","0","0","0","18","7","3","1","0","0","1","0","23","0","129","41","1","0","1","0","0","0","59","3","9","21","4","0","1","0","5","4","6","52","4","1","0","0","0","11","15","6","0","0","0","0","0","0","0","1","0","42","0","132","26","1","0","1","0","331","1","199","44","10","2","0","0","0",".215",".401",".303",".310",".310",".186",".338",".350",".288",".290","-0.001","-0.030","-0.007","71.1",21.6,14.7,10.4,31.6,22.4,"7.3",3,10.5,-1.6,53.7,29.6,"89.5","18.1",32.7,5,9.6,5.8,15.4,34.6,32.7,1.9,38.5,"78.394726923","94.5197725",72.2,26.3,25.4,38.6,61.4,17,44,52.3,173,85.7,6.3,25,257,0,331,73.7,30,114,47.7,158,44.7,148,29.7,47.7,34.6,34.6,30.8,52,52.4,36.5,19,32.7,17,23.1,12,7.7,4,"R","331",37.9,"57.1","96.2","2433","-8.6","-11.9","18.1","20.2","1.3",,,,,,,,,"7.6","89.6","1981","-15.8","-28.2","6.3","17.1","1.4",,,,,,,,,,,,,,,,,"20.5","90.3","2301","1.7","-23.4","10.3","10.7","1.6",,,,,,,,,,,,,,,,,"14.8","83","2529","13.3","-42.6","-2.3","13.8","1.6",,,,,,,,,,,,,,,,,,,,,,,,,"77.6","94.6","2398","-5.9","-14.9","16","17.7","3.1","14.8","83","2529","13.3","-42.6","-2.3","13.8","1.6","7.6","89.6","1981","-15.8","-28.2","6.3","17.1","1.4"
"Verlander, Justin",434378,2025,42,"11","56.2",247,223,59,34,16,0,9,47,22,19,8.9,".265",".457",".332","0.789","0.192",".298","28","31","0","0","170","0","4","0","0","0","4.45",,,"2","18","2","0","0","0","0","41","30","2","0","0","4","0","0","42","0","295","149","0","5","0","0","0","0","164","13","0","0","4","0","2","1","15","18","26","177","15","0","0","0","0","38","49","16","0","0","0","0","0","0","0","1","11","103","3","327","102","5","0","20","0","942","1","615","109","0","0","0","0","4",".278",".492",".345",".359",".344",".214",".391",".411",".333",".350","-0.013","-0.035","-0.014","71.5",21.5,16.4,12.3,38.2,28.5,"7.3",10,11.9,-3.8,58.7,31.5,"89.8","17.1",39,20,11.3,5.6,27.1,27.1,24.9,4,40.1,"79.855728427","94.282261977",70.6,19.7,26.7,44.6,54.5,54,121,48.1,453,76.5,9,72,460,338,942,79.7,68,345,51.9,489,42.5,400,26.2,49.5,45.2,36.2,18.6,177,61.5,37.9,67,30.5,54,23.7,42,7.9,14,"R","942",53.2,"48.8","93.9","2424","-9","-12.5","18.8","20.9","1.6","24.3","87.4","2469","3.8","-29.2","6.5","8","1.8","7.6","84.8","1721","-13.2","-28.7","9.5","16.4","1.5","11.6","78.5","2686","7.3","-56","-11.6","13.9","1.7",,,,,,,,,,,,,,,,,,,,,,,,,,,,,,,,,"7.6","79.3","2630","12.7","-46.7","-3","13.5","1.6",,,,,,,,,,,,,,,,,,,,,,,,,"48.8","93.9","2424","-9","-12.5","18.8","20.9","1.6","43.5","83.6","2555","6.3","-39.4","0","10.6","4.9","7.6","84.8","1721","-13.2","-28.7","9.5","16.4","1.5"
"Montero, Rafael",606160,2025,34,"25","25.0",107,92,18,12,5,0,1,29,15,27.1,14,".196",".283",".308","0.591","0.087",".274","12","12","0","0","75","0","0","0","0","0","4.32",,,"2","11","0","0","1","0","0","19","6","2","0","0","0","0","0","24","0","180","61","0","0","0","0","0","0","92","3","8","25","0","0","0","0","3","8","7","63","5","4","0","1","0","13","22","8","0","0","0","0","0","0","0","0","0","66","0","189","26","0","1","11","0","479","0","290","70","6","0","0","0","0",".219",".367",".271",".307",".329",".147",".303",".363",".286",".320","-0.023","-0.084","-0.036","72.2",28.4,12.9,9,26.6,18.4,"7.4",4,10.9,-3.2,53.7,31.2,"90","10.8",30.2,6,9.5,1.6,28.6,19,34.9,6.3,44.4,"78.82662871","95.149403387",69.2,20.1,32.4,50,48.9,45,90,58,278,77.8,5.6,216,233,30,479,79.9,28,139,42,201,44.3,212,31.9,47.8,39.7,33.3,27,63,67.9,47.6,30,25.4,16,23.8,15,3.2,2,"R","479",33.7,"47","94.9","2356","-9.6","-15.6","14.8","17.7","1","6.3","85","2389","8.2","-36","1.9","8.9","1.5",,,,,,,,,,,,,,,,,"1.7","94.3","2236","-15.4","-21.3","9.6","18.2","1.4",,,,,,,,,"45.1","87.7","1580","-12.5","-34.9","0.6","12.7","1.2",,,,,,,,,,,,,,,,,,,,,,,,,,,,,,,,,,,,,,,,,"48.6","94.9","2352","-9.8","-15.8","14.6","17.8","1","6.3","85","2389","8.2","-36","1.9","8.9","1.5","45.1","87.7","1580","-12.5","-34.9","0.6","12.7","1.2"
"Ross, Joe",605452,2025,32,"25","34.1",153,135,36,16,13,1,6,26,13,17,8.5,".267",".511",".336","0.847","0.244",".286","19","20","0","2","103","2","1","0","0","0","4.98",,,"0","4","0","0","0","0","0","32","20","0","0","0","0","1","0","32","0","192","84","0","0","2","0","0","1","114","8","4","24","0","0","0","2","10","10","16","112","8","0","0","1","0","18","41","8","0","0","0","0","0","0","1","2","1","48","1","205","69","1","0","4","0","574","3","369","51","4","2","0","0","0",".287",".541",".361",".379",".355",".254",".403",".427",".324",".351","-0.020","-0.030","-0.018","71.3",21.5,13.5,10.8,30.3,24.2,"7.1",3,8,2.9,55,31.9,"88.8","12.9",40.2,13,11.6,9.8,17,21.4,34.8,5.4,40.2,"76.715306909","94.775953211",70.6,17.4,25,31.8,68.2,21,66,46,264,80,7.8,47,379,148,574,82.6,38,219,54,310,43.2,248,20.7,49.7,39.3,35.7,25,112,64.1,45.5,51,26.8,30,21.4,24,6.3,7,"R","574",34.3,"37.1","94","2224","-3.5","-19.7","11.3","12.1","1.2","20.9","87","1946","2.4","-32.9","3.3","4.7","1.2","8.2","89.9","1935","-17.1","-28.6","5.4","18","1.2","4.9","83.4","2043","2.6","-44.2","-4.8","5.8","1.2","28.9","94.5","2168","-13.6","-21.1","9.8","16.9","1.2",,,,,,,,,,,,,,,,,,,,,,,,,,,,,,,,,,,,,,,,,,,,,,,,,,,,,,,,,"66","94.2","2199","-8","-20.3","10.6","14.2","1.2","25.8","86.3","1965","2.4","-35","1.8","4.9","1.8","8.2","89.9","1935","-17.1","-28.6","5.4","18","1.2"
"Henry, Cole",669371,2025,25,"25","25.0",110,89,16,9,3,0,4,29,14,26.4,12.7,".180",".348",".336","0.684","0.168",".214","10","11","0","0","75","0","1","0","1","0","3.60",,,"6","3","3","0","0","0","0","25","14","6","0","0","0","1","0","29","0","167","72","0","0","0","0","0","0","64","7","10","25","1","0","0","7","5","4","7","60","7","2","0","1","0","12","14","9","0","0","0","0","0","0","0","0","0","44","1","176","31","0","0","6","0","425","0","249","45","13","3","0","0","0",".212",".402",".314",".341",".362",".190",".335",".384",".267",".314","-0.032","-0.054","-0.027","71.5",20.5,15.3,11.2,33.9,24.8,"7.2",5,10.7,-2.7,55.3,30.2,"89.7","23.2",36.7,7,11.7,5,25,33.3,21.7,3.3,41.7,"78.438356","94.651234667",65.7,22.4,19.5,51.2,46.5,22,43,52,221,80.6,7.3,11,283,131,425,77.6,30,134,48,204,43.1,183,29.4,41.6,48.3,31.7,20,60,50.9,30,18,28.3,17,26.7,16,15,9,"R","425",25,"49.6","94.4","2523","-14.4","-15.9","15","20.9","1.1",,,,,,,,,"2.6","87.4","2255","-18.8","-31.6","4.1","19.4","1.3","30.8","80.5","2587","14.6","-41.9","0.4","14.8","1.3","10.8","94.2","2325","-18.2","-22.7","8.2","20.1","1.2","6.1","88","2429","1.7","-28","7","7.7","1.2",,,,,,,,,,,,,,,,,,,,,,,,,,,,,,,,,,,,,,,,,,,,,,,,,"66.6","93.8","2482","-13.6","-18.1","13.2","19.6","2.2","30.8","80.5","2587","14.6","-41.9","0.4","14.8","1.3","2.6","87.4","2255","-18.8","-31.6","4.1","19.4","1.3"
"Uceta, Edwin",670955,2025,27,"33","31.0",136,119,30,17,5,0,8,32,14,23.5,10.3,".252",".496",".338","0.834","0.244",".275","17","17","0","2","93","5","1","0","1","0","4.94",,,"3","11","0","0","0","0","0","38","20","2","1","0","0","1","0","39","0","171","67","0","2","0","0","0","0","99","6","5","33","2","0","0","2","10","4","16","88","8","12","0","2","0","25","21","7","0","0","0","0","0","0","0","1","0","76","0","180","59","2","0","11","0","519","1","339","76","14","3","0","0","1",".298",".599",".357",".420",".385",".302",".432",".529",".341",".413","-0.046","-0.103","-0.063","72.9",32,16.7,11.9,33.3,23.8,"7.5",3,11.7,-4.7,58.6,31.3,"92.6","19.5",44.3,13,14.8,9.1,28.4,28.4,17,1.1,46.6,"82.793135682","95.886567701",73.5,24.2,30.6,44.9,53.8,35,78,49.1,255,82.5,7.7,198,304,0,519,74.7,47,194,50.9,264,46.2,240,30.1,52.4,45.5,37.5,17,88,61.9,28.4,25,42,37,26.1,23,3.4,3,"R","519",14.2,"38.2","93.9","2410","-12.2","-17.9","13.2","18.1","1.1",,,,,,,,,"38.2","88.4","2169","-15.4","-35","0","15.6","1.3",,,,,,,,,,,,,,,,,"20.4","89.3","2566","0.6","-24.8","9.3","9.5","1.2",,,,,,,,,,,,,,,,,"3.3","82.1","2526","12.8","-37.9","3","13.5","1.4",,,,,,,,,,,,,,,,,,,,,,,,,"58.6","92.3","2464","-7.7","-20.3","11.9","15.1","2.6","3.3","82.1","2526","12.8","-37.9","3","13.5","1.4","38.2","88.4","2169","-15.4","-35","0","15.6","1.3"
"Jax, Griffin",643377,2025,30,"34","32.0",137,129,33,22,7,0,4,54,8,39.4,5.8,".256",".403",".299","0.702","0.147",".408","15","16","0","4","96","1","4","0","0","0","4.22",,,"3","3","0","0","1","0","0","25","13","3","0","0","0","1","0","24","0","151","98","0","0","0","0","0","0","92","3","2","34","1","0","0","0","8","11","14","75","6","16","0","1","0","7","19","12","0","0","0","0","0","0","0","0","0","96","1","164","52","0","1","3","0","539","0","375","107","1","0","0","0","2",".245",".385",".306",".291",".289",".140",".489",".463",".440",".421",".011",".018",".015","71.5",25.6,17.3,10.7,28.7,17.8,"7.5",10,11.9,-5.4,56.2,33.2,"89.7","9.5",42.7,8,10.7,8,29.3,20,29.3,2.7,52,"77.256829474","95.700168533",62.4,20.1,40.9,68.1,31.9,77,113,51.2,276,63.6,8.2,138,166,2,539,79.9,33,164,48.8,263,40.8,220,39.7,51.4,44,30.7,25.3,75,71.3,40,30,20,15,34.7,26,5.3,4,"R","539",43.7,"17.3","97.1","2438","-5.9","-12.5","16.6","17.7","0.9",,,,,,,,,"25.6","92.2","1731","-14.5","-30.1","2.3","14.8","1","0.4","86.7","3008","3.6","-49.4","-13","13.5","1.4","9.1","96.6","2420","-14.7","-18.9","10.6","18.2","1.1","4.5","93.5","2678","1.7","-23.3","7.7","8.3","1.4",,,,,,,,,,,,,,,,,"43.2","88.2","3071","13.9","-37.2","-1.9","14.4","1.2",,,,,,,,,,,,,,,,,,,,,,,,,"30.8","96.4","2468","-7.4","-16","13.5","16.5","1.6","43.6","88.2","3071","13.8","-37.3","-2","14.4","1.2","25.6","92.2","1731","-14.5","-30.1","2.3","14.8","1"
"Payamps, Joel",606303,2025,31,"23","18.1",84,75,25,12,6,4,3,16,6,19,7.1,".333",".640",".369","1.009","0.307",".373","17","17","1","0","55","0","1","0","0","0","8.35",,,"0","0","0","0","0","0","0","20","19","0","0","0","0","0","0","25","0","106","62","0","0","0","0","0","1","43","3","8","23","1","0","0","0","15","4","6","62","7","3","0","1","0","9","14","8","0","0","0","0","0","0","0","3","0","24","0","110","48","0","0","0","0","306","3","196","26","11","4","0","0","0",".317",".640",".414",".431",".371",".323",".498",".521",".403",".406",".016",".000","-0.017","71.1",18,19.8,16.2,38.5,31.5,"7.4",1,11.4,-1.6,65.8,33,"90","19.7",41.9,11,17.7,8.1,21,30.6,21,1.6,40.3,"78.689999677","94.781325806",62.7,16.8,22.8,36.4,63.6,12,33,47.4,145,62.5,5.2,4,162,140,306,83.2,17,101,52.6,161,45.1,138,21.6,43.8,45.2,35.5,19.4,62,71.1,29,18,40.3,25,25.8,16,4.8,3,"R","306",30.6,"37.3","94.7","2457","-7","-14.8","15.7","17.4","1.1","45.8","83.3","2786","14.7","-41.5","-1.8","15","1.2","1.3","89.3","2206","-17.7","-31.7","2.8","17.9","1.5",,,,,,,,,"15.7","94.8","2303","-15.3","-21.8","8.8","17.8","1.2",,,,,,,,,,,,,,,,,,,,,,,,,,,,,,,,,,,,,,,,,,,,,,,,,,,,,,,,,"52.9","94.7","2411","-9.5","-16.9","13.7","17.5","1","45.8","83.3","2786","14.7","-41.5","-1.8","15","1.2","1.3","89.3","2206","-17.7","-31.7","2.8","17.9","1.5"
"Greene, Hunter",668881,2025,25,"11","59.2",237,220,44,24,10,1,9,73,14,30.8,5.9,".200",".377",".254","0.631","0.177",".254","18","18","0","0","179","4","3","2","0","0","2.72",,,"5","20","3","0","1","0","0","38","18","5","0","0","5","0","0","35","0","277","148","0","1","0","0","0","0","226","17","0","0","1","0","0","2","11","12","21","148","4","0","0","0","1","42","29","16","0","0","0","0","0","0","1","0","11","143","0","289","83","1","1","23","0","978","1","689","146","0","0","0","0","0",".208",".382",".277",".279",".261",".174",".369",".372",".299",".311","-0.008","-0.005","-0.002","70.6",15.3,12.7,9.2,29.8,21.6,"7.2",15,8.6,-0.1,50.1,30.8,"90.2","23.1",38.5,15,10.1,6.1,20.3,38.5,19.6,5.4,42.6,"79.93171411","94.666654589",72.4,23.8,32.8,49.3,50,68,138,43,421,74.5,9.6,90,561,327,978,75.7,96,403,57,557,42.2,413,30.3,55.3,28.4,38.5,33.1,148,74.3,27.7,41,35.8,53,25,37,11.5,17,"R","978",31.5,"57.4","99.3","2439","-9.3","-11.5","16.4","19","1","33.2","89.1","2436","5.3","-29.8","4.5","7.5","2",,,,,,,,,"0.2","84","2448","9.5","-39","-0.5","9.6","1.4",,,,,,,,,,,,,,,,,"9.2","88.2","1289","-9.9","-32.1","2.9","10.8","1.3",,,,,,,,,,,,,,,,,,,,,,,,,,,,,,,,,,,,,,,,,"57.4","99.3","2439","-9.3","-11.5","16.4","19","1","33.4","89.1","2436","5.3","-29.9","4.5","7.5","2","9.2","88.2","1289","-9.9","-32.1","2.9","10.8","1.3"
"Strider, Spencer",675911,2025,26,"7","37.0",153,135,29,15,9,0,5,45,13,29.4,8.5,".215",".393",".301","0.694","0.178",".279","16","17","0","0","111","2","5","1","0","0","3.89",,,"6","11","1","0","0","0","0","23","15","4","2","0","3","0","0","28","0","204","93","0","2","1","0","0","0","104","2","0","0","2","0","1","4","6","7","16","91","6","0","0","0","0","22","24","8","0","1","1","0","0","0","0","1","7","88","1","234","53","3","0","12","2","621","1","387","97","0","0","0","0","1",".235",".423",".307",".323",".319",".188",".386",".412",".319",".349","-0.020","-0.030","-0.016","71.4",21.4,14.9,10.3,33.3,23,"7.4",9,10.4,-5.1,43.3,31.3,"92.7","16.6",38.5,9,9.9,8.8,19.8,33,27.5,1.1,42.9,"83.154041087","95.569055275",67.7,20.3,29.4,60.8,39.2,59,97,53.1,330,82.9,6.6,29,340,252,621,79.7,40,197,46.9,291,44.4,276,33.7,47.3,37.4,39.6,23.1,91,56.9,34.1,31,31.9,29,26.4,24,7.7,7,"R","621",41.4,"54.8","95.4","2284","-8.5","-13.1","17.1","19.2","1.3","36.1","83.9","2311","6.2","-37.2","1.6","6.8","1.4","4.7","85.3","1794","-10.9","-31.6","5.9","12.9","1.4","4.5","78.8","2634","11.8","-50.3","-6.2","13.5","1.7",,,,,,,,,,,,,,,,,,,,,,,,,,,,,,,,,,,,,,,,,,,,,,,,,,,,,,,,,,,,,,,,,"54.8","95.4","2284","-8.5","-13.1","17.1","19.2","1.3","40.6","83.3","2347","6.8","-38.7","0.7","7.5","2.3","4.7","85.3","1794","-10.9","-31.6","5.9","12.9","1.4"
"Nelson, Ryne",669194,2025,27,"16","55.2",227,206,42,26,8,3,5,45,18,19.8,7.9,".204",".345",".278","0.623","0.141",".237","24","25","1","1","167","4","2","0","0","0","3.88",,,"0","4","0","0","0","0","0","33","22","0","0","0","1","0","0","35","0","314","151","0","0","0","0","0","0","177","12","4","10","6","0","0","3","7","15","20","161","8","1","0","0","0","30","56","23","0","0","0","0","0","0","0","0","6","72","1","329","71","0","0","4","0","906","0","577","74","1","0","0","0","2",".269",".422",".278",".332",".336",".153",".301",".377",".261",".344","-0.065","-0.077","-0.054","71.2",20.7,13.5,11,36.8,30.1,"7",6,7.3,3.5,50.3,31.5,"90.3","12.5",37.9,14,8.7,6.2,24.8,24.2,30.4,5,39.8,"80.264721625","94.580903333",68.5,14.9,23.9,36.5,63.5,38,104,48.1,436,82.7,8.9,52,653,201,906,84.5,48,322,51.9,470,45.4,411,20.2,47,33.5,41.6,24.8,161,61.7,44.1,71,23,37,26.7,43,6.2,10,"R","906",50.8,"59.7","95.5","2259","-3.9","-10.8","19.3","19.8","1.3","13","85.8","2452","5.3","-38.1","-1","6.1","1.6","5.7","86.9","1801","-13.5","-23.7","12.7","18.6","1.7","9.2","80.5","2448","8.7","-50.3","-7.8","12.1","1.5",,,,,,,,,"12.4","90.5","2241","3.6","-27.1","6.2","7.9","1.5",,,,,,,,,,,,,,,,,,,,,,,,,,,,,,,,,,,,,,,,,,,,,,,,,"72.1","94.6","2256","-2.7","-13.6","17","17.8","2.5","22.2","83.6","2450","6.7","-43.1","-3.8","8.6","3.1","5.7","86.9","1801","-13.5","-23.7","12.7","18.6","1.7"
"Quintana, Jose",500779,2025,36,"9","48.1",208,185,48,39,3,0,6,35,21,16.8,10.1,".259",".373",".338","0.711","0.114",".292","18","22","0","0","145","4","2","1","1","0","3.35",,,"3","18","0","0","1","0","0","43","19","2","1","0","2","0","0","43","0","298","146","0","0","0","0","0","0","133","7","0","0","7","0","0","1","8","18","22","151","10","0","0","0","0","28","51","14","0","0","0","0","0","0","1","0","9","53","4","323","69","0","1","18","0","822","1","499","57","0","0","0","0","1",".261",".410",".320",".329",".339",".149",".339",".352",".320",".321","-0.002","-0.037","-0.009","71.3",21.6,15.9,13.2,40,33.1,"7.4",4,9.1,0.5,54.4,32.8,"89.4","13.5",30.5,10,6.6,4,25.8,26.5,35.1,2,40.4,"79.588665067","93.965561812",61.7,11.4,27.5,30.6,69.4,38,124,54.9,451,70.2,6.9,184,457,103,822,86.5,26,229,45.1,371,45.3,372,18.1,42.9,28.5,41.7,29.8,151,58.2,45.7,69,23.8,36,23.8,36,6.6,10,"L","822",40.9,"7.9","90","2061","4.4","-17.8","16.1","16.8","1.2",,,,,,,,,"22.4","85.4","1321","14.9","-34.3","3.4","15.5","1.1","12.5","77.8","2173","-6.8","-51.9","-6.7","9.7","1","47.7","90.2","2080","14.1","-21.8","12.1","18.7","1",,,,,,,,,,,,,,,,,,,,,,,,,,,,,,,,,"9.5","78.2","2199","-11","-45.3","-0.4","11.2","1.1",,,,,,,,,,,,,,,,,"55.6","90.2","2077","12.7","-21.2","12.7","18.4","1","22","78","2184","-8.6","-49.1","-4","10.3","1","22.4","85.4","1321","14.9","-34.3","3.4","15.5","1.1"
"Brzykcy, Zach",694350,2025,25,"18","17.0",72,64,14,8,3,0,3,17,7,23.6,9.7,".219",".406",".306","0.712","0.187",".250","8","8","0","0","51","0","0","1","0","0","4.24",,,"2","1","2","0","0","0","0","23","7","2","0","0","0","0","0","20","0","113","30","0","0","1","0","0","0","62","6","8","18","1","0","1","1","6","2","6","47","3","0","0","0","0","11","12","6","0","0","0","0","0","0","0","0","0","41","0","117","26","1","0","3","0","303","0","186","41","11","0","0","0","1",".245",".422",".315",".329",".329",".177",".364",".386",".298",".333","-0.026","-0.016","-0.014","71.3",16.8,11.9,8.8,32.7,24.1,"7.2",4,11.7,-2.6,65,30,"90.8","23.7",36.2,3,6.4,8.5,29.8,36.2,19.1,0,44.7,"82.132692083","94.638718936",72.9,19.1,35.4,46.8,53.2,29,62,57.6,175,81.8,7.2,69,166,68,303,80.9,18,94,42.4,129,43.1,131,30.1,51.5,40.4,36.2,23.4,47,58.3,29.8,14,36.2,17,25.5,12,8.5,4,"R","303",51.8,"54.8","94.5","2274","-6.7","-11.6","19","20.2","1",,,,,,,,,"22.8","88.1","2084","-16.4","-25.4","9.9","19.2","1.2","22.4","83.1","2655","4.6","-49.6","-10.2","11.4","1.3",,,,,,,,,,,,,,,,,,,,,,,,,,,,,,,,,,,,,,,,,,,,,,,,,,,,,,,,,,,,,,,,,"54.8","94.5","2274","-6.7","-11.6","19","20.2","1","22.4","83.1","2655","4.6","-49.6","-10.2","11.4","1.3","22.8","88.1","2084","-16.4","-25.4","9.9","19.2","1.2"
"Cruz, Omar",678316,2025,26,"2","3.2",18,15,4,3,1,0,0,5,3,27.8,16.7,".267",".333",".389","0.722","0.066",".400","2","2","0","0","11","0","0","0","0","0","4.91",,,"0","0","0","0","0","0","0","5","1","0","0","0","0","0","0","3","0","37","9","0","0","0","0","0","0","10","0","1","2","0","0","0","0","0","2","2","10","1","0","0","0","0","4","1","1","0","0","0","0","0","0","0","0","0","12","0","40","5","0","0","0","0","81","0","41","12","0","0","0","0","0",".205",".310",".334",".297",".338",".106",".393",".327",".400",".307",".062",".023",".037","70.8",23.1,25,15.4,50,30.8,"7",1,10.3,0.9,42.3,29.4,"98.7","22",40,0,0,20,30,50,0,0,70,"91.54998","99.066032",68.8,27.3,20.4,60,40,6,10,60.5,49,75,4.9,21,50,10,81,72.7,6,22,39.5,32,35.8,29,37.5,39.5,50,10,40,10,38.9,30,3,40,4,30,3,0,0,"L","81",49,"61.7","92.7","2357","10.8","-14.4","17.8","21","1.3","1.2","86.7","2463","-1.4","-33.4","3.3","3.6",,"25.9","82.2","1716","11.9","-33.7","7","14","1.4","11.1","76.6","2806","-8.6","-67.5","-19.8","21.7","1.4",,,,,,,,,,,,,,,,,,,,,,,,,,,,,,,,,,,,,,,,,,,,,,,,,,,,,,,,,,,,,,,,,"61.7","92.7","2357","10.8","-14.4","17.8","21","1.3","12.3","77.6","2771","-7.9","-64.1","-17.5","19.9","2","25.9","82.2","1716","11.9","-33.7","7","14","1.4"
"Schmidt, Clarke",657376,2025,29,"11","62.2",253,226,48,31,9,2,6,60,24,23.7,9.5,".212",".350",".286","0.636","0.138",".259","22","22","0","0","188","3","3","2","2","0","3.16",,,"4","8","5","0","2","0","0","41","18","1","3","0","6","0","0","40","0","339","163","0","1","0","0","0","0","171","9","0","0","4","0","0","0","8","12","28","169","6","0","0","0","0","39","45","16","0","0","0","0","0","0","1","2","11","119","0","349","79","1","2","13","0","983","3","634","122","0","0","0","0","0",".207",".341",".283",".274",".281",".134",".325",".313",".286",".278",".005",".009",".009","72.2",25.5,12.1,8.9,30.6,22.7,"7.2",10,8.3,-0.3,54,31.8,"87.8","18.5",34.9,10,5.9,8.9,21.3,34.9,22.5,6.5,33.7,"76.780557381","93.533578929",67.2,18.5,27.5,51.9,48.1,68,131,48.5,477,74.7,7.6,0,547,241,983,81.5,63,340,51.5,506,40.5,398,27.8,47.9,36.1,35.5,28.4,169,66.8,33.7,57,29,49,26,44,11.2,19,"R","983",35.1,"3.9","94.4","2595","-6.9","-15","15.7","17.3","1.3","4.4","86.1","2972","7.1","-31.9","4.9","8.9","1.4",,,,,,,,,"20.1","85.1","3116","9.5","-51.8","-13.8","16.9","1.6","8.5","92.7","2607","-12","-27.8","4","13","1.5","43.2","92.6","2731","0.7","-22.1","9.6","10","1.5",,,,,,,,,,,,,,,,,"19.8","83.9","3121","14.5","-38.8","0.3","15","1.6",,,,,,,,,,,,,,,,,,,,,,,,,"55.6","92.7","2703","-1.8","-22.5","9.2","11","1.6","44.4","84.7","3104","11.5","-44","-5.7","15.3","1.8",,,,,,,,
"Sears, JP",676664,2025,29,"15","76.0",328,305,82,44,20,0,18,58,17,17.7,5.2,".269",".511",".317","0.828","0.242",".278","46","46","0","0","228","5","6","1","0","0","5.45",,,"2","13","1","0","0","0","0","53","42","2","0","0","4","0","0","55","0","455","224","0","2","0","0","0","0","262","16","0","0","4","0","1","5","28","18","36","248","14","0","0","0","0","67","58","20","1","0","0","0","0","0","0","1","15","102","0","468","156","2","0","14","0","1324","1","856","105","0","0","0","0","2",".258",".477",".357",".336",".307",".219",".410",".382",".331",".317",".011",".034",".021","71.4",22.7,14.4,11.8,32.8,26.9,"7.2",8,9.4,-2,48.9,31.6,"90.6","20.6",33.1,23,9.3,9.3,21.4,34.7,23.4,2,42.7,"80.460647016","94.584023306",67.5,17.1,26,25,75,41,164,47.7,631,74.8,9,217,573,155,1324,82.7,80,468,52.3,693,43.7,578,19.1,47.7,37.9,41.9,20.2,248,62.5,30.6,76,38.7,96,22.6,56,8.1,20,"L","1324",24.9,"38.4","92.3","2014","12","-18.4","13.9","18.4","1.2","11.7","79.8","2303","-4","-39.5","3.5","7.6","1.5","16.4","83","1446","16.3","-36.2","3.7","16.9","1.4",,,,,,,,,"4.8","90.3","1871","16.3","-26.3","7.4","18.1","1.2",,,,,,,,,,,,,,,,,,,,,,,,,"28.6","78.8","2292","-12.7","-38.2","6.4","14.6","1.6",,,,,,,,,,,,,,,,,,,,,,,,,"43.3","92","1998","12.5","-19.3","13.1","18.4","1.4","40.3","79.1","2295","-10.2","-38.6","5.5","12.5","1.7","16.4","83","1446","16.3","-36.2","3.7","16.9","1.4"
"Kittredge, Andrew",552640,2025,35,"11","10.1",48,43,12,9,2,0,1,12,5,25,10.4,".279",".395",".354","0.749","0.116",".367","6","6","0","0","31","1","1","1","0","0","5.23",,,"3","2","0","0","0","0","0","8","7","3","0","0","0","0","0","12","0","55","31","0","0","0","0","0","1","29","2","2","11","0","0","0","0","1","4","7","31","5","4","0","0","0","3","12","4","0","0","0","0","0","0","0","0","0","14","0","60","17","0","0","2","0","170","0","110","16","3","1","0","0","0",".296",".481",".335",".368",".369",".185",".407",".457",".387",".411","-0.017","-0.086","-0.033","71.6",28.6,14.8,11.4,31.5,24.3,"7.6",1,11.1,-4.3,48.6,33.8,"88.1","7.5",45.2,3,9.7,6.5,29,16.1,38.7,0,38.7,"77.216355625","93.75751129",59.7,6.5,35.5,45.5,54.5,15,33,54.7,93,46.7,8.8,6,76,88,170,91.3,3,46,45.3,77,41.2,70,22.8,46.5,25.8,45.2,29,31,70.8,51.6,16,12.9,4,35.5,11,0,0,"R","170",40.2,"14.7","93.9","2456","-2","-14.4","16.8","17.1","1.4","51.8","88.5","2620","6.5","-32.6","2.1","7.3","1.4",,,,,,,,,,,,,,,,,"30","94.6","2248","-16.8","-21.4","9.4","19.4","1.2",,,,,,,,,"3.5","88.6","1409","-14.2","-28.3","6.5","16.7","1.5",,,,,,,,,,,,,,,,,,,,,,,,,,,,,,,,,,,,,,,,,"44.7","94.4","2316","-12","-19.1","11.8","18.6","1.2","51.8","88.5","2620","6.5","-32.6","2.1","7.3","1.4","3.5","88.6","1409","-14.2","-28.3","6.5","16.7","1.5"
"Hill, Jaden",677955,2025,25,"3","2.2",13,11,3,2,0,1,0,5,2,38.5,15.4,".273",".455",".385","0.840","0.182",".500","1","1","0","0","8","0","0","0","0","0","3.38",,,"0","1","0","0","0","0","0","8","1","0","0","0","0","0","0","4","0","19","10","0","0","0","0","0","0","9","3","1","3","0","0","0","0","0","2","1","6","1","0","0","0","0","2","0","1","0","0","0","0","0","0","0","0","0","4","0","20","5","0","0","1","0","52","0","32","4","4","0","0","0","0",".106",".214",".367",".219",".243",".108",".564",".243",".500",".194",".167",".241",".148","71.2",15.8,7.7,5.3,30.8,21.1,"7.2",2,10.2,-3,42.1,33.3,"89.8","17.8",33.3,0,0,33.3,0,33.3,16.7,16.7,33.3,"82.92633","95.066472",70.8,23.5,17.9,60,40,3,5,53.8,28,66.7,5.8,13,27,12,52,76.5,4,17,46.2,24,42.3,22,31.8,42.3,66.7,0,33.3,6,46.2,33.3,2,33.3,2,33.3,2,0,0,"R","52",24,"23.1","96.8","2306","-13.6","-16.9","12.3","18.4","1.3","23.1","87.9","2545","5.4","-36.2","-1","6.1","1.6","25","84.4","1615","-14.3","-35.9","2.3","14.5","1.4",,,,,,,,,"28.8","97.6","2305","-17.5","-20.8","7.8","19.2","1.3",,,,,,,,,,,,,,,,,,,,,,,,,,,,,,,,,,,,,,,,,,,,,,,,,,,,,,,,,"51.9","97.2","2305","-15.7","-19.1","9.8","18.8","1.3","23.1","87.9","2545","5.4","-36.2","-1","6.1","1.6","25","84.4","1615","-14.3","-35.9","2.3","14.5","1.4"
"Lorenzen, Michael",547179,2025,33,"14","77.0",357,324,85,51,19,1,14,69,28,19.3,7.8,".262",".457",".322","0.779","0.195",".291","42","44","0","0","231","4","7","9","0","0","4.91",,,"4","21","0","0","0","0","0","56","41","3","1","0","6","0","0","62","0","424","196","0","1","0","0","0","0","230","11","0","0","5","0","1","2","20","26","34","242","16","0","0","0","0","52","67","21","0","0","0","0","0","0","0","3","14","120","2","459","142","1","0","21","0","1270","3","811","128","0","0","0","0","0",".256",".446",".339",".332",".318",".190",".388",".378",".329",".324",".006",".011",".007","71.6",22.6,12.2,9.6,35.4,27.9,"7.4",14,11.4,-4,49.7,32.8,"89.6","15.9",37.2,21,8.1,7,24.8,30.6,26.7,2.3,40.7,"79.698022636","93.956929105",67.6,15.5,28.7,38.5,61.5,74,192,49.3,670,76.5,7.5,251,670,341,1359,83.7,72,466,50.7,689,43.1,586,22.2,48.4,35.3,36.8,27.9,258,62.7,37.6,97,29.8,77,24.4,63,8.1,21,"R","1359",44.4,"24.4","94.2","2328","-10.8","-15.3","15.6","19","1.3","11.3","85.2","2577","3.4","-38.2","-0.5","4.5","1.7","18.5","84","1963","-15","-29.7","9.2","17.7","1.3","13.8","82.2","2522","2.3","-53","-12.6","12.9","1.5","14.4","93.6","2194","-15.9","-21.4","9.9","18.8","1.3","10.4","90.6","2516","-0.9","-24.4","8.8","9.2","1.4",,,,,,,,,,,,,,,,,"7.1","83.2","2499","11.8","-41.5","-1.7","12.2","1.4",,,,,,,,,,,,,,,,,,,,,,,,,"49.3","93.3","2329","-10.2","-19","12.5","16.9","2","32.2","83.5","2536","4.8","-45.2","-5.9","9.8","2.1","18.5","84","1963","-15","-29.7","9.2","17.7","1.3"
"Phillips, Evan",623465,2025,30,"7","5.2",22,20,4,4,0,0,0,6,2,27.3,9.1,".200",".200",".273","0.473","0.000",".286","0","0","1","0","17","0","0","0","0","0","0.00",,,"2","2","0","0","0","0","0","7","0","2","0","0","0","0","0","8","0","34","14","0","0","2","0","0","0","16","2","1","7","0","0","0","0","0","4","0","14","0","2","0","0","0","0","6","2","0","0","0","0","0","0","0","0","0","11","0","35","4","1","0","2","0","92","0","57","11","3","0","0","0","0",".204",".246",".225",".240",".277",".042",".254",".278",".286",".292","-0.004","-0.046","-0.015","71.6",30.3,0,0,29.2,21.2,"7.1",2,10,0.7,63.6,30.4,"84.6","10.1",21.4,0,0,0,35.7,14.3,42.9,7.1,28.6,"75.107624286","91.117835714",67.3,18.2,23.3,70,30,7,10,46.7,43,85.7,7.6,0,43,0,92,81.8,6,33,53.3,49,41.3,38,30.2,46.7,35.7,28.6,35.7,14,40.9,71.4,10,0,0,14.3,2,14.3,2,"R","92",26.7,"31.5","95.4","2393","-10.7","-14.4","15.9","19.2","1.2",,,,,,,,,,,,,,,,,,,,,,,,,"7.6","95.4","2182","-17.1","-21.1","9.1","19.4","1.3","7.6","92.5","2440","-1.7","-23.3","8.6","8.8","1.4",,,,,,,,,,,,,,,,,"53.3","85.1","2723","16.5","-38.8","-0.7","16.7","1.3",,,,,,,,,,,,,,,,,,,,,,,,,"46.7","95","2367","-10.3","-16.9","13.6","17.5","1.5","53.3","85.1","2723","16.5","-38.8","-0.7","16.7","1.3",,,,,,,,
"Hendriks, Liam",521230,2025,36,"14","13.2",59,51,12,10,0,0,2,12,7,20.3,11.9,".235",".353",".339","0.692","0.118",".270","10","11","0","0","41","0","2","0","0","0","6.59",,,"2","0","0","0","0","0","0","10","6","2","0","0","0","1","0","11","0","78","35","0","0","0","0","0","1","36","2","6","14","2","0","0","1","2","3","7","39","5","0","0","0","1","11","8","4","0","0","0","0","0","0","0","0","0","26","1","89","18","0","0","0","0","232","0","143","29","0","0","0","0","1",".258",".541",".315",".384",".359",".283",".334",".438",".308",".338","-0.023","-0.188","-0.069","71.6",21.3,14.9,11.2,44.8,33.7,"7.4",4,11.3,-2.1,55.1,30.4,"92.2","18.3",41,4,10.3,7.7,23.1,33.3,23.1,2.6,51.3,"83.2387995","95.80525641",71.9,8.7,28.7,66.7,33.3,26,39,58.6,136,85.7,6,0,128,104,232,89.9,6,69,41.4,96,43.5,101,29.6,46.6,35.9,38.5,25.6,39,59.3,28.2,11,33.3,13,28.2,11,10.3,4,"R","232",47.1,"55.2","94.9","2335","-7.6","-12","18.5","20","1.2","33.2","86.2","2217","2.4","-33.5","3.3","4.5","1.6",,,,,,,,,"11.6","82.2","1984","5.1","-53.9","-13","14.1","1.5",,,,,,,,,,,,,,,,,,,,,,,,,,,,,,,,,,,,,,,,,,,,,,,,,,,,,,,,,,,,,,,,,"55.2","94.9","2335","-7.6","-12","18.5","20","1.2","44.8","85.2","2157","3.1","-38.8","-0.9","7","2.3",,,,,,,,
"Bibee, Tanner",676440,2025,26,"14","80.2",369,337,83,55,12,1,15,75,26,20.3,7,".246",".421",".306","0.727","0.175",".273","34","36","0","0","242","4","6","0","1","0","3.79",,,"7","30","5","0","1","1","0","55","35","7","0","0","6","0","0","53","0","483","245","0","2","1","0","0","0","221","13","0","0","6","0","0","4","23","20","29","239","14","0","0","1","0","46","82","19","0","0","0","0","0","0","0","2","14","118","2","500","128","3","2","35","0","1343","2","843","122","0","0","0","0","2",".242",".408",".318",".309",".303",".167",".367",".354",".314",".309",".004",".013",".009","71.7",22.9,14.9,11.8,31.6,25,"7.4",17,11.2,-3.8,53.9,31.6,"88.2","12.6",28.8,22,8.3,5.7,20.8,26.9,33.7,3.8,37.5,"76.752118473","94.008030613",64.6,15.7,22.8,45.9,53.5,72,157,47.7,690,69.2,7.2,191,908,61,1448,83.9,77,490,52.3,758,44.5,644,23,44.7,37.9,34.8,27.3,264,63.4,44.3,117,29.5,78,19.3,51,6.8,18,"R","1448",52.4,"28.9","94.6","2245","-5.5","-15.9","14.7","15.8","1.4",,,,,,,,,"13.2","81.7","1961","-14.4","-29.4","11.7","18.7","1.5","4.2","80.1","2689","10.6","-51.1","-8.1","13.6","1.4","15.3","94.1","2200","-14.6","-22.3","8.8","17.1","1.3","18.6","85.7","2667","8.1","-33.4","3.9","9.5","1.6",,,,,,,,,,,,,,,,,"19.9","83.2","2675","15.9","-40.6","-0.8","16.2","1.7",,,,,,,,,,,,,,,,,,,,,,,,,"62.7","91.8","2359","-3.7","-22.7","10","14.3","4.6","24.1","82.6","2677","15","-42.5","-2.1","15.7","2.1","13.2","81.7","1961","-14.4","-29.4","11.7","18.7","1.5"
"Suárez, Ranger",624133,2025,29,"9","57.1",229,213,47,37,5,2,3,52,14,22.7,6.1,".221",".305",".272","0.577","0.084",".278","14","15","0","0","172","6","1","0","0","0","2.20",,,"5","12","1","0","1","0","0","41","14","3","2","0","8","0","0","29","0","278","145","0","3","0","0","0","0","158","10","0","0","3","0","0","1","8","22","16","162","8","0","0","0","0","30","66","11","0","0","0","0","0","0","1","0","9","77","1","290","64","3","1","13","0","847","1","557","80","0","0","0","0","2",".223",".320",".259",".264",".274",".097",".302",".308",".292",".294","-0.002","-0.015","-0.005","71.6",24.7,12.5,9.7,31.7,24.7,"7.4",2,11,-0.6,50,32.7,"85.3","9.2",29,5,3.1,5.6,24.7,25.3,37,4.3,29,"73.595675432","92.555331366",65.3,17.3,31.1,32,67.2,41,128,48.6,412,77.4,6.3,188,519,140,847,82.4,49,284,51.4,435,44.2,374,21.8,48.6,32.1,42,25.9,162,63.3,54.3,88,23.5,38,16.7,27,5.6,9,"L","847",37.8,"15","92.1","1932","6","-20.7","11.4","13","1.1","3.3","81.8","2132","-5.7","-37.9","2.9","7","2","22.2","80.2","1273","11.1","-41","1.8","11.8","1.3","13.2","74.5","2143","-11","-58.1","-8.6","14.1","1.4","30","90.7","1961","15.9","-28.3","5.2","16.9","1.2","16.3","87","2116","-2.7","-30.3","5.7","6.6","1.4",,,,,,,,,,,,,,,,,,,,,,,,,,,,,,,,,,,,,,,,,,,,,,,,,"61.3","90","1995","8.5","-27","6.9","13.2","2.4","16.5","76","2141","-9.9","-54.1","-6.3","12.7","3.3","22.2","80.2","1273","11.1","-41","1.8","11.8","1.3"
"La Sorsa, Joe",686747,2025,27,"2","2.0",12,10,5,3,1,0,1,0,2,0,16.7,".500",".900",".583","1.483","0.400",".444","4","4","0","0","6","0","0","0","0","0","18.00",,,"0","0","0","0","0","0","0","2","4","0","0","0","0","0","0","4","0","12","11","0","0","0","0","0","0","3","0","0","2","1","0","0","0","2","2","1","10","3","0","0","0","0","2","2","1","0","0","0","0","0","0","0","0","0","0","0","12","9","0","0","0","0","36","0","24","0","0","0","0","0","0",".335",".424",".616",".392",".446",".090",".601",".331",".500",".335",".165",".476",".224","71.7",22.2,22.2,22.2,66.7,66.7,"7",0,8,7.3,77.8,24.9,"88.8","19.1",60,0,0,10,20,40,10,20,20,"78.818434","94.844781111",47.1,0,26.3,0,100,0,5,52.8,19,50,11.1,9,25,0,36,100,0,8,47.2,17,44.4,16,0,36.1,20,30,50,10,83.3,40,4,40,4,20,2,0,0,"L","36",25.7,"19.4","94.1","2265","15.9","-20","11.1","19.4","1.5",,,,,,,,,"25","85.6","1377","12.2","-34.1","3.1","13.2","1.4",,,,,,,,,"50","91.9","2142","16.9","-26.8","5.7","17.9","1.4",,,,,,,,,,,,,,,,,,,,,,,,,"5.6","79.7","2316","-13.4","-44","-0.6","13.5","1.5",,,,,,,,,,,,,,,,,,,,,,,,,"69.4","92.5","2176","16.6","-24.9","7.2","18.3","1.5","5.6","79.7","2316","-13.4","-44","-0.6","13.5","1.5","25","85.6","1377","12.2","-34.1","3.1","13.2","1.4"
"Rodriguez, Eduardo",593958,2025,32,"12","60.2",280,251,76,44,20,1,11,64,22,22.9,7.9,".303",".522",".354","0.876","0.219",".361","40","47","0","0","182","2","4","2","1","0","5.93",,,"4","8","0","0","0","0","0","45","40","3","1","0","2","0","0","65","0","363","159","1","2","0","0","0","0","164","19","0","0","2","0","2","0","18","19","38","193","16","0","0","1","0","27","49","14","2","0","0","0","0","0","2","4","12","102","7","385","131","2","0","8","0","1028","6","643","105","0","0","0","0","1",".255",".426",".375",".321",".314",".171",".465",".388",".398",".341",".048",".096",".054","71.8",28.5,14.7,11.1,35.1,26.4,"7.1",11,7.5,2.5,49.9,32.6,"88.1","18.9",34.7,14,7.3,8.3,23.8,30.6,25.9,4.1,34.2,"77.154459894","93.534420266",67.5,23,29.4,30.9,69.1,50,162,53.6,551,83.7,4.8,212,728,88,1028,76.1,74,322,46.4,477,48.2,495,25.6,47.1,33.2,31.6,35.2,193,53.9,35.2,68,24.9,48,27.5,53,12.4,24,"L","1028",40.3,"45.3","91.8","2291","5.6","-16.6","15.9","17","1.3","8.6","84.8","2153","-4.2","-34","4.2","6.8","1.4","20.6","86.2","1972","16.4","-30.5","6.4","17.8","1.4",,,,,,,,,"10.1","91.6","2246","13.2","-20.2","12.4","18.2","1.2","15.4","89.1","2249","-0.7","-23.8","10.5","10.7","1.3",,,,,,,,,,,,,,,,,,,,,,,,,,,,,,,,,,,,,,,,,,,,,,,,,"70.8","91.2","2276","5.3","-18.7","14.2","15.8","1.7","8.6","84.8","2153","-4.2","-34","4.2","6.8","1.4","20.6","86.2","1972","16.4","-30.5","6.4","17.8","1.4"
"Scott, Tanner",656945,2025,30,"36","34.2",136,131,30,19,4,2,5,40,4,29.4,2.9,".229",".405",".250","0.655","0.176",".287","14","17","14","5","104","1","2","1","0","0","3.63",,,"1","4","0","0","0","0","0","19","15","1","0","0","0","0","0","26","0","133","76","0","1","0","0","0","0","120","8","17","36","3","0","0","0","4","11","14","88","8","7","0","0","0","12","30","8","0","0","0","0","0","0","0","1","0","76","3","141","49","1","0","4","0","515","1","374","81","4","0","0","0","0",".238",".394",".282",".284",".262",".156",".386",".389",".326",".344","-0.009",".011","-0.002","71.7",24.5,14.5,10.6,30,21.9,"7.2",7,8.3,-1.4,43.4,32.1,"91.9","14.4",31.5,8,8.7,9.8,21.7,20.7,37,2.2,47.8,"82.370837826","95.299183626",72.4,22,37.6,48.2,51.8,41,85,42.3,226,87.5,7.5,0,310,224,534,77.6,49,223,57.7,308,44.6,238,29.2,57.7,34.8,39.1,26.1,92,68.4,46.7,43,19.6,18,25,23,8.7,8,"L","534",34.2,"58.1","96.3","2534","6.4","-12.5","17","18.3","1.2","41.9","88.2","2620","-6.1","-34.7","0.3","6.6","1.5",,,,,,,,,,,,,,,,,,,,,,,,,,,,,,,,,,,,,,,,,,,,,,,,,,,,,,,,,,,,,,,,,,,,,,,,,,,,,,,,,"58.1","96.3","2534","6.4","-12.5","17","18.3","1.2","41.9","88.2","2620","-6.1","-34.7","0.3","6.6","1.5",,,,,,,,
"Ashcraft, Graham",668933,2025,27,"29","34.1",151,134,38,24,12,0,2,38,14,25.2,9.3,".284",".418",".351","0.769","0.134",".383","16","21","0","2","103","5","4","2","0","0","4.19",,,"3","3","0","0","0","0","0","31","17","3","0","0","0","0","0","48","0","172","94","0","1","0","0","0","0","102","8","4","29","5","0","1","0","7","13","17","99","15","9","0","0","0","7","43","7","0","0","0","0","0","0","3","0","0","66","5","189","56","1","0","3","0","563","3","374","70","10","0","0","0","1",".253",".379",".340",".311",".324",".126",".424",".379",".396",".354",".031",".039",".029","70.9",18,12.3,9.2,26.3,19.7,"7.2",11,7.6,3.1,45.2,32.9,"85.2","6.8",31.3,6,6.1,5.1,26.3,12.1,40.4,9.1,34.3,"71.209397234","93.645911064",61.6,15.1,39.7,44.6,55.4,54,121,54.2,305,60,7.1,0,339,224,563,84.3,24,159,45.8,258,44.9,253,27.9,49.7,38.4,29.3,32.3,99,60.3,56.6,56,14.1,14,24.2,24,5.1,5,"R","563",55,,,,,,,,,"39.8","89.7","2953","10.5","-36.1","-2","11","1.5",,,,,,,,,,,,,,,,,,,,,,,,,"60.2","96.9","2608","2.8","-19.2","9.8","10.4","1.3",,,,,,,,,,,,,,,,,,,,,,,,,,,,,,,,,,,,,,,,,,,,,,,,,"60.2","96.9","2608","2.8","-19.2","9.8","10.4","1.3","39.8","89.7","2953","10.5","-36.1","-2","11","1.5",,,,,,,,
"Toussaint, Touki",657053,2025,29,"1","2.0",11,10,4,3,1,0,0,3,1,27.3,9.1,".400",".500",".455","0.955","0.100",".571","2","2","0","0","6","0","0","0","0","0","9.00",,,"0","0","0","0","0","0","0","3","2","0","0","0","0","0","0","2","0","12","7","0","0","0","0","0","0","4","1","1","1","0","0","0","0","0","2","2","7","1","0","0","0","0","1","1","1","0","0","0","0","0","0","0","0","0","5","0","13","5","0","0","0","0","37","0","24","5","0","0","0","0","0",".274",".356",".420",".311",".340",".082",".562",".390",".571",".392",".126",".144",".109","73.1",35.7,10,7.1,40,28.6,"7.9",0,15.5,-8.8,42.9,38.7,"89.6","4.9",42.9,1,14.3,0,28.6,14.3,42.9,0,28.6,"81.80423","93.65363",60,22.2,36.4,50,50,4,8,59.5,22,100,2.7,9,21,7,37,77.8,2,9,40.5,15,56.8,21,35.3,45.9,28.6,42.9,28.6,7,54.5,42.9,3,14.3,1,42.9,3,0,0,"R","37",31.1,"16.2","91.9","2195","-11.8","-23","9.8","15.4","1.4",,,,,,,,,,,,,,,,,"18.9","77.5","2441","13","-57.5","-11.3","17.3","1.4","40.5","91.8","2171","-15.3","-26.6","6.2","16.7","1.3",,,,,,,,,"24.3","87.5","1544","-8.5","-34.5","1.4","8.7","1.4",,,,,,,,,,,,,,,,,,,,,,,,,,,,,,,,,,,,,,,,,"56.8","91.8","2178","-14.3","-25.5","7.2","16.3","1.2","18.9","77.5","2441","13","-57.5","-11.3","17.3","1.4","24.3","87.5","1544","-8.5","-34.5","1.4","8.7","1.4"
"Nicolas, Kyle",693312,2025,26,"10","12.0",60,50,13,7,4,0,2,8,9,13.3,15,".260",".460",".367","0.827","0.200",".268","10","10","0","0","36","0","0","0","0","0","7.50",,,"1","3","1","0","0","0","0","13","12","0","1","0","0","0","0","15","0","93","32","0","0","0","0","0","1","39","0","2","10","0","0","0","0","3","2","8","43","4","0","0","0","0","8","14","3","0","0","0","0","0","0","0","1","0","29","0","97","23","0","0","4","0","245","1","148","34","7","3","0","0","1",".265",".451",".361",".369",".380",".186",".359",".370",".302",".321","-0.005",".009","-0.008","71.8",22.8,14.7,10.9,34.7,25.7,"7.3",5,11,-5.1,66.3,30.9,"88.4","16.8",41.9,3,7,9.3,23.3,32.6,27.9,0,32.6,"78.328323636","93.356461163",67.3,13.9,31.9,54.5,45.5,24,44,56.3,138,80,6.1,0,117,128,245,86.1,10,72,43.7,107,43.3,106,29.3,47.3,44.2,34.9,20.9,43,53.3,37.2,16,25.6,11,27.9,12,9.3,4,"R","245",47.6,"47.8","97","2329","-6.3","-11.7","17.5","18.8","1.5","29","89.9","2586","4.8","-33.4","0.4","5.4","1.7",,,,,,,,,"23.3","82.2","2685","8.7","-54.4","-13.6","16.3","1.9",,,,,,,,,,,,,,,,,,,,,,,,,,,,,,,,,,,,,,,,,,,,,,,,,,,,,,,,,,,,,,,,,"47.8","97","2329","-6.3","-11.7","17.5","18.8","1.5","52.2","86.5","2630","6.5","-42.8","-5.9","10.3","4",,,,,,,,
"Fedde, Erick",607200,2025,32,"15","84.0",353,311,73,50,16,1,6,55,36,15.6,10.2,".235",".350",".316","0.666","0.115",".266","33","36","0","0","252","3","6","1","0","1","3.54",,,"17","26","3","0","0","0","0","68","33","16","1","0","6","0","0","72","0","490","227","0","2","0","0","1","0","216","12","0","0","12","0","0","2","13","22","38","260","18","0","0","0","0","53","84","27","1","0","0","0","0","0","2","2","15","92","3","517","109","2","0","29","0","1328","4","811","94","0","0","0","0","3",".283",".455",".300",".357",".361",".171",".305",".383",".283",".344","-0.048","-0.105","-0.057","71.9",26.9,14.5,12.3,36,30.4,"7.2",12,8.8,2.3,50.8,32.8,"90.4","15.7",35.4,20,7.7,8.1,27.3,26.5,27.7,2.3,41.5,"80.688978047","94.311022617",63.8,11.8,24.7,34.1,65.3,57,167,50.8,675,76.9,7.8,138,854,0,1328,88,49,417,49.2,654,44.1,586,18.2,44,35.8,35.4,28.8,260,63.2,40.8,106,26.2,68,25,65,8.1,21,"R","1328",35.3,,,,,,,,,,,,,,,,,"10.4","87.1","1813","-13.2","-33.4","2.8","13.8","1.4",,,,,,,,,"37.6","93.1","1958","-12.3","-21.8","9.9","16","1","26.7","90.1","2113","0.3","-23.5","10.1","10.4","1.2",,,,,,,,,,,,,,,,,"25.3","82.3","2384","13","-36.5","4.1","14","1.3",,,,,,,,,,,,,,,,,,,,,,,,,"64.3","91.8","2022","-7","-22.5","10","13.7","2","25.3","82.3","2384","13","-36.5","4.1","14","1.3","10.4","87.1","1813","-13.2","-33.4","2.8","13.8","1.4"
"García, Luis",472610,2025,38,"26","26.0",116,100,29,19,7,2,1,23,15,19.8,12.9,".290",".430",".383","0.813","0.140",".368","13","14","0","1","78","2","0","6","0","0","4.50",,,"1","2","0","0","0","0","0","39","16","1","0","0","0","0","0","44","0","151","68","0","1","0","0","0","1","96","3","12","26","5","0","1","0","4","9","16","78","9","2","0","4","0","6","34","7","0","0","0","0","0","0","1","0","0","39","1","171","43","1","0","2","0","463","1","292","47","12","3","0","0","0",".287",".452",".348",".353",".381",".165",".403",".410",".377",".374",".003","-0.022","-0.005","70.6",17.9,15.2,12.5,28.5,23.4,"7.2",4,9.6,-1.1,46.7,33.5,"91.8","0",37.2,6,7.7,10.3,24.4,10.3,44.9,1.3,50,"80.761588421","95.899161447",69,11.4,28.2,48.5,51.5,32,66,50.5,234,81.3,6.9,111,185,4,463,88.6,18,158,49.5,229,44.5,206,22.3,48.4,43.6,42.3,14.1,78,58.4,55.1,43,12.8,10,29.5,23,2.6,2,"R","463",44.7,"2.8","96.7","2191","-7.2","-13.8","15.5","17.4","1.4","0.9","84","2460","8.4","-31.3","7.7","11.5","1.4",,,,,,,,,,,,,,,,,"37.1","96.3","2143","-14.1","-19.7","9.9","17.4","1.4",,,,,,,,,"24","87.6","1209","-7.8","-31.8","3.8","9.1","1.9",,,,,,,,,"35.2","82.4","2448","12.2","-37.1","3.3","12.8","1.4",,,,,,,,,,,,,,,,,,,,,,,,,"40","96.3","2147","-13.6","-19.3","10.3","17.4","1.4","36.1","82.5","2449","12.1","-36.9","3.4","12.8","1.4","24","87.6","1209","-7.8","-31.8","3.8","9.1","1.9"
"Enright, Nic",663671,2025,28,"9","10.2",44,38,7,5,1,0,1,8,5,18.2,11.4,".184",".289",".295","0.584","0.105",".207","3","3","0","1","32","0","0","0","0","0","2.53",,,"0","1","0","0","0","0","0","9","5","0","0","0","0","0","0","8","0","71","24","0","0","0","0","0","0","41","3","4","9","1","0","0","1","1","3","3","30","2","0","0","0","0","7","4","6","0","0","0","0","0","0","0","0","0","20","0","77","11","0","0","1","0","195","0","118","20","2","2","0","0","0",".233",".424",".272",".334",".337",".192",".259",".350",".233",".295","-0.049","-0.135","-0.062","70.4",17.9,7.8,6,29.7,22.6,"7.2",2,9.4,1.4,57.1,31.2,"89.3","27",36.7,2,6.7,3.3,26.7,40,20,3.3,40,"80.451303333","93.116399333",75.3,17.9,25.5,40.7,59.3,11,27,54.4,106,83.3,6.2,1,127,67,195,82.1,12,67,45.6,89,39.5,77,24.5,48.2,30,40,30,30,70.5,23.3,7,26.7,8,30,9,20,6,"R","195",53.7,"65.1","93.2","2527","-5.3","-11.4","20.3","21.1","1.1","28.7","84.8","2501","3.4","-36.3","1.8","5","1.4",,,,,,,,,"5.6","82.2","2558","6.9","-48.1","-7.5","10.3","1.3",,,,,,,,,,,,,,,,,"0.5","85.6","1685","-13.8","-26.4","10.6","17.4",,,,,,,,,,,,,,,,,,,,,,,,,,,,,,,,,,,,,,,,,,"65.1","93.2","2527","-5.3","-11.4","20.3","21.1","1.1","34.4","84.3","2510","4","-38.2","0.2","5.9","1.6","0.5","85.6","1685","-13.8","-26.4","10.6","17.4",
"Bowlan, Jonathan",680742,2025,28,"12","15.0",60,53,10,5,3,0,2,12,7,20,11.7,".189",".358",".283","0.641","0.169",".205","5","7","0","0","45","1","1","0","0","0","3.00",,,"0","1","0","0","0","0","0","18","5","0","0","0","0","0","0","15","0","89","33","0","0","0","0","0","0","35","2","3","12","3","0","0","0","2","3","5","41","2","0","0","0","0","7","20","2","0","0","0","0","0","0","0","0","0","35","2","93","19","0","0","1","0","240","0","147","36","9","1","0","0","1",".219",".388",".287",".308",".310",".168",".302",".332",".244",".284","-0.030","-0.030","-0.021","70.3",13.6,18.1,12.6,33.3,23.3,"7.3",3,8.3,2.4,49.5,31.7,"87.4","6.3",26.8,3,7.3,4.9,17.1,22,43.9,4.9,39,"75.100787143","94.29333561",71.3,23.6,30.2,50,50,21,42,57.9,139,60,4.2,22,114,104,240,76.4,17,72,42.1,101,49.6,119,33.3,47.5,41.5,24.4,34.1,41,68.3,56.1,23,22,9,17.1,7,4.9,2,"R","240",41.4,"30.8","95.9","2366","-7.6","-12.2","17.7","19.4","1.2","31.7","85.9","2512","3.7","-39.2","-2.2","4.6","1.4","9.2","88.6","1569","-12.5","-30.9","4","13.3","1.3","11.7","81.5","2468","12.8","-48.7","-7.2","14.9","1.4","16.7","96.3","2274","-13.9","-16.5","12.9","19","1.3",,,,,,,,,,,,,,,,,,,,,,,,,,,,,,,,,,,,,,,,,,,,,,,,,,,,,,,,,"47.5","96","2334","-9.8","-13.7","16","19.3","1.2","43.3","84.7","2500","6.1","-41.7","-3.5","7.4","2.3","9.2","88.6","1569","-12.5","-30.9","4","13.3","1.3"
"Williams, Trevor",592866,2025,33,"15","74.2",330,303,90,65,14,3,8,58,18,17.6,5.5,".297",".442",".334","0.776","0.145",".337","46","48","0","0","224","3","8","1","0","0","5.54",,,"10","28","5","0","0","0","0","52","38","9","1","0","1","0","0","72","0","438","219","0","3","0","0","0","0","229","12","0","0","3","0","0","2","14","30","46","252","23","0","0","0","0","54","61","24","1","0","0","0","0","0","1","6","15","106","2","469","134","3","0","33","0","1292","7","823","109","0","0","0","0","1",".277",".416",".337",".324",".321",".140",".386",".369",".359",".341",".020",".026",".013","71.9",24.2,17.3,13.8,37.9,30.3,"7.3",9,10.3,-2.9,43,34.5,"90.5","18",38.1,19,7.5,5.2,27.4,31.7,23.4,4.4,42.1,"80.451938862","94.585128571",66.6,14.5,26.6,34.1,65.3,58,170,49.5,640,80.2,7,169,644,115,1292,85.3,63,434,50.5,652,45.4,586,20,46.7,36.1,36.9,27,252,67.3,36.1,91,28.6,72,28.6,72,6.7,17,"R","1292",16.2,"41.1","87.7","2217","-2.2","-25.4","10","10.5","1.4","8.9","80.8","2225","5.8","-37.7","4","7.5","1.3","13.1","81.4","1491","-13.8","-40.8","0.6","14.3","1.2",,,,,,,,,"8.7","86.6","1935","-13.7","-32.1","4.5","14.7","1.2",,,,,,,,,,,,,,,,,,,,,,,,,"28.2","76.8","2222","10.4","-39.2","7.2","13.2","1.1",,,,,,,,,,,,,,,,,,,,,,,,,"49.8","87.5","2168","-4.2","-26.5","9","11.3","1.4","37.1","77.8","2223","9.3","-38.8","6.5","11.8","2.2","13.1","81.4","1491","-13.8","-40.8","0.6","14.3","1.2"
"Smith-Shawver, AJ",700363,2025,22,"9","44.1",191,169,42,29,8,1,4,42,20,22,10.5,".249",".379",".332","0.711","0.130",".309","19","20","0","0","133","3","2","3","0","0","3.86",,,"7","11","0","0","0","0","0","38","16","7","0","0","2","0","0","41","0","246","121","0","1","0","0","0","0","111","9","0","0","5","0","0","1","9","11","22","128","9","0","0","0","0","30","35","16","0","0","0","0","0","0","1","0","9","76","1","261","64","1","0","11","0","711","1","450","80","0","0","0","0","1",".308",".518",".318",".390",".385",".210",".361",".469",".331",".410","-0.059","-0.139","-0.072","71.1",18.8,19.9,14.9,42.7,31.9,"7.4",6,12.2,-5.4,49.1,33.3,"91.4","15.4",41.4,16,12.5,8.6,32.8,20.3,21.1,3.9,50.8,"80.383414444","95.756931587",63.7,19.2,30,42.7,56.4,47,110,51.6,367,75,7.3,242,331,138,711,80.8,42,219,48.4,344,41.6,296,27.1,46.3,40.6,36.7,22.7,128,60.2,35.9,46,30.5,39,29.7,38,3.9,5,"R","711",43.4,"46.6","95.6","2103","-9.2","-13.9","16.1","18.7","1.9","4.2","86.9","2173","1.5","-27.7","8.4","9","1.5",,,,,,,,,"15.2","77.3","2292","8.8","-57.1","-11","14.2","1.6",,,,,,,,,,,,,,,,,"34","83.2","1060","-10.2","-32.3","7.4","14.1","2.3",,,,,,,,,,,,,,,,,,,,,,,,,,,,,,,,,,,,,,,,,"46.6","95.6","2103","-9.2","-13.9","16.1","18.7","1.9","19.4","79.4","2266","7.2","-50.7","-6.8","13","4.1","34","83.2","1060","-10.2","-32.3","7.4","14.1","2.3"
"Mayza, Tim",641835,2025,33,"7","9.1",40,37,9,4,4,0,1,8,1,20,2.5,".243",".432",".275","0.707","0.189",".276","3","3","0","0","28","0","0","0","0","0","2.89",,,"0","0","0","0","0","0","0","11","5","0","0","0","0","1","0","11","0","46","32","0","0","0","0","0","0","29","3","4","7","0","0","1","1","4","1","4","30","3","0","0","0","0","4","12","1","0","0","0","0","0","0","0","1","0","16","0","52","16","0","0","0","0","162","1","110","16","8","2","0","0","1",".196",".366",".303",".270",".244",".170",".356",".313",".300",".258",".047",".066",".033","71.3",22.1,7.5,5.9,34,26.5,"7.3",0,8.8,2.6,47.1,33.3,"88.9","10.7",33.3,3,10,10,13.3,26.7,40,0,36.7,"80.247203333","92.779816667",60.2,15.1,33.8,44,56,11,25,45.7,74,84.2,11.7,0,116,46,162,84.9,8,53,54.3,88,40.1,65,24.4,48.1,30,33.3,36.7,30,70,43.3,13,26.7,8,23.3,7,6.7,2,"L","162",40.7,"2.5","93.8","2150","9.1","-17","14.1","16.8","1.4","28.4","86.9","2195","-3.3","-35.5","0.9","4.1","1.4",,,,,,,,,,,,,,,,,"69.1","93.8","2126","16.6","-21.5","9.7","19.4","1.3",,,,,,,,,,,,,,,,,,,,,,,,,,,,,,,,,,,,,,,,,,,,,,,,,,,,,,,,,"71.6","93.8","2126","16.4","-21.4","9.8","19.3","1.3","28.4","86.9","2195","-3.3","-35.5","0.9","4.1","1.4",,,,,,,,
"Lazar, Max",676661,2025,26,"7","11.0",52,46,10,7,2,0,1,9,6,17.3,11.5,".217",".326",".308","0.634","0.109",".250","5","5","1","0","33","0","0","0","0","0","4.09",,,"1","0","0","0","0","0","0","11","5","1","0","0","0","0","0","9","0","72","42","0","0","0","0","0","0","27","0","3","7","3","0","0","0","1","3","6","32","2","0","0","0","0","6","9","4","0","0","0","0","0","0","0","0","0","13","0","76","15","0","0","0","0","192","0","116","15","2","0","0","0","0",".266",".391",".288",".329",".351",".125",".293",".350",".270",".331","-0.049","-0.065","-0.041","71",21.6,18.3,14.9,41.7,33.8,"7",2,6.7,4.5,56.8,30.8,"93","14.7",29.7,2,5.4,10.8,29.7,29.7,21.6,2.7,51.4,"84.59096","96.03777027",55.5,15.2,20,38.9,61.1,7,18,43.1,90,66.7,8.6,0,159,50,209,84.8,10,66,56.9,119,40.2,84,20.2,40.2,29.7,40.5,29.7,37,53.8,37.8,14,21.6,8,29.7,11,10.8,4,"R","209",54.2,"58.4","93.9","2436","0.1","-16.2","14.8","14.9","1.3",,,,,,,,,,,,,,,,,"23.9","80.8","2428","6.1","-57.5","-15.3","16.6","1.3",,,,,,,,,"17.7","88","2325","4.1","-31.4","3.6","5.8","1.4",,,,,,,,,,,,,,,,,,,,,,,,,,,,,,,,,,,,,,,,,,,,,,,,,"76.1","92.5","2410","1.1","-19.7","12.2","12.8","2.8","23.9","80.8","2428","6.1","-57.5","-15.3","16.6","1.3",,,,,,,,
"Lopez, Jacob",682052,2025,27,"10","36.0",165,142,36,25,5,0,6,49,16,29.7,9.7,".254",".415",".354","0.769","0.161",".345","17","20","0","0","108","1","4","0","1","0","4.25",,,"6","13","0","0","0","0","0","42","15","5","2","0","3","0","0","41","0","251","109","0","0","0","0","0","0","122","8","1","4","0","0","0","6","8","7","21","94","8","0","0","0","0","27","11","9","0","0","0","0","0","0","1","0","6","87","3","262","59","0","0","13","0","686","1","424","88","6","1","0","0","0",".217",".375",".344",".312",".322",".159",".441",".383",".387",".331",".037",".040",".032","71.4",23.7,12.2,8.6,28.1,19.8,"7.5",6,10.9,-5,54.3,31.7,"88.5","26.8",39.4,6,6.4,11.7,24.5,40.4,10.6,6.4,35.1,"77.811915217","93.654817717",66.1,23.4,28.6,44.3,53.8,47,106,53.9,370,66,7.3,72,403,211,686,76.1,49,209,46.1,316,38,261,30.5,45.9,42.6,28.7,28.7,94,67.3,19.1,18,37.2,35,31.9,30,11.7,11,"L","686",20.3,"39.4","90.7","2112","14.1","-22.2","11.4","18.3","1.3","30.8","78.7","2360","-8.5","-43","1.4","9","1.3","10.5","83","2110","19","-35.2","4.9","19.7","1.2",,,,,,,,,"2.3","90.3","2052","18.7","-29.4","4.4","19.3","1.4","17.1","88","2202","1.6","-24.6","10.9","11.3","1.4",,,,,,,,,,,,,,,,,,,,,,,,,,,,,,,,,,,,,,,,,,,,,,,,,"58.7","89.9","2136","10.7","-23.2","11","16.3","1.8","30.8","78.7","2360","-8.5","-43","1.4","9","1.3","10.5","83","2110","19","-35.2","4.9","19.7","1.2"
"Singer, Brady",663903,2025,28,"14","74.2",341,300,72,45,16,2,9,67,33,19.6,9.7,".240",".397",".318","0.715","0.157",".276","36","39","0","0","224","7","4","0","0","0","4.34",,,"7","14","1","0","0","0","0","62","36","7","0","0","5","0","0","56","0","474","223","0","0","0","0","0","0","192","10","0","0","7","0","1","2","12","15","41","223","18","0","0","0","0","52","64","21","0","0","0","0","0","0","1","3","14","109","3","497","112","0","0","15","0","1260","4","763","113","0","0","0","0","0",".267",".456",".315",".348",".344",".188",".346",".393",".304",".342","-0.027","-0.059","-0.033","72.4",26.4,17.1,13.7,36.7,29.3,"7.3",9,9.8,-1.6,48.5,32.8,"91.1","15.8",38.7,26,10.9,6.3,26.1,29.4,23.9,2.9,44.5,"80.901055763","95.03198928",62.9,15.7,23.2,40.9,58.5,65,159,50.3,685,70.2,6.9,0,865,446,1362,83.8,67,426,49.7,677,43.2,589,22.6,43,39.9,39.1,21,238,59.2,35.7,85,29.8,71,27.7,66,6.7,16,"R","1362",26.9,"10.4","91.6","2418","-6.2","-17.2","15.4","16.7","1.2","32.7","82.3","2426","5.2","-41.4","-1.1","5.8","1.4",,,,,,,,,,,,,,,,,"41.3","92.2","2361","-16","-21.5","10.9","19.5","1.1","11.7","87.8","2337","1.3","-27","8.4","8.8","1.5",,,,,,,,,,,,,,,,,"3.7","80.7","2402","10.4","-40.3","1.7","11.1","1.5",,,,,,,,,,,,,,,,,,,,,,,,,"63.5","91.3","2366","-11.2","-21.8","11.2","17","2.2","36.5","82.1","2424","5.7","-41.3","-0.8","6.3","1.5",,,,,,,,
"Ginn, J.T.",669372,2025,26,"6","22.1",97,88,24,16,2,0,6,27,7,27.8,7.2,".273",".500",".340","0.840","0.227",".327","13","13","0","0","67","1","2","0","0","0","5.24",,,"1","4","0","0","0","0","0","17","10","1","0","0","0","0","0","10","0","150","73","0","0","0","0","0","0","61","0","0","2","3","0","0","2","5","8","11","61","2","1","0","0","0","2","27","2","0","0","0","0","0","0","0","0","4","36","0","161","44","0","0","4","0","394","0","233","37","0","0","0","0","0",".258",".464",".366",".343",".327",".206",".479",".442",".393",".373",".015",".036",".023","72.3",24.5,20.2,15.6,34.2,26.5,"7.4",0,10,-3.3,54.4,33.5,"90.3","3.7",27.9,8,13.1,4.9,21.3,11.5,41,8.2,50.8,"78.275557097","96.061556066",61.2,13.5,25,41.1,58.9,23,56,56.9,224,73.9,5.8,26,264,104,394,85.6,14,104,43.1,170,43.4,171,23.1,40.6,52.5,32.8,14.8,61,49.5,57.4,35,11.5,7,21.3,13,9.8,6,"R","394",43.8,"0.8","93.1","1974","-6.1","-23.3","8.4","10.6","1.5","26.4","86.2","2207","5.1","-37.1","0","5.7","1.3","6.6","88.7","1649","-15.6","-33.2","1.9","15.9","1.8",,,,,,,,,"57.4","93.7","1917","-14.9","-27.7","3.8","15.5","1.3","8.9","91.9","2046","-0.7","-23.4","8.9","9.1","1.3",,,,,,,,,,,,,,,,,,,,,,,,,,,,,,,,,,,,,,,,,,,,,,,,,"67","93.5","1935","-12.9","-27.1","4.5","14.6","1.4","26.4","86.2","2207","5.1","-37.1","0","5.7","1.3","6.6","88.7","1649","-15.6","-33.2","1.9","15.9","1.8"
"Dollander, Chase",801403,2025,23,"12","56.2",252,222,59,39,6,0,14,48,25,19,9.9,".266",".482",".343","0.825","0.216",".278","39","43","0","0","170","2","7","1","0","0","6.19",,,"9","17","1","1","0","0","0","35","42","8","1","0","3","0","0","55","0","369","137","0","1","0","0","0","0","182","12","0","0","5","0","0","2","15","22","22","177","15","0","0","0","0","35","56","15","0","1","1","0","0","0","1","2","12","97","4","389","107","1","0","19","2","998","3","609","100","0","0","0","0","3",".266",".512",".359",".367",".345",".246",".405",".417",".335",".339",".000","-0.030","-0.008","71.5",21.2,13.1,10.1,33.4,25.9,"7.1",13,6.4,2.7,40.6,32.6,"89.1","11.8",35.6,26,14.7,4,20.9,24.9,31.6,4,41.8,"77.564470341","94.50578358",70.9,18.7,24.5,37.9,62.1,47,124,50.8,507,79.7,7.4,97,680,221,998,81,65,348,49.2,491,41.4,413,23.7,47.3,35,38.4,26.6,177,53.2,44.1,78,28.2,50,22,39,5.6,10,"R","998",27.1,"49.7","97.6","2414","-11.4","-15.7","13.1","17.5","0.9","0.4","86.7","2678","6.4","-36.5","-0.7","6.4","1.4","9.7","88.8","2087","-16.1","-30.1","4.5","16.8","1.1","21.7","78.8","2798","14.4","-52","-7.8","16.5","1.3","6.5","96.6","2422","-16.7","-24.3","5","17.5","1.2","11.9","89.2","2538","4.4","-30.1","4","6.4","1.2",,,,,,,,,,,,,,,,,,,,,,,,,,,,,,,,,,,,,,,,,,,,,,,,,"68.1","96","2436","-9.1","-19.1","10.7","15.5","3.6","22.1","79","2796","14.3","-51.7","-7.7","16.3","1.7","9.7","88.8","2087","-16.1","-30.1","4.5","16.8","1.1"
"Irvin, Jake",663623,2025,28,"15","89.1",375,347,84,50,18,2,14,59,26,15.7,6.9,".242",".427",".299","0.726","0.185",".255","42","42","0","0","268","5","3","1","0","0","4.23",,,"5","16","1","0","0","0","0","69","40","5","0","0","7","0","0","71","0","459","259","0","0","0","0","0","0","247","9","0","0","6","1","1","2","20","27","37","288","23","0","0","0","0","66","92","30","0","0","0","0","1","0","0","0","15","102","0","469","148","0","0","17","0","1380","0","911","104","0","0","0","0","6",".281",".524",".317",".366",".335",".243",".345",".410",".292",".339","-0.039","-0.097","-0.049","72.1",25.8,19.2,16.1,37.3,31.4,"7.3",7,12.1,-3.1,54.1,32.1,"90.2","14.2",35.4,37,12.8,4.5,22.9,27.4,28.1,3.5,45.8,"78.643693776","95.191657088",63.2,10.9,26.1,38.1,61.3,59,155,43,594,70.2,8.8,140,738,501,1380,88.5,54,497,57,786,45.6,629,17.3,47.2,41.3,37.2,21.5,288,68.5,41.3,119,29.9,86,23.3,67,5.6,16,"R","1379",27.6,"31","92.2","2332","-9","-17.5","14.7","17.3","1.7","1.9","84.7","2496","6.6","-37.3","0.6","7.2","1.8","10.2","85.4","2209","-15.5","-32.8","4.8","16.3","2.2","34.4","77.9","2483","14.1","-49.3","-4.2","15.1","2.3","19.4","91.6","2304","-16.5","-25.8","6.9","18","1.7","3","88.1","2464","1","-28","7.1","7.8","1.7",,,,,,,,,,,,,,,,,,,,,,,,,,,,,,,,,,,,,,,,,,,,,,,,,"53.5","91.8","2329","-11.2","-21.1","11.4","17.1","2","36.3","78.3","2484","13.7","-48.7","-4","14.7","2.8","10.2","85.4","2209","-15.5","-32.8","4.8","16.3","2.2"
"Molina, Anthony",683627,2025,23,"3","4.2",31,30,11,7,2,0,2,4,0,12.9,0,".367",".633",".355","0.988","0.266",".360","5","5","0","0","14","0","0","0","0","0","9.64",,,"0","0","0","0","0","0","0","1","5","0","0","0","0","0","0","4","0","21","14","0","0","0","0","0","1","16","0","2","3","0","0","0","0","5","1","1","18","3","0","0","0","0","4","5","2","0","0","0","0","0","0","0","0","0","7","0","25","15","0","0","0","0","80","0","55","7","0","0","0","0","0",".317",".533",".416",".352",".310",".216",".478",".404",".407",".356",".050",".100",".064","72.1",24.6,17.8,14,37.8,29.8,"7.4",0,10.2,0.4,59.6,33.1,"89.8","19.3",48.1,2,7.4,14.8,14.8,33.3,29.6,0,48.1,"79.83154","94.186072222",71.7,16.3,36,33.3,66.7,6,18,45.5,50,66.7,8.2,25,57,28,110,83.7,7,43,54.5,60,41.8,46,21.3,55.5,25.9,33.3,40.7,27,71,29.6,8,44.4,12,25.9,7,0,0,"R","110",47.8,"46.4","95.5","2106","-8.1","-14.1","15.8","17.9","1.2","19.1","87.6","2078","3.8","-30","5.5","7","1.5","22.7","87.4","1945","-14.2","-29.1","6.5","15.7","1.3","6.4","84.8","2283","2.7","-38.4","-0.9","3.1","1.3",,,,,,,,,"5.5","91.8","2093","-0.6","-20","12.4","12.4","1.4",,,,,,,,,,,,,,,,,,,,,,,,,,,,,,,,,,,,,,,,,,,,,,,,,"51.8","95.1","2105","-7.3","-14.7","15.5","17.3","1.6","25.5","86.9","2129","3.5","-32.1","3.9","6","1.7","22.7","87.4","1945","-14.2","-29.1","6.5","15.7","1.3"
"Martin, Chris",455119,2025,39,"25","22.1",91,87,18,16,1,0,1,26,3,28.6,3.3,".207",".253",".231","0.484","0.046",".279","4","8","1","0","67","0","4","1","0","0","1.61",,,"4","1","0","0","0","0","0","16","6","3","1","0","0","0","0","17","0","81","56","0","1","0","0","0","1","70","4","5","25","1","0","0","0","3","3","10","57","3","10","0","2","0","14","17","4","0","0","0","0","0","0","0","1","0","31","4","85","20","1","0","1","0","306","1","221","33","9","1","0","0","1",".259",".407",".205",".287",".282",".148",".283",".403",".290",".367","-0.052","-0.154","-0.082","71.4",22.8,12.7,10.1,26.3,20.8,"7",1,5.2,7,48.3,32.4,"89.6","14.8",40.3,5,8.1,8.1,25.8,25.8,29,1.6,40.3,"78.201926129","94.840226066",67.7,15.9,35.1,37,60.9,17,46,41.3,131,80,6.3,49,261,0,317,84.1,20,126,58.7,186,43.8,139,21.5,54.3,25.8,43.5,30.6,62,76.4,35.5,22,30.6,19,25.8,16,8.1,5,"R","317",41.6,"31.9","94.7","2226","-7.6","-15.6","15.1","17","1.1",,,,,,,,,,,,,,,,,,,,,,,,,"12","94.1","2198","-15.2","-20.1","11.1","19","1.3","38.5","91.3","2230","2.8","-24.5","8.3","9","1.1","15.5","88","1527","-9.8","-33.2","2","10.2","1.3",,,,,,,,,"2.2","83.8","2702","11.3","-45.2","-5.9","13.9","1.4",,,,,,,,,,,,,,,,,,,,,,,,,"82.3","93","2224","-3.8","-20.4","11.3","13.5","2.1","2.2","83.8","2702","11.3","-45.2","-5.9","13.9","1.4","15.5","88","1527","-9.8","-33.2","2","10.2","1.3"
"Rodón, Carlos",607074,2025,32,"16","95.2",380,342,61,35,13,0,13,114,33,30,8.7,".178",".330",".256","0.586","0.152",".222","33","36","0","0","287","9","5","2","0","0","3.10",,,"6","12","0","0","1","0","0","56","32","5","1","0","8","0","0","63","0","534","271","0","2","0","0","0","0","234","22","0","0","3","0","2","3","19","21","20","230","11","0","0","0","1","50","77","24","0","0","0","0","0","0","1","1","16","189","3","571","113","2","1","12","0","1543","2","972","207","0","0","0","0","1",".202",".357",".263",".281",".279",".155",".325",".357",".266",".304","-0.024","-0.027","-0.018","72.4",29.5,12.7,8.8,32.8,22.6,"7.5",17,10.5,-2.2,55.4,32,"89.3","14.1",32.2,21,9.1,7,18.7,30,30,4.8,40.4,"78.330125398","94.436262566",63.5,20.5,30.5,54.3,44.2,140,258,54.8,845,77.4,6,237,760,546,1543,79,91,443,45.2,698,43.2,666,33,45.4,33.5,36.5,30,230,60.5,42.6,98,30.4,70,19.1,44,7.8,18,"L","1543",44.6,"40.2","94.4","2327","10.5","-13.4","17.6","20.6","1.5","29.6","85.6","2643","-6.5","-39.2","-1.7","7.4","1.7","15.4","85.2","1618","12.4","-34.3","3.4","13","1.4","5.8","80","2691","-8","-57.4","-14.2","16.5","1.7","9.1","92.2","2267","13.3","-26.5","5.7","14.7","1.6",,,,,,,,,,,,,,,,,,,,,,,,,,,,,,,,,,,,,,,,,,,,,,,,,,,,,,,,,"49.3","94","2316","11","-15.8","15.4","19.6","1.8","35.4","84.7","2651","-6.7","-42.2","-3.8","8.9","2.9","15.4","85.2","1618","12.4","-34.3","3.4","13","1.4"
"Sewald, Paul",623149,2025,35,"14","11.2",48,46,13,8,2,0,3,15,2,31.3,4.2,".283",".522",".313","0.835","0.239",".357","8","8","1","1","35","1","1","0","0","0","6.17",,,"3","5","1","0","0","0","0","12","10","2","0","1","0","0","0","17","0","59","40","0","0","0","0","0","0","29","6","2","14","1","0","1","0","6","2","5","31","5","3","0","0","0","8","1","4","0","0","1","0","0","0","0","0","0","22","0","60","24","0","0","6","1","189","0","129","23","10","4","0","0","0",".240",".530",".359",".338",".271",".291",".512",".479",".419",".356",".043","-0.008",".021","71.5",18.3,19.6,14.1,35.3,25.4,"7.1",1,8,-1.2,54.9,30.3,"88","31.6",45.2,6,19.4,3.2,19.4,41.9,6.5,9.7,35.5,"76.765229375","93.995815806",61.1,24.2,28.4,56.5,43.5,13,23,42.9,81,61.1,9.5,0,108,0,189,75.8,16,66,57.1,108,41.8,79,32.6,47.1,32.3,25.8,41.9,31,70.8,9.7,3,45.2,14,29,9,16.1,5,"R","189",16.5,"57.1","90.2","2480","-11.5","-20","13.8","18.2","1.2",,,,,,,,,,,,,,,,,,,,,,,,,,,,,,,,,,,,,,,,,,,,,,,,,,,,,,,,,"42.9","82.4","2539","10.2","-32.9","7.6","13.2","1.2",,,,,,,,,,,,,,,,,,,,,,,,,"57.1","90.2","2480","-11.5","-20","13.8","18.2","1.2","42.9","82.4","2539","10.2","-32.9","7.6","13.2","1.2",,,,,,,,
"Ray, Robbie",592662,2025,33,"15","87.1",353,314,63,42,13,1,7,97,35,27.5,9.9,".201",".315",".278","0.593","0.114",".263","26","28","0","0","262","8","2","4","0","0","2.68",,,"11","23","1","0","4","0","0","63","26","8","3","0","10","0","0","56","0","479","208","0","4","1","0","0","0","272","14","0","0","2","0","0","0","12","24","27","221","12","0","0","0","1","54","66","19","0","0","0","0","0","0","1","3","15","189","2","499","99","5","4","24","0","1416","4","917","196","0","0","0","0","2",".203",".329",".268",".274",".283",".126",".318",".329",".286",".294","-0.002","-0.014","-0.006","71.8",23.3,11.1,7.9,32.7,23.5,"7.3",9,10.8,-2.3,52,30.6,"91.3","16.1",30.3,16,7.2,5.4,21.7,33.9,27.1,3.6,44.8,"82.289861111","94.664359306",70.4,19.6,29.5,54.3,45.7,113,208,49.7,704,82.5,8.5,188,751,477,1416,79.4,98,501,50.3,712,44.6,631,29.8,50.1,40.3,34.8,24.9,221,61.2,40.7,90,30.8,68,21.3,47,7.2,16,"L","1416",46.1,"53","93.6","2375","8.2","-12.9","18.5","20.3","1.4","22.3","88","2287","0.8","-26","9.2","9.5","1.6","13.3","84.9","1656","11","-26.4","11.6","16.2","1.4","11.4","81.5","2189","-1.4","-46.1","-5.1","5.7","1.7",,,,,,,,,,,,,,,,,,,,,,,,,,,,,,,,,,,,,,,,,,,,,,,,,,,,,,,,,,,,,,,,,"53","93.6","2375","8.2","-12.9","18.5","20.3","1.4","33.7","85.8","2254","0.1","-32.8","4.4","8.2","3.7","13.3","84.9","1656","11","-26.4","11.6","16.2","1.4"
"Cosgrove, Tom",676680,2025,29,"2","4.0",16,15,3,3,0,0,0,3,1,18.8,6.3,".200",".200",".250","0.450","0.000",".250","1","1","0","0","12","0","0","0","0","0","2.25",,,"1","0","0","0","0","0","0","3","1","1","0","0","0","0","0","2","0","21","7","0","0","0","0","0","0","17","0","2","2","0","0","0","0","0","2","1","12","1","0","0","0","0","2","5","1","0","0","0","0","0","0","0","0","0","6","0","21","3","0","0","0","0","64","0","43","7","0","0","0","0","0",".161",".183",".210",".185",".213",".023",".222",".189",".250",".201",".039",".017",".025","72.3",21.2,3.6,3,17.9,15.2,"7.8",0,13.4,-4,42.4,33.2,"81.7","2.6",16.7,0,0,0,25,25,41.7,8.3,8.3,"71.965208333","90.309905",78.6,18.2,38.9,21.4,78.6,3,14,56.3,36,50,6.3,0,37,0,64,81.8,4,22,43.8,28,48.4,31,19.4,56.3,33.3,41.7,25,12,56.3,58.3,7,16.7,2,16.7,2,8.3,1,"L","64",21,"25","88.5","2381","2.9","-24","11","11.5","1.4",,,,,,,,,,,,,,,,,,,,,,,,,"32.8","87.3","2338","11.7","-29.5","6.7","13.7","1.4",,,,,,,,,,,,,,,,,,,,,,,,,"42.2","76.2","2640","-16.8","-45.8","1.9","17.1","1.3",,,,,,,,,,,,,,,,,,,,,,,,,"57.8","87.8","2356","7.9","-27.1","8.5","12.8","1.4","42.2","76.2","2640","-16.8","-45.8","1.9","17.1","1.3",,,,,,,,
"Hall, DL",669084,2025,26,"5","13.1",55,48,6,4,1,0,1,10,7,18.2,12.7,".125",".208",".236","0.444","0.083",".135","3","3","0","0","40","1","0","0","0","0","2.03",,,"0","3","0","0","0","0","0","11","2","0","0","0","0","0","0","7","0","73","33","0","0","0","0","0","0","31","1","0","3","1","0","0","0","1","2","3","35","1","0","0","0","1","8","12","6","1","0","0","0","0","0","0","0","2","16","0","78","10","0","0","3","0","196","0","118","17","2","1","0","0","0",".200",".314",".214",".280",".302",".114",".181",".277",".158",".253","-0.075","-0.106","-0.066","72.3",26.2,14.5,11.9,34.8,28.6,"7.3",3,7.5,3.5,52.4,31.5,"87.6","14.4",31.6,1,2.6,7.9,23.7,36.8,26.3,2.6,28.9,"77.123718947","93.065266842",63.1,15.4,25,33.3,66.7,9,27,51.2,108,80,9.5,35,119,57,211,84.6,10,65,48.8,103,39.8,84,20.7,43.6,39.5,36.8,23.7,38,61.8,39.5,15,26.3,10,26.3,10,7.9,3,"L","211",43.4,"36.5","93.9","2215","6.7","-15.4","15.9","17.3","1.2","21.3","85.7","2487","-6.5","-38","-0.6","6.8","1.3","16.6","84.7","2107","14.7","-27.9","10.5","18.1","1.6","5.7","78.5","2602","-9.3","-55.8","-11.1","14.6","1.4","3.3","94.3","2126","13.4","-19.9","10.9","17.4","1.3","16.6","92.1","2374","-1.3","-21.6","10.5","10.9","1.3",,,,,,,,,,,,,,,,,,,,,,,,,,,,,,,,,,,,,,,,,,,,,,,,,"56.4","93.4","2257","4.7","-17.5","14","15.4","1.4","27","84.2","2511","-7.1","-41.8","-2.8","8.4","2.7","16.6","84.7","2107","14.7","-27.9","10.5","18.1","1.6"
"Taylor, Grant",691799,2025,23,"4","4.0",20,19,4,3,1,0,0,6,1,30,5,".211",".263",".250","0.513","0.052",".308","2","2","0","1","12","0","0","1","0","0","4.50",,,"0","1","0","0","0","0","0","3","1","0","0","0","0","0","0","7","0","17","8","0","0","0","0","0","0","15","0","1","4","0","0","0","0","0","2","2","11","1","2","0","0","0","3","3","1","0","0","0","0","0","0","0","0","0","10","0","19","5","0","0","1","0","64","0","45","10","0","0","0","0","0",".235",".428",".231",".302",".273",".193",".302",".411",".308",".344","-0.024","-0.165","-0.071","70.9",16.7,14.3,11.1,25,19.4,"6.7",2,4.2,9.6,47.2,31.9,"92.3","8.4",38.5,1,7.7,7.7,30.8,23.1,30.8,0,46.2,"82.657745714","95.580884615",76.7,21.2,38.2,53.8,46.2,7,13,44.2,34,100,9.1,0,60,17,77,78.8,7,33,55.8,43,44.2,34,30.4,59.7,0,76.9,23.1,13,55,53.8,7,23.1,3,23.1,3,0,0,"R","77",54.8,"55.8","99.1","2501","-1.4","-10.2","17.9","18","1.4","2.6","89.5","2731","7.6","-38.9","-4.6","9.1","1.5",,,,,,,,,"19.5","86.1","2464","3.2","-51.5","-14.2","14.6","1.4",,,,,,,,,"22.1","93.9","2668","3.2","-26.9","4.2","6.5","1.7",,,,,,,,,,,,,,,,,,,,,,,,,,,,,,,,,,,,,,,,,,,,,,,,,"77.9","97.6","2548","-0.1","-14.9","14","14.7","2.5","22.1","86.5","2496","3.7","-50","-13","14","1.6",,,,,,,,
"Ruiz, José",614179,2025,30,"18","16.1",79,68,23,13,7,0,3,15,9,19,11.4,".338",".574",".405","0.979","0.236",".385","16","17","0","0","49","1","0","0","1","0","8.82",,,"1","2","0","0","0","0","0","23","19","1","0","0","0","0","0","31","0","98","36","0","1","0","0","0","0","56","5","2","18","0","0","0","0","3","9","11","55","10","3","0","0","0","10","15","3","1","0","0","0","0","0","0","2","0","31","1","113","39","1","0","2","0","302","2","189","36","17","7","0","0","0",".261",".416",".416",".341",".346",".154",".484",".376",".418",".334",".077",".158",".075","71.6",25.4,17.2,12.7,35.5,26.2,"7.3",2,10,-1.3,53.2,31.8,"88","12",32.7,4,7.3,16.4,12.7,23.6,27.3,12.7,38.2,"74.556710741","94.870705556",73.5,22.5,27.8,38.1,59.5,16,42,50,151,75.9,9.6,46,162,91,302,77.5,25,111,50,151,43,130,26.8,50.7,43.6,34.5,21.8,55,60.8,43.6,24,25.5,14,27.3,15,3.6,2,"R","302",45.2,"38.1","95.7","2304","-6.1","-12.6","17.5","18.6","1","0.7","90.3","2284","3.1","-26.4","6.6","7.3","1.4","15.2","89","1913","-16","-27.4","7.2","17.6","1.1","29.5","85.5","2170","2.5","-40.7","-3.3","5","1.2","15.6","95.2","2206","-14.6","-17.4","12.8","19.5","1.1",,,,,,,,,,,,,,,,,,,,,,,,,"1","85.1","2160","11.8","-37.3","0.7","12.3","1.4",,,,,,,,,,,,,,,,,,,,,,,,,"53.6","95.5","2276","-8.6","-14","16.1","18.8","1","31.1","85.6","2172","2.8","-40.3","-3","5.3","1.3","15.2","89","1913","-16","-27.4","7.2","17.6","1.1"
"Detmers, Reid",672282,2025,25,"28","31.1",140,124,32,23,7,0,2,41,16,29.3,11.4,".258",".363",".343","0.706","0.105",".370","17","17","2","1","94","2","2","0","0","0","4.88",,,"2","6","0","0","0","0","0","29","17","2","0","0","0","0","0","43","0","191","99","0","2","0","0","0","0","96","7","5","28","3","0","0","0","5","14","13","81","12","6","0","2","0","14","22","10","1","0","0","0","1","0","0","0","0","71","0","197","45","2","0","6","0","558","0","361","74","7","4","0","0","0",".222",".329",".313",".283",".311",".107",".403",".354",".386",".332",".036",".034",".030","70.7",18.5,12.4,8.8,31.1,22,"7.1",9,6.5,3.7,40.1,30.7,"88.1","11.4",31.3,6,7.2,3.6,27.7,25.3,30.1,6,37.3,"77.01742122","93.73645716",62.3,22.1,29.5,55.6,43.2,45,81,47.4,275,73.6,9.1,1,293,285,580,76.8,42,190,52.6,305,41.2,239,32.1,46.7,28.9,43.4,27.7,83,58.7,43.4,36,22.9,19,28.9,24,4.8,4,"L","579",45.7,"46.8","95.3","2153","7.9","-12.1","18.2","20","1.4","24.7","88.1","2272","-2.8","-36.8","-1.6","4.7","1.8","0.2","85.3","1623","12.9","-26.5","10.9","16.9",,"24.5","73.1","2476","-10.5","-68.3","-16.2","19.4","1.9","3.8","95.3","2133","13.3","-15","15.3","20.5","1.3",,,,,,,,,,,,,,,,,,,,,,,,,,,,,,,,,,,,,,,,,,,,,,,,,,,,,,,,,"50.6","95.3","2151","8.3","-12.3","18","20","1.4","49.2","80.6","2374","-6.6","-52.5","-8.9","12","8","0.2","85.3","1623","12.9","-26.5","10.9","16.9",
"Estes, Joey",683155,2025,23,"2","7.0",42,33,15,7,4,0,4,5,6,11.9,14.3,".455",".939",".524","1.463","0.484",".423","12","12","0","0","21","0","2","0","0","0","15.43",,,"1","3","1","0","0","0","0","9","11","1","0","0","0","0","0","12","0","59","13","0","0","0","0","0","0","28","1","0","0","0","0","0","1","6","3","6","30","4","0","0","0","0","7","3","0","0","0","0","0","0","0","0","2","2","11","0","63","31","0","0","4","0","146","2","83","11","0","0","0","0","0",".327",".629",".583",".444",".429",".302",".653",".458",".500",".368",".128",".310",".139","72.7",32.3,13,10.8,35.2,29.2,"7.3",0,12.3,-4.4,61.5,32.1,"89.2","24.4",50,5,16.7,3.3,23.3,40,13.3,3.3,36.7,"80.290734667","93.136111",75.4,15.4,23.4,22.2,77.8,4,18,52.7,77,92.3,8.9,10,90,24,146,84.6,8,52,47.3,69,41.8,61,17.1,47.9,63.3,16.7,20,30,50,20,6,50,15,20,6,10,3,"R","146",39,"54.1","90.7","2331","-6.2","-17.5","15.9","17.3","1.5","16.4","82.3","2410","6","-37.8","2.4","6.9","1.5","6.8","83.6","1407","-13.5","-32.5","6.9","15.6","1.5",,,,,,,,,"7.5","89.7","2164","-14.5","-21.3","13.1","19.6","1.4",,,,,,,,,,,,,,,,,,,,,,,,,"15.1","76.9","2476","15.8","-41.8","4.9","16.8","1.7",,,,,,,,,,,,,,,,,,,,,,,,,"61.6","90.6","2311","-7.3","-18","15.5","17.5","1.5","31.5","79.7","2442","10.7","-39.7","3.6","11.6","2.6","6.8","83.6","1407","-13.5","-32.5","6.9","15.6","1.5"
"Fried, Max",608331,2025,31,"15","95.0",400,373,77,56,11,3,7,97,20,24.3,5,".206",".308",".258","0.566","0.102",".260","20","25","0","0","285","9","2","4","1","0","1.89",,,"4","21","2","0","5","1","0","67","20","3","1","0","11","0","0","63","0","478","234","0","2","2","0","0","0","260","16","0","0","10","0","0","4","11","26","32","259","9","0","0","0","0","41","111","21","1","0","0","0","0","0","1","0","15","145","5","509","107","3","5","23","0","1429","1","920","150","0","0","0","0","10",".245",".395",".254",".302",".295",".150",".301",".371",".279",".333","-0.039","-0.087","-0.048","71.7",23.9,13.8,10.7,33.6,26,"7.1",18,7.3,2.5,48.8,32.6,"88.3","7.2",30,20,7.2,4.3,23.5,20.2,37.9,5.8,40.1,"76.707332721","94.171560699",68,17.6,27.3,42,58,87,207,49.3,757,76.6,8.1,137,931,288,1534,82.2,93,528,50.7,777,41.8,641,24.5,47.9,41.9,37.2,20.9,277,61.3,53.8,149,19.9,55,20.6,57,5.8,16,"L","1534",46.7,"12.2","95.4","2243","2.9","-15.3","14.7","15.2","1.7","2.3","85.2","2473","-4.9","-35.7","1.9","6.8","1.9","8.9","84.7","1770","12.4","-34.3","3.7","13.2","2","16.4","75.6","2981","-11.1","-66.1","-17.4","20.7","2.1","17.9","93.9","2137","9.9","-26.5","4.4","11.1","2","30.6","93.5","2315","-1.8","-22.2","9","9.4","1.9",,,,,,,,,,,,,,,,,"11.6","80.6","2894","-17.9","-49.2","-6.6","19.4","2.2",,,,,,,,,,,,,,,,,,,,,,,,,"60.7","94","2248","2.6","-22.1","8.8","11","2.1","30.4","78.3","2909","-13.3","-57.3","-11.8","19.1","4","8.9","84.7","1770","12.4","-34.3","3.7","13.2","2"
"Dodd, Dylan",689266,2025,27,"5","3.2",15,14,1,1,0,0,0,4,1,26.7,6.7,".071",".071",".133","0.204","0.000",".100","0","0","0","0","11","0","0","0","0","0","0.00",,,"0","2","0","0","1","0","0","7","2","0","0","0","0","0","0","8","0","14","11","0","0","0","0","0","0","3","0","4","5","0","0","0","0","0","1","0","8","1","0","0","0","0","1","5","0","0","0","0","0","0","0","0","0","0","9","0","14","1","0","1","2","0","45","0","31","9","7","2","0","0","0",".123",".209",".105",".178",".182",".085",".089",".198",".100",".173","-0.052","-0.138","-0.073","73",30.4,23.1,13,46.2,26.1,"7.4",1,12.6,-4.4,52.2,32.2,"87.8","10.5",0,0,0,10,10,20,40,20,50,"73.13786","95.655978",59.4,36.8,26.9,71.4,28.6,5,7,44.8,26,87.5,13.8,0,55,3,58,63.2,7,19,55.2,32,43.1,25,46.2,44.8,40,30,30,10,80,60,6,30,3,0,0,10,1,"L","58",38.4,"29.3","94.1","2165","11.1","-14.2","16.9","20.3","1.4","5.2","82.5","2341","-1.3","-41.8","-1.4","1.9","1.4",,,,,,,,,,,,,,,,,,,,,,,,,"65.5","86.3","2101","1.8","-32","4.8","5.4","1.3",,,,,,,,,,,,,,,,,,,,,,,,,,,,,,,,,,,,,,,,,,,,,,,,,"94.8","88.7","2121","4.6","-26.5","8.5","10","3.1","5.2","82.5","2341","-1.3","-41.8","-1.4","1.9","1.4",,,,,,,,
"Petty, Chase",695534,2025,22,"2","5.1",36,28,13,7,3,0,3,7,8,19.4,22.2,".464",".893",".583","1.476","0.429",".556","13","13","0","0","16","0","2","0","0","0","21.94",,,"0","3","0","0","0","0","0","6","10","0","0","0","0","0","0","11","0","65","21","0","0","0","0","0","0","22","2","0","0","1","0","0","0","3","3","7","21","5","0","0","0","0","0","3","3","0","0","0","0","0","0","0","0","2","23","0","70","25","0","0","3","0","159","0","89","23","0","0","0","0","0",".344",".643",".605",".479",".490",".299",".773",".557",".619",".458",".120",".250",".126","72.8",37.1,15.4,9.7,35.9,22.6,"7.6",1,13,-9.9,53.2,33.2,"91.6","18.1",57.1,3,14.3,19,28.6,14.3,23.8,0,47.6,"80.076633636","96.847233333",70.1,25.5,22.8,61.9,38.1,13,21,57.9,92,83.3,3.8,18,70,51,159,74.5,12,47,42.1,67,42.8,68,36.8,42.8,52.4,23.8,23.8,21,61.1,28.6,6,14.3,3,47.6,10,9.5,2,"R","159",31.3,"39","96","2272","-16","-17.6","12.4","20.4","1.4","32.1","91.3","2455","-2.9","-31.2","1.6","4.1","1.7","11.3","88.5","2172","-17.2","-27.5","7.8","19.1","1.4",,,,,,,,,"5","95.5","2195","-16.3","-23.2","7.2","17.9","1.4",,,,,,,,,,,,,,,,,,,,,,,,,"12.6","86.3","2612","8","-36.3","0.5","8.6","1.3",,,,,,,,,,,,,,,,,,,,,,,,,"44","96","2263","-16.1","-18.2","11.8","20.1","1.4","44.7","89.9","2499","0.2","-32.6","1.3","5.4","2.5","11.3","88.5","2172","-17.2","-27.5","7.8","19.1","1.4"
"Keller, Mitch",656605,2025,29,"15","88.1",373,347,88,61,20,1,6,68,22,18.2,5.9,".254",".369",".306","0.675","0.115",".300","40","43","0","0","265","1","9","2","0","0","4.08",,,"16","20","2","0","0","0","0","64","38","15","1","0","11","0","0","76","0","416","257","0","3","0","0","0","0","266","13","0","0","6","0","1","4","7","35","45","279","22","0","0","0","1","54","95","19","0","0","0","0","0","0","0","0","15","120","3","449","128","3","0","22","0","1387","0","938","122","0","0","0","0","1",".272",".413",".300",".322",".323",".142",".335",".365",".315",".338","-0.018","-0.044","-0.022","71.4",21.3,14.9,12.2,35.1,28.6,"7.1",15,8.1,1.2,50.3,31.9,"89.8","11.2",31.2,17,6.1,5.4,26.9,23.3,35.1,3.2,40.1,"79.885583309","94.154351119",66.6,13.2,27.2,40.7,59.3,68,167,44.3,615,71,9.4,112,687,321,1387,86.8,68,514,55.7,772,39.6,549,20,49.1,37.3,38,24.7,279,64.6,46.6,130,21.9,61,22.9,64,8.6,24,"R","1387",37.5,"33.5","93.9","2408","-8.9","-15.7","15.4","17.9","1.4","15.6","86.7","2525","5","-36.8","-0.5","5.8","1.8","8.1","89","2006","-14.3","-33.4","1.3","14.5","1.4","7.5","77.5","2610","12.6","-60.4","-14.2","19.1","1.4","16.1","92.8","2451","-14.9","-23.2","8.9","17.5","1.3",,,,,,,,,,,,,,,,,,,,,,,,,"19.3","82","2702","18.2","-41.5","-0.5","18.4","1.5",,,,,,,,,,,,,,,,,,,,,,,,,"49.5","93.5","2422","-10.9","-18.1","13.3","17.8","1.5","42.4","83","2621","12.3","-43.1","-2.9","13.9","3.9","8.1","89","2006","-14.3","-33.4","1.3","14.5","1.4"
"Koenig, Jared",657649,2025,31,"35","31.1",132,116,27,18,6,1,2,31,12,23.5,9.1,".233",".353",".308","0.661","0.120",".298","12","12","0","1","94","3","1","1","0","0","3.45",,,"0","14","0","0","1","0","0","29","13","0","0","0","0","0","0","23","0","161","102","0","2","0","0","0","0","80","7","2","35","2","0","1","1","4","12","11","88","5","12","0","1","0","23","31","3","0","0","0","0","0","0","2","1","0","38","0","170","41","2","0","14","0","488","3","318","40","12","3","0","0","1",".189",".293",".292",".250",".268",".104",".341",".278",".314",".255",".044",".060",".042","71.6",21.8,10.2,8.3,31.8,25.9,"7.2",4,8.1,1.3,49.7,32.7,"88.3","10.2",28.4,3,3.4,5.7,17,29.5,39.8,4.5,31.8,"78.56493186","93.028832093",59.6,18.1,22.4,35.6,64.4,16,45,41.2,201,73.1,10.7,26,383,79,488,81.3,31,171,58.8,287,41.6,203,21.8,44.3,44.3,26.1,29.5,88,61.1,48.9,43,31.8,28,15.9,14,3.4,3,"L","488",30.6,,,,,,,,,,,,,,,,,"5.3","86.5","1769","15.9","-32.9","3.8","16.5","1.5","16.2","81.2","2559","-13.4","-51","-9","16.2","1.3","57.6","95.3","2334","15","-19.4","11","18.8","1.6","20.9","90.4","2430","-0.2","-23.8","9.5","9.7","1.6",,,,,,,,,,,,,,,,,,,,,,,,,,,,,,,,,,,,,,,,,,,,,,,,,"78.5","94","2360","11","-20.6","10.6","16.4","2.8","16.2","81.2","2559","-13.4","-51","-9","16.2","1.3","5.3","86.5","1769","15.9","-32.9","3.8","16.5","1.5"
"Paddack, Chris",663978,2025,29,"15","80.1",336,305,76,52,12,1,11,56,23,16.7,6.8,".249",".403",".299","0.702","0.154",".266","40","43","0","0","241","3","6","2","0","0","4.48",,,"2","15","0","0","0","0","0","49","38","1","1","0","4","0","0","50","0","441","188","0","0","1","0","0","0","272","16","0","0","6","0","0","1","13","26","36","256","12","0","0","0","0","49","77","19","0","0","0","0","0","0","1","6","15","114","3","468","123","1","0","15","0","1323","7","855","122","0","0","0","0","3",".271",".454",".306",".337",".322",".183",".337",".377",".298",".329","-0.022","-0.051","-0.031","71.4",23.7,13.9,11.2,32.3,26.1,"7.2",5,8.9,1.1,50.8,31.4,"90.1","15.8",33.2,19,7.4,8.2,24.2,27,28.1,5.1,43,"79.537205238","94.632886773",69.1,15.2,32.5,31.8,67.7,70,220,51.1,676,72.2,6,318,654,351,1323,84.8,68,447,48.9,647,47.8,633,20.7,50.4,37.5,37.5,25,256,66.4,40.2,103,26.6,68,21.5,55,11.7,30,"R","1323",48.1,"48","93.5","2226","-8.9","-12.8","18.7","20.8","1.6","14.4","86.4","1990","2.3","-29.5","7.1","7.8","2.1","24","84","1784","-15.1","-34.3","4.6","16","1.3","12.2","77.9","2135","5.6","-58.6","-13","14.3","1.6","1.4","93.5","2150","-14.5","-16.6","14.8","20.8","1.4",,,,,,,,,,,,,,,,,,,,,,,,,,,,,,,,,,,,,,,,,,,,,,,,,,,,,,,,,"49.4","93.5","2224","-9","-12.9","18.6","20.8","1.6","26.5","82.5","2057","3.8","-42.8","-2.1","10.8","4.9","24","84","1784","-15.1","-34.3","4.6","16","1.3"
"Whitley, Forrest",666215,2025,27,"7","9.1",51,43,10,3,5,0,2,9,6,17.6,11.8,".233",".488",".333","0.821","0.255",".242","10","10","0","0","28","0","0","1","0","0","9.64",,,"1","1","0","0","0","0","0","5","13","1","0","0","0","0","0","13","0","63","28","0","0","0","0","0","0","33","2","4","7","0","0","0","1","5","1","3","30","6","0","0","0","0","4","9","4","0","0","0","0","0","0","0","0","0","14","0","65","19","0","0","1","0","174","0","109","16","3","3","0","0","0",".285",".548",".354",".400",".387",".263",".376",".443",".286",".363","-0.052","-0.060","-0.046","71.7",23.1,15.9,12.8,39.7,32.1,"7.3",2,10.7,-2.4,59,29.3,"92.3","22.6",45.7,5,14.3,2.9,22.9,42.9,17.1,0,51.4,"82.135927778","96.018795429",62.9,13.6,27.5,44,56,11,25,46.4,91,81,10.7,3,146,34,196,86.4,9,66,53.6,105,40.3,79,22,46.4,40,28.6,31.4,35,62.7,28.6,10,31.4,11,28.6,10,11.4,4,"R","196",40.1,"30.6","96.3","2418","-10.2","-12.8","16.8","19.7","1.2",,,,,,,,,"1.5","87.8","2132","-18.2","-27","8.8","20.3","1.4","17.3","81.7","2900","11.6","-57.2","-15.5","19.6","1.4","23","96.3","2446","-15.3","-16.8","13.1","20.2","1.4","20.9","89.9","2674","5.8","-28.7","4.9","8.2","1.7",,,,,,,,,,,,,,,,,,,,,,,,,"6.6","84.6","2764","14.4","-43.9","-5.2","15.4","1.5",,,,,,,,,,,,,,,,,"74.5","94.5","2498","-7.3","-18.5","12.3","16.6","3.1","24","82.5","2862","12.4","-53.5","-12.6","18.4","1.8","1.5","87.8","2132","-18.2","-27","8.8","20.3","1.4"
"Elder, Bryce",693821,2025,26,"11","60.2",254,230,58,32,16,0,10,51,19,20.1,7.5,".252",".452",".315","0.767","0.200",".281","30","30","0","0","182","2","3","1","0","0","4.45",,,"5","12","0","0","0","0","0","38","28","5","0","0","5","0","0","41","0","350","176","0","2","0","0","0","0","154","5","0","0","5","0","0","3","14","16","28","181","12","0","0","0","0","27","78","13","0","0","0","0","0","0","0","2","11","75","0","369","104","2","0","12","0","967","2","598","80","0","0","0","0","1",".279",".475",".334",".351",".340",".196",".384",".407",".320",".355","-0.027","-0.023","-0.017","72.7",31.5,20.3,16.5,35.9,29.3,"7.5",9,11.3,-2.9,52.5,34.4,"89.5","6.9",29.8,16,8.8,8.8,22.1,15.5,39.2,5.5,47,"77.274855889","95.361240944",63.6,11.3,25.6,40,59.2,52,130,52.5,508,76.4,5.7,96,496,375,967,88.4,33,292,47.5,459,44.8,433,20.1,43.6,43.6,36.5,19.9,181,60.2,51.9,94,23.8,43,23.2,42,1.1,2,"R","967",50.8,"11.5","92.2","2192","-3.6","-17.4","14.7","15.3","1.3","38.8","84.5","2451","2","-37.5","0.8","2.8","1.3","9.9","86.5","2039","-12.7","-32.3","4.3","13.7","1.1",,,,,,,,,"39.8","91.5","2070","-14.3","-24.7","8","16.5","1.1",,,,,,,,,,,,,,,,,,,,,,,,,,,,,,,,,,,,,,,,,,,,,,,,,,,,,,,,,"51.3","91.6","2098","-11.9","-23.1","9.5","16.2","1.2","38.8","84.5","2451","2","-37.5","0.8","2.8","1.3","9.9","86.5","2039","-12.7","-32.3","4.3","13.7","1.1"
"Anderson, Grant",681982,2025,28,"30","35.1",152,133,28,21,2,0,5,37,18,24.3,11.8,".211",".338",".303","0.641","0.127",".250","14","16","0","1","106","1","2","0","0","0","3.57",,,"3","1","0","0","0","0","0","41","19","3","0","0","0","0","0","37","0","222","92","0","1","0","0","0","1","99","8","9","30","0","0","0","0","5","11","12","97","8","1","0","1","0","24","31","10","0","0","0","0","0","0","0","1","0","82","2","222","45","1","0","1","0","601","1","379","82","20","5","0","0","2",".245",".400",".287",".320",".333",".155",".325",".377",".289",".336","-0.034","-0.062","-0.033","70.8",19.9,13.9,10,35.6,25.5,"7.2",6,9,-1.8,43,33.2,"88.8","11.4",30.9,7,7.2,4.1,28.9,30.9,23.7,5.2,37.1,"77.612850625","94.08330625",67.1,21.8,27.6,55.6,44.4,45,81,48.9,294,78,9.8,36,328,0,601,77.7,45,206,51.1,307,42.4,255,31.4,47.8,33,43.3,23.7,97,62.9,43.3,42,30.9,30,22.7,22,3.1,3,"R","601",2,"27.6","93","2426","-13.9","-20.1","11.7","18.2","1.4",,,,,,,,,"6","86.5","1695","-14.7","-40.9","-4.1","15.4","1.7",,,,,,,,,"27","92.9","2255","-18","-31.8","0.2","18.1","1.5",,,,,,,,,,,,,,,,,,,,,,,,,"39.4","79.6","2697","14.2","-41.1","2.3","14.6","1.5",,,,,,,,,,,,,,,,,,,,,,,,,"54.6","93","2342","-15.9","-25.8","6","18.2","1.4","39.4","79.6","2697","14.2","-41.1","2.3","14.6","1.5","6","86.5","1695","-14.7","-40.9","-4.1","15.4","1.7"
"DeSclafani, Anthony",543101,2025,35,"2","4.1",21,20,8,3,2,0,3,3,0,14.3,0,".400",".950",".429","1.379","0.550",".357","5","6","0","0","13","0","0","0","0","0","10.38",,,"0","0","0","0","0","0","0","4","6","0","0","0","0","0","0","4","0","27","14","0","0","0","0","0","0","12","2","1","2","1","0","0","1","3","3","2","17","2","0","0","0","0","1","4","2","0","0","0","0","0","0","0","0","0","5","1","29","19","0","0","0","0","79","0","50","5","1","0","0","0","0",".311",".622",".578",".407",".343",".312",".672",".460",".471",".365",".089",".328",".171","73.2",35.3,21.4,17.6,35.7,29.4,"7.5",0,10.5,-4.5,64.7,29.6,"89.5","16.7",29.4,3,17.6,5.9,23.5,23.5,23.5,5.9,41.2,"78.748768889","94.94037",64.1,12,27.5,36.4,63.6,4,11,50.6,40,66.7,3.8,8,35,28,79,88,3,25,49.4,39,35.4,28,19.4,45.6,52.9,41.2,5.9,17,61.9,41.2,7,23.5,4,23.5,4,11.8,2,"R","79",35.5,"20.3","93.2","2319","-12.6","-15.3","16.7","21","1.3","22.8","87.2","2262","4.4","-31.7","4.3","6.7","1.4","10.1","83.6","1311","-11.1","-39.5","-0.3","11.2","1.4","12.7","81.2","2305","14.6","-43.6","-1.4","14.9","1.9","24.1","93.8","2155","-17.7","-21.1","10.4","20.7","1.3",,,,,,,,,,,,,,,,,,,,,,,,,"10.1","81.6","2262","21.9","-41.8","0.5","22.2","1.5",,,,,,,,,,,,,,,,,,,,,,,,,"44.3","93.5","2230","-15.4","-18.4","13.3","20.8","1.2","45.6","84.3","2274","11.1","-37.3","1.9","12.4","2.7","10.1","83.6","1311","-11.1","-39.5","-0.3","11.2","1.4"
"Nola, Aaron",605400,2025,32,"9","49.2",220,200,59,39,9,0,11,52,16,23.6,7.3,".295",".505",".356","0.861","0.210",".350","34","35","0","0","149","1","7","1","0","0","6.16",,,"2","15","0","0","0","0","0","37","28","2","0","0","3","0","0","45","0","288","158","0","1","0","0","0","0","155","6","0","0","5","0","0","3","14","20","25","149","10","0","0","0","0","23","47","11","0","0","0","0","0","0","1","0","9","90","1","297","101","1","0","15","0","863","1","566","96","0","0","0","0","0",".284",".479",".375",".357",".346",".195",".465",".438",".399",".384",".011",".026",".018","72.2",21.5,14.2,10.9,33.7,25.9,"7.6",10,13.3,-7.1,54.8,33.4,"89.7","11.5",36.9,14,9.4,6,30.9,20.8,28.2,4.7,43.6,"78.963397973","94.626867095",59.9,15.1,35.9,39.9,60.1,65,163,52.6,454,67.9,3.2,128,488,247,863,84.1,37,245,47.4,409,50.4,435,25,47.3,45,35.6,19.5,149,61.8,45,67,24.8,37,24.2,36,6,9,"R","863",19.2,"25.5","91.4","2302","-13.7","-18.2","14.7","20.2","1.2",,,,,,,,,"14.8","84.5","1598","-15.5","-35.4","2.9","15.8","1.2","28.6","78.1","2587","14.4","-55.2","-10","17.6","1.1","20.4","90.4","2202","-18.1","-24.7","8.9","20.3","1.4","10.7","86.3","2272","-1.2","-28.1","8.6","9","1.4",,,,,,,,,,,,,,,,,,,,,,,,,,,,,,,,,,,,,,,,,,,,,,,,,"56.5","90.1","2261","-12.9","-22.4","11.5","18.1","2.4","28.6","78.1","2587","14.4","-55.2","-10","17.6","1.1","14.8","84.5","1598","-15.5","-35.4","2.9","15.8","1.2"
"Pepiot, Ryan",686752,2025,27,"15","89.2",354,325,73,42,14,3,14,84,26,23.7,7.3,".225",".415",".282","0.697","0.190",".258","31","32","0","0","269","4","6","3","0","0","3.11",,,"8","30","0","0","3","0","0","63","30","8","0","0","10","0","0","62","0","467","197","0","5","1","0","0","0","286","14","0","0","11","0","0","1","16","23","33","242","13","0","0","0","0","49","69","27","0","0","0","0","1","0","0","2","15","157","1","480","135","6","3","30","0","1385","2","905","165","0","0","0","0","2",".243",".420",".304",".316",".301",".178",".366",".383",".300",".328","-0.018","-0.005","-0.012","72.1",26.1,14.4,11,30.7,23.5,"7.3",10,9.7,-0.6,53.1,30.4,"90","17.1",34.6,21,8.6,9.1,23.9,28,25.9,4.1,42.4,"78.830573306","94.89089376",69.2,20.3,29.9,38.9,61.1,74,190,45.9,636,80,8.7,325,725,334,1385,79.7,105,518,54.1,749,44,610,25.3,51.1,38.3,33.7,27.6,243,61.6,37.9,92,27.6,67,24.7,60,9.5,23,"R","1384",42.7,"45.6","95","2410","-8","-10.9","19.4","21.1","1.2","20.8","89.1","2588","6.4","-24.6","9.5","11.8","1.4","23.5","86.1","2510","-14.4","-35.1","1.7","14.7","1.3","3.3","81","2934","15.6","-53.1","-10.9","19.1","1.4",,,,,,,,,"6.8","91.9","2499","1.8","-17.3","14.8","15","1.4",,,,,,,,,,,,,,,,,,,,,,,,,,,,,,,,,,,,,,,,,,,,,,,,,"52.4","94.6","2421","-6.7","-11.8","18.8","20.3","1.7","24.1","88","2636","7.7","-28.5","6.7","12.8","3.3","23.5","86.1","2510","-14.4","-35.1","1.7","14.7","1.3"
"Matzek, Tyler",554431,2025,34,"7","6.1",35,29,11,7,4,0,0,7,5,20,14.3,".379",".517",".457","0.974","0.138",".478","3","3","0","0","19","0","0","0","0","0","4.26",,,"2","2","0","0","0","0","0","11","6","2","0","0","0","0","0","11","0","47","19","0","0","0","0","0","0","24","2","4","7","0","0","0","0","1","5","5","23","4","0","0","0","0","6","2","2","0","0","0","0","0","0","0","1","0","10","0","48","15","0","0","2","0","127","1","79","11","3","3","0","0","0",".272",".456",".421",".357",".372",".183",".491",".393",".478",".349",".107",".061",".064","71.1",16,17.5,14,32.5,26,"7.1",3,8.3,-0.1,56,32.7,"95.1","19.1",52.2,4,17.4,8.7,21.7,34.8,17.4,0,52.2,"86.7740075","96.903328261",75.8,16,16.4,50,50,5,10,48,61,85.7,5.5,0,85,42,127,84,8,50,52,66,54.3,69,21.7,47.2,43.5,39.1,17.4,23,57.1,30.4,7,30.4,7,34.8,8,4.3,1,"L","127",45.5,"60.6","94.5","2444","7.5","-13.5","17.3","19","1.2","33.1","84.4","2710","-5.1","-43.7","-5.1","7.5","1.4",,,,,,,,,,,,,,,,,"6.3","94.6","2361","15.5","-18.5","12.4","20","1.4",,,,,,,,,,,,,,,,,,,,,,,,,,,,,,,,,,,,,,,,,,,,,,,,,,,,,,,,,"66.9","94.5","2436","8.2","-14","16.9","19.1","1.2","33.1","84.4","2710","-5.1","-43.7","-5.1","7.5","1.4",,,,,,,,
"Bruihl, Justin",677865,2025,28,"2","2.2",10,8,1,1,0,0,0,4,1,40,10,".125",".125",".300","0.425","0.000",".250","0","0","0","0","8","0","0","0","0","0","0.00",,,"0","0","0","0","0","0","0","2","0","0","0","0","0","0","0","1","0","11","12","0","1","0","0","0","0","0","0","0","2","0","0","0","1","0","0","1","4","0","0","0","0","0","1","1","1","0","0","0","0","0","0","0","0","0","5","0","12","1","1","0","0","0","33","0","21","5","0","0","0","0","0",".209",".241",".231",".299",".367",".031",".222",".393",".250",".418","-0.084","-0.116","-0.068","75.9",50,33.3,12.5,66.7,25,"7.6",0,10,-10,100,29.4,"90.8","19",25,0,0,0,75,25,0,0,25,"86.48161","92.9688625",38.9,57.1,13.3,50,50,1,2,45.5,15,33.3,9.1,0,23,0,33,42.9,4,7,54.5,18,54.5,18,55.6,27.3,50,25,25,4,70,25,1,25,1,50,2,0,0,"L","33",29,,,,,,,,,,,,,,,,,,,,,,,,,,,,,,,,,"63.6","90.8","2166","19.9","-30.5","3.4","20.3","1.4","6.1","85.8","2526","-6.8","-32.1","5.2","10.1","1.7",,,,,,,,,,,,,,,,,"30.3","79.5","2567","-20.6","-45.2","-1","20.7","1.5",,,,,,,,,,,,,,,,,,,,,,,,,"69.7","90.4","2197","17.6","-30.6","3.6","19.4","1.8","30.3","79.5","2567","-20.6","-45.2","-1","20.7","1.5",,,,,,,,
"Bubic, Kris",663460,2025,27,"14","85.0",343,313,68,45,17,3,3,88,27,25.7,7.9,".217",".319",".286","0.605","0.102",".293","20","22","0","0","255","6","4","1","0","0","2.12",,,"2","13","0","0","0","0","0","72","20","1","1","0","9","0","0","64","0","412","207","0","2","0","0","0","0","234","13","0","0","11","0","0","3","9","20","39","225","16","0","0","1","0","36","78","22","1","0","0","0","0","0","0","0","14","178","2","432","100","2","0","13","0","1301","0","869","188","0","0","0","0","2",".232",".349",".271",".287",".299",".117",".322",".346",".302",".323","-0.015","-0.030","-0.016","72",26.2,12.3,8.7,29.2,20.8,"7.2",14,8.8,2,54.4,32.7,"87.5","13.7",35.1,15,6.7,5.3,24,25.8,32,5.8,37.8,"75.645553929","93.771749286",67.1,22.9,33,47.1,52.9,96,204,47.5,618,74.7,6.7,275,572,191,1301,76.6,105,458,52.5,683,42.7,556,30.4,50.9,39.1,29.3,31.6,225,64.1,43.6,98,20.4,46,27.6,62,8.4,19,"L","1301",37.7,"38","92.4","2419","4.6","-13.9","18.3","19","1.2","14.7","85.5","2483","-1.2","-36.7","0.7","2.7","1.3","21.1","85.5","1617","11.4","-37.4","-0.1","11.7","1.1",,,,,,,,,"5.9","91.8","2248","13.6","-22.8","9.7","16.8","1.2",,,,,,,,,,,,,,,,,,,,,,,,,"20.2","83","2669","-13.1","-44.5","-4.5","14.1","1.4",,,,,,,,,,,,,,,,,,,,,,,,,"44","92.3","2396","5.8","-15.1","17.1","18.7","1.2","34.9","84.1","2591","-8.1","-41.2","-2.3","9.3","1.9","21.1","85.5","1617","11.4","-37.4","-0.1","11.7","1.1"
"Dana, Caden",702674,2025,21,"2","6.0",29,23,7,4,1,0,2,6,5,20.7,17.2,".304",".609",".414","1.023","0.305",".313","5","5","0","0","18","0","0","0","0","0","7.50",,,"2","4","2","0","0","0","0","7","5","2","0","0","0","0","0","7","0","47","20","0","0","0","0","0","0","13","4","2","2","1","0","0","0","2","2","3","18","1","0","0","0","0","4","4","0","0","0","0","0","0","0","0","1","0","12","0","51","14","0","0","6","0","119","1","68","13","0","0","0","0","0",".224",".394",".429",".335",".355",".170",".498",".348",".389",".295",".080",".215",".094","71.1",21.7,13.8,8.7,41.4,26.1,"7.1",0,11.7,-1.9,54.3,32.8,"92.1","18.4",33.3,1,5.6,5.6,22.2,38.9,27.8,0,38.9,"84.930936667","94.453036111",64.3,25,19,66.7,33.3,8,12,52.9,63,100,5.9,29,63,27,119,75,9,36,47.1,56,37,44,35.4,40.3,38.9,33.3,27.8,18,55.2,33.3,6,38.9,7,16.7,3,11.1,2,"R","119",52.5,"52.9","94.1","2071","-8.5","-13.4","17.7","19.7","1.3","16.8","84.1","2105","6.7","-40.6","-1.9","7.3","1.4","24.4","86.4","1376","-12.7","-30","6.8","14.7","1.4","5.9","77","2162","3.6","-64.5","-17.6","18.1","1.5",,,,,,,,,,,,,,,,,,,,,,,,,,,,,,,,,,,,,,,,,,,,,,,,,,,,,,,,,,,,,,,,,"52.9","94.1","2071","-8.5","-13.4","17.7","19.7","1.3","22.7","82.3","2120","5.9","-46.8","-6","10.1","2.4","24.4","86.4","1376","-12.7","-30","6.8","14.7","1.4"
"Jarvis, Bryce",686826,2025,27,"7","10.1",45,38,10,7,2,0,1,11,5,24.4,11.1,".263",".395",".356","0.751","0.132",".333","7","7","1","0","31","0","0","0","0","0","6.10",,,"0","2","0","0","0","0","0","10","7","0","0","0","0","0","0","8","0","69","33","0","1","0","0","0","0","31","1","4","7","1","0","0","1","1","4","5","28","3","0","0","0","0","5","10","1","0","0","0","0","0","0","0","1","0","14","0","75","15","1","0","2","0","182","1","107","14","1","0","0","0","0",".242",".366",".334",".340",".352",".124",".387",".396",".357",".351",".021",".029","-0.006","72.3",31.4,16.1,12.9,41.1,32.9,"7.3",1,10.2,-1.9,52.9,32,"93.4","9.3",32.1,2,7.1,14.3,25,17.9,32.1,3.6,42.9,"85.199025714","95.846393571",57.7,14.3,21.2,38.9,61.1,7,18,46.7,85,90,5.5,39,103,40,182,85.7,8,56,53.3,97,45.6,83,20.3,40.7,46.4,39.3,14.3,28,57.8,50,14,25,7,21.4,6,3.6,1,"R","182",35.6,"36.3","94.1","2098","-10.6","-16.3","14.7","18.2","1.1","22","85","2451","5.9","-39.3","-1.3","6.9","1.3","21.4","82.6","1988","-17.2","-35.3","5.2","18.1","1.2",,,,,,,,,"16.5","93.3","2061","-15.3","-19.9","11.6","19.4","1.3","3.8","88.4","2315","-1.2","-28.8","6.3","6.8","1.4",,,,,,,,,,,,,,,,,,,,,,,,,,,,,,,,,,,,,,,,,,,,,,,,,"56.6","93.5","2102","-11.3","-18.2","13.2","17.8","1.8","22","85","2451","5.9","-39.3","-1.3","6.9","1.3","21.4","82.6","1988","-17.2","-35.3","5.2","18.1","1.2"
"Vesia, Alex",681911,2025,29,"35","30.2",125,113,23,11,5,0,7,44,10,35.2,8,".204",".434",".280","0.714","0.230",".258","9","9","3","0","92","2","0","2","0","0","2.64",,,"3","9","0","0","2","0","0","26","14","3","0","0","0","0","0","24","0","160","77","0","3","0","0","0","2","118","8","5","35","1","0","1","1","9","5","8","67","4","13","0","1","1","15","13","2","0","0","0","0","0","0","0","0","0","75","0","171","48","3","2","9","0","522","0","351","77","14","5","0","0","0",".199",".435",".309",".304",".276",".236",".444",".435",".333",".327",".005","-0.001",".005","70.6",18.2,12.1,8.5,25.5,17.8,"7.1",6,8.3,-2,48.7,31.3,"90.5","28.8",36.2,11,15.9,4.3,20.3,37.7,14.5,7.2,40.6,"80.107962941","94.905528955",70.5,22.9,30.6,50.6,48.1,40,79,47.5,258,80.4,8.5,33,299,211,543,76.1,46,201,52.5,285,43.3,235,30.7,51.6,47.8,24.6,27.5,69,61.3,26.1,18,34.8,24,17.4,12,21.7,15,"L","543",63.8,"55.1","92.6","2450","5.7","-10.7","21.4","22.2","1.3","38.9","84.3","2382","-6.7","-34.5","3.7","7.9","1.5","6.1","83.7","1631","12.4","-29.1","10","16.1","1.3",,,,,,,,,,,,,,,,,,,,,,,,,,,,,,,,,,,,,,,,,,,,,,,,,,,,,,,,,,,,,,,,,,,,,,,,,"55.1","92.6","2450","5.7","-10.7","21.4","22.2","1.3","38.9","84.3","2382","-6.7","-34.5","3.7","7.9","1.5","6.1","83.7","1631","12.4","-29.1","10","16.1","1.3"
"Freeland, Kyle",607536,2025,32,"14","73.2",328,306,98,69,18,3,8,57,15,17.4,4.6,".320",".477",".352","0.829","0.157",".367","42","54","0","0","221","1","8","1","0","0","5.13",,,"5","19","2","0","2","0","0","51","44","3","2","0","7","0","0","73","0","329","192","0","1","0","0","0","0","212","16","0","0","11","0","1","2","8","32","58","254","24","0","0","1","0","39","83","20","1","1","0","0","0","0","1","4","14","95","12","363","146","1","2","21","1","1155","5","792","118","0","0","0","0","5",".302",".488",".358",".351",".335",".187",".417",".408",".387",".367",".018","-0.011",".007","72.6",30.1,16.9,13.7,36,29.1,"7.5",23,10.6,-3.4,55.5,33.4,"90.4","9.8",37,22,8.7,5.9,29.9,18.5,33.1,3.1,42.9,"80.10547432","94.760308675",69.1,12.3,31.7,48.2,51.8,81,168,45.9,530,83.1,7.7,88,621,255,1155,87.7,53,432,54.1,625,43.6,504,22.3,51.9,44.5,33.5,22,254,66.5,45.3,115,20.5,52,30.7,78,3.5,9,"L","1155",28.3,"25.8","91.8","2404","8","-17.3","15.2","17.2","1.2",,,,,,,,,"7.6","86.3","1526","12.1","-30.1","6.6","14.1","1.4","22.1","83.1","2436","-2.3","-45.8","-6.4","7.2","1.4","13.2","91.3","2239","14.1","-24.7","8.1","16.3","1.3","14.8","87.8","2356","0.5","-28.7","6.7","7.1","1.2",,,,,,,,,,,,,,,,,"16.5","84","2401","-8.7","-41.7","-2.8","9.5","1.2",,,,,,,,,,,,,,,,,,,,,,,,,"53.8","90.6","2350","7.4","-22.3","11.1","14.2","2.3","38.6","83.5","2421","-5.1","-44","-4.9","8.2","1.4","7.6","86.3","1526","12.1","-30.1","6.6","14.1","1.4"
"Harris, Hogan",663687,2025,28,"22","28.1",131,110,27,19,6,0,2,32,18,24.4,13.7,".245",".355",".351","0.706","0.110",".321","12","13","0","0","85","1","1","0","0","0","3.81",,,"4","6","0","0","0","0","0","37","15","3","1","0","0","1","0","35","0","171","98","0","0","0","0","0","1","94","3","9","22","1","0","0","1","5","6","16","80","10","1","0","2","0","17","16","11","0","1","0","0","0","0","0","2","0","45","1","191","39","0","0","6","1","516","2","325","50","17","6","0","0","1",".254",".362",".314",".328",".365",".109",".358",".381",".338",".361","-0.009","-0.007","-0.014","70.3",17.9,8.6,6.7,34.4,26.7,"7.2",3,9.5,-2.6,51.3,32.1,"88.2","18.3",41.3,5,6.3,0,36.3,35,18.8,3.8,23.8,"79.49557725","92.507399367",61.8,17.1,23.7,42.1,57.9,24,57,46.7,241,66,9.7,79,297,113,516,82.9,29,170,53.3,275,43.8,226,23.3,44,37.5,30,32.5,80,62.3,27.5,22,28.7,23,35,28,8.8,7,"L","516",54.5,"55","92.7","2293","8.8","-14.8","17.4","19.6","1.2",,,,,,,,,"15.3","81.2","2120","16.1","-27.4","14.6","21.9","1.5","21.9","73","2616","-8.6","-70.5","-18","20.1","1.2","0.2","91.6","2352","15.9","-16.9","16.5","22.9",,"2.3","88.9","2205","0.9","-21.8","12.9","13.3","1.5",,,,,,,,,,,,,,,,,"5.2","78.1","2421","-11.9","-50.6","-5.2","13.4","1.4",,,,,,,,,,,,,,,,,,,,,,,,,"57.6","92.6","2289","8.5","-15.1","17.2","19.3","1.5","27.1","74","2578","-9.2","-66.7","-15.5","18.8","2.3","15.3","81.2","2120","16.1","-27.4","14.6","21.9","1.5"
"Hoffmann, Andrew",694851,2025,25,"1","2.0",10,10,3,1,1,0,1,4,0,40,0,".300",".700",".300","1.000","0.400",".400","2","2","0","0","6","0","0","1","0","0","9.00",,,"0","0","0","0","0","0","0","2","2","0","0","0","0","0","0","3","0","13","6","0","0","0","0","0","0","8","2","1","1","0","0","0","0","1","1","1","6","1","0","0","0","0","1","1","0","0","0","0","0","0","0","0","0","0","5","0","17","7","0","0","0","0","45","0","28","6","0","0","0","0","1",".285",".626",".423",".379",".285",".341",".705",".631",".500",".475",".015",".074",".044","73.1",23.8,14.3,9.5,42.9,28.6,"7.5",1,12.7,-2.3,57.1,36.5,"95.9","27.8",33.3,1,16.7,0,50,33.3,0,0,50,"87.993273333","96.480405",70,21.4,32,62.5,37.5,5,8,55.6,25,100,11.1,20,17,8,45,78.6,3,14,44.4,20,35.6,16,36.4,48.9,33.3,33.3,33.3,6,60,33.3,2,33.3,2,16.7,1,16.7,1,"R","45",48.1,"37.8","95.2","2364","-7.7","-12.9","17.3","19","1.4","17.8","84.6","2343","7.2","-36.5","1.6","9.8","1.5","44.4","88.9","1178","-8.1","-37.1","-2.8","8.6","1.2",,,,,,,,,,,,,,,,,,,,,,,,,,,,,,,,,,,,,,,,,,,,,,,,,,,,,,,,,,,,,,,,,,,,,,,,,"37.8","95.2","2364","-7.7","-12.9","17.3","19","1.4","17.8","84.6","2343","7.2","-36.5","1.6","9.8","1.5","44.4","88.9","1178","-8.1","-37.1","-2.8","8.6","1.2"
"de Geus, Brett",676969,2025,27,"1","2.0",10,7,1,1,0,0,0,0,3,0,30,".143",".143",".400","0.543","0.000",".143","1","1","0","0","6","0","0","0","0","0","4.50",,,"0","0","0","0","0","0","0","3","1","0","0","0","0","0","0","4","0","22","7","0","0","0","0","0","0","10","0","1","1","0","0","0","0","0","1","0","7","0","0","0","0","0","2","4","0","0","0","0","0","0","0","0","0","0","1","0","22","1","0","0","0","0","47","0","25","1","0","0","0","0","0",".174",".276",".297",".343",".422",".103",".127",".192",".143",".174","-0.031","-0.133","-0.046","70.4",23.5,6.3,5.9,25,23.5,"6.5",0,0,11.6,23.5,32.8,"87.9","-3.1",0,0,0,14.3,0,14.3,71.4,0,28.6,"79.8477725","92.602037143",65.2,0,12.5,33.3,66.7,1,3,51.1,24,100,2.1,4,34,9,47,100,0,15,48.9,23,40.4,19,5.6,38.3,57.1,28.6,14.3,7,50,71.4,5,28.6,2,0,0,0,0,"R","47",29.2,,,,,,,,,,,,,,,,,,,,,,,,,"19.1","84.1","1969","2.5","-45.1","-6.5","7.1","1.4","57.4","95.5","2058","-17.1","-21.9","8.2","19","1.1","14.9","90.8","2100","0.2","-27.3","5.7","6","1.5","8.5","87.8","1330","-14.2","-31.7","3.8","15.7","1.4",,,,,,,,,,,,,,,,,,,,,,,,,,,,,,,,,,,,,,,,,"72.3","94.6","2066","-13.5","-23","7.7","16.3","1.9","19.1","84.1","1969","2.5","-45.1","-6.5","7.1","1.4","8.5","87.8","1330","-14.2","-31.7","3.8","15.7","1.4"
"Mercado, Michael",675650,2025,26,"2","2.0",11,9,4,4,0,0,0,2,1,18.2,9.1,".444",".444",".455","0.899","0.000",".500","2","2","0","0","6","0","0","0","0","0","9.00",,,"0","0","0","0","0","0","0","3","2","0","0","0","0","0","0","4","0","15","5","0","0","0","0","0","0","11","0","2","2","0","0","0","0","0","3","1","8","2","0","0","0","0","2","1","0","0","0","0","0","0","0","0","1","0","4","0","16","4","0","0","0","0","44","1","28","4","0","0","0","0","0",".276",".376",".386",".310",".335",".100",".444",".340",".500",".335",".168",".068",".076","71.6",23.5,14.3,11.8,28.6,23.5,"6.7",0,5.6,2.6,41.2,24.8,"99.8","10.2",62.5,0,0,25,12.5,25,25,12.5,62.5,"93.776635","99.803567143",78.3,5.6,23.8,60,40,3,5,47.7,21,80,11.4,0,35,9,44,94.4,1,18,52.3,23,29.5,13,17.4,52.3,37.5,25,37.5,8,54.5,50,4,25,2,25,2,0,0,"R","44",35.9,"59.1","97.2","2402","-11","-12.4","16.9","20.3","1.2",,,,,,,,,,,,,,,,,"20.5","84","2570","4.5","-51.1","-12.1","13","1.5",,,,,,,,,"20.5","88.7","2321","0.2","-33.3","1.5","1.7","1.4",,,,,,,,,,,,,,,,,,,,,,,,,,,,,,,,,,,,,,,,,,,,,,,,,"79.5","95","2381","-8.1","-17.7","12.9","15.5","2.8","20.5","84","2570","4.5","-51.1","-12.1","13","1.5",,,,,,,,
"Boyle, Joe",671212,2025,25,"1","5.0",18,15,0,0,0,0,0,7,2,38.9,11.1,".000",".000",".167","0.167","0.000",".000","0","2","0","0","15","1","0","0","0","0","0.00",,,"2","0","0","0","0","0","0","1","0","2","0","0","0","0","0","1","0","25","11","0","0","0","0","0","0","15","2","0","0","0","0","0","1","0","0","0","8","0","0","0","0","0","3","2","1","0","0","0","0","0","0","0","0","1","10","2","28","0","0","0","0","0","74","0","46","10","0","0","0","0","0",".180",".372",".117",".310",".316",".192",".000",".433",".000",".337","-0.180","-0.372","-0.193","72.8",37,10.5,7.4,10.5,7.4,"7.4",2,11.4,0.4,55.6,31.9,"90.6","27.5",25,1,12.5,12.5,25,37.5,12.5,0,37.5,"79.382275","95.07555875",67.6,21.7,30,58.3,41.7,7,12,54.1,40,100,6.8,13,39,22,74,78.3,5,23,45.9,34,36.5,27,34.3,47.3,25,50,25,8,44.4,25,2,37.5,3,12.5,1,25,2,"R","74",35.5,"52.7","98","2571","-6.8","-13.2","15.1","16.7","1.2","29.7","90.4","2630","2.5","-30.9","2.2","3.9","1.3",,,,,,,,,,,,,,,,,,,,,,,,,,,,,,,,,"17.6","93","2031","-16.2","-29.5","2","16.4","1.3",,,,,,,,,,,,,,,,,,,,,,,,,,,,,,,,,,,,,,,,,"52.7","98","2571","-6.8","-13.2","15.1","16.7","1.2","29.7","90.4","2630","2.5","-30.9","2.2","3.9","1.3","17.6","93","2031","-16.2","-29.5","2","16.4","1.3"
"Little, Jack",669193,2025,27,"1","2.0",11,9,4,3,0,1,0,1,1,9.1,9.1,".444",".667",".545","1.212","0.223",".500","2","2","0","0","6","0","0","0","0","0","9.00",,,"0","1","0","0","0","0","0","4","2","0","0","0","0","0","0","4","0","10","5","0","0","0","0","0","0","6","0","1","1","1","0","0","1","0","2","2","8","2","0","0","0","0","2","1","0","0","0","0","0","0","0","0","0","0","4","0","12","6","0","0","1","0","35","0","23","4","0","0","0","0","0",".246",".301",".517",".323",".383",".056",".534",".267",".500",".276",".198",".366",".194","71.2",25,8.3,6.3,50,37.5,"7.3",0,12.5,-10.7,68.8,26.3,"91.7","21.5",25,0,0,0,25,37.5,37.5,0,37.5,"84.498625","93.98114375",69.2,22.2,40.9,22.2,77.8,2,9,62.9,22,50,5.7,5,22,8,35,77.8,2,9,37.1,13,45.7,16,22.2,51.4,37.5,37.5,25,8,81.8,37.5,3,25,2,25,2,12.5,1,"R","35",,"62.9","93.8","2225","-9.6","-15.9","15.3","18.1","1.3","22.9","86.3","2345","2.7","-32.6","4.1","5.9","1.4",,,,,,,,,,,,,,,,,,,,,,,,,,,,,,,,,"14.3","86.4","1210","-11.4","-34.6","2","11.8","1.5",,,,,,,,,,,,,,,,,,,,,,,,,,,,,,,,,,,,,,,,,"62.9","93.8","2225","-9.6","-15.9","15.3","18.1","1.3","22.9","86.3","2345","2.7","-32.6","4.1","5.9","1.4","14.3","86.4","1210","-11.4","-34.6","2","11.8","1.5"
"Núñez, Dedniel",673380,2025,29,"5","3.2",18,12,1,1,0,0,0,3,6,16.7,33.3,".083",".083",".389","0.472","0.000",".111","3","3","0","0","11","0","0","1","0","0","7.36",,,"0","0","0","0","0","0","0","2","0","0","0","0","0","0","0","2","0","33","11","0","0","0","0","0","0","16","1","2","5","0","0","0","0","0","1","0","9","0","1","0","0","0","3","1","1","0","0","0","0","0","0","0","0","0","7","0","40","1","0","0","0","0","84","0","44","7","0","0","0","0","0",".158",".334",".281",".369",".438",".177",".099",".275",".111",".210","-0.075","-0.251","-0.088","71.5",28.1,12.5,9.4,16.7,12.5,"7.4",0,11.4,-5.7,53.1,32.7,"87","36.5",11.1,0,0,22.2,22.2,33.3,11.1,11.1,33.3,"75.241898","94.727723333",65,15.4,15.9,57.1,42.9,4,7,52.4,44,100,7.1,1,44,39,84,84.6,4,26,47.6,40,41.7,35,24.2,39.3,44.4,22.2,33.3,9,44.4,22.2,2,33.3,3,11.1,1,33.3,3,"R","84",39.4,"48.8","95.9","2326","-5.3","-13.9","16","16.9","1.5","46.4","88.4","2433","-0.4","-34","1","1.9","1.3","1.2","92.8","2024","-20.3","-25.9","6.6","21.3",,,,,,,,,,"3.6","96.9","2367","-10.9","-14.6","14.9","18.5","1.5",,,,,,,,,,,,,,,,,,,,,,,,,,,,,,,,,,,,,,,,,,,,,,,,,,,,,,,,,"52.4","96","2329","-5.7","-14","15.9","17","1.5","46.4","88.4","2433","-0.4","-34","1","1.9","1.3","1.2","92.8","2024","-20.3","-25.9","6.6","21.3",
"Fulmer, Michael",605242,2025,32,"1","2.2",13,11,4,1,2,0,1,2,2,15.4,15.4,".364",".818",".462","1.280","0.454",".375","3","3","0","0","8","0","0","0","0","0","10.13",,,"0","0","0","0","0","0","0","2","6","0","0","0","0","0","0","5","0","23","10","0","0","0","0","0","0","15","0","0","1","1","0","1","0","2","1","1","9","3","0","0","0","0","1","1","1","0","0","0","0","0","0","0","0","0","4","0","25","9","0","0","0","0","63","0","38","4","3","3","0","0","0",".365",".837",".529",".530",".463",".472",".610",".611",".444",".446","-0.001","-0.019","-0.001","73.1",34.6,13,11.5,21.7,19.2,"7.7",0,13.2,-5.4,57.7,31.9,"91.9","27.2",44.4,2,22.2,11.1,11.1,33.3,22.2,0,33.3,"84.094842","94.254745556",64.5,0,25,50,50,4,8,50.8,32,100,6.3,7,47,8,63,100,0,20,49.2,31,30.2,19,14.3,44.4,33.3,55.6,11.1,9,84.6,22.2,2,33.3,3,22.2,2,22.2,2,"R","63",40.4,"17.5","93.1","2389","-0.6","-15.1","16.2","16.3","1.4",,,,,,,,,"11.1","89.2","1843","-14.6","-30.2","4","15.3","1.5","12.7","80.3","2655","17.2","-49.6","-6.7","18.5","1.4","12.7","92.8","2309","-12.8","-21.1","10.7","16.9","1.4","44.4","88.2","2554","6.2","-30.9","4","7.6","1.6",,,,,,,,,,,,,,,,,"1.6","81.9","2702","18.8","-38.8","2.8","19",,,,,,,,,,,,,,,,,,,,,,,,,,"74.6","90.2","2473","1.4","-25.5","8","11.2","2.3","14.3","80.5","2660","17.4","-48.4","-5.6","18.6","1.4","11.1","89.2","1843","-14.6","-30.2","4","15.3","1.5"
"Rangel, Alan",660604,2025,27,"1","3.0",12,10,3,1,1,0,1,1,2,8.3,16.7,".300",".700",".417","1.117","0.400",".250","2","2","0","1","9","0","0","0","0","0","6.00",,,"0","1","0","0","0","0","0","1","2","0","0","0","0","0","0","1","0","18","6","0","0","0","0","0","0","9","0","0","1","2","0","0","0","1","0","2","9","0","0","0","0","0","1","2","0","0","0","0","0","0","0","0","0","0","3","0","18","7","0","0","1","0","45","0","27","3","0","0","0","0","0",".333",".655",".468",".466",".454",".322",".470",".468",".333",".374","-0.033",".045",".002","70",10,5.9,5,35.3,30,"7.4",0,11.8,-3.6,60,33.5,"89.5","36",33.3,1,11.1,0,22.2,44.4,11.1,0,33.3,"81.6082425","92.95118",66.7,6.3,23.8,40,60,2,5,46.7,21,33.3,6.7,13,19,13,45,93.8,1,16,53.3,24,42.2,19,14.3,46.7,55.6,11.1,33.3,9,66.7,22.2,2,22.2,2,22.2,2,33.3,3,"R","45",73.5,"42.2","92.6","2274","-4.1","-12.3","19.6","20.1","1.3","15.6","85.6","2236","5.1","-30.3","6.7","8.5","1.4","28.9","81.6","2077","-10","-29.5","11.7","15.5","1.5","13.3","73.6","1965","0.4","-66.7","-15.6","15.7","1.4",,,,,,,,,,,,,,,,,,,,,,,,,,,,,,,,,,,,,,,,,,,,,,,,,,,,,,,,,,,,,,,,,"42.2","92.6","2274","-4.1","-12.3","19.6","20.1","1.3","28.9","80","2111","3","-47.1","-3.6","11.8","2.9","28.9","81.6","2077","-10","-29.5","11.7","15.5","1.5"
"Herget, Kevin",643361,2025,34,"1","2.0",10,10,3,2,1,0,0,1,0,10,0,".300",".400",".300","0.700","0.100",".333","1","2","0","0","6","0","0","1","0","0","4.50",,,"0","0","0","0","0","0","0","2","1","0","0","0","0","0","0","3","0","16","6","0","0","0","0","0","0","7","0","1","1","0","0","0","0","1","1","1","9","0","0","0","0","0","3","2","1","0","0","0","0","0","0","0","0","0","3","1","17","4","0","0","0","0","42","0","25","3","0","0","0","0","1",".273",".437",".304",".302",".273",".165",".338",".336",".333",".303",".027","-0.037",".002","69.3",11.1,20,16.7,46.7,38.9,"7.3",0,10.6,1,55.6,33,"92.8","20.3",33.3,0,0,22.2,22.2,33.3,22.2,0,44.4,"88.29401","93.822995556",63.6,7.1,25,40,60,2,5,47.6,20,60,11.9,7,35,0,42,92.9,1,14,52.4,22,40.5,17,15.8,45.2,33.3,55.6,11.1,9,50,33.3,3,44.4,4,22.2,2,0,0,"R","42",51.9,"28.6","92.3","2226","-6.4","-12.4","19.9","21.1","1.5",,,,,,,,,"16.7","81.1","2010","-14","-27.2","14.6","20.4","1.4",,,,,,,,,,,,,,,,,"54.8","86","2247","3.2","-31.6","5.1","6.6","1.3",,,,,,,,,,,,,,,,,,,,,,,,,,,,,,,,,,,,,,,,,,,,,,,,,"83.3","88.2","2240","-0.1","-25","10.2","11.6","2.5",,,,,,,,,"16.7","81.1","2010","-14","-27.2","14.6","20.4","1.4"
"Suárez, Albert",544150,2025,35,"1","2.2",11,10,5,5,0,0,0,2,0,18.2,0,".500",".500",".455","0.955","0.000",".556","1","2","0","0","8","0","0","2","0","0","3.38",,,"1","3","0","0","0","0","0","3","2","1","0","0","0","0","0","4","0","12","6","0","1","0","0","0","0","5","0","0","1","2","0","0","0","1","4","0","9","2","0","0","0","0","2","1","0","0","0","0","0","0","0","0","1","0","5","1","14","5","1","0","3","0","39","1","25","5","2","2","0","0","0",".230",".315",".404",".266",".234",".085",".494",".325",".556",".286",".270",".185",".138","71.5",14.3,20,14.3,50,35.7,"7.2",1,7.5,-0.8,50,27,"90.1","10.3",44.4,0,0,22.2,33.3,22.2,22.2,0,55.6,"80.95153","95.376305556",61.1,9.1,38.1,50,50,4,8,53.8,21,66.7,7.7,4,29,2,39,90.9,1,11,46.2,18,46.2,18,26.3,48.7,11.1,44.4,44.4,9,45.5,55.6,5,44.4,4,0,0,0,0,"R","39",36.1,"43.6","93","2389","-6","-14.9","17.1","18.3","1.4",,,,,,,,,"10.3","85","2027","-16.9","-29.6","8.5","19","1.4","5.1","78.3","2356","4.7","-49.5","-4.7","6.6","1.5",,,,,,,,,"30.8","85.4","2161","1.4","-27.4","10.1","10.4","1.4",,,,,,,,,,,,,,,,,,,,,,,,,"10.3","80.1","2433","6.7","-43.4","-0.5","6.8","1.4",,,,,,,,,,,,,,,,,"74.4","89.9","2295","-2.9","-20.1","14.2","15","2.7","15.4","79.5","2408","6","-45.4","-1.9","6.7","1.5","10.3","85","2027","-16.9","-29.6","8.5","19","1.4"
"Petersen, Michael",656848,2025,31,"2","3.0",12,12,3,2,1,0,0,2,0,16.7,0,".250",".333",".250","0.583","0.083",".300","2","2","0","0","9","0","0","0","0","0","6.00",,,"0","0","0","0","0","0","0","1","2","0","0","0","0","0","0","2","0","17","7","0","0","0","0","0","0","11","0","1","2","0","0","0","0","1","1","1","10","1","0","0","0","0","0","5","1","0","0","0","0","0","0","0","0","0","7","0","17","4","0","0","0","0","52","0","35","7","0","0","0","0","0",".216",".258",".254",".206",".216",".042",".304",".247",".300",".260",".034",".075",".048","70.6",21.7,0,0,26.3,21.7,"6.6",3,4.9,12.6,52.2,28.1,"80.2","11",30,0,0,0,20,20,50,10,20,"66.089244","91.199629",72,22.2,37,30,70,3,10,51.9,27,66.7,5.8,0,52,0,52,77.8,4,18,48.1,25,50,26,25,53.8,40,50,10,10,75,60,6,10,1,20,2,10,1,"R","52",47.6,"59.6","97.5","2301","-9.8","-10.3","18.6","21.1","1.3",,,,,,,,,,,,,,,,,,,,,,,,,"3.8","97.2","2321","-14.7","-13.9","15","21.1","1.4","36.5","90.7","2191","2.6","-27.1","6.1","6.8","1.4",,,,,,,,,,,,,,,,,,,,,,,,,,,,,,,,,,,,,,,,,,,,,,,,,"100","95","2262","-5.5","-16.6","13.9","15.9","2.9",,,,,,,,,,,,,,,,
"Edwards Jr., Carl",605218,2025,33,"2","3.0",13,11,4,3,0,0,1,2,1,15.4,7.7,".364",".636",".385","1.021","0.272",".333","3","3","0","0","9","0","0","0","0","0","9.00",,,"1","1","0","0","0","0","0","2","6","1","0","0","0","0","0","3","0","17","10","0","0","0","0","0","0","4","1","1","2","1","0","0","0","0","2","2","10","3","0","0","0","0","2","3","0","0","0","0","0","0","0","0","1","0","5","0","17","7","0","0","1","0","47","1","30","5","3","3","0","0","0",".255",".486",".418",".330",".302",".230",".474",".360",".400",".293",".109",".150",".088","73",25,20,12.5,30,18.8,"7.3",0,13.1,-5.9,50,31.2,"88","11.5",40,1,10,10,10,30,40,0,30,"76.493176","93.866075",59.3,25,20,50,50,2,4,42.6,20,80,10.6,10,23,14,47,75,4,16,57.4,27,51.1,24,30,42.6,50,30,20,10,61.5,50,5,20,2,30,3,0,0,"R","47",56.4,"48.9","91.8","2480","2.3","-14.7","17.9","18.2","1.5",,,,,,,,,"21.3","88.5","1831","-13.7","-25","10.2","17.4","1.4","29.8","78.9","2179","5.5","-55","-10.5","12.1","1.4",,,,,,,,,,,,,,,,,,,,,,,,,,,,,,,,,,,,,,,,,,,,,,,,,,,,,,,,,,,,,,,,,"48.9","91.8","2480","2.3","-14.7","17.9","18.2","1.5","29.8","78.9","2179","5.5","-55","-10.5","12.1","1.4","21.3","88.5","1831","-13.7","-25","10.2","17.4","1.4"
"Harvey, Hunter",640451,2025,30,"6","5.1",17,17,1,1,0,0,0,7,0,41.2,0,".059",".059",".059","0.118","0.000",".100","0","0","0","0","16","0","0","0","0","0","0.00",,,"0","0","0","0","0","0","0","1","0","0","0","0","0","0","0","2","0","28","16","0","0","0","0","0","0","14","2","1","6","0","0","0","0","0","1","0","10","0","3","0","0","0","2","5","2","0","0","0","0","0","0","0","0","0","8","0","28","1","0","0","0","0","79","0","51","9","0","0","0","0","0",".125",".157",".052",".123",".125",".032",".089",".209",".100",".212","-0.066","-0.098","-0.071","72",13.8,15,10.3,40,27.6,"7.4",0,11.3,1.2,62.1,30.2,"94.4","0.4",20,0,0,0,10,40,50,0,50,"88.302204","95.485184",58.5,29.2,28.9,36.4,63.6,4,11,48.1,38,57.1,8.9,17,48,14,79,70.8,7,24,51.9,41,36.7,29,31.4,44.3,40,40,20,10,70.6,60,6,20,2,20,2,0,0,"R","79",43.8,"60.8","95.3","2015","-8","-12.6","17.5","19.3","1.2","10.1","85.6","2334","3.3","-36.9","0.5","3.9","1.4",,,,,,,,,"7.6","81.1","2159","6.7","-53","-11.4","13.3","1.5",,,,,,,,,,,,,,,,,"21.5","87.7","1034","-10.2","-33.9","1.6","10.4","1.3",,,,,,,,,,,,,,,,,,,,,,,,,,,,,,,,,,,,,,,,,"60.8","95.3","2015","-8","-12.6","17.5","19.3","1.2","17.7","83.7","2259","4.8","-43.8","-4.6","7.9","1.8","21.5","87.7","1034","-10.2","-33.9","1.6","10.4","1.3"
"Lucchesi, Joey",664192,2025,32,"2","1.2",11,11,5,4,1,0,0,1,0,9.1,0,".455",".545",".455","1.000","0.090",".500","2","2","0","0","5","0","1","0","0","0","10.80",,,"0","1","0","0","0","0","0","1","0","0","0","0","0","0","0","1","0","6","5","0","0","0","0","0","0","5","0","0","2","0","0","0","0","0","1","2","8","0","0","0","0","0","0","3","0","0","0","0","0","0","0","0","0","0","1","0","7","3","0","0","1","0","26","0","19","1","0","0","0","0","0",".307",".353",".438",".287",".307",".046",".482",".316",".500",".338",".148",".192",".151","68.6",0,15.4,13.3,38.5,33.3,"6.8",1,3.2,5.1,66.7,35.9,"86","14.5",30,0,0,0,40,20,40,0,20,"77.126282","91.429175",68.4,7.7,40,33.3,66.7,2,6,44.1,15,50,5.9,0,21,13,34,92.3,1,13,55.9,19,44.1,15,15.8,55.9,40,30,30,10,81.8,60,6,0,0,20,2,20,2,"L","34",48.7,"14.7","91.4","2202","5.3","-17.5","15.3","16.2","1.5",,,,,,,,,,,,,,,,,"38.2","77.7","2185","-3.7","-48.6","-3.5","5.7","1.6","47.1","91.5","2228","15.6","-22.5","10.3","19","1.3",,,,,,,,,,,,,,,,,,,,,,,,,,,,,,,,,,,,,,,,,,,,,,,,,,,,,,,,,"61.8","91.5","2221","13.2","-21.3","11.5","18.3","1.3","38.2","77.7","2185","-3.7","-48.6","-3.5","5.7","1.6",,,,,,,,
"Sisk, Evan",681895,2025,28,"5","5.1",26,21,5,3,1,1,0,11,5,42.3,19.2,".238",".381",".385","0.766","0.143",".500","1","1","0","0","16","0","0","1","1","0","1.69",,,"3","2","0","0","0","0","0","8","1","2","1","0","0","0","0","8","0","54","24","0","0","0","0","0","0","16","0","1","5","0","0","0","0","1","2","2","10","1","0","0","0","0","2","2","1","0","0","0","0","0","0","0","0","0","14","0","56","8","0","0","2","0","120","0","64","14","3","0","0","0","0",".171",".318",".346",".301",".331",".147",".554",".436",".500",".360",".067",".063",".045","70.2",10,19,13.3,28.6,20,"7.3",2,9.9,0.4,46.7,33.5,"91.5","7.2",40,1,10,20,20,20,30,0,50,"80.910372","95.49489",49,20,21.7,60,40,9,15,57.5,69,50,5,0,77,43,120,80,5,25,42.5,51,43.3,52,35,33.3,30,60,10,10,34.6,40,4,30,3,30,3,0,0,"L","120",12.3,"19.2","90.1","2192","6.9","-20.9","12.9","14.8","1.3","32.5","79.4","2256","-13.5","-36.2","7.5","15.6","1.3",,,,,,,,,"3.3","76.5","2298","-16.5","-52","-4.8","17.2","1.4","35","89.7","2053","14.6","-31.3","3.2","15.3","1.4","10","87.4","2218","-2","-28.8","7","7.5","1.4",,,,,,,,,,,,,,,,,,,,,,,,,,,,,,,,,,,,,,,,,,,,,,,,,"64.2","89.4","2120","9.7","-27.8","6.7","13.9","1.6","35.8","79.1","2260","-13.8","-37.7","6.4","15.7","1.5",,,,,,,,
"McGee, Easton",668834,2025,27,"2","4.0",15,14,3,3,0,0,0,4,1,26.7,6.7,".214",".214",".267","0.481","0.000",".300","1","1","0","0","12","0","0","0","0","0","2.25",,,"0","0","0","0","0","0","0","2","1","0","0","0","0","0","0","2","0","15","12","0","0","0","0","0","0","14","1","1","2","1","0","0","0","0","0","3","10","1","0","0","0","0","2","5","0","0","0","0","0","0","0","0","0","0","6","0","16","3","0","0","0","0","59","0","43","6","0","0","0","0","0",".181",".219",".224",".208",".236",".038",".267",".243",".300",".254",".033","-0.005",".016","72.7",25.9,9.1,7.4,40.9,33.3,"7.2",1,11.2,-1,51.9,32.4,"92.8","5.4",40,0,0,0,20,30,50,0,30,"86.833632","93.544611",65.5,15.8,40,33.3,66.7,4,12,50.8,30,83.3,10.2,3,38,12,59,84.2,3,19,49.2,29,40.7,24,22.6,52.5,40,50,10,10,73.3,50,5,20,2,30,3,0,0,"R","59",25.8,"23.7","93.2","2547","-9.2","-15.3","16.3","18.8","1.3",,,,,,,,,"5.1","87.5","2139","-17","-31.1","4.5","17.7","1.4","20.3","80.5","2430","11","-52.2","-9.7","14.8","1.4","33.9","93.9","2411","-17.4","-22.6","8.7","19.6","1.2","6.8","88.1","2376","1.1","-26.6","8.7","8.9","1.5",,,,,,,,,,,,,,,,,"10.2","82","2428","14.8","-40.1","1","15.5","1.4",,,,,,,,,,,,,,,,,,,,,,,,,"64.4","93","2458","-12.4","-20.3","11.5","18.2","1.8","30.5","81","2430","12.3","-48.2","-6.1","15","1.4","5.1","87.5","2139","-17","-31.1","4.5","17.7","1.4"
"Stock, Robert",476594,2025,35,"2","2.2",15,11,4,3,0,0,1,1,4,6.7,26.7,".364",".636",".533","1.169","0.272",".333","3","3","0","0","8","0","0","0","0","0","10.13",,,"0","0","0","0","0","0","0","3","3","0","0","0","0","0","0","2","0","25","13","0","0","0","0","0","1","5","1","1","2","0","0","0","0","2","1","1","10","1","0","0","0","0","2","2","1","0","0","0","0","0","0","0","0","0","3","0","27","7","0","0","0","0","59","0","32","3","0","0","0","0","0",".392",".741",".501",".535",".554",".349",".474",".526",".400",".431","-0.028","-0.105","-0.034","70.6",21.1,33.3,26.3,60,47.4,"7.1",0,8.9,2.6,52.6,33.9,"94.3","20.8",20,1,10,10,40,20,20,0,50,"81.819934","97.776179",55.2,25,10,0,100,0,3,50.8,30,50,13.6,3,51,0,59,75,4,16,49.2,29,44.1,26,21.1,32.2,30,60,10,10,40,30,3,40,4,20,2,10,1,"R","59",5.4,"10.2","95","2166","-11.1","-18.7","12.2","16.6","1.6",,,,,,,,,"5.1","79.4","1402","-16.7","-43.5","0.5","17.4","1.4",,,,,,,,,"32.2","93.7","2091","-18.4","-32.7","-1","18.5","1.5","44.1","88.9","2392","-1","-28.2","6.5","6.9","1.4",,,,,,,,,,,,,,,,,"8.5","81.8","2546","21.5","-37.9","3.7","22","1.4",,,,,,,,,,,,,,,,,,,,,,,,,"86.4","91.4","2253","-8.7","-28.7","4.4","12.4","2.6","8.5","81.8","2546","21.5","-37.9","3.7","22","1.4","5.1","79.4","1402","-16.7","-43.5","0.5","17.4","1.4"
"Davis, Noah",663562,2025,28,"4","4.2",21,16,4,3,0,0,1,5,2,23.8,9.5,".250",".438",".429","0.867","0.188",".300","3","4","0","1","14","0","1","0","0","0","5.79",,,"1","5","0","0","0","0","0","4","4","1","0","0","0","1","0","3","0","34","24","0","1","0","0","0","0","9","0","2","4","1","0","0","3","1","1","2","11","2","0","0","0","0","2","5","0","0","0","0","0","0","0","0","0","0","5","1","38","7","1","0","5","0","87","0","49","5","0","0","0","0","0",".260",".423",".395",".391",".436",".163",".431",".423",".364",".379","-0.010",".015",".004","71.9",21.1,20,15.8,40,31.6,"7.5",1,11.5,-1.9,63.2,31.3,"90.2","9.3",45.5,1,9.1,9.1,36.4,9.1,36.4,0,45.5,"81.399075","94.100345455",39.5,5.9,18.2,50,50,4,8,50.6,44,66.7,3.4,4,48,0,87,94.1,1,17,49.4,43,44.8,39,20,28.7,45.5,27.3,27.3,11,61.9,54.5,6,27.3,3,18.2,2,0,0,"R","87",27.1,"4.6","95.3","2222","-13.7","-18.3","11.8","18","1.4",,,,,,,,,,,,,,,,,,,,,,,,,"40.2","94.1","2188","-18.2","-24.6","6.3","19.3","1.3","10.3","88.1","2198","1.3","-28.6","6.3","6.7","1.6",,,,,,,,,,,,,,,,,"40.2","79.5","2734","17.3","-44.2","-0.6","17.5","1.3",,,,,,,,,,,,,,,,,"4.6","85.4","1004","-8.9","-38.6","-1.1","10.1","1.4","55.2","93.1","2193","-14.2","-24.8","6.8","16.9","2.3","40.2","79.5","2734","17.3","-44.2","-0.6","17.5","1.3","4.6","85.4","1004","-8.9","-38.6","-1.1","10.1","1.4"
"Stratton, Hunter",676702,2025,28,"2","1.2",12,11,6,4,1,0,1,0,1,0,8.3,".545",".909",".583","1.492","0.364",".500","4","4","0","0","5","0","0","0","0","0","21.60",,,"0","1","0","0","0","0","0","3","5","0","0","0","0","0","0","5","0","15","4","0","0","0","0","0","0","12","2","1","2","0","0","0","0","2","2","2","11","2","0","0","0","0","3","2","0","0","0","0","0","0","0","0","0","0","4","0","17","10","0","0","1","0","51","0","34","5","1","1","0","0","0",".527","1.004",".632",".649",".566",".477",".627",".645",".545",".527",".018","-0.095","-0.017","71.6",11.1,28.6,22.2,42.9,33.3,"7.1",0,9.2,3.5,51.9,33.2,"94.4","11.9",54.5,2,18.2,0,45.5,27.3,0,9.1,63.6,"85.423206667","98.542414545",88.5,17.4,28,42.9,57.1,3,7,49,25,100,2,0,30,21,51,82.6,4,23,51,26,47.1,24,23.3,58.8,45.5,36.4,18.2,11,66.7,36.4,4,45.5,5,18.2,2,0,0,"R","51",41,"45.1","95.9","2534","-1.8","-16.2","13.5","13.8","1.3","41.2","84.2","2675","10.7","-38.2","0.2","11","1.5",,,,,,,,,,,,,,,,,,,,,,,,,"13.7","93.7","2614","5.2","-21.8","9.1","10.5","1.4",,,,,,,,,,,,,,,,,,,,,,,,,,,,,,,,,,,,,,,,,,,,,,,,,"58.8","95.4","2553","-0.1","-17.5","12.5","13","1.5","41.2","84.2","2675","10.7","-38.2","0.2","11","1.5",,,,,,,,
"Nikhazy, Doug",680951,2025,25,"1","3.0",20,14,5,2,2,1,0,3,6,15,30,".357",".643",".550","1.193","0.286",".455","6","6","0","0","9","0","1","1","0","0","18.00",,,"1","2","0","0","0","0","0","5","5","0","0","1","0","0","0","8","0","40","10","0","0","0","0","0","0","16","2","0","0","0","0","0","0","1","1","3","11","3","0","0","0","0","2","1","2","0","0","0","0","0","0","0","0","1","11","0","40","9","0","0","2","0","90","0","50","11","0","0","0","0","0",".338",".620",".504",".491",".536",".282",".538",".514",".455",".430",".019",".023",".013","72.6",25,25,16.7,29.2,19.4,"7.2",0,8.3,4.7,55.6,29,"97.4","24.2",63.6,2,18.2,18.2,27.3,27.3,9.1,0,63.6,"91.267805","98.485047273",77.5,25.8,18,55.6,44.4,5,9,55.6,50,100,12.2,6,43,39,90,74.2,8,31,44.4,40,35.6,32,32.5,44.4,27.3,36.4,36.4,11,65,18.2,2,27.3,3,45.5,5,9.1,1,"L","90",45.5,"47.8","89.6","1980","7.9","-17","17.4","19.2","1.9","32.2","86","2408","-7.1","-32.2","4.9","8.8","1.5","6.7","83","1971","17.2","-30.2","9.9","20","1.4","11.1","78.6","2721","-11.7","-57.1","-12","16.9","1.4",,,,,,,,,,,,,,,,,,,,,,,,,,,,,,,,,"2.2","81.2","2697","-18.6","-41","1.1","18.8","1.5",,,,,,,,,,,,,,,,,,,,,,,,,"47.8","89.6","1980","7.9","-17","17.4","19.2","1.9","45.6","84","2498","-8.8","-38.7","0.6","11.3","2.8","6.7","83","1971","17.2","-30.2","9.9","20","1.4"
"Díaz, Yilber",700270,2025,24,"1","3.0",15,12,4,2,2,0,0,1,3,6.7,20,".333",".500",".467","0.967","0.167",".364","3","3","0","0","9","0","0","1","0","0","9.00",,,"0","0","0","0","0","0","0","4","3","0","0","0","0","0","0","6","0","27","7","0","0","0","0","0","0","10","0","1","1","1","0","0","0","0","2","2","11","3","0","0","0","0","2","2","2","0","0","0","0","0","0","0","0","0","2","0","30","6","0","0","0","0","60","0","30","2","0","0","0","0","0",".386",".681",".426",".501",".509",".295",".392",".495",".364",".421","-0.053","-0.181","-0.075","74",50,17.6,16.7,35.3,33.3,"7.3",0,10.9,0.1,66.7,31.2,"98.1","16.2",36.4,1,9.1,18.2,36.4,18.2,18.2,0,63.6,"91.310493333","98.328471818",74.1,5,9.1,33.3,66.7,1,3,55,33,60,8.3,0,34,26,60,95,1,20,45,27,25,15,8.7,38.3,54.5,27.3,18.2,11,46.7,36.4,4,18.2,2,36.4,4,9.1,1,"R","60",45.6,"56.7","94.6","2175","-7.9","-14","16.7","18.6","1.6","35","81","2770","1.4","-48.8","-7.4","7.7","1.6",,,,,,,,,"8.3","75.4","2265","4.3","-65","-16.5","17.2","1.5",,,,,,,,,,,,,,,,,,,,,,,,,,,,,,,,,,,,,,,,,,,,,,,,,,,,,,,,,,,,,,,,,"56.7","94.6","2175","-7.9","-14","16.7","18.6","1.6","43.3","79.9","2673","2","-51.9","-9.2","9.6","2.1",,,,,,,,
"Rodriguez, Carlos",692230,2025,23,"1","3.1",18,14,5,2,3,0,0,2,4,11.1,22.2,".357",".571",".500","1.071","0.214",".417","3","3","0","0","10","1","0","1","0","0","8.10",,,"0","0","0","0","0","0","0","5","2","0","0","0","0","0","0","5","0","30","8","0","0","0","0","0","0","11","4","0","1","1","0","0","0","0","2","3","12","3","0","0","0","0","2","3","1","0","0","0","0","0","0","0","0","0","6","0","32","8","0","0","0","0","74","0","42","7","1","0","0","0","0",".230",".423",".464",".368",".401",".192",".465",".322",".417",".269",".127",".148",".096","69.7",20,16.7,12,33.3,24,"7.3",1,11.6,-4.3,40,32.5,"87.9","12.2",41.7,2,16.7,0,16.7,33.3,25,8.3,41.7,"74.111021667","94.883104167",77.4,20.8,23.3,60,40,6,10,58.1,43,85.7,9.5,18,37,19,74,79.2,5,24,41.9,31,37.8,28,32.4,45.9,50,41.7,8.3,12,61.1,41.7,5,16.7,2,33.3,4,8.3,1,"R","74",36.4,"20.3","93.8","2232","-5.9","-14.7","16.5","17.7","1.3","21.6","80.6","2266","13.8","-37","5.2","15","1.4","24.3","85.9","1681","-15.9","-32.2","4.9","16.7","1.3","4.1","75.6","2344","12.2","-58.9","-10.9","16.7","1.5","9.5","94.1","2155","-16.1","-19","12","20.1","1.4","20.3","88.8","2176","3.6","-26.9","7.6","8.7","1.4",,,,,,,,,,,,,,,,,,,,,,,,,,,,,,,,,,,,,,,,,,,,,,,,,"50","91.8","2194","-4","-20.5","12","14.5","2.3","25.7","79.8","2279","13.6","-40.5","2.6","15.2","1.8","24.3","85.9","1681","-15.9","-32.2","4.9","16.7","1.3"
"Selby, Colin",681882,2025,27,"4","5.2",23,22,5,2,2,0,1,10,1,43.5,4.3,".227",".455",".261","0.716","0.228",".364","2","2","0","0","17","0","0","0","0","0","3.18",,,"0","0","0","0","0","0","0","5","3","0","0","0","0","0","0","7","0","22","15","0","0","0","0","0","0","11","2","3","4","0","0","1","0","2","1","2","12","1","0","0","0","0","1","5","1","0","0","0","0","0","0","0","0","0","12","0","23","10","0","0","0","0","79","0","56","16","3","1","0","0","0",".184",".391",".308",".261",".219",".207",".532",".442",".417",".337",".043",".064",".047","71.6",29,16.7,9.7,38.9,22.6,"7.4",1,11.9,-1.6,48.4,31.8,"90.1","1.7",41.7,2,16.7,8.3,8.3,16.7,50,0,41.7,"78.264493333","95.083235",61.9,19.2,40.5,86.7,13.3,13,15,46.8,37,33.3,7.6,0,39,40,79,80.8,5,26,53.2,42,44.3,35,43.9,51.9,50,25,25,12,56.5,50,6,25,3,25,3,0,0,"R","79",48.6,"19","96.1","2207","-8","-13.8","15.8","17.8","1.2","21.5","88.5","2502","3.3","-32.2","2.7","4.6","1.4",,,,,,,,,"29.1","83.4","2830","12.1","-53.6","-13.9","18.8","1.3","30.4","95.4","2185","-15.2","-19.3","10.7","18.6","1.3",,,,,,,,,,,,,,,,,,,,,,,,,,,,,,,,,,,,,,,,,,,,,,,,,,,,,,,,,"49.4","95.7","2193","-12.4","-17.2","12.7","18.3","1.2","50.6","85.5","2691","8.4","-44.5","-6.8","12.8","2.3",,,,,,,,
"Curry, Xzavion",675540,2025,26,"3","3.0",16,13,4,4,0,0,0,1,3,6.3,18.8,".308",".308",".438","0.746","0.000",".333","2","4","0","0","9","0","1","0","0","0","6.00",,,"1","2","0","0","0","0","0","6","3","1","0","0","0","0","0","7","0","20","7","0","0","0","0","0","0","11","0","1","3","1","0","0","0","0","2","2","12","2","0","0","0","0","4","3","0","0","0","0","0","0","0","0","0","0","1","2","25","4","0","0","2","0","56","0","31","1","4","2","0","0","0",".189",".327",".352",".307",".341",".138",".296",".236",".333",".205",".119","-0.019",".045","71.5",23.8,15,14.3,35,33.3,"7.4",0,9.3,-3.6,52.4,33.6,"86","17.8",16.7,1,8.3,0,8.3,33.3,33.3,16.7,33.3,"77.14369","91.963804545",71.4,5,14.3,0,100,0,4,50,28,100,5.4,3,21,31,56,95,1,20,50,28,35.7,20,4.2,42.9,16.7,41.7,41.7,12,62.5,41.7,5,33.3,4,16.7,2,8.3,1,"R","56",61.1,"37.5","90.5","2060","-4.6","-14.5","19.2","19.9","1.3","37.5","80.2","2379","6.9","-41.8","1","7.7","1.5",,,,,,,,,"17.9","72.4","2436","10.3","-66.9","-13.7","17.2","1.3",,,,,,,,,,,,,,,,,"5.4","85.6","1325","-15.1","-22.8","14.7","21.1","1.5",,,,,,,,,"1.8","80","2392","12.5","-39.1","3.9","13.1",,,,,,,,,,,,,,,,,,,,,,,,,,"37.5","90.5","2060","-4.6","-14.5","19.2","19.9","1.3","57.1","77.8","2397","8.1","-49.5","-3.5","10.8","2.8","5.4","85.6","1325","-15.1","-22.8","14.7","21.1","1.5"
"Poteet, Cody",547001,2025,30,"1","2.2",16,14,6,3,2,1,0,1,2,6.3,12.5,".429",".714",".500","1.214","0.285",".462","5","5","0","0","8","0","0","0","0","0","16.88",,,"0","1","0","0","0","0","0","3","6","0","0","0","0","0","0","4","0","29","9","0","0","0","0","0","0","10","0","0","1","0","0","0","0","3","2","1","13","4","0","0","0","0","4","3","0","0","0","0","0","0","0","0","0","0","6","0","30","10","0","0","1","0","68","0","38","6","1","1","0","0","0",".261",".508",".512",".372",".354",".247",".523",".351",".462",".281",".168",".206",".140","73.2",21.4,13.6,10.7,36.4,28.6,"7.3",0,11.9,-5.3,57.1,30.8,"89.6","16.6",38.5,1,7.7,7.7,15.4,46.2,15.4,7.7,30.8,"81.123797143","93.698304615",66.7,16.7,15.6,40,60,2,5,47.1,32,100,4.4,14,24,24,68,83.3,4,24,52.9,36,50,34,20.7,42.6,46.2,30.8,23.1,13,56.3,38.5,5,53.8,7,7.7,1,0,0,"R","68",36.8,"7.4","92.2","2424","-7.4","-16.4","15.9","17.5","1.5","35.3","84.3","2728","4.9","-41","-2.7","5.8","1.4","20.6","86.8","2163","-16","-32.2","4.1","16.6","1.4",,,,,,,,,"27.9","92.3","2327","-13.7","-23.2","9","16.5","1.5",,,,,,,,,,,,,,,,,,,,,,,,,"8.8","81.1","2819","15","-43.5","-1.7","15.3","1.5",,,,,,,,,,,,,,,,,,,,,,,,,"35.3","92.3","2347","-12.4","-21.8","10.4","16.7","1.4","44.1","83.7","2746","6.9","-41.5","-2.5","7.7","1.7","20.6","86.8","2163","-16","-32.2","4.1","16.6","1.4"
"Burdi, Nick",595897,2025,32,"4","5.1",21,19,5,4,1,0,0,5,2,23.8,9.5,".263",".316",".333","0.649","0.053",".357","0","0","0","0","16","0","0","1","0","0","0.00",,,"0","0","0","0","0","0","0","9","0","0","0","0","0","0","0","5","0","30","16","0","0","0","0","0","0","15","0","2","4","2","0","0","0","1","0","4","14","1","0","0","0","0","0","8","1","0","0","0","0","0","0","0","0","0","7","0","31","6","0","0","0","0","83","0","52","7","3","0","0","0","1",".309",".385",".296",".339",".375",".076",".344",".409",".357",".419","-0.046","-0.069","-0.043","71.3",27.3,22.2,18.2,29.6,24.2,"7.2",0,10.3,-1.8,51.5,34.2,"92.3","-2.7",35.7,0,0,14.3,35.7,7.1,42.9,0,42.9,"82.593141429","95.255589286",65.8,16,24.4,27.3,72.7,3,11,54.2,45,42.9,8.4,2,55,26,83,84,4,25,45.8,38,43.4,36,19.4,43.4,42.9,42.9,14.3,14,57.1,57.1,8,7.1,1,35.7,5,0,0,"R","83",14.4,"22.9","94.8","2269","-8.9","-19.8","10.7","14.1","1.4","31.3","86.2","2650","11.2","-34.3","2.7","12.1","1.4","2.4","86.8","1679","-12.9","-37.9","-1.7","13","1.5",,,,,,,,,"43.4","93.6","2063","-16.7","-30.3","1","16.8","1.5",,,,,,,,,,,,,,,,,,,,,,,,,,,,,,,,,,,,,,,,,,,,,,,,,,,,,,,,,"66.3","94","2134","-14","-26.7","4.3","15.9","1.5","31.3","86.2","2650","11.2","-34.3","2.7","12.1","1.4","2.4","86.8","1679","-12.9","-37.9","-1.7","13","1.5"
"Backhus, Kyle",679775,2025,27,"4","4.0",19,17,4,2,2,0,0,4,1,21.1,5.3,".235",".353",".263","0.616","0.118",".286","0","0","0","0","12","0","0","0","0","0","0.00",,,"0","2","0","0","0","0","0","1","0","0","0","0","0","0","0","3","0","17","12","0","0","0","0","0","0","11","0","1","4","1","0","0","0","0","1","1","10","1","2","0","0","0","3","3","1","0","0","0","0","0","0","0","0","0","2","0","19","3","0","0","2","0","55","0","36","3","1","0","0","0","0",".235",".309",".263",".272",".286",".074",".308",".319",".286",".316",".000",".044","-0.009","70",0,8.3,7.1,33.3,28.6,"7.1",0,7.2,1.9,39.3,35.5,"88.7","12.4",42.9,0,0,14.3,28.6,28.6,28.6,0,28.6,"79.969381429","93.012417857",64.9,12.5,21.2,14.3,85.7,1,7,47.1,33,50,5.7,0,52,0,70,87.5,3,24,52.9,37,42.9,30,12.9,44.3,50,14.3,35.7,14,57.9,35.7,5,21.4,3,35.7,5,7.1,1,"L","70",6.7,,,,,,,,,,,,,,,,,,,,,,,,,,,,,,,,,"74.3","90.9","2273","17.5","-31.3","1.9","17.7","1.4",,,,,,,,,,,,,,,,,,,,,,,,,"25.7","79.2","2275","-11.9","-41.9","1.9","12.3","1.6",,,,,,,,,,,,,,,,,,,,,,,,,"74.3","90.9","2273","17.5","-31.3","1.9","17.7","1.4","25.7","79.2","2275","-11.9","-41.9","1.9","12.3","1.6",,,,,,,,
"Brigham, Jeff",656257,2025,33,"4","3.1",18,17,7,6,0,0,1,3,1,16.7,5.6,".412",".588",".444","1.032","0.176",".462","3","3","0","0","10","0","0","0","0","0","8.10",,,"0","0","0","0","0","0","0","6","5","0","0","0","0","0","0","8","0","23","7","0","0","0","0","0","1","14","0","1","4","0","0","0","0","0","0","7","14","3","0","0","0","0","1","3","1","0","0","0","0","0","0","0","0","0","4","0","24","10","0","0","0","0","63","0","39","4","4","2","0","0","0",".417",".672",".450",".476",".450",".254",".529",".563",".500",".507","-0.005","-0.084","-0.026","72.7",31,12,10.3,32,27.6,"7.1",1,7.2,4.4,58.6,32.1,"91.6","15.2",57.1,1,7.1,14.3,35.7,14.3,28.6,0,57.1,"79.816192857","96.573445714",81.8,14.8,16.7,0,100,0,5,47.6,30,100,14.3,0,48,0,63,85.2,4,27,52.4,33,33.3,21,12.5,50.8,42.9,42.9,14.3,14,66.7,21.4,3,7.1,1,57.1,8,14.3,2,"R","63",37.2,"41.3","94.8","2444","-9.1","-13.9","16.7","19.3","1.2",,,,,,,,,,,,,,,,,,,,,,,,,,,,,,,,,"34.9","89.8","2673","1.2","-22.9","10.9","11.3","1.4",,,,,,,,,,,,,,,,,"23.8","82.4","2916","14.2","-40.3","0.2","14.4","1.3",,,,,,,,,,,,,,,,,,,,,,,,,"76.2","92.5","2549","-4.4","-18","14","15.6","2.3","23.8","82.4","2916","14.2","-40.3","0.2","14.4","1.3",,,,,,,,
"Walker, Josh",677020,2025,30,"3","5.0",25,22,8,5,3,0,0,8,2,32,8,".364",".500",".440","0.940","0.136",".571","4","4","0","0","15","0","0","0","0","0","7.20",,,"1","0","0","0","0","0","0","6","4","1","0","0","0","0","0","10","0","32","15","0","0","0","0","0","0","13","1","1","3","1","0","0","1","1","2","5","14","3","0","0","0","0","0","3","1","0","0","0","0","0","0","0","0","0","13","0","35","11","0","0","0","0","92","0","57","14","1","0","0","0","0",".240",".377",".414",".315",".331",".137",".589",".412",".571",".377",".124",".123",".099","73.3",38.2,30.4,20.6,34.8,23.5,"7.7",1,14.6,-7.2,58.8,31,"90.7","18.7",42.9,3,21.4,14.3,7.1,28.6,28.6,0,57.1,"74.977998571","97.932096429",62.8,22.2,30.6,60,40,9,15,53.3,49,75,4.3,0,43,49,92,77.8,6,27,46.7,43,44.6,41,35.7,45.7,50,28.6,21.4,14,48,35.7,5,7.1,1,42.9,6,14.3,2,"L","92",39.8,"40.2","93.2","2278","4.5","-15.2","16.5","17.3","1.4",,,,,,,,,,,,,,,,,"53.3","83.9","2164","-5.8","-35.4","3.5","7.2","1.6","6.5","91.9","2116","11.3","-25.5","6.9","13.3","1.6",,,,,,,,,,,,,,,,,,,,,,,,,,,,,,,,,,,,,,,,,,,,,,,,,,,,,,,,,"46.7","93","2255","5.5","-16.7","15.2","16.7","1.5","53.3","83.9","2164","-5.8","-35.4","3.5","7.2","1.6",,,,,,,,
"Mena, Cristian",691441,2025,22,"3","6.2",26,23,3,2,0,0,1,8,3,30.8,11.5,".130",".261",".231","0.492","0.131",".143","1","1","0","1","20","1","0","1","0","0","1.35",,,"0","0","0","0","0","0","0","8","1","0","0","0","0","0","0","4","0","38","12","0","0","0","0","0","0","17","1","0","3","0","0","0","0","1","0","2","15","0","0","0","0","0","1","8","1","0","0","0","0","0","0","0","0","0","13","0","42","6","0","0","0","0","100","0","58","13","3","0","0","0","0",".221",".313",".228",".284",".311",".092",".257",".354",".200",".339","-0.091","-0.052","-0.056","72",26.8,10.3,7.3,34.5,24.4,"7.5",1,14.7,-6.8,65.9,33.5,"86.8","4.7",33.3,1,6.7,0,26.7,20,33.3,13.3,46.7,"74.67341625","94.214864",68.2,16.7,28.1,56.3,43.8,9,16,56.4,57,66.7,5.9,15,41,33,100,83.3,5,30,43.6,44,37.6,38,30.4,46,66.7,20,13.3,15,61.5,53.3,8,13.3,2,20,3,13.3,2,"R","100",46.9,"29","95.3","2370","-5.6","-12.7","17.4","18.4","1.4",,,,,,,,,"15","91.5","2057","-12.2","-26.2","6.3","13.8","1.3","33","88.2","2488","1.4","-36.2","-1.2","2.7","1.5","12","94.4","2329","-12.7","-19.7","11","16.9","1.4",,,,,,,,,,,,,,,,,,,,,,,,,"11","87.1","2543","6.5","-29.2","7.2","10.1","1.5",,,,,,,,,,,,,,,,,,,,,,,,,"41","95.1","2358","-7.7","-14.8","15.5","18","1.4","44","87.9","2502","2.6","-34.5","0.9","4.6","1.5","15","91.5","2057","-12.2","-26.2","6.3","13.8","1.3"
"Muñoz, Roddery",682610,2025,25,"5","5.2",26,21,6,2,2,0,2,7,3,26.9,11.5,".286",".667",".360","1.027","0.381",".308","6","6","0","0","17","0","0","1","0","0","9.53",,,"0","0","0","0","0","0","0","5","8","0","0","0","0","0","0","8","0","34","14","0","0","0","0","0","2","28","0","3","5","0","0","0","0","1","0","5","16","4","0","0","0","0","3","4","2","0","0","0","0","0","0","1","1","0","17","0","37","14","0","0","0","0","115","2","78","20","4","2","0","0","0",".410",".814",".422",".537",".486",".404",".564",".756",".400",".611","-0.124","-0.147","-0.115","70.8",9.3,22.2,14.8,27.8,18.5,"7.6",0,14.3,-6.4,48.1,32.6,"93.6","11",56.3,3,18.8,6.3,43.8,6.3,18.8,6.3,56.3,"84.55398125","97.088192667",80.7,13,31,77.8,22.2,14,18,50.4,58,75,7,3,76,36,115,87,6,46,49.6,57,41.7,48,31.3,55.7,43.8,31.3,25,16,57.7,25,4,25,4,50,8,0,0,"R","115",39.2,"14.8","97","2363","-7.4","-14.4","14.9","16.7","1.4","31.3","88.7","2435","3.7","-39.7","-4.7","6.4","1.4","2.6","90.4","1681","-13.4","-29.6","4.1","14.1","1.5",,,,,,,,,"25.2","95.6","2298","-16.5","-23.4","6.7","17.8","1.4","26.1","92","2472","0.3","-24.9","7.4","7.6","1.4",,,,,,,,,,,,,,,,,,,,,,,,,,,,,,,,,,,,,,,,,,,,,,,,,"66.1","94.5","2382","-7.8","-22","8.8","13.6","2.3","31.3","88.7","2435","3.7","-39.7","-4.7","6.4","1.4","2.6","90.4","1681","-13.4","-29.6","4.1","14.1","1.5"
"Dobnak, Randy",677976,2025,30,"1","5.1",19,17,2,1,0,0,1,1,2,5.3,10.5,".118",".294",".211","0.505","0.176",".067","1","1","0","0","16","0","0","0","0","0","1.69",,,"1","0","0","0","0","0","0","4","1","1","0","0","0","0","0","1","0","34","11","0","0","0","0","0","0","10","0","1","1","1","0","0","0","1","0","1","16","0","0","0","0","0","3","8","2","0","0","0","0","0","0","0","0","0","4","0","37","5","0","0","0","0","79","0","42","5","1","0","0","0","0",".302",".534",".229",".390",".375",".233",".185",".376",".125",".321","-0.184","-0.240","-0.161","72.7",37.9,24,20.7,40,34.5,"7.4",1,4.1,4.6,48.3,34.8,"94.4","11.8",31.3,1,6.3,18.8,18.8,25,31.3,0,56.3,"84.3648625","97.02669375",73.5,4,13.3,66.7,33.3,4,6,57,45,100,5.1,19,38,22,79,96,1,25,43,34,43,34,16.1,39.2,31.3,43.8,25,16,31.6,50,8,25,4,18.8,3,6.3,1,"R","79",22.7,"25.3","92.2","1961","-15.9","-25.8","6.5","17.6","1.2","27.8","82.2","2376","7.1","-43.9","-3.6","8.3","1.3","24.1","84.9","1157","-10","-44","-6","12","1.3",,,,,,,,,"22.8","92","1933","-16.9","-31.3","1.1","17","1.4",,,,,,,,,,,,,,,,,,,,,,,,,,,,,,,,,,,,,,,,,,,,,,,,,,,,,,,,,"48.1","92.1","1948","-16.4","-28.4","3.9","17.3","1.2","27.8","82.2","2376","7.1","-43.9","-3.6","8.3","1.3","24.1","84.9","1157","-10","-44","-6","12","1.3"
"Otañez, Michel",671305,2025,27,"6","5.1",28,22,7,3,1,1,2,6,5,21.4,17.9,".318",".727",".464","1.191","0.409",".357","8","8","0","0","16","0","0","0","0","0","13.50",,,"1","0","0","0","0","0","0","4","6","1","0","0","0","0","0","5","0","52","20","0","0","0","0","0","0","13","2","1","6","1","0","0","1","4","2","1","16","2","1","0","0","1","4","4","0","0","0","0","0","0","0","0","0","0","11","0","56","16","0","0","0","0","121","0","65","13","2","0","0","0","0",".272",".570",".496",".428",".428",".298",".605",".487",".438",".374",".046",".157",".068","70.9",19.4,19,12.9,66.7,45.2,"7.2",5,11.4,-4,58.1,32.3,"93.8","20.4",31.3,3,18.8,0,25,31.3,25,0,50,"84.77028","96.553160625",59.5,8,25.3,70,30,14,20,65.3,79,77.8,7.4,0,78,43,121,92,2,25,34.7,42,38,46,35.6,37.2,50,31.3,18.8,16,32.1,37.5,6,50,8,6.3,1,6.3,1,"R","121",28.8,"28.1","97.4","2351","-10.9","-13.4","15.8","19.2","1.4","35.5","85.2","1929","1.8","-35.3","2.8","3.8","1.3",,,,,,,,,,,,,,,,,"36.4","96.9","2311","-15.5","-16","13.5","20.6","1.4",,,,,,,,,,,,,,,,,,,,,,,,,,,,,,,,,,,,,,,,,,,,,,,,,,,,,,,,,"64.5","97.1","2328","-13.5","-14.9","14.5","20","1.4","35.5","85.2","1929","1.8","-35.3","2.8","3.8","1.3",,,,,,,,
"Tate, Dillon",622253,2025,31,"5","5.1",30,23,7,5,1,0,1,7,6,23.3,20,".304",".478",".467","0.945","0.174",".400","3","3","0","0","16","0","0","0","0","0","5.06",,,"0","0","0","0","0","0","0","7","3","0","0","0","0","0","0","7","0","47","22","0","0","0","0","0","0","20","1","1","5","1","0","0","1","1","2","3","16","2","0","0","0","0","3","3","1","0","0","0","0","0","0","0","0","0","8","0","51","11","0","0","0","0","118","0","67","8","1","0","0","0","0",".250",".491",".422",".402",".425",".241",".486",".449",".438",".360",".054","-0.013",".020","73.4",50,8.6,7.1,25.7,21.4,"7.6",0,15.8,-10,54.8,31,"84.4","15.7",37.5,2,12.5,0,25,31.3,25,6.3,31.3,"71.80473625","92.885633125",59.6,12.9,21.2,35.7,64.3,5,14,55.9,66,33.3,5.1,29,43,0,118,87.1,4,31,44.1,52,36.4,43,20,38.1,50,31.3,18.8,16,50,31.3,5,25,4,25,4,18.8,3,"R","118",20.5,"2.5","90.9","2110","-11.2","-20.6","12.9","17.2","1.5",,,,,,,,,"24.6","82.7","1358","-11.3","-44.4","-3.7","12.4","1.5",,,,,,,,,"33.9","91.8","1915","-16.8","-31.1","1.6","17","1.5",,,,,,,,,,,,,,,,,,,,,,,,,"39","78.7","2455","9.4","-39.8","4.8","11.1","1.7",,,,,,,,,,,,,,,,,,,,,,,,,"36.4","91.7","1928","-16.4","-30.4","2.4","17","1.5","39","78.7","2455","9.4","-39.8","4.8","11.1","1.7","24.6","82.7","1358","-11.3","-44.4","-3.7","12.4","1.5"
"Mazur, Adam",800049,2025,24,"1","5.2",27,23,5,3,1,0,1,5,4,18.5,14.8,".217",".391",".333","0.724","0.174",".235","4","4","0","0","17","0","1","1","0","0","6.35",,,"0","1","0","0","0","0","0","4","4","0","0","0","0","0","0","3","0","36","13","0","0","0","0","0","0","17","2","0","0","0","0","0","0","2","2","1","18","2","0","0","0","0","5","6","1","0","0","0","0","0","0","0","0","1","8","0","38","9","0","0","1","0","97","0","59","9","0","0","0","0","1",".251",".552",".325",".391",".362",".301",".334",".432",".278",".321","-0.034","-0.161","-0.066","72.7",32.6,17.6,14,32.4,25.6,"7.5",0,11.2,-1.7,60.5,32.7,"89.9","12.2",33.3,3,16.7,11.1,11.1,22.2,33.3,5.6,44.4,"79.653353333","94.525611667",71.4,20,22.9,36.4,63.6,4,11,49.5,48,75,8.2,10,34,43,97,80,7,35,50.5,49,45.4,44,23.9,47.4,33.3,61.1,5.6,18,59.3,44.4,8,38.9,7,16.7,3,0,0,"R","97",56.5,"18.6","94.8","2184","-2","-12.7","17.9","18.1","1.3","26.8","85.8","2466","4.6","-38","-0.7","5.4","1.3","10.3","88.8","1376","-9.2","-29.3","5.5","11","1.5","17.5","82","2465","4.2","-51.2","-10.4","11.4","1.4","16.5","94","2233","-12.2","-16.3","14.9","19.4","1.4",,,,,,,,,,,,,,,,,,,,,,,,,"10.3","83.9","2418","11.9","-37.8","1.4","12.2","1.5",,,,,,,,,,,,,,,,,,,,,,,,,"35.1","94.5","2207","-6.8","-14.4","16.5","18.7","1.3","54.6","84.2","2457","5.8","-42.2","-3.4","8.6","1.9","10.3","88.8","1376","-9.2","-29.3","5.5","11","1.5"
"Feyereisen, J.P.",656420,2025,32,"4","4.0",23,22,11,6,3,0,2,4,1,17.4,4.3,".500",".909",".522","1.431","0.409",".563","5","7","0","0","12","0","2","0","0","0","11.25",,,"0","0","0","0","0","0","0","4","7","0","0","0","0","1","0","9","0","21","7","0","1","0","0","0","0","22","0","3","4","1","0","1","0","4","3","4","18","6","0","0","1","0","3","4","0","0","0","0","0","0","0","0","0","0","10","2","24","20","1","0","0","0","81","0","57","10","0","0","0","0","1",".370",".640",".603",".430",".397",".271",".738",".526",".611",".452",".130",".269",".173","72.8",37.5,12.8,10.4,23.1,18.8,"7.5",3,11.4,-6.4,60.4,34.1,"87.7","17.2",44.4,3,16.7,0,33.3,16.7,33.3,0,33.3,"77.511907778","92.903662222",81.6,12.9,44.2,31.6,68.4,6,19,53.1,43,85.7,8.6,36,28,16,81,87.1,4,31,46.9,38,40.7,33,20,61.7,38.9,27.8,33.3,18,77.3,38.9,7,38.9,7,22.2,4,0,0,"R","81",44.3,"34.6","91.2","2271","-2.4","-14.7","18.3","18.5","1.2","19.8","83.3","2645","5.5","-39.8","-0.5","5.7","1.4","44.4","87","1650","-13.3","-34.4","1.8","13.6","1.1",,,,,,,,,,,,,,,,,,,,,,,,,,,,,,,,,,,,,,,,,"1.2","83.4","2573","7.7","-44.6","-5.1","9.3",,,,,,,,,,,,,,,,,,,,,,,,,,"34.6","91.2","2271","-2.4","-14.7","18.3","18.5","1.2","21","83.3","2641","5.6","-40","-0.7","5.9","1.4","44.4","87","1650","-13.3","-34.4","1.8","13.6","1.1"
"Hagenman, Justin",663795,2025,28,"2","6.0",23,23,5,2,3,0,0,5,0,21.7,0,".217",".348",".217","0.565","0.131",".278","1","1","0","0","18","0","0","0","0","0","1.50",,,"0","1","0","0","0","0","0","5","1","0","0","0","0","0","0","6","0","30","13","0","0","0","0","0","0","16","1","1","2","0","0","0","0","0","2","3","18","1","0","0","0","0","3","7","2","0","0","0","0","0","0","0","0","0","8","0","32","8","0","0","1","0","89","0","57","8","2","1","0","0","0",".232",".380",".242",".259",".232",".148",".310",".331",".278",".296","-0.015","-0.032","-0.017","73.2",32.4,16.1,13.5,41.9,35.1,"7.3",3,11.1,-0.1,59.5,34.4,"93.5","9.5",33.3,1,5.6,16.7,22.2,16.7,38.9,0,61.1,"84.979175556","96.403011111",77.5,9.7,26.5,46.2,53.8,6,13,55.1,49,60,11.2,24,50,15,89,87.1,3,31,44.9,40,41.6,37,20.5,49.4,50,38.9,11.1,18,65.2,50,9,16.7,3,27.8,5,5.6,1,"R","89",23,,,,,,,,,"16.9","85.1","2576","3.8","-35.1","2.7","5.2","1.5","27","86.5","1726","-15.1","-36.9","-0.2","15.4","1.4",,,,,,,,,"31.5","92.5","2211","-12.5","-17.8","14.6","19.3","1.6","24.7","86.6","2394","-0.3","-27.1","9.4","9.5","1.6",,,,,,,,,,,,,,,,,,,,,,,,,,,,,,,,,,,,,,,,,,,,,,,,,"56.2","89.9","2292","-7.1","-21.9","12.3","15","2.8","16.9","85.1","2576","3.8","-35.1","2.7","5.2","1.5","27","86.5","1726","-15.1","-36.9","-0.2","15.4","1.4"
"Suarez, José",660761,2025,27,"3","7.1",30,22,3,0,2,0,1,5,7,16.7,23.3,".136",".364",".345","0.709","0.228",".125","2","3","0","0","22","1","0","0","0","0","2.45",,,"1","3","0","0","1","0","0","9","3","1","0","0","0","0","0","6","0","43","21","0","0","0","0","0","0","15","1","1","3","1","0","0","0","2","0","1","18","0","0","0","1","0","4","10","0","0","0","0","0","0","0","1","0","0","14","1","53","8","0","1","3","0","123","1","70","15","1","0","0","0","0",".221",".515",".313",".389",".409",".294",".271",".397",".176",".286","-0.085","-0.151","-0.076","71.2",26.7,16.7,11.1,33.3,22.2,"7.4",0,10.4,-1.5,53.3,31.4,"91.3","6.8",22.2,3,16.7,11.1,0,16.7,50,5.6,55.6,"81.882877778","95.63035",62,12.9,24.7,66.7,33.3,12,18,59.3,73,61.5,10.6,35,57,31,123,87.1,4,31,40.7,50,31.7,39,32.7,39.8,27.8,55.6,16.7,18,66.7,55.6,10,33.3,6,5.6,1,5.6,1,"L","123",41.1,"46.3","93.1","2374","7.9","-14","17.9","19.6","1.4","24.4","83.5","2847","-7","-37.9","1.4","7.5","1.5","28.5","83.3","1593","14.6","-36.8","2.9","15.2","1.4","0.8","75.4","2801","-16.3","-49.8","-1.7","16.4",,,,,,,,,,,,,,,,,,,,,,,,,,,,,,,,,,,,,,,,,,,,,,,,,,,,,,,,,,,,,,,,,,"46.3","93.1","2374","7.9","-14","17.9","19.6","1.4","25.2","83.2","2846","-7.3","-38.3","1.3","7.7","1.8","28.5","83.3","1593","14.6","-36.8","2.9","15.2","1.4"
"Miller, Bobby",676272,2025,26,"2","5.0",28,25,11,7,2,0,2,7,2,25,7.1,".440",".760",".500","1.260","0.320",".563","7","7","0","0","15","0","0","0","0","0","12.60",,,"0","1","0","0","0","0","0","6","7","0","0","0","0","0","0","7","0","37","22","0","1","0","0","0","0","24","0","1","1","0","0","0","1","3","1","7","18","3","0","0","1","0","3","4","0","0","0","0","0","0","0","0","0","1","8","0","43","19","1","0","1","0","116","0","73","9","0","0","0","0","0",".318",".587",".530",".407",".391",".270",".717",".532",".611",".441",".122",".173",".123","70.7",14,18.4,16.3,39.5,34.9,"7.1",2,10.4,-1.8,44.2,32.4,"91","9.3",55.6,3,16.7,11.1,27.8,16.7,22.2,5.6,44.4,"80.238843333","95.819368889",61,8.3,26.3,40,60,6,15,49.1,57,88.9,7.8,16,57,43,116,91.7,3,36,50.9,59,42.2,49,17.6,44,38.9,16.7,44.4,18,63,27.8,5,33.3,6,38.9,7,0,0,"R","116",45.2,"26.7","97.6","2214","-8.8","-12.1","16.6","18.8","1.2","9.5","88.6","2414","5.1","-33.7","1.2","5.7","1.7","13.8","86.1","2183","-19.4","-28.6","8.6","21.3","1.4","27.6","79.1","2729","8.4","-59.3","-15","17.3","1.3","22.4","97.2","2250","-14.3","-13.2","16","21.6","1.4",,,,,,,,,,,,,,,,,,,,,,,,,,,,,,,,,,,,,,,,,,,,,,,,,,,,,,,,,"49.1","97.4","2231","-11.4","-12.6","16.3","20.1","1.3","37.1","81.5","2649","7.5","-52.8","-10.9","14.4","3.3","13.8","86.1","2183","-19.4","-28.6","8.6","21.3","1.4"
"Kelly, Michael",547184,2025,32,"5","6.2",27,23,3,1,2,0,0,5,4,18.5,14.8,".130",".217",".259","0.476","0.087",".167","0","0","0","0","20","1","0","0","0","0","0.00",,,"0","1","0","0","0","0","0","9","0","0","0","0","0","0","0","6","0","36","16","0","0","0","0","0","0","18","2","2","5","2","0","0","0","1","0","1","16","0","1","0","0","0","4","7","3","0","0","0","0","0","0","0","0","0","3","0","40","3","0","0","1","0","95","0","55","3","3","0","0","0","0",".300",".526",".229",".400",".404",".226",".190",".447",".167",".383","-0.170","-0.309","-0.171","72.1",21.4,13.9,11.9,30.6,26.2,"7.3",0,10.4,-5.9,47.6,34.1,"88.6","15.7",38.9,2,11.1,5.6,22.2,22.2,38.9,0,33.3,"79.808697778","92.670646667",64.9,13.5,14.5,25,75,2,8,49.1,55,69.2,11.6,0,35,11,112,86.5,5,37,50.9,57,39.3,44,15.6,40.2,33.3,44.4,22.2,18,37,38.9,7,33.3,6,27.8,5,0,0,"R","112",35.3,"27.7","95.8","2399","-6.2","-15.5","14.4","15.9","1.3","9.8","89.1","2735","6.2","-30.6","3.6","7.7","1.3",,,,,,,,,,,,,,,,,"3.6","95.4","2312","-16.8","-20.5","9.8","19.6","1.4",,,,,,,,,,,,,,,,,,,,,,,,,"58.9","82.4","2829","17.9","-43","-2.4","18.1","1.1",,,,,,,,,,,,,,,,,,,,,,,,,"31.3","95.7","2389","-7.4","-16.1","13.9","16.4","1.2","68.8","83.4","2816","16.2","-41.2","-1.5","16.7","2.4",,,,,,,,
"Joyce, Ben",690829,2025,24,"5","4.1",21,19,5,2,1,1,1,1,2,4.8,9.5,".263",".579",".333","0.912","0.316",".235","3","4","0","2","13","1","0","2","0","0","6.23",,,"0","1","0","0","0","0","0","5","3","0","0","0","0","0","0","9","0","25","5","0","0","0","0","0","0","13","0","0","5","0","0","0","0","2","0","3","18","1","2","0","0","0","3","7","2","0","0","0","0","0","0","0","0","0","9","1","25","11","0","0","1","0","70","0","45","9","3","0","0","0","1",".294",".605",".386",".408",".361",".311",".373",".398",".278",".310","-0.031","-0.026","-0.022","71.4",16.2,13.8,10.8,34.5,27,"6.9",1,4.6,10.3,48.6,29.7,"90.8","9.5",38.9,2,11.1,5.6,11.1,33.3,38.9,0,33.3,"81.820947778","94.173991111",82.5,21.2,23.3,28.6,71.4,2,7,42.9,30,100,7.1,1,67,2,70,78.8,7,33,57.1,40,37.1,26,22.5,57.1,27.8,44.4,27.8,18,38.1,38.9,7,27.8,5,27.8,5,5.6,1,"R","70",31.2,"50","101.1","2381","-8.7","-14.5","12.3","15.3","1.6","2.9","83.5","2717","10.9","-43.7","-4.5","11.8","1.5","1.4","91.3","1783","-6.7","-34.7","-2.3","7.1",,,,,,,,,,"45.7","94.8","1869","-14.1","-25.3","5.2","15.4","1.8",,,,,,,,,,,,,,,,,,,,,,,,,,,,,,,,,,,,,,,,,,,,,,,,,,,,,,,,,"95.7","98.1","2136","-11.3","-19.7","8.9","15.3","3.1","2.9","83.5","2717","10.9","-43.7","-4.5","11.8","1.5","1.4","91.3","1783","-6.7","-34.7","-2.3","7.1",
"Alvarado, Elvis",665660,2025,26,"4","6.0",32,27,9,5,3,0,1,8,3,25,9.4,".333",".556",".438","0.994","0.223",".444","5","5","0","0","18","0","0","1","0","0","7.50",,,"0","0","0","0","0","0","0","11","7","0","0","0","0","0","0","15","0","39","18","0","0","0","0","0","0","20","2","2","4","0","0","1","2","1","3","5","19","4","0","0","0","0","3","4","0","0","0","0","0","0","0","0","0","0","13","0","49","15","0","0","0","0","122","0","73","14","4","2","0","0","0",".256",".405",".433",".348",".372",".149",".543",".400",".474",".364",".077",".151",".085","72.3",29.8,12.1,8.5,30.3,21.3,"7.5",1,10.6,-5.9,42.6,32.9,"93","20.2",36.8,3,15.8,0,21.1,31.6,31.6,0,47.4,"84.927967","95.73453",68.4,17.9,24.6,56.3,43.8,9,16,53.3,65,83.3,4.9,2,73,47,122,82.1,7,39,46.7,57,40.2,49,29.1,45.1,36.8,21.1,42.1,19,65.6,36.8,7,21.1,4,26.3,5,15.8,3,"R","122",19.9,"51.6","98","2392","-14.1","-15.6","13.1","19.4","1.4","38.5","88.1","2103","0.8","-32.6","2.7","3.4","1.2","1.6","87.1","1903","-15.8","-30.5","5.9","17","1.5",,,,,,,,,"8.2","98.2","2444","-17.3","-22.2","6.5","18.5","1.4",,,,,,,,,,,,,,,,,,,,,,,,,,,,,,,,,,,,,,,,,,,,,,,,,,,,,,,,,"59.8","98","2399","-14.6","-16.5","12.2","19.3","1.3","38.5","88.1","2103","0.8","-32.6","2.7","3.4","1.2","1.6","87.1","1903","-15.8","-30.5","5.9","17","1.5"
"McKenzie, Triston",663474,2025,27,"4","5.2",30,22,7,4,2,0,1,4,7,13.3,23.3,".318",".545",".467","1.012","0.227",".333","7","7","0","0","17","0","0","3","0","0","11.12",,,"0","0","0","0","0","0","0","4","7","0","0","0","0","0","0","3","0","53","12","0","0","0","0","0","0","22","2","3","4","0","0","0","0","1","1","5","19","3","0","0","0","0","4","3","2","0","0","0","0","0","0","0","1","0","8","0","59","12","0","0","0","0","123","1","64","9","0","0","0","0","0",".334",".602",".434",".495",".504",".268",".429",".525",".368",".427","-0.016","-0.057","-0.061","71",10.2,17.9,14.3,35.9,28.6,"7.2",1,8.3,0.9,46.9,33.5,"93.4","20.7",52.6,4,21.1,10.5,31.6,21.1,15.8,0,47.4,"84.38792","96.313027895",77.8,14.3,14.5,50,50,5,10,56.1,69,100,3.3,0,99,24,123,85.7,6,42,43.9,54,39.8,49,21.2,42.3,36.8,31.6,31.6,19,40,21.1,4,31.6,6,36.8,7,10.5,2,"R","123",49.2,"80.5","93.7","2347","-3.5","-10.8","20.7","21.1","1.2","6.5","86.1","2046","2.5","-30.9","6.4","7.3","1.7",,,,,,,,,"13","79.5","2303","7.8","-52.7","-8.9","12.1","1.4",,,,,,,,,,,,,,,,,,,,,,,,,,,,,,,,,,,,,,,,,,,,,,,,,,,,,,,,,,,,,,,,,"80.5","93.7","2347","-3.5","-10.8","20.7","21.1","1.2","19.5","81.7","2217","6.1","-45.5","-3.8","10.5","2.5",,,,,,,,
"Hollowell, Gavin",668970,2025,27,"5","6.1",26,24,6,5,0,0,1,5,2,19.2,7.7,".250",".375",".308","0.683","0.125",".278","1","1","0","0","19","0","0","0","0","0","1.42",,,"1","2","0","0","0","0","0","3","2","1","0","0","0","0","0","4","0","33","18","0","0","0","0","0","0","26","1","2","5","1","0","0","0","1","1","4","19","1","0","0","0","0","4","5","3","0","0","0","0","0","0","0","0","0","10","0","34","9","0","0","2","0","108","0","74","10","1","1","0","0","0",".251",".451",".304",".327",".308",".200",".343",".375",".316",".317","-0.001","-0.076","-0.023","70.4",16.3,2.8,2.3,22.2,18.6,"7",0,8,1.6,53.5,33.1,"87","15.5",42.1,2,10.5,5.3,26.3,31.6,26.3,0,26.3,"78.842059","91.888386842",64.1,12.2,34.1,40,60,6,15,40.7,44,75,7.4,0,68,0,108,87.8,5,41,59.3,64,45.4,49,19.6,51.9,47.4,26.3,26.3,19,73.1,31.6,6,26.3,5,36.8,7,5.3,1,"R","108",11.3,"50","94.3","2692","-11.5","-17.5","13.5","17.9","1.4",,,,,,,,,,,,,,,,,,,,,,,,,"13","95.1","2577","-18.7","-26.8","3.8","19.3","1.4",,,,,,,,,,,,,,,,,,,,,,,,,"37","84.8","2531","10.8","-36.7","1.7","11.3","1.4",,,,,,,,,,,,,,,,,,,,,,,,,"63","94.5","2668","-13","-19.5","11.5","18.2","1.4","37","84.8","2531","10.8","-36.7","1.7","11.3","1.4",,,,,,,,
"Young, Danny",664849,2025,31,"10","8.1",37,32,9,9,0,0,0,13,3,35.1,8.1,".281",".281",".361","0.642","0.000",".474","4","5","0","0","25","0","0","0","0","0","4.32",,,"0","2","0","0","0","0","0","8","3","0","0","0","0","0","0","10","0","63","40","0","0","0","0","0","0","14","2","4","10","1","0","0","1","0","4","5","20","4","4","0","0","0","1","9","1","0","0","0","0","0","0","1","0","0","15","1","67","9","0","0","2","0","158","1","91","15","1","0","0","0","0",".213",".252",".300",".258",".300",".040",".421",".341",".474",".358",".068",".029",".042","71.4",21.4,13.3,9.5,43.3,31,"7.1",2,6.5,4.2,40.5,32.1,"86.9","-2.8",30,0,0,5,35,5,45,10,30,"76.995647","92.759951053",46.4,15.6,21.3,63.2,36.8,12,19,56.3,89,33.3,7.6,0,92,0,158,84.4,5,32,43.7,69,40.5,64,33.3,32.3,25,55,20,20,59.5,65,13,5,1,30,6,0,0,"L","158",14.8,,,,,,,,,,,,,,,,,,,,,,,,,,,,,,,,,"55.1","92.9","2366","18.9","-29.7","2.4","19.2","1.2","3.2","90.1","2401","2.7","-27.2","6.7","7.4","1.5",,,,,,,,,,,,,,,,,"41.8","82.2","2786","-19.1","-41","0.1","19.2","1.4",,,,,,,,,,,,,,,,,,,,,,,,,"58.2","92.8","2368","18","-29.6","2.6","18.5","1.4","41.8","82.2","2786","-19.1","-41","0.1","19.2","1.4",,,,,,,,
"Puk, A.J.",640462,2025,30,"8","8.0",35,32,8,3,3,0,2,12,2,34.3,5.7,".250",".531",".314","0.845","0.281",".333","3","3","4","0","24","0","0","1","0","0","3.38",,,"3","1","0","0","0","0","0","8","5","2","1","0","0","0","0","14","0","46","23","0","0","0","0","0","0","36","3","5","8","0","0","0","1","2","0","6","20","1","2","0","0","0","4","5","1","0","0","0","0","0","0","0","0","0","21","0","50","17","0","0","1","0","156","0","106","24","2","2","0","0","0",".211",".345",".364",".278",".279",".134",".531",".380",".400",".338",".039",".186",".086","70.2",16.7,2,1.4,30.6,20.8,"7",3,6.9,-1.1,44.4,31,"86.7","19.3",40,1,5,0,30,40,20,5,25,"77.192733","92.4729705",67.8,26.2,33.3,50,50,11,22,42.3,66,91.7,7.7,0,99,56,156,73.8,16,61,57.7,90,41,64,32.5,53.2,50,25,25,20,62.9,25,5,30,6,35,7,10,2,"L","156",26.5,"62.2","96.4","2300","11.2","-14.9","14.9","18.7","1.2","35.9","85.5","2298","-4.4","-39.5","-1.7","5.3","1.3",,,,,,,,,,,,,,,,,"1.3","95.9","2094","18","-23.8","6","18.9","1.4",,,,,,,,,,,,,,,,,,,,,,,,,"0.6","82.8","2244","-8.7","-40.2","-0.5","8.7",,,,,,,,,,,,,,,,,,,,,,,,,,"63.5","96.4","2295","11.4","-15.1","14.7","18.7","1.2","36.5","85.4","2297","-4.5","-39.5","-1.7","5.4","1.3",,,,,,,,
"White, Owen",669391,2025,25,"2","6.2",29,26,9,7,2,0,0,6,3,20.7,10.3,".346",".423",".414","0.837","0.077",".450","3","3","0","0","20","0","0","0","0","0","4.05",,,"0","4","0","0","2","0","0","6","2","0","0","0","0","0","0","9","0","35","13","0","0","0","0","0","0","20","3","1","2","1","0","0","0","0","3","6","20","3","0","0","0","0","4","6","1","1","0","0","0","0","0","0","0","0","6","0","37","11","0","2","4","0","101","0","64","8","1","0","0","0","0",".298",".392",".373",".339",".371",".094",".438",".387",".450",".388",".048",".031",".034","73.1",35.7,9.1,7.1,33.3,26.2,"7.3",1,9.4,-1.9,54.8,33.2,"91.3","13.7",30,1,5,5,30,25,30,5,45,"80.555266","95.3553955",75.5,15,22.9,45.5,54.5,5,11,47.5,48,85.7,6.9,6,57,8,101,85,6,40,52.5,53,46.5,47,21.6,50.5,35,30,35,20,48.3,45,9,20,4,35,7,0,0,"R","101",40.6,"31.7","92.5","2385","-7.4","-15.3","16.9","18.5","1.2","5","87.8","2530","4.6","-30.3","4.9","7.1","1.4","5.9","86.1","1833","-12.6","-33.7","3.1","13.1","1.5","3","77","2690","13.1","-61.1","-14.1","19.2","1.5","6.9","92","2343","-13","-23.6","9","15.8","1.4","17.8","88.8","2520","3.5","-27.3","7.4","8.4","1.3",,,,,,,,,,,,,,,,,"29.7","81.7","2741","18.5","-45.4","-3.7","19.1","1.3",,,,,,,,,,,,,,,,,,,,,,,,,"56.4","91.3","2422","-4.6","-20.1","12.9","15","1.9","37.6","82.1","2709","16.3","-44.6","-3.4","17.5","2.3","5.9","86.1","1833","-12.6","-33.7","3.1","13.1","1.5"
"Maldonado, Anthony",687424,2025,27,"6","6.0",33,28,10,4,3,0,3,7,5,21.2,15.2,".357",".786",".455","1.241","0.429",".389","8","8","0","0","18","0","0","1","0","0","12.00",,,"1","1","0","0","0","0","0","8","9","1","0","0","0","0","0","11","0","48","18","0","0","0","0","0","0","18","0","5","6","0","0","0","0","4","1","5","21","5","0","0","1","0","4","3","3","0","0","0","0","0","0","0","0","0","16","0","55","22","0","0","1","0","129","0","74","17","3","1","0","0","0",".308",".609",".511",".423",".413",".301",".646",".513",".476",".411",".049",".177",".088","71.7",15.9,20,15.9,40,31.8,"7.7",3,15.6,-8.9,50,31.5,"94.9","18.6",57.1,5,23.8,9.5,23.8,28.6,14.3,0,61.9,"87.251362727","96.950589048",65.3,9.4,30,58.3,41.7,14,24,62,80,57.1,5.4,0,62,67,129,90.6,3,32,38,49,39.5,51,30.4,43.4,57.1,28.6,14.3,21,56.3,19,4,42.9,9,38.1,8,0,0,"R","129",35.3,"48.1","92.5","2338","-13.1","-15.7","16.6","21.3","1.2","51.9","83.9","2635","4","-37.9","0.9","4.5","1.3",,,,,,,,,,,,,,,,,,,,,,,,,,,,,,,,,,,,,,,,,,,,,,,,,,,,,,,,,,,,,,,,,,,,,,,,,,,,,,,,,"48.1","92.5","2338","-13.1","-15.7","16.6","21.3","1.2","51.9","83.9","2635","4","-37.9","0.9","4.5","1.3",,,,,,,,
"Swanson, Erik",657024,2025,31,"6","5.1",30,22,8,3,3,0,2,3,5,10,16.7,".364",".773",".467","1.240","0.409",".316","9","9","0","0","16","1","0","1","0","0","15.19",,,"2","1","0","0","0","0","0","5","11","1","1","0","0","0","0","9","0","38","19","0","0","0","0","0","0","27","0","2","6","0","0","0","1","2","1","5","21","4","0","0","0","0","5","4","0","0","0","0","0","0","0","0","2","0","11","0","50","17","0","0","1","0","128","2","78","11","2","2","0","0","0",".312",".460",".493",".384",".431",".148",".505",".349",".381",".330",".052",".313",".109","72.4",25.5,14,11.8,27.9,23.5,"7.5",1,11.4,-6.3,51,33.5,"86.1","27.9",47.6,2,9.5,9.5,19,42.9,14.3,4.8,33.3,"74.097132727","93.369191429",68.3,4.9,26.5,50,50,9,18,53.1,68,71.4,10.9,56,59,13,128,95.1,2,41,46.9,60,38.3,49,18.6,46.1,42.9,14.3,42.9,21,53.3,23.8,5,42.9,9,23.8,5,9.5,2,"R","128",53.2,"46.1","92.9","2295","-7.7","-13.8","18.1","19.8","1.2","10.2","86.4","2351","6","-35.6","1.1","6.7","1.5",,,,,,,,,,,,,,,,,,,,,,,,,,,,,,,,,"43.8","83.3","1215","-10.1","-36.6","2.7","10.7","1.2",,,,,,,,,,,,,,,,,,,,,,,,,,,,,,,,,,,,,,,,,"46.1","92.9","2295","-7.7","-13.8","18.1","19.8","1.2","10.2","86.4","2351","6","-35.6","1.1","6.7","1.5","43.8","83.3","1215","-10.1","-36.6","2.7","10.7","1.2"
"Treinen, Blake",595014,2025,37,"8","8.0",36,32,8,6,1,0,1,10,3,27.8,8.3,".250",".375",".333","0.708","0.125",".333","3","3","2","1","24","0","2","0","0","0","3.38",,,"5","6","0","0","0","0","0","9","3","5","0","0","0","0","0","11","0","51","26","0","0","0","0","0","0","30","1","3","8","0","0","0","1","2","1","5","22","1","3","0","0","0","6","5","1","0","0","0","0","0","0","0","0","0","13","0","53","12","0","0","6","0","145","0","92","13","0","0","0","0","0",".224",".371",".319",".304",".310",".147",".394",".370",".364",".325",".026",".004",".015","70",14.3,10.6,8.9,23.4,19.6,"7.2",2,8.3,-2.4,55.4,33.7,"85","17.3",40.9,1,4.5,13.6,27.3,27.3,22.7,4.5,31.8,"71.998176364","93.033808182",63.9,8.7,27.4,50,50,10,20,50.3,73,60,6.9,0,76,0,145,91.3,4,46,49.7,72,44.1,64,21.2,45.5,45.5,36.4,18.2,22,55.6,27.3,6,36.4,8,27.3,6,9.1,2,"R","145",31.7,"12.4","94.5","2404","-10.4","-16.6","14","17.5","1.4",,,,,,,,,,,,,,,,,,,,,,,,,"31.7","95.8","2301","-18.2","-24.9","5.1","19","1.2","8.3","91.8","2526","0.4","-23.1","9.2","9.3","1.4",,,,,,,,,,,,,,,,,"47.6","84","2612","15.3","-40.1","-1.1","15.4","1.2",,,,,,,,,,,,,,,,,,,,,,,,,"52.4","94.9","2361","-13.4","-22.6","7.9","17.1","1.8","47.6","84","2612","15.3","-40.1","-1.1","15.4","1.2",,,,,,,,
"Kowar, Jackson",663804,2025,28,"7","8.2",34,30,5,3,1,0,1,8,3,23.5,8.8,".167",".300",".265","0.565","0.133",".190","2","2","0","0","26","1","0","2","0","0","2.08",,,"1","2","0","0","0","0","0","3","2","1","0","0","0","0","0","5","0","58","18","0","0","0","0","0","0","30","1","2","7","1","0","0","1","2","3","0","22","1","1","0","0","0","9","3","1","0","0","0","0","0","0","0","0","0","13","0","64","9","0","0","2","0","150","0","86","14","0","0","0","0","0",".239",".520",".259",".364",".328",".282",".273",".436",".227",".326","-0.072","-0.220","-0.105","70.7",11.1,22,17.5,32,25.4,"7.1",0,8,1.4,49.2,30.5,"93.8","32.1",13.6,2,9.1,13.6,27.3,40.9,9.1,0,59.1,"84.039037273","96.945330909",73.4,14.9,24.4,38.1,61.9,8,21,57.3,86,100,4,14,95,41,150,83,7,47,42.7,64,46,69,22.1,45.3,22.7,40.9,36.4,22,44.1,27.3,6,50,11,4.5,1,18.2,4,"R","150",40.1,"58.7","97.2","2212","-11.5","-13.1","16","19.7","1.2","27.3","86.3","2479","2.7","-38.5","-1.8","4.3","1.5","9.3","87","2415","-16.2","-32.9","3.3","16.6","1.3",,,,,,,,,"4.7","96.4","2200","-15.1","-14.7","14.9","21.3","1.4",,,,,,,,,,,,,,,,,,,,,,,,,,,,,,,,,,,,,,,,,,,,,,,,,,,,,,,,,"63.3","97.1","2211","-11.7","-13.2","15.9","19.8","1.2","27.3","86.3","2479","2.7","-38.5","-1.8","4.3","1.5","9.3","87","2415","-16.2","-32.9","3.3","16.6","1.3"
"López, Reynaldo",625643,2025,31,"1","5.0",25,23,9,7,1,0,1,1,2,4,8,".391",".565",".440","1.005","0.174",".381","3","3","0","0","15","0","0","0","0","0","5.40",,,"0","3","0","0","0","0","0","8","3","0","0","0","0","0","0","6","0","25","17","0","0","0","0","0","0","15","1","0","0","0","0","0","0","1","2","6","22","2","0","0","0","0","5","7","1","0","0","0","0","0","0","0","0","1","1","0","36","13","0","0","3","0","94","0","58","2","0","0","0","0","0",".416",".612",".438",".463",".462",".196",".435",".463",".409",".435","-0.025","-0.047","-0.025","70.3",19.4,15.2,13.9,42.4,38.9,"7.1",0,7.1,1.9,58.3,31.4,"90.6","5.7",45.5,1,4.5,0,36.4,22.7,31.8,4.5,50,"79.534244545","95.367335455",62.2,3.6,26.5,15.4,84.6,2,13,52.1,49,66.7,12.8,2,49,43,94,92.9,1,28,47.9,45,34,32,7.3,43.6,40.9,31.8,27.3,22,68,40.9,9,27.3,6,31.8,7,0,0,"R","94",40.6,"52.1","95.6","2108","-7.5","-12.7","17.6","19.2","1.7","33","84.2","2357","6.8","-40.2","-1.4","7.3","1.8","2.1","86.1","1564","-12.7","-27.5","9.3","15.8","1.5","12.8","73.9","2403","8.5","-62.5","-11.7","14.6","1.6",,,,,,,,,,,,,,,,,,,,,,,,,,,,,,,,,,,,,,,,,,,,,,,,,,,,,,,,,,,,,,,,,"52.1","95.6","2108","-7.5","-12.7","17.6","19.2","1.7","45.7","81.3","2370","7.3","-46.4","-4.3","9.3","3.7","2.1","86.1","1564","-12.7","-27.5","9.3","15.8","1.5"
"Gillaspie, Logan",670810,2025,28,"3","7.0",31,26,7,6,0,0,1,4,4,12.9,12.9,".269",".385",".387","0.772","0.116",".286","2","2","0","0","21","0","0","0","2","0","2.57",,,"0","1","0","0","0","0","0","8","4","0","0","0","0","0","0","8","0","37","16","0","0","0","0","0","0","22","1","0","3","1","0","0","1","1","3","3","22","1","0","0","0","0","4","8","3","0","0","0","0","0","0","0","0","0","9","0","42","10","0","0","1","0","112","0","70","9","5","4","0","0","0",".317",".521",".352",".413",".427",".204",".337",".423",".318",".374","-0.048","-0.136","-0.061","70.3",6.7,16.2,13.3,37.8,31.1,"7",3,5.9,5.4,46.7,34.8,"92.1","6.2",50,1,4.5,9.1,36.4,13.6,36.4,0,45.5,"83.374281818","94.791150455",70.3,17.8,18.8,22.2,77.8,2,9,42.9,48,77.8,16.1,16,59,35,112,82.2,8,45,57.1,64,40.2,45,18.5,48.2,31.8,40.9,27.3,22,58.1,50,11,22.7,5,27.3,6,0,0,"R","112",45.7,"39.3","94.7","2193","-4.5","-14.6","16","16.8","1.4","20.5","85.8","2366","3.3","-35.8","1.1","4.3","1.4","14.3","87.9","1558","-14","-28.8","6.5","15.6","1.5","10.7","82.7","2145","3.4","-49.5","-9.7","10.5","1.4","2.7","95.1","2047","-11.9","-19.4","10.8","16.2","1.5","10.7","91.5","2206","0.1","-22.3","10.3","10.4","1.4",,,,,,,,,,,,,,,,,"1.8","82.9","2432","14.4","-41.2","-1.7","14.7","1.5",,,,,,,,,,,,,,,,,,,,,,,,,"52.7","94.1","2188","-3.9","-16.4","14.5","15.4","1.8","33","84.7","2298","3.9","-40.6","-2.5","6.8","1.8","14.3","87.9","1558","-14","-28.8","6.5","15.6","1.5"
"McDermott, Chayce",694646,2025,26,"2","7.2",39,29,8,4,1,0,3,7,8,17.9,20.5,".276",".621",".447","1.068","0.345",".263","7","7","0","0","23","0","1","0","0","0","8.22",,,"0","5","0","0","0","0","0","9","7","0","0","0","0","0","0","10","0","64","25","0","0","0","0","0","0","13","2","0","1","0","0","0","1","4","1","3","23","3","0","0","0","0","8","6","0","0","0","0","0","0","0","1","0","1","6","0","69","18","0","0","5","0","140","1","71","8","0","0","0","0","0",".267",".638",".456",".454",".441",".371",".502",".499",".364",".352",".009","-0.017",".002","72.4",35,21.2,17.5,42.4,35,"7.3",3,10.9,-1.2,60,29.8,"90.1","18.9",34.8,4,17.4,4.3,17.4,34.8,17.4,8.7,39.1,"77.369814545","95.444434091",55.9,15.2,16,38.5,61.5,5,13,57.9,81,57.1,5,8,81,47,140,84.8,5,33,42.1,59,39.3,55,21.7,32.9,39.1,30.4,30.4,23,48.7,30.4,7,52.2,12,13,3,4.3,1,"R","140",43.8,"57.9","93.1","2211","-6.1","-12.8","19","20.1","1.3","32.1","83.3","2586","6.1","-39.8","-0.4","6.6","1.3","5.7","83.3","1245","-10.2","-36","3.8","11","1.5","1.4","75.9","2811","9.8","-66.6","-17.9","20.5","1.5",,,,,,,,,,,,,,,,,,,,,,,,,,,,,,,,,"2.9","79.8","2839","14.6","-41.7","1.9","14.8","1.5",,,,,,,,,,,,,,,,,,,,,,,,,"57.9","93.1","2211","-6.1","-12.8","19","20.1","1.3","36.4","82.7","2614","6.9","-41","-0.9","7.8","1.9","5.7","83.3","1245","-10.2","-36","3.8","11","1.5"
"McGough, Scott",543518,2025,35,"7","7.0",35,28,6,3,2,0,1,5,6,14.3,17.1,".214",".393",".371","0.764","0.179",".227","5","5","0","0","21","0","0","0","0","0","6.43",,,"0","1","0","0","0","0","0","5","5","0","0","0","0","0","0","9","0","57","18","0","0","0","0","0","0","18","1","2","7","0","0","1","1","3","3","0","23","4","0","0","0","0","9","4","1","1","0","0","0","0","0","0","0","0","14","0","62","11","0","0","1","0","136","0","74","14","1","1","0","0","1",".288",".806",".347",".501",".430",".518",".316",".550",".261",".351","-0.074","-0.413","-0.154","71.7",14.3,17.1,12.2,48.6,34.7,"7.7",2,15,-8.2,49,34,"94.9","24.3",30.4,6,26.1,17.4,8.7,21.7,21.7,4.3,60.9,"87.000191667","97.138087391",67.2,25.6,21.8,29.4,70.6,5,17,57.4,78,85.7,5.1,43,54,39,136,74.4,10,39,42.6,58,41.9,57,26.8,41.2,26.1,47.8,26.1,23,57.1,30.4,7,52.2,12,4.3,1,13,3,"R","136",44.6,"38.2","93.2","2398","-6.8","-13.9","17.8","19.2","1.1","28.7","86.8","2682","4.3","-34.2","2.2","5.4","1.4",,,,,,,,,,,,,,,,,"1.5","93.3","2366","-12","-16.5","15.1","19.5","1.5",,,,,,,,,"31.6","85.7","1404","-10","-31.1","5.9","11.8","1",,,,,,,,,,,,,,,,,,,,,,,,,,,,,,,,,,,,,,,,,"39.7","93.2","2397","-6.9","-14","17.7","19.2","1.1","28.7","86.8","2682","4.3","-34.2","2.2","5.4","1.4","31.6","85.7","1404","-10","-31.1","5.9","11.8","1"
"Díaz, Alexis",664747,2025,28,"6","6.0",33,26,8,2,2,0,4,3,5,9.1,15.2,".308",".846",".455","1.301","0.538",".211","8","8","0","0","18","0","0","0","0","0","12.00",,,"6","4","0","0","0","0","0","7","8","3","3","0","0","0","0","9","0","46","19","0","0","2","0","0","0","29","2","2","6","0","0","1","2","2","0","6","23","2","2","0","0","0","5","5","1","0","0","0","0","0","0","0","0","0","8","0","50","22","1","0","4","0","131","0","81","8","2","0","0","0","1",".335",".725",".531",".501",".481",".390",".548",".505",".348",".381","-0.027",".121",".030","72.5",32.1,12.8,10.7,27.7,23.2,"7.2",0,9.8,-2.4,55.4,31.2,"89.1","23.7",56.5,6,26.1,8.7,13,26.1,17.4,4.3,39.1,"77.797984545","94.151699091",68.3,18.6,27.9,10.5,89.5,2,19,51.9,68,75,6.1,0,87,44,131,81.4,8,43,48.1,63,39.7,52,16.1,47.3,39.1,43.5,17.4,23,54.5,21.7,5,30.4,7,30.4,7,17.4,4,"R","131",13.5,"66.4","93","2632","-11","-16.7","15.1","18.7","1.5","33.6","87.3","2577","2.6","-30","5.8","6.5","1.6",,,,,,,,,,,,,,,,,,,,,,,,,,,,,,,,,,,,,,,,,,,,,,,,,,,,,,,,,,,,,,,,,,,,,,,,,,,,,,,,,"66.4","93","2632","-11","-16.7","15.1","18.7","1.5","33.6","87.3","2577","2.6","-30","5.8","6.5","1.6",,,,,,,,
"Ribalta, Orlando",687377,2025,27,"4","7.2",33,29,5,3,0,0,2,6,4,18.2,12.1,".172",".379",".273","0.652","0.207",".143","5","5","0","0","23","0","0","0","0","0","5.87",,,"0","2","0","0","0","0","0","7","4","0","0","0","0","0","0","5","0","52","21","0","0","0","0","0","0","28","0","2","4","0","0","0","0","2","1","2","23","1","1","0","0","0","4","9","1","0","0","0","0","0","0","0","0","0","18","0","52","11","0","0","2","0","142","0","90","18","3","0","0","0","1",".254",".482",".291",".358",".344",".229",".296",".393",".217",".320","-0.082","-0.103","-0.067","70.1",19.4,12.5,9.7,22.9,17.7,"7.4",3,14,-6.7,43.5,31.6,"80.7","17.2",30.4,3,13,4.3,17.4,26.1,21.7,17.4,30.4,"65.221345","92.805227826",69.8,27.3,31.6,24,76,6,25,55.6,79,88.9,6.3,29,77,36,142,72.7,12,44,44.4,63,43,61,26.1,48.6,56.5,34.8,8.7,23,63.6,43.5,10,26.1,6,13,3,17.4,4,"R","142",36.9,"28.2","95.7","2610","-7.8","-12.3","17.6","19.3","1.5","25.4","86.2","2256","3.4","-35.8","1.1","4.2","1.6","20.4","84.1","1869","-7.2","-27.1","11.5","13.7","1.4",,,,,,,,,"26.1","94.6","2368","-15.9","-20.5","10.2","19","1.6",,,,,,,,,,,,,,,,,,,,,,,,,,,,,,,,,,,,,,,,,,,,,,,,,,,,,,,,,"54.2","95.2","2493","-11.6","-16.3","14","19.2","1.6","25.4","86.2","2256","3.4","-35.8","1.1","4.2","1.6","20.4","84.1","1869","-7.2","-27.1","11.5","13.7","1.4"
"Thomas, Connor",671162,2025,27,"2","5.1",31,26,12,7,2,0,3,5,2,16.1,6.5,".462",".885",".484","1.369","0.423",".450","12","12","0","0","16","0","0","0","0","0","20.25",,,"0","0","0","0","0","0","0","3","13","0","0","0","0","0","0","10","0","39","22","0","0","0","0","0","0","21","0","0","2","1","0","0","1","3","2","7","23","6","0","0","0","0","0","6","1","0","0","0","0","0","0","0","2","0","6","0","46","23","0","0","0","0","119","2","73","6","1","1","0","0","0",".361",".684",".551",".476",".432",".323",".651",".550",".522",".452",".101",".201",".075","72.7",26.1,22.5,19.6,32.5,28.3,"7.4",0,9.8,2.5,52.2,33,"93.2","13.7",52.2,3,13,13,26.1,13,30.4,4.3,56.5,"81.943926364","97.324945455",66.7,13.9,23.1,6.7,86.7,1,15,54.6,65,44.4,7.6,22,77,0,119,86.1,5,36,45.4,54,44.5,53,11.8,42.9,34.8,30.4,34.8,23,58.1,34.8,8,13,3,43.5,10,8.7,2,"L","119",29.2,"4.2","90.3","2303","10","-22.1","11.3","15.2","1.4",,,,,,,,,"18.5","84.5","1368","11.5","-41.6","-3.2","12.3","1.4",,,,,,,,,"37.8","89.6","2244","15.7","-33.4","0.8","15.9","1.2","22.7","86.8","2599","0.3","-31.8","4.3","4.5","1.4",,,,,,,,,,,,,,,,,"16.8","83.3","2551","-12.1","-43.9","-4.5","13","1.3",,,,,,,,,,,,,,,,,,,,,,,,,"64.7","88.7","2372","9.9","-32.1","2.7","11.8","1.7","16.8","83.3","2551","-12.1","-43.9","-4.5","13","1.3","18.5","84.5","1368","11.5","-41.6","-3.2","12.3","1.4"
"Rogers, Trevor",669432,2025,27,"2","8.2",37,33,7,6,1,0,0,9,3,24.3,8.1,".212",".242",".297","0.539","0.030",".292","3","3","0","0","26","0","0","0","0","0","3.12",,,"0","3","0","0","0","0","0","5","3","0","0","0","1","0","0","4","0","58","25","0","0","0","0","0","0","32","0","0","0","0","0","0","1","1","4","2","24","2","0","0","0","0","6","7","3","0","0","0","0","0","0","0","0","2","18","0","59","8","0","0","3","0","158","0","99","18","0","0","0","0","0",".218",".295",".254",".274",".303",".077",".275",".305",".292",".300","-0.006","-0.053","-0.020","73",34.3,15.1,11.4,28.3,21.4,"7.4",0,7.8,3,50,29.1,"92.2","14.8",20.8,1,4.2,8.3,20.8,33.3,33.3,0,54.2,"81.182016667","96.297782917",64.8,21.1,24.3,35.3,64.7,6,17,44.3,70,78.9,12,33,92,29,158,78.9,12,57,55.7,88,47.5,75,24.3,46.8,20.8,37.5,41.7,24,73,45.8,11,29.2,7,20.8,5,4.2,1,"L","158",24.8,"44.9","93.6","2415","11.4","-16.7","14.8","18.7","1.3","18.4","81.5","2164","-4.8","-37.1","3.9","6.6","1.8","20.9","85.9","1429","14.3","-36.8","0.3","14.6","1.6",,,,,,,,,"13.3","93.6","2337","17.9","-23.7","7.7","19.6","1.5",,,,,,,,,,,,,,,,,,,,,,,,,"2.5","78.1","2032","-13.7","-39.5","5.9","15.2","1.5",,,,,,,,,,,,,,,,,,,,,,,,,"58.2","93.6","2397","12.9","-18.3","13.1","18.9","1.3","20.9","81.1","2148","-5.9","-37.4","4.2","7.7","1.9","20.9","85.9","1429","14.3","-36.8","0.3","14.6","1.6"
"Pérez, Eury",691587,2025,22,"2","7.0",34,29,8,6,1,1,0,5,5,14.7,14.7,".276",".379",".382","0.761","0.103",".333","5","5","0","0","21","0","1","0","0","0","6.43",,,"1","3","0","0","0","0","0","8","5","1","0","0","0","0","0","11","0","50","17","0","0","0","0","0","0","42","4","0","0","0","0","0","0","0","2","6","24","2","0","0","0","0","9","7","0","0","0","0","0","0","0","0","0","2","8","0","54","11","0","0","3","0","149","0","95","8","0","0","0","0","0",".283",".391",".343",".349",".388",".109",".342",".350",".333",".342","-0.007","-0.012","-0.006","71.2",25.4,5.3,4.5,24.6,20.9,"7.3",2,10.3,-3,52.2,33.1,"84.9","16.9",45.8,1,4.2,4.2,25,33.3,25,8.3,25,"73.294196667","92.326141667",73.7,16.1,30.1,13.6,86.4,3,22,49,73,88.9,6,5,90,54,149,83.9,9,56,51,76,41.6,62,15.4,52.3,33.3,45.8,20.8,24,61.8,37.5,9,37.5,9,25,6,0,0,"R","149",28.3,"55","98.1","2644","-11.1","-11.8","16.9","20.4","1.2","17.4","86.1","2459","0.9","-33.4","3.5","4.1","1.5","3.4","90.5","1811","-16.6","-26.5","7.3","18.3","1.4","18.8","79.9","2788","11.9","-49.5","-6.4","14","1.6","5.4","96.6","2368","-16.7","-17.6","11.9","20.6","1.4",,,,,,,,,,,,,,,,,,,,,,,,,,,,,,,,,,,,,,,,,,,,,,,,,,,,,,,,,"60.4","97.9","2620","-11.6","-12.3","16.5","20.4","1.2","36.2","82.9","2630","6.6","-41.8","-1.6","9.2","2.9","3.4","90.5","1811","-16.6","-26.5","7.3","18.3","1.4"
"Fermin, José",820862,2025,23,"10","9.1",45,39,10,8,0,0,2,15,5,33.3,11.1,".256",".410",".356","0.766","0.154",".364","5","7","0","0","28","0","0","0","0","0","4.82",,,"0","1","0","0","0","0","0","6","7","0","0","0","0","0","0","3","0","64","36","0","0","0","0","0","0","36","4","1","10","0","0","0","1","3","3","4","24","2","0","0","0","0","6","3","3","0","0","0","0","0","0","0","0","0","25","2","69","16","0","0","1","0","198","0","129","29","0","0","0","0","0",".217",".393",".343",".316",".322",".175",".469",".418",".417",".353",".039",".017",".027","71.6",20.5,16,10.3,32,20.5,"7.3",2,9.5,-2.8,53.8,31.9,"89.4","19.5",50,3,12.5,8.3,29.2,25,25,0,50,"78.329655","94.52590625",59.6,22.6,33,61.3,38.7,19,31,47.5,94,76.9,6.6,1,125,72,198,77.4,14,62,52.5,104,39.4,78,35.5,47,41.7,45.8,12.5,24,60,25,6,37.5,9,29.2,7,8.3,2,"R","198",41.8,"21.2","97.1","2302","-8.5","-11.6","17.7","19.7","1.3","36.4","89","2556","-0.8","-32.9","1.8","2.6","1.5","0.5","93.3","1359","-12.1","-28.9","2.7","12.4",,,,,,,,,,"41.9","96.2","2293","-11.7","-13.3","16.6","20.4","1.3",,,,,,,,,,,,,,,,,,,,,,,,,,,,,,,,,,,,,,,,,,,,,,,,,,,,,,,,,"63.1","96.5","2296","-10.6","-12.7","16.9","20.1","1.3","36.4","89","2556","-0.8","-32.9","1.8","2.6","1.5","0.5","93.3","1359","-12.1","-28.9","2.7","12.4",
"Minter, A.J.",621345,2025,31,"13","11.0",43,39,6,5,1,0,0,14,4,32.6,9.3,".154",".179",".233","0.412","0.025",".240","2","2","0","0","33","0","0","0","1","0","1.64",,,"1","7","0","0","0","0","0","8","2","1","0","0","0","1","0","6","0","68","37","0","0","0","0","0","0","22","2","1","13","0","0","1","0","1","2","3","25","1","7","0","0","0","5","10","2","0","0","0","0","0","0","0","0","0","23","0","75","7","0","0","7","0","185","0","110","23","2","1","0","0","0",".205",".385",".197",".291",".279",".180",".228",".389",".240",".320","-0.051","-0.206","-0.094","72",22.2,18.6,12.7,30.2,20.6,"7.5",4,10.2,-4.3,54,32.4,"89.7","6.7",36,3,12,8,16,16,48,0,44,"78.792067692","94.7833268",60,29.4,22,45.5,54.5,10,22,54.1,100,75,4.3,18,167,0,185,68.6,15,51,45.9,85,42.7,79,34.2,39.5,32,32,36,25,67.4,48,12,24,6,20,5,8,2,"L","185",41.4,"42.7","94.5","2508","5.9","-12.6","18.3","19.5","1.1",,,,,,,,,"9.7","86.2","1711","17.6","-31.2","6.1","19","1.3",,,,,,,,,,,,,,,,,"47.6","89.4","2616","-4.8","-28.6","5.5","7.7","1.3",,,,,,,,,,,,,,,,,,,,,,,,,,,,,,,,,,,,,,,,,,,,,,,,,"90.3","91.8","2565","0.3","-21","11.6","13.3","2.8",,,,,,,,,"9.7","86.2","1711","17.6","-31.2","6.1","19","1.3"
"Young, Brandon",687064,2025,26,"2","8.2",42,33,11,6,4,0,1,9,8,21.4,19,".333",".545",".452","0.997","0.212",".417","6","6","0","0","26","0","1","0","0","0","6.23",,,"0","6","0","0","1","0","0","10","5","0","0","0","0","0","0","9","0","65","30","0","0","0","0","0","0","32","2","0","0","1","0","0","0","2","5","4","25","4","0","0","0","0","3","7","0","0","0","0","0","0","0","0","1","2","14","0","73","18","0","1","6","0","176","1","103","14","0","0","0","0","0",".255",".441",".429",".367",".393",".186",".499",".395",".440",".340",".078",".104",".062","71.6",23.9,5.6,4.5,25.9,20.9,"7.3",2,11.5,-1.2,64.2,33.7,"88.5","13.4",32,2,8,4,24,24,40,0,44,"78.505810769","93.746808",57.9,15.9,29,31,69,9,29,56.8,100,83.3,3.4,34,104,38,176,84.1,7,44,43.2,76,50,88,21.9,41.5,48,32,20,25,52.4,48,12,24,6,16,4,12,3,"R","176",48.4,"35.8","93.5","2096","-2.9","-13.3","18.1","18.5","1.1",,,,,,,,,"19.3","87.3","1635","-13","-28.4","7.3","15.1","1.2","21.6","76.8","2680","12.1","-59.9","-13.1","18","1.2",,,,,,,,,"23.3","86.6","2036","4.3","-30.8","5.6","7.4","1.3",,,,,,,,,,,,,,,,,,,,,,,,,,,,,,,,,,,,,,,,,,,,,,,,,"59.1","90.8","2072","0","-20.2","13.1","14.1","3.3","21.6","76.8","2680","12.1","-59.9","-13.1","18","1.2","19.3","87.3","1635","-13","-28.4","7.3","15.1","1.2"
"Turnbull, Spencer",605513,2025,32,"2","4.1",33,29,12,9,1,1,1,4,4,12.1,12.1,".414",".621",".485","1.106","0.207",".458","1","1","0","0","13","1","0","0","0","0","2.08",,,"1","1","0","0","0","0","0","8","1","1","0","0","0","0","0","8","0","24","16","0","0","0","0","0","0","13","1","1","2","1","0","0","0","1","2","4","17","1","0","0","0","0","2","6","1","0","0","0","0","0","0","0","0","0","7","0","25","8","0","0","1","0","80","0","55","8","0","0","0","0","0",".290",".504",".476",".381",".376",".214",".518",".392",".480",".337",".124",".117",".095","71.3",18.4,18.9,14.3,45.9,34.7,"7.5",1,12,-3,61.2,35,"89.9","9.9",40,2,8,4,24,20,40,4,40,"80.749138462","93.8706252",63.2,16.7,33.8,39.1,60.9,9,23,54.4,68,80,8,16,53,28,125,83.3,6,36,45.6,57,38.4,48,25.4,47.2,44,36,20,25,66.7,48,12,28,7,20,5,4,1,"R","125",24,"37.6","90.9","2494","-0.5","-22.7","10.2","10.4","1.4","7.2","83.9","2640","5.9","-37.9","1.1","6.7","1.5","12.8","86.7","1975","-17.7","-36.8","-0.1","17.8","1.7","15.2","78.1","2786","12.8","-59.7","-14.1","19.1","1.6","4.8","92.8","2187","-13.9","-25.9","6","15.2","1.5",,,,,,,,,,,,,,,,,,,,,,,,,"22.4","83.3","2737","12.7","-34.4","5.3","14.1","1.4",,,,,,,,,,,,,,,,,,,,,,,,,"42.4","91.1","2459","-2","-23.1","9.7","11","1.5","44.8","81.6","2738","11.6","-43.5","-1.9","14.6","2.5","12.8","86.7","1975","-17.7","-36.8","-0.1","17.8","1.7"
"Arrighetti, Spencer",681293,2025,25,"2","9.2",39,33,4,1,2,0,1,8,5,20.5,12.8,".121",".273",".256","0.529","0.152",".125","6","6","0","0","29","1","1","0","0","0","5.59",,,"2","4","0","0","0","0","0","4","4","2","0","0","1","0","0","10","0","63","24","0","0","0","0","0","0","19","3","0","0","0","0","0","1","2","0","2","25","2","0","0","0","0","8","7","4","0","0","0","0","0","0","0","0","2","22","0","64","9","0","0","4","0","157","0","93","22","0","0","0","0","0",".205",".376",".248",".315",".327",".172",".220",".323",".160",".270","-0.084","-0.103","-0.067","72.3",32.8,20.5,13.1,43.6,27.9,"7.4",1,12.5,-1.3,73.8,32.3,"90.9","20.7",28,2,8,4,24,40,20,4,48,"82.640168462","94.7145568",66.7,28,23.2,57.9,42.1,11,19,52.2,82,72.7,7,17,95,27,157,72,14,50,47.8,75,42,66,36.2,43.9,36,40,24,25,53.8,28,7,40,10,24,6,8,2,"R","157",21.4,"40.1","93.7","2266","-13.4","-16.4","15.1","20.3","1.1",,,,,,,,,"10.8","84.8","1599","-15.9","-35.4","3","16.4","1.4","17.2","78","2844","16.2","-53.7","-8.1","18.2","1.5","1.3","93.2","2311","-17.7","-22.1","9.8","20.3","1.4","19.1","88.1","2448","2.4","-25.3","10","10.7","1.3",,,,,,,,,,,,,,,,,"11.5","80","2814","14.6","-41.7","1.6","14.8","1.5",,,,,,,,,,,,,,,,,,,,,,,,,"60.5","91.9","2325","-8.5","-19.3","13.4","17.3","2.7","28.7","78.8","2832","15.5","-48.9","-4.2","16.8","1.7","10.8","84.8","1599","-15.9","-35.4","3","16.4","1.4"
"Maeda, Kenta",628317,2025,37,"7","8.0",43,33,9,5,3,0,1,8,6,18.6,14,".273",".455",".429","0.884","0.182",".333","7","8","0","0","24","0","0","2","0","0","7.88",,,"1","0","0","0","0","0","0","10","5","1","0","0","0","0","0","14","0","59","22","1","0","0","0","0","3","31","1","5","7","0","0","0","3","1","2","6","25","5","0","0","0","0","5","8","2","0","0","0","0","0","0","0","0","0","20","1","71","15","0","0","0","0","171","0","100","21","1","0","0","0","0",".262",".400",".396",".373",".420",".138",".413",".373",".360",".345",".011",".055",".023","70.7",19.1,13.7,10.3,37.3,27.9,"7.4",1,10.6,-2.5,55.9,33.2,"91.2","12.2",36,2,8,12,24,24,32,0,36,"83.734502308","93.5867232",74,24.6,22.6,38.1,61.9,8,21,54.7,93,72.7,6.5,62,46,32,171,75.4,14,57,45.3,77,40,68,28.2,45.6,60,32,8,25,55.8,40,10,24,6,32,8,4,1,"R","170",40.5,"19.4","90.2","2221","-5.7","-19.4","14.2","15.5","1.3","17.6","81.4","2561","6.2","-38.3","3.3","7.4","1.5",,,,,,,,,"1.2","81.6","2700","3","-49","-8.4","9","1.5","7.1","90","2242","-14.8","-26.3","7.9","17","1.4","0.6","86.3","1295","-2.8","-33.1","4.2","5",,"36.5","84.5","1430","-10.1","-39","-0.7","10.4","1.2",,,,,,,,,"17.6","80.1","2599","13.5","-40.1","3","14.1","1.5",,,,,,,,,,,,,,,,,,,,,,,,,"27.1","90.1","2206","-8","-21.5","12.4","15.6","1.3","36.5","80.8","2584","9.7","-39.5","2.8","10.7","1.6","36.5","84.5","1430","-10.1","-39","-0.7","10.4","1.2"
"Long, Sam",669674,2025,29,"7","7.0",37,32,12,7,3,0,2,6,5,16.2,13.5,".375",".656",".459","1.115","0.281",".417","10","12","0","0","21","0","2","3","0","0","12.86",,,"0","3","0","0","0","0","0","8","14","0","0","0","0","1","0","17","0","56","26","0","0","0","0","0","0","29","2","3","7","1","0","1","0","2","6","4","26","7","0","0","1","1","5","7","1","0","0","0","0","0","0","0","0","0","7","2","64","21","0","0","3","0","159","0","95","11","6","3","0","0","0",".257",".501",".471",".361",".357",".244",".545",".393",".462",".316",".118",".155",".110","71.5",26.2,16,13.1,38,31.1,"7.3",2,10.2,-4.1,42.6,31.1,"91.6","14.6",23.1,3,11.5,0,15.4,26.9,42.3,3.8,38.5,"83.849866154","93.9909944",69.3,11.5,20.2,47.1,52.9,8,17,52.8,84,54.5,6.9,12,66,81,159,88.5,6,52,47.2,75,39,62,20.3,43.4,42.3,46.2,11.5,26,47.2,50,13,26.9,7,19.2,5,3.8,1,"L","159",52.4,"37.7","93.5","2284","5.5","-14.4","16.9","17.9","1.3","40.9","85","2260","-1.8","-35","2.8","3.9","1.5",,,,,,,,,"10.1","77.5","2550","-3.3","-59.8","-14","14.6","1.5","3.8","93.5","2215","14.6","-18.2","13.3","19.8","1.5",,,,,,,,,"7.5","86.6","1621","11","-31.1","5.1","12.3","1.4",,,,,,,,,,,,,,,,,,,,,,,,,,,,,,,,,,,,,,,,,"41.5","93.5","2277","6.3","-14.8","16.6","18.1","1.3","50.9","83.5","2317","-2.1","-39.9","-0.5","6","3","7.5","86.6","1621","11","-31.1","5.1","12.3","1.4"
"Roberts, Ethan",681799,2025,27,"9","8.1",35,31,8,4,2,0,2,6,2,17.1,5.7,".258",".516",".314","0.830","0.258",".250","5","5","0","0","25","1","0","1","0","0","5.40",,,"0","1","0","0","0","0","0","9","10","0","0","0","0","0","0","17","0","34","26","0","1","0","0","0","0","22","2","3","9","0","0","0","1","2","2","4","26","5","0","0","0","0","4","7","4","0","0","0","0","0","0","0","1","0","8","0","42","16","1","0","1","0","127","1","85","9","9","5","0","0","0",".283",".501",".353",".358",".339",".218",".394",".400",".308",".341","-0.025",".015","-0.005","70.5",22.4,17.1,14.3,36.6,30.6,"7.1",2,8.4,0.4,55.1,32.6,"84","13.4",38.5,4,15.4,0,23.1,26.9,23.1,11.5,26.9,"70.108376923","93.041255",55.6,14.3,37.5,25,75,6,24,50.4,64,70,7.9,0,53,0,127,85.7,5,35,49.6,63,49.6,63,18.6,46.5,42.3,30.8,26.9,26,60,34.6,9,26.9,7,30.8,8,7.7,2,"R","127",31.3,,,,,,,,,,,,,,,,,,,,,,,,,,,,,,,,,"5.5","92.9","2534","-8.2","-22.5","9.2","12.5","1.4","36.2","91.4","2712","2.3","-23.2","9.3","9.9","1.1",,,,,,,,,,,,,,,,,"58.3","82.2","3117","21.4","-41.7","-0.8","21.6","1.3",,,,,,,,,,,,,,,,,,,,,,,,,"41.7","91.6","2689","0.9","-23.1","9.3","10.2","1.3","58.3","82.2","3117","21.4","-41.7","-0.8","21.6","1.3",,,,,,,,
"Brasier, Ryan",518489,2025,37,"9","8.0",37,33,8,6,2,0,0,8,3,21.6,8.1,".242",".303",".297","0.600","0.061",".308","2","2","0","0","24","0","0","0","0","0","2.25",,,"1","5","0","0","0","0","0","9","4","1","0","0","0","0","0","11","0","49","15","0","1","0","0","0","1","30","2","2","9","2","0","0","0","0","2","5","23","2","1","0","0","0","4","7","1","0","0","0","0","0","0","0","1","0","11","0","56","8","1","0","5","0","138","1","82","12","4","2","0","0","0",".306",".449",".269",".360",".363",".144",".302",".436",".308",".402","-0.064","-0.146","-0.091","72.1",23.5,9.6,7.4,26.9,20.6,"7.7",1,14.1,-7.4,57.4,34.2,"89.5","10.1",34.6,1,3.8,15.4,26.9,15.4,34.6,0,42.3,"79.019269231","94.4818156",71.8,13.7,28.2,45.8,54.2,11,24,54.5,85,100,3.8,0,102,54,156,86.3,7,51,45.5,71,37.8,59,24,48.1,38.5,38.5,23.1,26,59.5,38.5,10,19.2,5,30.8,8,11.5,3,"R","156",38.4,"39.7","93.5","2273","-8.7","-15.5","16.1","18.4","1.2","34.6","84.9","2378","5.1","-35.6","2.3","6.1","1.4",,,,,,,,,,,,,,,,,"13.5","93.5","2262","-15.6","-20.5","11.1","19.3","1.3","12.2","88.8","2326","1.6","-23.2","11.4","11.8","1.4",,,,,,,,,,,,,,,,,,,,,,,,,,,,,,,,,,,,,,,,,,,,,,,,,"65.4","92.6","2281","-8.2","-17.9","14.2","17.3","2.1","34.6","84.9","2378","5.1","-35.6","2.3","6.1","1.4",,,,,,,,
"Altavilla, Dan",656186,2025,32,"9","9.1",40,34,6,4,1,0,1,7,5,17.5,12.5,".176",".294",".300","0.594","0.118",".192","1","2","1","0","28","0","1","0","0","0","0.96",,,"1","6","0","0","0","0","0","7","2","1","0","0","0","0","0","5","0","52","16","0","0","0","0","0","1","30","0","5","9","2","0","0","1","0","3","2","23","1","0","0","0","0","5","7","4","0","0","0","0","0","0","0","0","0","16","1","53","8","0","0","6","0","139","0","86","17","0","0","0","0","0",".260",".453",".277",".362",".371",".193",".255",".380",".222",".328","-0.084","-0.159","-0.085","71.9",25,10.2,7.8,28.6,21.9,"7.4",0,12.2,-3.4,60.9,31.1,"89.2","16.3",33.3,4,14.8,11.1,11.1,18.5,44.4,0,37,"77.900762857","94.54964963",70.5,18.2,25.7,36.8,63.2,7,19,48.7,74,68.8,10.5,36,83,33,152,81.8,10,55,51.3,78,42.1,64,23,48.7,44.4,22.2,33.3,27,70,44.4,12,18.5,5,29.6,8,7.4,2,"R","152",24.8,"40.1","95.5","2336","-11.7","-16.1","14.1","18.5","1.4","21.7","89.9","2533","2.9","-29.6","4.3","6.1","1.7","23.7","90.8","1791","-17.1","-32.6","0.7","17.2","1.4",,,,,,,,,"14.5","96.1","2229","-17.6","-20.3","9.5","20.1","1.4",,,,,,,,,,,,,,,,,,,,,,,,,,,,,,,,,,,,,,,,,,,,,,,,,,,,,,,,,"54.6","95.7","2308","-13.3","-17.2","12.9","18.9","1.4","21.7","89.9","2533","2.9","-29.6","4.3","6.1","1.7","23.7","90.8","1791","-17.1","-32.6","0.7","17.2","1.4"
"Harrington III, Thomas",802419,2025,23,"2","8.0",39,33,11,7,1,0,3,7,5,17.9,12.8,".333",".636",".410","1.046","0.303",".333","9","9","1","0","24","0","1","1","0","0","10.13",,,"1","1","0","0","0","0","0","7","9","1","0","0","0","0","0","11","0","56","21","0","0","0","0","0","0","26","2","1","1","1","0","0","0","4","6","1","27","2","0","0","0","0","6","7","1","0","0","0","0","0","0","0","1","1","16","0","58","21","0","0","1","0","150","1","92","16","0","0","0","0","0",".272",".503",".440",".368",".361",".231",".508",".404",".407",".335",".061",".133",".072","71.3",21.2,18,13.6,32,24.2,"7.3",1,8.5,0.2,42.4,29.7,"90.7","9.8",22.2,2,7.4,11.1,22.2,29.6,22.2,3.7,44.4,"79.415617692","95.328477308",69.2,18.5,23.6,47.1,52.9,8,17,48,72,60,10,39,75,0,150,81.5,10,54,52,78,43.3,65,25.4,47.3,51.9,29.6,18.5,27,66.7,48.1,13,40.7,11,7.4,2,3.7,1,"R","150",33.9,"43.3","91.9","2058","-11","-16.6","15.8","19.3","1.4",,,,,,,,,,,,,,,,,,,,,,,,,,,,,,,,,"6.7","87.3","2286","3.2","-26.6","9.1","9.8","1.5","26","83.7","996","-10.2","-36.8","2.1","10.7","1.4",,,,,,,,,"24","81","2567","14.4","-37.1","4.7","15.5","1.5",,,,,,,,,,,,,,,,,,,,,,,,,"50","91.3","2088","-9.1","-17.9","14.9","18.1","2","24","81","2567","14.4","-37.1","4.7","15.5","1.5","26","83.7","996","-10.2","-36.8","2.1","10.7","1.4"
"Darrell-Hicks, Michael",690382,2025,27,"6","7.2",38,31,10,8,1,0,1,6,4,15.8,10.5,".323",".452",".395","0.847","0.129",".346","8","8","0","0","23","1","0","1","0","0","9.39",,,"2","1","2","0","0","0","0","8","8","1","1","0","0","0","0","11","0","54","22","0","0","0","0","0","0","17","0","2","6","1","0","0","1","1","4","5","27","5","0","0","0","0","4","5","4","0","0","0","0","0","0","0","2","0","13","0","55","14","0","0","3","0","134","2","79","13","2","1","0","0","1",".330",".607",".367",".446",".420",".277",".387",".498",".370",".406","-0.007","-0.155","-0.079","71.8",29.2,20,16.7,50,41.7,"7.4",4,10.4,-1.5,52.1,33.1,"91.3","16",51.9,5,18.5,3.7,40.7,18.5,18.5,0,55.6,"82.200266429","95.488360741",64.4,7.9,25.3,52.6,47.4,10,19,56,75,75,11.9,0,108,0,134,92.1,3,38,44,59,32.8,44,22.8,42.5,37,44.4,18.5,27,57.9,33.3,9,29.6,8,33.3,9,3.7,1,"R","134",32,,,,,,,,,,,,,,,,,,,,,,,,,,,,,,,,,"48.5","94.2","2264","-17.3","-21.3","9.8","20","1.1","32.1","87.3","2564","3","-32.8","3.2","4.8","1.3",,,,,,,,,,,,,,,,,"19.4","83","2733","15.2","-40.5","-0.3","15.5","1.5",,,,,,,,,,,,,,,,,,,,,,,,,"80.6","91.5","2383","-9.2","-25.9","7.2","14","3.3","19.4","83","2733","15.2","-40.5","-0.3","15.5","1.5",,,,,,,,
"Contreras, Luis",664351,2025,29,"7","9.0",43,37,11,6,3,0,2,10,6,23.3,14,".297",".541",".395","0.936","0.244",".360","9","9","0","0","27","0","0","1","0","0","9.00",,,"0","4","0","0","0","0","0","12","7","0","0","0","0","0","0","15","0","66","28","0","0","0","0","0","0","28","3","3","7","1","0","1","0","4","2","5","27","3","1","0","0","0","7","2","3","0","0","0","0","0","0","0","0","0","17","0","69","20","0","0","4","0","172","0","103","17","6","1","0","0","0",".231",".391",".406",".324",".338",".160",".492",".362",".407",".317",".066",".150",".082","72",28.4,13.7,10.4,31.4,23.9,"7.2",0,10.3,-1.7,65.7,31.8,"90.2","28.9",48.1,2,7.4,11.1,29.6,44.4,7.4,0,37,"81.767490714","93.762288889",70.5,18.2,21.3,50,50,10,20,54.7,94,61.1,10.5,32,86,37,172,81.8,10,55,45.3,78,40.1,69,26.7,43.6,48.1,25.9,25.9,27,58.1,14.8,4,40.7,11,29.6,8,14.8,4,"R","172",47.7,"48.8","91.5","2525","-0.5","-13.7","19.1","19.2","1.3","21.5","85.6","2373","5.5","-31","6.6","8.8","1.5","18.6","83.8","1570","-12","-31.3","8.1","14.6","1.3",,,,,,,,,"1.2","90.4","2306","-10.7","-18.8","14.8","18.3","1.5",,,,,,,,,,,,,,,,,,,,,,,,,"9.9","79","2480","17.4","-41.7","2.7","17.7","1.4",,,,,,,,,,,,,,,,,,,,,,,,,"50","91.5","2520","-0.8","-13.9","19","19.2","1.3","31.4","83.5","2407","9.2","-34.4","5.4","11.6","2.8","18.6","83.8","1570","-12","-31.3","8.1","14.6","1.3"
"Tidwell, Blade",694918,2025,24,"1","3.2",40,32,13,12,0,0,1,6,6,15,15,".406",".500",".500","1.000","0.094",".462","6","6","0","0","11","0","1","0","0","0","14.73",,,"0","0","0","0","0","0","0","6","6","0","0","0","0","0","0","8","0","33","15","0","0","0","0","0","0","9","0","0","0","0","0","0","1","2","2","5","17","3","0","0","0","0","2","2","0","1","0","0","0","0","0","0","1","1","7","0","34","12","0","0","0","0","82","1","48","7","0","0","0","0","0",".312",".455",".441",".385",".425",".143",".472",".389",".481",".370",".094",".045",".056","71.8",22.4,19.4,14.3,41.7,30.6,"7.4",2,9.3,-2.7,57.1,31.5,"87.9","22.1",37,1,3.7,0,33.3,33.3,22.2,7.4,25.9,"78.587640769","92.640238077",61.8,17,18.8,53.3,46.7,8,15,51.3,80,75,5.1,9,87,26,156,83,8,47,48.7,76,41.7,65,25.8,39.7,44.4,18.5,37,27,60,29.6,8,29.6,8,29.6,8,11.1,3,"R","156",42.6,"41","95.8","2253","-5.5","-12","18.1","19","1.7","16.7","87.5","2517","5.5","-36","-0.2","6","1.7","5.8","83","1633","-12.1","-32.6","7.2","14.2","1.4",,,,,,,,,"12.8","95","2167","-15.4","-17.3","13.2","20.4","1.6","1.9","89.5","2525","5.9","-26.4","7.7","9.7","1.5",,,,,,,,,,,,,,,,,"21.8","82.7","2799","13.6","-34","6.2","15.2","1.5",,,,,,,,,,,,,,,,,,,,,,,,,"55.8","95.4","2242","-7.4","-13.7","16.6","19","2","38.5","84.8","2677","10.1","-34.9","3.4","11.2","2.5","5.8","83","1633","-12.1","-32.6","7.2","14.2","1.4"
"Barnes, Jacob",606930,2025,35,"6","8.0",36,31,10,8,1,0,1,5,3,13.9,8.3,".323",".452",".361","0.813","0.129",".333","8","9","0","0","24","0","1","0","0","0","9.00",,,"1","2","0","0","0","0","0","6","8","1","0","0","0","0","0","13","0","52","18","0","0","0","0","0","0","22","0","2","6","1","0","0","0","2","4","4","28","4","0","0","0","0","5","7","2","0","0","0","0","0","0","0","2","0","15","1","60","14","0","0","2","0","146","2","86","18","4","1","0","0","0",".314",".540",".348",".393",".373",".227",".373",".431",".357",".373",".009","-0.088","-0.045","72.6",33.3,14.9,11.7,36.2,28.3,"7.3",3,9.6,0.6,60,31.2,"88.5","15.8",35.7,3,10.7,7.1,25,25,28.6,3.6,35.7,"76.031944286","94.849605714",70,14.3,30.2,46.2,53.8,12,26,58.9,86,100,3.4,8,120,18,146,85.7,6,42,41.1,60,38.4,56,26.5,46.6,39.3,39.3,21.4,28,50,39.3,11,28.6,8,25,7,7.1,2,"R","146",42.2,"37.7","94.1","2390","-2.6","-14.2","16.9","17.3","1.4","12.3","84.6","2100","3.6","-37.1","1.1","6","1.4",,,,,,,,,,,,,,,,,,,,,,,,,"44.5","88","2339","5","-30.2","5.3","7.9","1.7","5.5","87","1195","-9.2","-28.2","8.1","12.8","1.4",,,,,,,,,,,,,,,,,,,,,,,,,,,,,,,,,,,,,,,,,"82.2","90.8","2362","1.5","-22.8","10.6","12.2","3.3","12.3","84.6","2100","3.6","-37.1","1.1","6","1.4","5.5","87","1195","-9.2","-28.2","8.1","12.8","1.4"
"Morgan, Eli",669212,2025,29,"7","7.1",35,32,12,4,5,0,3,4,3,11.4,8.6,".375",".813",".429","1.242","0.438",".360","10","10","0","1","22","0","1","0","0","0","12.27",,,"2","0","0","0","0","0","0","6","11","1","1","0","0","0","0","14","0","38","19","0","0","0","0","0","0","26","1","2","7","1","0","1","0","2","3","7","28","5","0","0","1","0","6","9","0","0","0","0","0","0","0","0","0","0","12","0","44","26","0","0","0","0","132","0","88","14","6","3","0","0","0",".270",".536",".514",".361",".333",".265",".575",".389",".429",".309",".105",".277",".153","69.3",14.8,8.9,7.4,35.6,29.6,"7.1",2,9.6,-3.8,50,30.4,"89.6","10.6",32.1,4,14.3,3.6,17.9,32.1,28.6,3.6,35.7,"78.665670714","94.52517",66.1,7.7,41.1,40,60,12,30,55.3,73,83.3,4.5,55,39,38,132,92.3,3,39,44.7,59,41.7,55,21.7,52.3,32.1,50,17.9,28,70.6,42.9,12,28.6,8,25,7,3.6,1,"R","132",43.2,"29.5","91.9","2260","-12.4","-15.5","17.1","21.2","1.2","28.8","86.5","2495","2.7","-34.9","1.5","3.5","1.4","41.7","79.4","2188","-18.9","-40.9","2.8","19.2","1.3",,,,,,,,,,,,,,,,,,,,,,,,,,,,,,,,,,,,,,,,,,,,,,,,,,,,,,,,,,,,,,,,,,,,,,,,,"29.5","91.9","2260","-12.4","-15.5","17.1","21.2","1.2","28.8","86.5","2495","2.7","-34.9","1.5","3.5","1.4","41.7","79.4","2188","-18.9","-40.9","2.8","19.2","1.3"
"Santos, Gregory",666619,2025,25,"8","7.0",36,27,8,5,3,0,0,0,8,0,22.2,".296",".407",".457","0.864","0.111",".296","4","6","0","1","21","1","1","2","0","0","5.14",,,"2","0","0","0","0","0","0","7","3","2","0","0","0","1","0","9","0","57","18","0","0","0","0","0","1","22","0","2","8","1","0","1","0","1","4","3","28","2","1","0","2","0","3","14","2","0","0","0","0","0","0","1","0","0","6","2","58","11","0","0","0","0","132","1","74","6","0","0","0","0","1",".299",".456",".376",".390",".459",".157",".305",".322",".296",".299","-0.003","-0.049","-0.014","72",14.3,20,18.4,35.6,32.7,"7.4",0,9.4,-3.7,59.2,33.1,"89.6","6.3",21.4,2,7.1,7.1,21.4,14.3,42.9,7.1,39.3,"78.382035","94.862442593",70.4,10,9.8,16.7,83.3,1,6,46.2,61,88.2,12.9,2,49,81,132,90,5,50,53.8,71,37.9,50,10.7,42.4,35.7,50,14.3,28,52.9,64.3,18,14.3,4,17.9,5,3.6,1,"R","132",36.4,"15.2","96.5","2404","-5","-19.6","9.9","11.4","1.3","61.4","88.5","2508","6.6","-33","1.9","7.4","1.9","1.5","93.8","2411","-10.6","-22","9.3","14.2","1.5",,,,,,,,,"22","98","2373","-11.4","-20.3","8.2","14.3","1.4",,,,,,,,,,,,,,,,,,,,,,,,,,,,,,,,,,,,,,,,,,,,,,,,,,,,,,,,,"37.1","97.4","2386","-8.8","-20","8.9","13.1","1.4","61.4","88.5","2508","6.6","-33","1.9","7.4","1.9","1.5","93.8","2411","-10.6","-22","9.3","14.2","1.5"
"Castillo, Luis F.",622379,2025,30,"2","7.0",41,33,12,9,3,0,0,5,7,12.2,17.1,".364",".455",".475","0.930","0.091",".429","6","7","0","0","21","0","0","0","0","0","7.71",,,"2","1","0","0","0","0","0","14","7","2","0","0","0","0","0","17","0","67","22","0","0","0","0","0","0","30","1","0","0","1","0","0","0","2","4","6","29","5","0","0","0","0","5","9","2","0","0","0","0","0","0","1","0","2","14","1","72","15","0","0","1","0","168","1","96","14","0","0","0","0","0",".296",".462",".416",".388",".419",".165",".421",".381",".429",".349",".068","-0.007",".028","71.8",27.7,13.2,10.8,28.3,23.1,"7.4",3,10.3,-5.3,53.8,32.9,"86.2","15.7",34.5,1,3.4,6.9,24.1,24.1,31,10.3,27.6,"74.612926429","93.334618889",67.6,6.3,26.8,46.2,53.8,12,26,57.7,97,75,7.1,22,104,42,168,93.8,3,48,42.3,71,45.2,76,20.3,44,44.8,31,24.1,29,65.9,44.8,13,24.1,7,27.6,8,3.4,1,"R","168",12.6,"41.7","92.3","2062","-12.6","-21.9","10.2","16.3","1.6","25","80.7","2360","13","-40.6","1.6","13.5","1.4","13.1","86.3","1595","-17.4","-39","-2.2","17.6","1.7",,,,,,,,,"20.2","91.2","2097","-18","-30.4","2.5","18.5","1.4",,,,,,,,,,,,,,,,,,,,,,,,,,,,,,,,,,,,,,,,,,,,,,,,,,,,,,,,,"61.9","91.9","2073","-14.3","-24.7","7.7","17","1.6","25","80.7","2360","13","-40.6","1.6","13.5","1.4","13.1","86.3","1595","-17.4","-39","-2.2","17.6","1.7"
"Chafin, Andrew",605177,2025,35,"16","11.1",54,42,12,11,1,0,0,14,11,25.9,20.4,".286",".310",".434","0.744","0.024",".429","4","6","0","0","34","0","0","4","0","0","3.18",,,"3","13","0","0","2","0","0","23","6","2","1","0","0","1","0","22","0","79","40","0","2","0","0","0","0","50","2","5","16","1","0","0","0","1","8","3","29","5","3","0","0","2","3","10","3","0","0","0","0","0","0","1","0","0","19","2","100","13","2","2","13","0","252","1","152","27","17","6","0","0","0",".209",".238",".352",".299",".373",".029",".394",".294",".429",".314",".077",".072",".053","72.3",30.4,10.1,7.6,18.8,14.1,"7.5",3,12.8,-8.7,44.6,33.5,"84","4.1",24.1,0,0,0,31,13.8,44.8,10.3,31,"70.56475","92.732588929",59.5,15.2,32.6,45.7,54.3,21,46,56,141,64.7,6.7,2,142,108,252,81.8,10,66,44,111,39.3,99,27.7,44.4,44.8,37.9,17.2,29,57.4,62.1,18,13.8,4,20.7,6,3.4,1,"L","252",51.3,"17.9","90.3","2079","8.1","-17.2","16.5","18.4","1.3","42.9","80.9","2466","-0.8","-44.3","-2.4","3.5","1.2","0.8","85.1","1786","10.7","-24.3","13.5","17.2","1.4",,,,,,,,,"38.5","90.2","2063","14.7","-21.7","12","19.1","1.2",,,,,,,,,,,,,,,,,,,,,,,,,,,,,,,,,,,,,,,,,,,,,,,,,,,,,,,,,"56.3","90.2","2068","12.6","-20.3","13.5","18.9","1.2","42.9","80.9","2466","-0.8","-44.3","-2.4","3.5","1.2","0.8","85.1","1786","10.7","-24.3","13.5","17.2","1.4"
"Hjelle, Sean",663546,2025,28,"5","8.2",43,35,8,4,2,0,2,7,7,16.3,16.3,".229",".457",".349","0.806","0.228",".222","4","4","0","0","26","1","0","0","0","0","4.15",,,"0","1","0","0","0","0","0","8","4","0","0","0","0","0","0","4","0","53","32","0","0","0","0","0","0","13","1","0","4","1","0","0","0","1","2","3","24","1","0","0","1","0","5","8","2","0","0","0","0","0","0","0","1","1","10","0","55","11","0","0","1","0","138","1","83","13","1","0","0","0","0",".255",".439",".343",".347",".374",".184",".353",".359",".276",".311","-0.026",".018","-0.004","71.8",23.1,19,15.4,40.5,32.7,"7.4",2,10.2,-4.3,61.5,30.8,"90.3","12",31,2,6.9,6.9,17.2,27.6,34.5,3.4,41.4,"79.037297143","94.993243214",56.3,7.5,23.3,60,40,12,20,54.8,86,72.7,7,0,95,62,157,92.5,3,40,45.2,71,43.9,69,25,38.2,37.9,48.3,13.8,29,66.7,44.8,13,27.6,8,20.7,6,6.9,2,"R","157",26.9,,,,,,,,,,,,,,,,,,,,,,,,,"39.5","85.6","2040","3.6","-39.4","-2.3","4.7","1.3","45.9","93.6","2292","-14.5","-25.7","5.4","15.6","1.2","14.6","89.5","2237","-2.1","-28.4","5.6","6.5","1.5",,,,,,,,,,,,,,,,,,,,,,,,,,,,,,,,,,,,,,,,,,,,,,,,,"60.5","92.6","2279","-11.5","-26.4","5.5","13.4","2.1","39.5","85.6","2040","3.6","-39.4","-2.3","4.7","1.3",,,,,,,,
"Guenther, Sean",674944,2025,29,"9","10.1",43,38,10,8,2,0,0,8,5,18.6,11.6,".263",".316",".349","0.665","0.053",".333","6","7","0","0","31","0","1","0","0","0","5.23",,,"0","2","0","0","0","0","0","7","2","0","0","0","0","0","0","5","0","53","34","0","1","0","0","0","1","20","0","0","8","3","0","0","0","1","2","7","30","2","2","0","0","0","5","10","2","0","0","0","0","0","0","0","0","1","12","1","56","12","1","0","2","0","154","0","98","12","3","0","0","0","0",".300",".474",".305",".373",".384",".174",".321",".421",".333",".383","-0.037","-0.158","-0.068","72.6",30.2,27.9,22.6,39.5,32.1,"7.3",1,11.6,-3,50.9,32.5,"90.1","16.2",36.7,2,6.7,16.7,26.7,13.3,23.3,10,43.3,"78.284956429","95.435334444",58.9,11.3,17.2,54.5,45.5,6,11,41.6,64,68.2,14.3,34,67,53,154,84.9,6,53,58.4,90,39.6,61,18.8,41.6,46.7,36.7,16.7,30,65.1,40,12,20,6,30,9,10,3,"L","154",44.6,"2.6","90.3","2065","6","-21","12.2","13.8","1.5","34.4","78.7","2299","-15.6","-48.5","-4","16.3","1.2",,,,,,,,,,,,,,,,,"40.9","89.9","2036","12.9","-28.3","5.6","14.2","1.1",,,,,,,,,"22.1","83.1","1359","13.9","-36.9","2.6","14.4","1.2",,,,,,,,,,,,,,,,,,,,,,,,,,,,,,,,,,,,,,,,,"43.5","90","2038","12.5","-27.9","5.9","14.2","1.1","34.4","78.7","2299","-15.6","-48.5","-4","16.3","1.2","22.1","83.1","1359","13.9","-36.9","2.6","14.4","1.2"
"Bride, Jonah",681146,2025,29,"3","5.0",37,31,14,11,2,0,1,2,3,5.4,8.1,".452",".613",".514","1.127","0.161",".448","5","5","0","0","15","0","0","0","0","0","9.00",,,"0","0","0","0","0","0","0","8","5","0","0","0","0","0","0","11","0","29","10","0","0","0","0","0","0","14","0","3","3","0","0","0","2","1","3","5","23","2","0","0","0","0","5","1","6","0","0","0","0","0","0","0","0","0","3","0","33","13","0","0","0","0","83","0","50","3","0","0","0","0","0",".345",".577",".484",".435",".436",".232",".479",".419",".467",".371",".107",".036",".049","73.1",47.9,38.6,35.4,59.1,54.2,"7.2",0,10.2,-1.6,45.8,28.7,"95","21.5",56.7,1,3.3,30,23.3,30,13.3,0,60,"87.991254667","96.514199667",71.9,7.3,17.9,10,90,1,10,49.6,56,66.7,5.3,0,0,0,113,92.7,3,41,50.4,57,35.4,40,7.8,45.1,40,40,20,30,54.1,20,6,23.3,7,46.7,14,10,3,"R","26",20.3,,,,,,,,,,,,,,,,,,,,,,,,,"46.2","68.5","2262","4.3","-53","5.2","7.8","2",,,,,,,,,,,,,,,,,,,,,,,,,"53.8","61.8","258","1","-68.5","5.1","7","1.8",,,,,,,,,,,,,,,,,,,,,,,,,,,,,,,,,,,,,,,,,"100","64.9","1183","2.5","-61.4","5.2","7.4","2.9",,,,,,,,
"Garabito, Gerson",642520,2025,29,"3","8.0",41,38,15,12,2,0,1,8,1,19.5,2.4,".395",".526",".439","0.965","0.131",".483","8","12","0","0","24","0","0","0","0","0","9.00",,,"1","0","0","0","0","0","0","8","12","1","0","0","0","0","0","17","0","32","28","0","0","0","0","0","0","9","2","1","3","2","0","0","2","1","4","10","30","8","1","0","0","0","5","9","1","0","0","0","0","0","0","0","0","0","16","4","36","20","0","0","0","0","121","0","85","16","2","0","0","0","1",".335",".513",".425",".388",".384",".177",".509",".459",".500",".425",".060",".013",".037","71.8",23.1,17.1,11.5,40,26.9,"7.3",1,9.7,-1.5,42.3,33.5,"86.5","6.7",46.7,2,6.7,0,43.3,10,40,0,33.3,"74.663765333","93.185293667",64.7,27.3,24.5,46.2,53.8,6,13,43.8,53,50,3.3,19,46,56,121,72.7,12,44,56.2,68,47.9,58,31.6,47.1,46.7,30,23.3,30,78,43.3,13,20,6,36.7,11,0,0,"R","121",43.5,"20.7","93.2","2390","-4.2","-13.9","17.9","18.5","1.7","19.8","89","2525","3.2","-28.7","5.8","6.8","1.4","15.7","86.8","1879","-15.3","-29.9","6.6","16.8","1.4","26.4","82.5","2584","11.8","-43.4","-2.9","12.5","1.9","17.4","92.9","2374","-14.6","-24.9","7","16.3","1.4",,,,,,,,,,,,,,,,,,,,,,,,,,,,,,,,,,,,,,,,,,,,,,,,,,,,,,,,,"38","93.1","2383","-9","-18.9","12.9","17.5","1.6","46.3","85.3","2559","8.1","-37.1","0.8","10.1","3.1","15.7","86.8","1879","-15.3","-29.9","6.6","16.8","1.4"
"Martinez, Justin",679885,2025,23,"17","15.1",67,52,7,4,2,0,1,22,12,32.8,17.9,".135",".231",".328","0.559","0.096",".207","7","8","5","1","46","1","2","2","0","0","4.11",,,"0","0","0","0","0","0","0","21","6","0","0","0","0","0","0","16","0","107","51","0","0","0","0","0","1","34","4","9","17","2","0","0","3","2","2","3","30","2","4","0","1","0","3","15","2","0","0","0","0","0","0","0","0","0","33","1","116","12","0","0","0","0","269","0","153","34","8","1","0","0","1",".172",".234",".272",".287",".357",".062",".272",".304",".233",".298","-0.037","-0.003","-0.015","70.9",14.4,5.4,3.3,17.9,11.1,"7.3",6,10.8,-1.9,36.7,32.8,"80.7","7.8",30,1,3.3,0,20,20,50,6.7,23.3,"67.737819333","91.359276552",56,31.4,22.4,50,50,16,32,53.4,143,61.1,6.7,83,160,26,269,68.6,22,70,46.6,125,42.2,113,37.3,37.9,40,30,30,30,54.5,56.7,17,16.7,5,16.7,5,10,3,"R","268",37.9,"18.7","100","2258","-10.6","-13","14.6","18.2","1.6","9.7","91.2","2355","-0.1","-25.3","7.8","8.1","1.6",,,,,,,,,,,,,,,,,"40.7","99.3","2122","-15.8","-19.6","8.4","18.1","2",,,,,,,,,"31","87.9","661","-9.5","-34.5","1.2","10.7","1.8",,,,,,,,,,,,,,,,,,,,,,,,,,,,,,,,,,,,,,,,,"59.3","99.5","2165","-14.2","-17.5","10.3","18.1","1.9","9.7","91.2","2355","-0.1","-25.3","7.8","8.1","1.6","31","87.9","661","-9.5","-34.5","1.2","10.7","1.8"
"Morgan, David",688158,2025,25,"10","11.2",53,46,9,7,0,0,2,15,7,28.3,13.2,".196",".326",".302","0.628","0.130",".241","3","3","0","0","35","0","1","1","0","0","2.31",,,"1","1","0","0","0","0","0","14","5","1","0","0","0","1","0","12","0","69","24","0","0","0","0","0","0","54","2","5","10","1","0","0","0","2","1","5","27","3","0","0","0","0","6","9","3","0","0","0","0","0","0","0","0","0","20","0","72","14","0","0","1","0","200","0","128","20","5","2","0","0","0",".263",".415",".287",".342",".361",".151",".334",".428",".290",".391","-0.067","-0.089","-0.055","71.6",20.6,12.7,10.3,30.4,24.7,"7.3",4,10.2,-4.2,50.5,30.5,"94","19.4",35.5,4,12.9,0,38.7,25.8,22.6,0,51.6,"86.77015875","95.831380968",78.2,12.8,24.5,48,52,12,25,48.1,102,80,9.4,0,107,105,212,86,11,86,51.9,110,38.7,82,20.7,52.4,48.4,29,22.6,31,67.9,32.3,10,29,9,32.3,10,6.5,2,"R","212",37.2,"45.8","97.7","2431","-7.2","-13.1","15.7","17.3","1.1","20.8","87.6","2263","4.1","-35.4","0.2","4.5","1.4",,,,,,,,,"28.8","82.1","2553","10.5","-51.5","-10.7","15.1","1.4","4.7","97.1","2219","-16.1","-22.5","6.7","17.6","1.4",,,,,,,,,,,,,,,,,,,,,,,,,,,,,,,,,,,,,,,,,,,,,,,,,,,,,,,,,"50.5","97.6","2411","-8","-14","14.8","17.3","1.2","49.5","84.4","2432","7.8","-44.8","-6.1","10.6","2.9",,,,,,,,
"Graveman, Kendall",608665,2025,34,"9","8.1",40,34,14,8,4,1,1,3,5,7.5,12.5,".412",".676",".500","1.176","0.264",".433","8","8","0","0","25","1","0","0","0","0","8.64",,,"2","1","0","0","0","0","0","8","10","2","0","0","0","0","0","13","0","61","22","0","2","0","0","0","0","18","0","2","9","2","0","0","1","2","4","8","31","6","0","0","0","0","4","6","5","0","0","0","0","0","0","0","0","0","11","0","66","23","2","0","1","0","149","0","83","11","2","2","0","0","0",".350",".595",".501",".447",".448",".245",".511",".441",".452",".384",".062",".081",".054","72.6",24,23.8,20,45.2,38,"7.5",0,11.5,-4.5,52,34.2,"91.9","14.6",58.1,5,16.1,9.7,32.3,16.1,22.6,3.2,54.8,"81.170026","96.325180667",66.1,7.3,23,40,60,8,20,58.4,87,71.4,4.7,27,86,36,149,90.2,3,41,41.6,62,43.6,65,18,40.9,32.3,48.4,19.4,31,62.5,32.3,10,19.4,6,41.9,13,6.5,2,"R","149",44.2,"17.4","94.5","2291","-6.6","-14.7","16","17.4","1.3","19.5","86","2453","4.6","-35","1.9","5.4","1.6","18.1","87.2","1701","-13.2","-31.8","4.2","13.9","1.5","4.7","81.8","2413","7.1","-47.8","-6.8","9.9","1.6","40.3","94.6","2220","-15","-19.8","10.7","18.5","1.2",,,,,,,,,,,,,,,,,,,,,,,,,,,,,,,,,,,,,,,,,,,,,,,,,,,,,,,,,"57.7","94.6","2241","-12.5","-18.3","12.3","18.2","1.2","24.2","85.2","2445","5.1","-37.5","0.2","6.3","2","18.1","87.2","1701","-13.2","-31.8","4.2","13.9","1.5"
"Ashcraft, Braxton",677952,2025,25,"6","9.2",49,43,9,5,3,1,0,10,6,20.4,12.2,".209",".326",".306","0.632","0.117",".273","1","1","0","0","29","1","0","0","0","0","0.93",,,"1","1","0","0","0","0","0","7","1","1","0","0","0","0","0","5","0","50","23","0","0","0","0","0","0","33","0","4","6","1","0","0","0","0","2","3","25","0","2","0","1","0","6","12","2","0","0","0","0","0","0","0","0","0","13","0","54","6","0","0","1","0","148","0","94","13","0","0","0","0","0",".227",".377",".277",".304",".321",".150",".298",".337",".273",".295","-0.018","-0.051","-0.027","71.5",16.7,7,5.6,28.2,22.2,"7.3",0,9.1,-2.9,56.7,33,"87.4","4",33.3,3,9.1,0,24.2,27.3,39.4,0,24.2,"78.190504706","92.64401303",69.7,11.6,25.8,52.2,47.8,12,23,47.3,89,80,8,6,78,104,188,88.4,8,69,52.7,99,41,77,21.7,48.9,33.3,45.5,21.2,33,52.1,51.5,17,33.3,11,15.2,5,0,0,"R","188",41.8,"32.4","97","2432","-7.4","-13.4","15.7","17.4","1.2","35.1","91.7","2621","2","-27.3","5.1","5.8","1.4","3.2","91.4","2117","-13.3","-27.1","5.6","14.5","1.5","20.2","83.8","2795","8.4","-52.2","-13.1","15.7","1.4","9","96.3","2335","-15.8","-20.3","9.3","18.6","1.4",,,,,,,,,,,,,,,,,,,,,,,,,,,,,,,,,,,,,,,,,,,,,,,,,,,,,,,,,"41.5","96.8","2411","-9.2","-14.9","14.3","17.7","1.2","55.3","88.8","2684","4.3","-36.4","-1.5","9.4","3.7","3.2","91.4","2117","-13.3","-27.1","5.6","14.5","1.5"
"Leclerc, José",600917,2025,31,"10","9.0",46,41,13,7,2,1,3,8,5,17.4,10.9,".317",".634",".391","1.025","0.317",".333","6","6","0","2","27","0","1","1","1","0","6.00",,,"1","0","0","0","0","0","0","13","8","1","0","0","0","0","0","13","0","85","23","0","0","0","0","0","0","43","0","1","10","0","0","1","0","4","3","6","33","3","1","0","0","0","5","8","4","0","0","0","0","0","0","0","0","0","34","0","96","26","0","0","0","0","229","0","133","34","7","3","0","0","0",".300",".566",".436",".402",".376",".267",".502",".455",".394",".372",".017",".068",".034","71.5",21.3,13.6,9.6,27.3,19.1,"7.6",1,14.3,-7.2,57.4,30.7,"88.8","14.9",45.5,4,12.1,9.1,24.2,24.2,24.2,6.1,45.5,"77.330501176","94.621630606",76.6,31.9,28.1,28.9,71.1,11,38,59,135,87.5,7,43,130,56,229,68.1,23,72,41,94,38.4,88,30.9,48,33.3,45.5,21.2,33,52.2,33.3,11,27.3,9,30.3,10,9.1,3,"R","229",38.8,"34.1","94.2","2514","-1.6","-13.3","17.7","17.9","1.2","21","80.7","2447","10.9","-39.4","2.7","12","1.7","18.8","86.5","1979","-8.6","-24.3","12.4","15.3","1.7","3.5","78.6","2583","14.8","-48.9","-4.4","15.6","1.4","8.3","93.7","2295","-12.5","-21.6","9.7","15.9","1.3","14.4","88.8","2528","4.9","-28.4","6.3","8.4","1.7",,,,,,,,,,,,,,,,,,,,,,,,,,,,,,,,,,,,,,,,,,,,,,,,,"56.8","92.8","2485","-1.5","-18.3","13.7","15.2","2.7","24.5","80.4","2467","11.4","-40.7","1.7","12.5","1.8","18.8","86.5","1979","-8.6","-24.3","12.4","15.3","1.7"
"Stroman, Marcus",573186,2025,34,"3","9.1",47,40,12,5,5,0,2,7,7,14.9,14.9,".300",".575",".404","0.979","0.275",".323","12","12","0","0","28","0","1","0","0","0","11.57",,,"1","2","1","0","0","0","0","4","12","1","0","0","0","0","0","13","0","80","36","0","0","0","0","0","0","31","2","0","0","0","0","0","0","1","4","7","33","6","0","0","0","0","6","10","3","0","0","0","0","0","0","0","0","3","17","0","82","23","0","0","3","0","201","0","119","17","0","0","0","0","0",".305",".541",".421",".409",".411",".236",".452",".436",".364",".371","-0.005",".034",".012","72.4",27.3,19.7,15.6,32.8,26,"7.3",2,9.2,-0.1,59.7,32.3,"92.2","13.6",39.4,4,12.1,9.1,27.3,24.2,24.2,0,45.5,"82.174071875","95.888068125",65.3,20.3,18.4,31.6,68.4,6,19,51.2,103,80,7.5,15,119,28,201,79.7,13,64,48.8,98,40.8,82,22.9,41.3,48.5,24.2,27.3,33,72.3,42.4,14,21.2,7,30.3,10,6.1,2,"R","201",33,"9.5","89.5","2417","-5.2","-19.5","14.8","15.9","1.2","11.4","84.3","2718","5.8","-42.7","-4","7.3","1.5",,,,,,,,,"2.5","77.9","2646","15","-52.7","-7","17.1","1.4","36.3","89.7","2310","-12.9","-30.1","3.9","13.7","1.1","13.4","88.8","2476","0","-25.6","9.2","9.3","1.4","7.5","85.8","1925","-14.6","-36.2","0.9","14.9","1.5",,,,,,,,,,,,,,,,,"19.4","81.5","2696","18.8","-43.4","-1.7","19","1.2",,,,,,,,,,,,,,,,,"59.2","89.4","2365","-8.8","-27.4","6.8","13","1.1","33.3","82.2","2700","14","-43.8","-2.9","14.9","2","7.5","85.8","1925","-14.6","-36.2","0.9","14.9","1.5"
"Gipson-Long, Sawyer",687830,2025,27,"3","11.1",46,40,11,7,4,0,0,10,2,21.7,4.3,".275",".375",".304","0.679","0.100",".333","5","6","0","0","34","0","0","2","0","0","3.97",,,"0","3","0","0","1","0","0","7","6","0","0","0","0","0","0","6","0","49","32","0","2","0","0","0","0","37","3","0","2","2","0","0","1","0","3","8","33","3","1","0","0","0","6","8","2","0","0","0","0","0","0","0","3","1","20","1","51","15","2","1","3","0","176","3","125","20","0","0","0","0","0",".309",".440",".291",".343",".345",".131",".342",".414",".333",".390","-0.034","-0.065","-0.052","72.1",27.4,15.4,11.9,30.8,23.8,"7.4",1,13.3,-3.8,50,34,"87.7","13.3",36.4,3,9.1,9.1,33.3,21.2,21.2,6.1,45.5,"75.285301765","94.638743636",68.2,18.7,27.3,50,50,9,18,37.5,66,66.7,8.5,38,103,35,176,81.3,14,75,62.5,110,42.6,75,24.7,52.8,39.4,27.3,33.3,33,73.9,33.3,11,27.3,9,30.3,10,9.1,3,"R","176",28.9,"35.8","93.1","2319","-11","-16.8","15","18.7","1.3","19.9","83.2","2662","6.4","-39.8","-0.4","6.7","1.5","21.6","85.6","1366","-14.4","-35.2","2.2","14.8","1.5",,,,,,,,,"13.6","91.9","2208","-15.6","-27.3","5.1","16.5","1.5","9.1","88","2596","2.1","-27.4","7.8","8.2","1.5",,,,,,,,,,,,,,,,,,,,,,,,,,,,,,,,,,,,,,,,,,,,,,,,,"58.5","92","2336","-10","-20.9","11.5","16.5","2.2","19.9","83.2","2662","6.4","-39.8","-0.4","6.7","1.5","21.6","85.6","1366","-14.4","-35.2","2.2","14.8","1.5"
"Neris, Héctor",593576,2025,36,"20","12.2",59,50,15,8,4,0,3,17,7,28.8,11.9,".300",".560",".397","0.957","0.260",".400","13","13","0","2","38","3","1","3","0","0","9.24",,,"3","6","0","0","0","0","0","17","9","2","1","0","0","0","0","17","0","97","36","0","0","0","0","0","0","63","3","3","20","1","0","1","1","2","3","10","34","5","7","0","0","1","10","6","1","0","0","0","0","0","0","1","0","0","26","0","105","28","0","0","6","0","271","1","166","28","11","2","0","0","0",".253",".509",".413",".373",".357",".257",".557",".491",".455",".387",".047",".051",".040","73.1",36,10.1,8.1,22.5,18,"7.5",4,11.1,-5.2,49.5,31.9,"93.1","22.9",44.1,5,14.7,8.8,23.5,29.4,11.8,8.8,47.1,"84.221025625","96.261420323",65.8,11.4,33.8,45.1,52.9,23,51,55.7,151,82.4,6.3,118,146,7,271,88.6,9,79,44.3,120,43.9,119,24.6,48,35.3,32.4,32.4,34,52.5,26.5,9,35.3,12,32.4,11,5.9,2,"R","271",38,"42.8","92.3","2397","-8","-14.9","17.5","19.3","1.1","2.6","86.6","2035","2.2","-31.7","4.9","5.9","1.5",,,,,,,,,,,,,,,,,"11.1","92.6","2200","-15.8","-21.6","10.6","19.2","1.3",,,,,,,,,"43.5","82.9","1114","-9.6","-41.7","-1.6","10.3","1.4",,,,,,,,,,,,,,,,,,,,,,,,,,,,,,,,,,,,,,,,,"53.9","92.4","2356","-9.6","-16.3","16.1","19.3","1.1","2.6","86.6","2035","2.2","-31.7","4.9","5.9","1.5","43.5","82.9","1114","-9.6","-41.7","-1.6","10.3","1.4"
"Brash, Matt",666374,2025,27,"14","12.1",54,47,9,9,0,0,0,13,5,24.1,9.3,".191",".191",".296","0.487","0.000",".265","0","0","0","0","37","0","0","0","0","0","0.00",,,"0","1","0","0","0","0","0","13","0","0","0","0","0","0","0","3","0","80","37","0","0","0","0","0","0","42","2","0","14","1","0","0","2","0","5","4","31","1","6","0","0","0","4","12","6","0","0","0","0","0","0","0","0","0","20","0","87","9","0","0","1","0","219","0","132","20","2","0","0","0","0",".234",".289",".239",".289",".335",".055",".235",".316",".265",".327","-0.043","-0.098","-0.050","71.5",22.2,8.2,6.7,28.8,23.3,"7.3",2,11.5,-3.3,56.7,32.2,"87.2","4.6",26.5,0,0,5.9,32.4,14.7,41.2,2.9,32.4,"77.228087647","92.832748788",62.4,10.3,25.8,46.9,53.1,15,32,53.2,124,70.6,7.3,23,64,146,233,89.7,7,68,46.8,109,36.5,85,22,42.9,44.1,38.2,17.6,34,59.3,55.9,19,11.8,4,29.4,10,2.9,1,"R","233",31.1,"2.1","95.8","2279","-11.9","-15.7","14.3","18.7","1.5","39.9","86.7","2954","15.4","-36.7","0","15.5","1.2","9.9","89.9","1697","-13.2","-37","-3","13.8","1.3","22.7","85.3","2935","17.1","-41.4","-3.3","17.6","1.4","25.3","96.4","2252","-17.4","-21.5","8.2","19.3","1.2",,,,,,,,,,,,,,,,,,,,,,,,,,,,,,,,,,,,,,,,,,,,,,,,,,,,,,,,,"27.5","96.3","2255","-17","-21","8.7","19.3","1.2","62.7","86.2","2947","16","-38.4","-1.2","16.3","1.5","9.9","89.9","1697","-13.2","-37","-3","13.8","1.3"
"O'Brien, Riley",676617,2025,30,"9","12.1",48,43,10,8,0,0,2,9,4,18.8,8.3,".233",".372",".313","0.685","0.139",".250","4","4","0","0","37","0","0","1","0","0","2.92",,,"0","3","0","0","0","0","0","5","2","0","0","0","0","0","0","2","0","67","33","0","1","0","0","0","0","24","0","1","9","5","0","0","1","2","4","4","34","0","1","0","0","0","3","16","3","0","0","0","0","0","0","0","0","0","17","0","69","16","1","0","3","0","177","0","108","17","2","0","0","0","0",".293",".408",".307",".345",".368",".115",".331",".385",".294",".373","-0.060","-0.036","-0.038","69.9",15.9,17.6,14.3,39.2,31.7,"7",3,8.3,1.9,47.6,30.5,"89.6","5",23.5,2,5.9,0,35.3,14.7,35.3,5.9,38.2,"79.56268","94.103197188",58.2,15.1,26.3,42.3,57.7,11,26,52.1,99,69.2,6.8,0,95,95,190,84.9,8,53,47.9,91,48.4,92,24.1,41.6,26.5,41.2,32.4,34,60.4,58.8,20,14.7,5,20.6,7,5.9,2,"R","190",28.6,,,,,,,,,"25.8","89.6","2496","4.1","-30.5","3.4","5.7","1.4",,,,,,,,,"24.2","83.5","2380","16.7","-41.4","-1.9","17","1.4","50","97.8","2187","-15.8","-22.6","6.1","17.1","1.5",,,,,,,,,,,,,,,,,,,,,,,,,,,,,,,,,,,,,,,,,,,,,,,,,,,,,,,,,"50","97.8","2187","-15.8","-22.6","6.1","17.1","1.5","50","86.6","2440","10.2","-35.8","0.8","11.2","3.1",,,,,,,,
"Snell, Blake",605483,2025,32,"2","9.0",46,37,10,7,3,0,0,4,8,8.7,17.4,".270",".351",".391","0.742","0.081",".294","2","7","0","0","27","1","0","2","0","0","2.00",,,"0","1","0","0","0","0","0","13","5","0","0","0","0","0","0","18","0","63","24","0","0","0","0","0","0","22","1","0","0","0","0","0","0","1","2","7","34","4","0","0","0","0","5","10","4","0","0","0","0","0","0","0","1","2","15","5","74","13","0","0","1","0","172","1","98","17","0","0","0","0","2",".343",".524",".338",".429",".456",".181",".295",".417",".294",".380","-0.073","-0.173","-0.091","72.4",26.8,14.6,10.7,31.7,23.2,"7.5",3,11.4,-4.6,50,35.3,"88.2","10.1",44.1,4,11.8,5.9,26.5,20.6,20.6,11.8,38.2,"76.62677375","94.392176774",63.7,17.6,25,39.1,60.9,9,23,53.5,92,100,4.7,36,78,58,172,82.4,9,51,46.5,80,43.6,75,24.3,43,44.1,26.5,29.4,34,65.2,35.3,12,20.6,7,35.3,12,8.8,3,"L","172",55.2,"45.3","94.8","2433","4.7","-12.2","18.1","18.8","1.2","8.7","88.6","2274","-1.1","-25.9","8.7","9.1","1.4","20.9","86.2","1910","12.5","-26","10.7","16.6","1.4","25","81.2","2526","-12.8","-46.6","-5.2","14","1.5",,,,,,,,,,,,,,,,,,,,,,,,,,,,,,,,,,,,,,,,,,,,,,,,,,,,,,,,,,,,,,,,,"45.3","94.8","2433","4.7","-12.2","18.1","18.8","1.2","33.7","83.1","2461","-9.8","-41.3","-1.6","12.8","3","20.9","86.2","1910","12.5","-26","10.7","16.6","1.4"
"Pearson, Nate",663878,2025,28,"8","8.2",47,36,13,9,2,0,2,5,7,10.6,14.9,".361",".583",".447","1.030","0.222",".344","10","10","0","0","26","0","1","1","0","0","10.38",,,"0","1","0","0","0","0","0","7","9","0","0","0","0","0","0","7","0","64","34","0","0","0","0","0","0","22","0","1","8","0","0","0","1","3","5","4","34","3","1","0","1","0","9","4","3","0","0","0","0","0","0","0","3","0","11","0","68","21","0","0","1","0","170","3","102","11","0","0","0","0","0",".246",".445",".425",".362",".374",".199",".432",".347",".382",".282",".115",".138",".063","69.7",11.1,14.3,13,49,44.4,"7",1,6.8,1.1,66.7,30.8,"89.9","23.8",35.3,3,8.8,2.9,20.6,47.1,20.6,0,38.2,"80.586146471","93.978472353",54.8,15.7,22.1,17.6,82.4,3,17,45.3,77,36.8,11.2,0,87,83,170,82.4,8,51,54.7,93,43.5,74,16.2,40,35.3,26.5,38.2,34,54.3,26.5,9,44.1,15,20.6,7,8.8,3,"R","170",40.2,"50","98","2327","-7.7","-11.2","17.5","19.2","1.4","42.9","89.2","2531","5.9","-31.7","2.5","6.9","1.9",,,,,,,,,"5.9","82.7","2573","9.3","-50.5","-10.3","14","1.5","1.2","97.4","2282","-14.6","-15.8","13.4","20","1.5",,,,,,,,,,,,,,,,,,,,,,,,,,,,,,,,,,,,,,,,,,,,,,,,,,,,,,,,,"51.2","97.9","2326","-7.9","-11.3","17.4","19.2","1.4","48.8","88.4","2536","6.3","-34","1","7.8","2.7",,,,,,,,
"Arias, Luarbert",678215,2025,24,"6","9.1",50,42,15,10,2,2,1,9,5,18,10,".357",".571",".440","1.011","0.214",".424","11","11","0","0","28","0","0","1","0","0","10.61",,,"1","1","0","0","0","0","0","10","9","1","0","0","0","0","0","15","0","68","30","0","0","0","0","0","0","41","0","4","6","0","0","1","2","2","1","12","34","6","0","0","0","0","7","7","2","0","0","0","0","0","0","0","1","0","15","0","72","24","0","0","1","0","192","1","120","15","0","0","0","0","0",".321",".517",".432",".407",".416",".196",".491",".454",".441",".406",".036",".054",".025","72.4",27.3,17.2,14.3,40.6,33.8,"7.5",0,10.8,-3.4,48.1,34.5,"93.6","17.5",55.9,4,11.8,8.8,38.2,23.5,17.6,0,44.1,"85.774974118","95.511693529",72.5,16.5,13.3,18.2,81.8,2,11,43.2,83,92.3,6.8,31,69,92,192,83.5,13,79,56.8,109,40.6,78,16.7,46.9,38.2,29.4,32.4,34,62,23.5,8,29.4,10,41.2,14,5.9,2,"R","192",36.8,"35.9","93.6","2301","-11.1","-15.2","16.1","19.9","1.3","47.9","82.4","2195","4.3","-36.3","4","6.7","1.3",,,,,,,,,,,,,,,,,,,,,,,,,,,,,,,,,"16.1","83.1","1324","-9.1","-34","5.6","11","1.5",,,,,,,,,,,,,,,,,,,,,,,,,,,,,,,,,,,,,,,,,"35.9","93.6","2301","-11.1","-15.2","16.1","19.9","1.3","47.9","82.4","2195","4.3","-36.3","4","6.7","1.3","16.1","83.1","1324","-9.1","-34","5.6","11","1.5"
"Anderson, Ian",666120,2025,27,"7","9.1",51,44,17,13,2,0,2,8,7,15.7,13.7,".386",".568",".471","1.039","0.182",".441","12","13","0","1","28","0","1","2","0","0","11.57",,,"1","4","0","0","0","0","0","10","8","1","0","0","0","0","0","14","0","75","27","0","0","0","0","0","0","36","0","4","7","1","0","1","0","3","7","7","36","5","1","0","1","1","5","9","3","0","0","0","0","0","0","0","0","0","19","1","83","25","0","0","4","0","203","0","120","20","0","0","0","0","0",".298",".444",".448",".364",".394",".147",".506",".390",".472",".364",".088",".124",".084","72.5",28.6,15.3,11.7,32.2,24.7,"7.5",1,11.6,-4.8,42.9,31,"88.3","13.4",36.1,3,8.3,5.6,33.3,22.2,22.2,8.3,41.7,"74.938236471","94.911152647",68.1,12.9,27.7,41.9,58.1,13,31,55.2,112,73.3,7.4,70,105,28,203,87.1,8,62,44.8,91,37.4,76,22.6,45.8,44.4,27.8,27.8,36,48,44.4,16,22.2,8,27.8,10,5.6,2,"R","203",63.3,"51.7","93.7","1950","-7.9","-16.3","15","17.1","1.2",,,,,,,,,"34.5","88.2","1496","-10.6","-25.7","9.6","14.5","1.2","13.8","80.9","2297","2.2","-47.3","-5.4","6.2","1.4",,,,,,,,,,,,,,,,,,,,,,,,,,,,,,,,,,,,,,,,,,,,,,,,,,,,,,,,,,,,,,,,,"51.7","93.7","1950","-7.9","-16.3","15","17.1","1.2","13.8","80.9","2297","2.2","-47.3","-5.4","6.2","1.4","34.5","88.2","1496","-10.6","-25.7","9.6","14.5","1.2"
"Winckowski, Josh",670174,2025,27,"6","11.2",52,44,11,9,2,0,0,9,5,17.3,9.6,".250",".295",".327","0.622","0.045",".297","5","7","0","0","35","0","1","0","0","0","3.86",,,"2","0","1","0","0","0","0","12","8","2","0","0","0","0","0","15","0","76","22","0","0","0","0","0","0","40","6","4","6","0","0","0","1","0","5","6","37","5","0","0","0","0","4","15","3","0","0","0","0","0","0","0","2","0","21","2","80","13","0","0","1","0","207","2","127","22","2","1","0","0","0",".308",".503",".283",".387",".389",".195",".285",".432",".297",".384","-0.058","-0.208","-0.104","71",19.4,18.3,14,33.8,25.8,"7.1",2,8,2.9,61.3,31.7,"89.9","6.1",35.1,5,13.5,2.7,29.7,10.8,29.7,8.1,54.1,"78.26791","96.008135429",75.8,18.1,29.5,45.5,54.5,15,33,54.1,112,92.9,6.8,33,147,27,207,81.9,13,72,45.9,95,40.6,84,26.7,50.7,40.5,37.8,21.6,37,69.2,54.1,20,13.5,5,27,10,5.4,2,"R","207",54.4,"29.5","94.7","2203","-4.6","-14.7","15.9","16.6","1.3","13","86.2","2333","4.5","-38.8","-1.8","6.3","1.7","15.9","91.8","1762","-18.2","-27.2","5.6","19.1","1.3",,,,,,,,,"18.8","94.7","2074","-17.1","-21.1","9.5","19.6","1.3","22.7","89.6","2223","4.4","-32","2.1","5.3","1.2",,,,,,,,,,,,,,,,,,,,,,,,,,,,,,,,,,,,,,,,,,,,,,,,,"71","93.1","2175","-5","-22","9.8","13.8","2.7","13","86.2","2333","4.5","-38.8","-1.8","6.3","1.7","15.9","91.8","1762","-18.2","-27.2","5.6","19.1","1.3"
"Winn, Cole",668390,2025,25,"10","13.0",52,45,8,5,3,0,0,9,6,17.3,11.5,".178",".244",".275","0.519","0.066",".222","0","0","0","0","39","0","0","0","0","0","0.00",,,"1","0","0","0","0","0","0","17","0","1","0","0","0","0","0","13","0","75","30","0","1","0","0","0","0","39","0","3","10","0","0","1","0","1","4","3","37","2","2","0","1","0","8","17","3","0","0","0","0","0","0","1","0","0","15","0","78","11","1","0","0","0","200","1","122","16","4","0","0","0","0",".198",".302",".234",".262",".294",".104",".229",".268",".222",".249","-0.020","-0.058","-0.028","72.8",34.7,18,14.7,36.1,29.3,"7.2",1,10,0,50.7,31.5,"89.9","9.4",21.6,2,5.4,8.1,16.2,21.6,40.5,5.4,48.6,"79.118867778","95.245948571",69,10.1,23,39.1,60.9,9,23,50,100,77.8,9,14,141,45,200,89.9,7,69,50,100,41.5,83,17.4,46,45.9,32.4,21.6,37,64.7,56.8,21,24.3,9,16.2,6,2.7,1,"R","200",36.2,"19.5","95.7","2446","-6.8","-14.4","15.7","17.2","1.2","19","85.9","2726","2.2","-43.3","-6.3","6.9","1.3",,,,,,,,,"3.5","83.9","2923","9.5","-48.3","-9","13.6","1.4","31.5","95.3","2386","-15.6","-22.3","8.1","17.7","1.1","19.5","91","2461","3.3","-25.8","7.1","8.2","1.3","7","88.2","1581","-13.2","-33.3","1.9","13.6","1.5",,,,,,,,,,,,,,,,,,,,,,,,,,,,,,,,,,,,,,,,,"70.5","94.2","2423","-8","-21.1","9.9","14.9","2.3","22.5","85.6","2757","3.3","-44.1","-6.7","7.9","1.4","7","88.2","1581","-13.2","-33.3","1.9","13.6","1.5"
"Beck, Tristan",663941,2025,29,"6","12.0",50,43,9,6,0,1,2,7,6,14,12,".209",".395",".300","0.695","0.186",".200","6","6","0","0","36","1","0","1","0","0","4.50",,,"1","0","0","0","0","0","0","6","6","1","0","0","0","0","0","6","0","67","36","0","0","0","0","0","0","26","0","1","6","0","0","0","0","3","4","2","37","1","1","0","0","0","2","13","7","0","0","0","0","0","0","0","1","0","17","0","69","17","0","0","0","0","185","1","116","17","2","0","0","0","0",".272",".435",".305",".347",".359",".163",".300",".356",".243",".322","-0.063","-0.040","-0.042","73.1",34.3,10.9,8.6,43.6,34.3,"7.4",1,11.6,-2.9,61.4,32.1,"92.5","14",35.1,2,5.4,5.4,24.3,27,35.1,0,45.9,"85.163773333","94.881384444",63.8,15,22,40,60,8,20,49.2,91,63.6,11.9,0,50,93,185,85,9,60,50.8,94,44.3,82,21.3,43.2,54.1,29.7,16.2,37,58,45.9,17,13.5,5,27,10,13.5,5,"R","185",44.3,"27","94.8","2132","-9.6","-15.3","15.2","18.1","1.4","21.6","88.7","2474","4.6","-30","4.6","7.3","1.4",,,,,,,,,"28.6","79.8","2355","8.3","-58","-14.7","17","1.9",,,,,,,,,,,,,,,,,,,,,,,,,,,,,,,,,"22.7","82","2758","18.3","-44.8","-3.7","18.8","1.5",,,,,,,,,,,,,,,,,,,,,,,,,"27","94.8","2132","-9.6","-15.3","15.2","18.1","1.4","73","83.1","2516","10.3","-45.6","-5.6","14.7","3.9",,,,,,,,
"Miley, Wade",489119,2025,38,"3","12.0",55,47,15,10,2,0,3,7,6,12.7,10.9,".319",".553",".407","0.960","0.234",".324","9","9","0","0","36","1","0","0","0","0","6.75",,,"2","7","0","0","1","0","0","12","9","1","1","0","0","0","0","15","0","76","39","1","0","0","0","0","0","34","1","1","1","2","0","0","1","3","2","10","40","5","0","0","0","0","9","12","2","0","0","0","0","0","0","0","0","2","9","0","82","26","0","1","7","0","205","0","123","9","0","0","0","0","0",".327",".607",".417",".435",".414",".280",".441",".465",".375",".384","-0.008","-0.054","-0.018","71.3",21.5,15.7,13.9,41.4,36.7,"7.3",1,9.4,0.6,48.1,34.1,"92.5","15.3",40,5,12.5,7.5,25,22.5,32.5,0,45,"83.4647195","95.22836675",60.2,8.5,23.4,20,80,5,25,52.2,107,88.2,8.3,49,147,2,205,91.5,5,59,47.8,98,46.3,95,11.9,41,42.5,37.5,20,40,61.8,35,14,30,12,30,12,5,2,"L","205",49.6,"22.9","91.9","2301","4.4","-15.7","16.7","17.3","1.6","0.5","83.6","2385","-3.5","-36.7","2","4",,"23.9","84.5","1906","14.8","-29.4","8.9","17.3","1.2","0.5","79.7","2508","-4.6","-53.3","-10.2","11.2",,"15.1","91.5","2244","13.7","-21.2","11.4","17.9","1.4","33.7","88.3","2313","-1.9","-25.5","9.4","9.8","1.5",,,,,,,,,,,,,,,,,"3.4","81.4","2458","-11.3","-39.8","1.8","11.6","1.5",,,,,,,,,,,,,,,,,,,,,,,,,"71.7","90.1","2294","3.4","-21.5","12.2","13.9","2.3","4.4","81.4","2456","-9.7","-41","0.5","10.7","1.5","23.9","84.5","1906","14.8","-29.4","8.9","17.3","1.2"
"Ginkel, Kevin",656464,2025,31,"15","12.0",70,56,18,10,6,0,2,17,10,24.3,14.3,".321",".536",".429","0.965","0.215",".410","18","19","1","1","36","1","3","1","0","0","13.50",,,"0","3","0","0","0","0","0","16","15","0","0","0","0","0","0","21","0","105","41","0","0","0","0","0","0","44","0","2","15","1","0","0","2","4","10","4","39","8","5","0","0","0","6","8","3","0","0","0","0","0","0","0","2","0","28","1","119","30","0","0","3","0","278","2","159","34","3","0","0","0","1",".231",".454",".414",".371",".373",".223",".503",".429",".439",".344",".090",".082",".043","71.3",25.2,9.6,7.8,28.9,23.3,"7.4",8,11.7,-3.3,53.4,31.1,"89.8","9.6",36.6,5,12.2,14.6,12.2,24.4,34.1,2.4,48.8,"78.09874619","95.333360488",66.1,13.8,26.5,53.3,44.4,24,45,58.4,170,68.4,6.5,0,155,136,291,86.3,11,80,41.6,121,36.8,107,28,43,24.4,43.9,31.7,41,57.1,43.9,18,29.3,12,22,9,4.9,2,"R","291",41.8,"45","94.8","2422","-9","-14.7","15.8","18.3","1.1","46.7","84.8","2413","4.2","-40.7","-2.8","5.4","1.1",,,,,,,,,,,,,,,,,"8.2","94.1","2253","-15.3","-19.9","11","19","1.3",,,,,,,,,,,,,,,,,,,,,,,,,,,,,,,,,,,,,,,,,,,,,,,,,,,,,,,,,"53.3","94.7","2396","-10","-15.5","15.1","18.4","1.1","46.7","84.8","2413","4.2","-40.7","-2.8","5.4","1.1",,,,,,,,
"Spiers, Carson",686730,2025,27,"3","13.1",60,50,13,8,2,0,3,11,7,18.3,11.7,".260",".480",".356","0.836","0.220",".270","9","9","0","0","40","0","2","0","0","0","6.08",,,"0","4","1","0","0","0","0","11","7","0","0","0","1","0","0","11","0","96","36","0","0","0","0","0","0","41","1","1","1","0","0","1","1","4","2","7","41","3","0","0","0","0","9","11","3","0","0","0","0","0","0","1","1","2","23","0","103","24","0","0","5","0","245","2","142","23","0","0","0","0","0",".304",".565",".363",".407",".395",".260",".397",".460",".325",".382","-0.044","-0.085","-0.044","72.8",29.3,22.7,18.5,41.3,33.7,"7.5",2,12,-3.7,55.4,32.9,"93.9","22.3",29.3,5,12.2,12.2,24.4,24.4,19.5,7.3,48.8,"84.59626","96.4511865",65.7,12.7,25.5,42.9,57.1,15,35,55.9,137,92.3,5.3,55,134,0,245,87.3,9,71,44.1,108,36.7,90,22.6,43.3,51.2,26.8,22,41,60,31.7,13,34.1,14,24.4,10,9.8,4,"R","245",27.8,"14.3","92.2","2282","-5.6","-15.3","17","18","1.4",,,,,,,,,"22.4","87","1643","-16.4","-32.3","4","17","1.1",,,,,,,,,"21.6","92","2138","-16.5","-24.3","8.2","18.6","1.2","18.8","87.9","2444","1.9","-27.6","7.8","8.5","1.3",,,,,,,,,,,,,,,,,"22.9","81.4","2709","14.1","-38.3","3.3","14.9","1.4",,,,,,,,,,,,,,,,,,,,,,,,,"54.7","90.7","2281","-7.4","-23.1","10.4","15","2.3","22.9","81.4","2709","14.1","-38.3","3.3","14.9","1.4","22.4","87","1643","-16.4","-32.3","4","17","1.1"
"Sulser, Cole",642121,2025,35,"13","14.0",58,54,15,13,1,0,1,13,4,22.4,6.9,".278",".352",".328","0.680","0.074",".350","5","5","0","1","42","2","1","0","0","0","3.21",,,"2","1","0","0","0","0","0","11","5","2","0","0","0","0","0","12","0","83","29","0","0","0","0","0","0","51","4","9","13","3","0","0","0","1","3","11","41","4","0","0","1","0","9","12","5","0","0","0","0","0","0","0","0","0","30","0","90","19","0","0","1","0","247","0","157","32","4","0","0","0","0",".259",".355",".298",".287",".311",".096",".363",".349",".366",".342",".019","-0.003",".011","71.8",23.7,14.3,10.5,35.7,26.3,"7.2",2,9.6,0.4,58.8,29.6,"92.3","12",41.5,1,2.4,4.9,34.1,24.4,34.1,0,48.8,"84.687882857","94.859597317",73.6,22.5,31,41,59,16,39,51,126,78.6,5.7,88,157,0,247,77.5,20,89,49,121,40.9,101,28.1,51.8,31.7,46.3,22,41,49.1,36.6,15,24.4,10,39,16,0,0,"R","247",41.5,"41.3","92.7","2367","-10.1","-13.7","18.2","20.8","1.1",,,,,,,,,"35.6","83.9","1668","-14.6","-35.8","3","15.1","1",,,,,,,,,,,,,,,,,"22.3","87.5","2381","3.7","-27.2","8.4","9.5","1.3",,,,,,,,,,,,,,,,,"0.8","78.9","2564","18.8","-44.7","-0.4","18.8","1.5",,,,,,,,,,,,,,,,,,,,,,,,,"63.6","90.9","2372","-5.2","-18.4","14.8","16.9","2.7","0.8","78.9","2564","18.8","-44.7","-0.4","18.8","1.5","35.6","83.9","1668","-14.6","-35.8","3","15.1","1"
"Glasnow, Tyler",607192,2025,31,"5","18.0",77,65,12,8,0,0,4,23,11,29.9,14.3,".185",".369",".312","0.681","0.184",".211","9","9","0","0","54","1","0","3","0","0","4.50",,,"1","3","0","0","0","0","0","14","5","1","0","0","1","0","0","13","0","124","58","0","0","0","0","0","0","42","4","0","0","1","0","0","1","5","3","4","42","1","0","0","0","0","10","11","5","0","0","0","0","0","0","0","0","5","22","0","132","24","0","0","3","0","306","0","174","28","0","0","0","0","0",".241",".493",".309",".370",".360",".252",".367",".479",".286",".373","-0.056","-0.124","-0.061","71.5",26,14.7,11.5,26.7,20.8,"7.2",11,10.9,-1.1,55.2,33.2,"88.7","13.8",38.1,8,19,2.4,23.8,23.8,31,0,35.7,"77.310268095","94.158382381",54.9,13.5,18.6,74.1,25.9,20,27,47.2,145,81.5,8.8,0,180,126,306,86.5,12,89,52.8,162,35.2,108,27.6,37.9,40.5,33.3,26.2,42,49.4,33.3,14,35.7,15,21.4,9,9.5,4,"R","306",54.3,"46.4","95.2","2509","-1.9","-13.2","17.1","17.3","1.3","19","89.8","2655","3.1","-30","3.7","5.5","1.5",,,,,,,,,"22.2","81.8","2894","5.5","-58.4","-17.1","18.1","1.4","12.4","95.2","2442","-11.6","-16","14.3","18.6","1.4",,,,,,,,,,,,,,,,,,,,,,,,,,,,,,,,,,,,,,,,,,,,,,,,,,,,,,,,,"58.8","95.2","2495","-3.9","-13.8","16.5","17.6","1.3","41.2","85.5","2784","4.4","-45.4","-7.5","12.3","4",,,,,,,,
"Alexander, Jason",669920,2025,32,"5","12.0",60,51,15,7,4,1,3,9,8,15,13.3,".294",".588",".400","0.988","0.294",".308","14","16","0","0","36","1","0","0","0","0","10.50",,,"0","2","0","0","0","0","0","9","15","0","0","0","1","0","0","14","0","83","40","0","0","0","0","0","0","27","2","3","4","2","0","2","1","5","2","8","42","7","0","0","0","0","6","15","2","0","0","0","0","0","0","0","0","1","19","2","87","30","0","0","2","0","218","0","131","20","3","1","0","0","2",".271",".490",".423",".380",".382",".219",".455",".394",".357",".330",".023",".098",".043","72.5",36.1,22.2,16.9,33.3,25.3,"7.5",0,12.5,-6,48.2,34.4,"89.3","11.1",26.2,6,14.3,2.4,16.7,28.6,31,4.8,45.2,"75.668994762","95.921411707",61.9,20.5,18,38.9,61.1,7,18,45.9,100,73.1,11.9,62,115,0,218,79.5,15,73,54.1,118,42.7,93,24.2,41.7,23.8,54.8,21.4,42,61.7,40.5,17,26.2,11,23.8,10,9.5,4,"R","218",21.2,"8.3","92.6","2311","-13.4","-19.2","12.9","18.7","1.3",,,,,,,,,"28.4","80.7","1725","-16.3","-40.9","1.3","16.5","1.3",,,,,,,,,"42.2","91.3","2037","-15.7","-31.8","1.1","15.9","1.3","2.3","86.1","2308","0.9","-31.7","4.8","4.9","1.4",,,,,,,,,,,,,,,,,"18.8","79.1","2532","15.4","-43.4","0.5","15.7","1.4",,,,,,,,,,,,,,,,,,,,,,,,,"52.8","91.2","2092","-14.6","-29.8","3.1","15.9","1.7","18.8","79.1","2532","15.4","-43.4","0.5","15.7","1.4","28.4","80.7","1725","-16.3","-40.9","1.3","16.5","1.3"
"Bigge, Hunter",685801,2025,27,"13","15.0",60,54,11,6,1,0,4,12,5,20,8.3,".204",".444",".283","0.727","0.240",".184","4","4","0","1","45","0","0","0","0","0","2.40",,,"1","2","0","0","0","0","0","11","4","1","0","0","0","0","0","5","0","77","28","0","0","0","0","0","0","43","0","5","13","2","0","1","1","5","0","6","42","0","1","0","0","0","7","16","5","0","1","0","0","0","0","0","0","0","31","0","81","24","0","0","2","1","227","0","146","33","0","0","0","0","0",".285",".553",".318",".387",".357",".268",".355",".453",".262",".367","-0.081","-0.109","-0.069","71.5",22.4,16,12.1,34.6,26.2,"7.2",3,9.9,-0.2,58.9,30.3,"92.8","13",45.2,5,11.9,14.3,19,21.4,33.3,0,52.4,"83.164287619","95.96624381",80,17,25.6,60,40,18,30,51.5,117,83.3,7.9,1,111,115,227,83,15,88,48.5,110,37.4,85,28,52,33.3,57.1,9.5,42,53.3,38.1,16,28.6,12,26.2,11,7.1,3,"R","227",53.8,"45.4","97.5","2381","-4.3","-10.8","17.9","18.5","1.2","44.9","89","2335","5","-31.5","2.7","6.3","1.7",,,,,,,,,"5.7","81.7","2320","5.9","-56.7","-15.4","16.5","1.6","3.5","95.8","2226","-12.3","-14","15.7","20","1.4",,,,,,,,,"0.4","87.9","669","-2.6","-26.6","9.1","9.4",,,,,,,,,,,,,,,,,,,,,,,,,,,,,,,,,,,,,,,,,,"48.9","97.4","2370","-4.8","-11","17.8","18.6","1.3","50.7","88.2","2334","5.1","-34.3","0.7","7.5","2.8","0.4","87.9","669","-2.6","-26.6","9.1","9.4",
"Stewart, Brock",592779,2025,33,"22","19.0",78,69,13,9,1,1,2,27,7,34.6,9,".188",".319",".282","0.601","0.131",".275","7","7","0","1","57","1","1","1","0","0","3.32",,,"5","7","0","0","1","0","0","13","11","5","0","0","0","0","0","16","0","116","52","0","0","0","0","0","0","58","6","1","22","0","0","0","2","3","5","5","42","5","8","0","0","0","10","10","1","0","1","0","0","0","0","0","0","0","46","0","121","22","0","1","7","1","329","0","208","49","7","4","0","0","0",".177",".280",".273",".254",".272",".103",".358",".321",".310",".290",".011",".039",".019","71.3",17.3,9.7,6.5,21.5,14.4,"7.1",4,7,3,43.9,31.6,"85.1","26.9",35.7,2,4.8,7.1,19,42.9,21.4,4.8,26.2,"72.839641905","92.748552857",66.3,24.6,26.8,64.3,33.3,27,42,47.7,157,84,7.6,42,253,0,329,75.4,28,114,52.3,172,38.3,126,35.3,47.4,31,26.2,42.9,42,60.3,35.7,15,31,13,14.3,6,19,8,"R","329",26.4,"56.5","95.9","2618","-5.9","-14.4","15.4","16.7","1",,,,,,,,,"12.8","90.3","1655","-14.2","-31.7","1.9","14.4","1.2",,,,,,,,,"9.1","95.9","2369","-15.4","-24.5","5.4","16.4","1.3","11.2","92.9","2478","2.3","-22.9","8.7","9.4","1.6",,,,,,,,,,,,,,,,,"10.3","84.3","2555","16.2","-35.8","3.1","16.7","1.4",,,,,,,,,,,,,,,,,,,,,,,,,"76.9","95.4","2568","-5.9","-16.8","13.2","15.6","1.6","10.3","84.3","2555","16.2","-35.8","3.1","16.7","1.4","12.8","90.3","1655","-14.2","-31.7","1.9","14.4","1.2"
"Roycroft, Chris",688297,2025,28,"14","13.0",61,49,14,8,4,2,0,9,9,14.8,14.8,".286",".449",".383","0.832","0.163",".333","10","12","0","0","39","1","3","2","0","0","6.92",,,"2","2","0","0","0","0","0","14","13","2","0","0","0","1","0","24","0","93","35","0","1","0","0","0","0","48","4","7","14","0","0","0","0","3","5","6","43","8","2","0","1","0","5","14","6","0","0","0","0","0","0","1","2","0","17","2","96","22","1","0","2","0","243","3","147","17","9","5","0","0","0",".312",".548",".355",".416",".415",".236",".366",".452",".333",".378","-0.026","-0.099","-0.061","72.3",25.3,25.7,20.9,40.5,33,"7.1",2,4,7,41.8,33.4,"94.9","9.5",27.9,6,14,11.6,20.9,14,34.9,4.7,55.8,"86.261511429","97.587275366",66.7,11.8,27.9,33.3,66.7,12,36,53.1,129,72.7,9.1,0,235,0,243,88.2,9,76,46.9,114,43.2,105,18.8,46.1,30.2,39.5,30.2,43,54.1,44.2,19,23.3,10,27.9,12,4.7,2,"R","243",16.6,"27.2","94.8","2160","-6.7","-21.3","9","11.4","1.2",,,,,,,,,,,,,,,,,,,,,,,,,"53.5","95","2155","-16.1","-27.7","2.8","17.4","1.5","16","89.5","2328","3","-32.4","1.8","5","1.6",,,,,,,,,,,,,,,,,"3.3","85.7","2350","5.7","-37.9","-0.9","5.9","1.4",,,,,,,,,,,,,,,,,,,,,,,,,"96.7","94","2186","-10.3","-26.7","4.4","13.7","2.6","3.3","85.7","2350","5.7","-37.9","-0.9","5.9","1.4",,,,,,,,
"Murfee, Penn",682171,2025,31,"15","12.2",63,57,19,12,4,0,3,13,5,20.6,7.9,".333",".561",".397","0.958","0.228",".390","11","11","0","1","38","0","1","0","0","0","7.82",,,"0","7","0","0","0","0","0","12","15","0","0","0","0","0","0","19","0","81","40","0","0","0","0","0","0","34","3","4","15","0","0","0","1","5","5","9","44","9","2","0","0","0","10","10","2","0","0","0","0","0","0","0","0","0","24","0","87","32","0","0","7","0","232","0","145","24","8","4","0","0","0",".299",".596",".415",".407",".366",".298",".499",".489",".432",".389",".034","-0.035",".008","72.1",20.2,18.8,14.6,40.6,31.5,"7.3",6,9.1,-2.8,47.2,34.6,"89.5","13.9",47.7,5,11.4,11.4,27.3,20.5,22.7,4.5,36.4,"78.531925909","94.701767209",61,10.9,32.3,48.8,51.2,20,41,54.7,127,66.7,6.5,2,116,0,232,89.1,7,64,45.3,105,40.9,95,25.7,45.3,31.8,40.9,27.3,44,58.7,34.1,15,34.1,15,25,11,6.8,3,"R","232",-2.8,"37.1","88.1","2292","-3","-29.4","5.9","6.9","1.1",,,,,,,,,"0.9","85.1","1668","-9.5","-47.2","-8.8","13.1","1.5",,,,,,,,,"12.9","88.2","2132","-11.1","-36","-0.6","11.4","1.3",,,,,,,,,,,,,,,,,,,,,,,,,"49.1","78.5","2617","18.2","-43.8","1.3","18.5","1",,,,,,,,,,,,,,,,,,,,,,,,,"50","88.1","2251","-5.1","-31.1","4.2","8","1.1","49.1","78.5","2617","18.2","-43.8","1.3","18.5","1","0.9","85.1","1668","-9.5","-47.2","-8.8","13.1","1.5"
"Strickland, Hunter",519326,2025,36,"13","14.2",59,53,7,4,3,0,0,8,6,13.6,10.2,".132",".189",".220","0.409","0.057",".156","0","0","1","0","44","1","0","0","0","0","0.00",,,"0","2","0","0","0","0","0","28","3","0","0","0","0","0","0","18","0","72","28","0","0","0","0","0","1","35","1","3","13","1","0","0","0","0","3","2","43","2","2","0","0","0","12","16","6","0","0","0","0","0","0","0","0","0","16","0","75","9","0","0","2","0","200","0","125","18","19","3","0","0","1",".225",".357",".187",".287",".306",".132",".163",".293",".156",".266","-0.093","-0.168","-0.100","71.9",22.5,9.7,7.9,33.3,27,"7.6",1,12.7,-7.3,58.4,31.1,"89.2","16.9",24.4,2,4.4,6.7,20,33.3,26.7,4.4,44.4,"79.085000952","93.911752857",71.6,12.8,25.5,42.9,57.1,12,28,50.2,110,88.2,7.8,20,91,78,219,87.2,10,78,49.8,109,45.7,100,20.8,48.4,40,51.1,8.9,45,56.9,42.2,19,28.9,13,20,9,8.9,4,"R","219",35,"30.6","93.4","2206","-7.1","-16.4","15","16.7","1.3","35.6","85.1","2645","5.1","-37","1","5.7","1.2","9.1","87.6","1429","-12.1","-30.9","4.7","13.1","1.4",,,,,,,,,"11","92.9","2235","-15.8","-26.9","4.9","16.7","1.4",,,,,,,,,,,,,,,,,,,,,,,,,"13.7","81.5","2807","16.3","-41.2","0.3","16.5","1.4",,,,,,,,,,,,,,,,,,,,,,,,,"41.6","93.3","2214","-9.4","-19.2","12.4","16.7","1.3","49.3","84.1","2690","8.2","-38.1","0.8","8.7","2","9.1","87.6","1429","-12.1","-30.9","4.7","13.1","1.4"
"Henderson, Logan",701656,2025,23,"4","21.0",81,75,14,11,0,0,3,29,6,35.8,7.4,".187",".307",".247","0.554","0.120",".256","4","4","0","0","63","3","0","0","0","0","1.71",,,"1","7","2","0","0","0","0","15","4","1","0","0","1","0","0","7","0","107","42","0","0","0","0","0","0","85","9","0","0","1","0","0","0","4","3","7","46","1","0","0","0","0","13","7","4","0","0","0","0","0","0","0","0","4","43","0","108","23","0","0","9","0","334","0","226","43","0","0","0","0","0",".230",".381",".249",".292",".287",".152",".348",".425",".304",".375","-0.043","-0.074","-0.043","71.7",25.3,8.8,6.3,21.2,15.2,"7.1",3,9.9,-1.7,50.6,31.4,"88.6","30.3",41.3,4,8.7,4.3,37,34.8,8.7,6.5,32.6,"78.295046957","93.59577",74.9,22.9,33.3,41.5,58.5,22,53,47.6,159,73.7,5.7,138,184,12,334,76.3,30,131,52.4,175,49.4,165,28.3,55.1,34.8,30.4,34.8,46,66.7,21.7,10,37,17,23.9,11,17.4,8,"R","334",32.4,"47.3","93","2340","-11","-14.7","17.2","20.4","1.2","3.6","83.4","2398","-0.8","-40.4","-1.1","2.7","1.5","41.3","81.8","2496","-18.7","-36.1","5.1","19.5","1.4",,,,,,,,,"2.1","92.5","2316","-13.2","-18","14","19.2","1.5","5.7","87.8","2321","0.4","-23.5","11.7","11.8","1.4",,,,,,,,,,,,,,,,,,,,,,,,,,,,,,,,,,,,,,,,,,,,,,,,,"55.1","92.5","2337","-9.9","-15.7","16.5","19.5","2","3.6","83.4","2398","-0.8","-40.4","-1.1","2.7","1.5","41.3","81.8","2496","-18.7","-36.1","5.1","19.5","1.4"
"Loáisiga, Jonathan",642528,2025,30,"14","15.1",68,62,12,4,4,0,4,15,5,22.1,7.4,".194",".452",".265","0.717","0.258",".186","5","6","0","1","46","0","1","0","0","0","2.93",,,"0","1","0","0","0","0","0","11","7","0","0","0","0","0","0","16","0","72","36","0","0","0","0","0","0","41","4","2","14","0","0","1","1","4","4","4","46","2","4","0","2","0","7","20","6","0","0","0","0","0","0","0","0","0","27","1","74","28","0","0","1","0","228","0","154","27","4","1","0","0","0",".215",".401",".299",".288",".285",".187",".360",".346",".255",".285","-0.021",".051",".011","72.5",25.4,12.2,8.8,30.5,21.9,"7.3",3,11.1,-4,60.5,33.4,"87.5","5.1",34,4,8.5,4.3,10.6,19.1,46.8,8.5,36.2,"75.342556522","94.155766222",64.4,17.9,44.9,37.1,62.9,23,62,57,138,78.6,5.8,34,161,47,242,82.1,12,67,43,104,43,104,27.1,53.3,57.4,25.5,17,47,65.7,53.2,25,23.4,11,21.3,10,2.1,1,"R","242",45.3,"5","96.7","2387","-8","-14.3","15.1","17.1","1.3",,,,,,,,,"14","89.7","1799","-17.1","-27","7.1","18.6","1.4","19.4","85.8","2559","7.6","-37.2","0","8.4","1.5","61.6","96.4","2239","-17.5","-22.1","7.4","19.1","0.9",,,,,,,,,,,,,,,,,,,,,,,,,,,,,,,,,,,,,,,,,,,,,,,,,,,,,,,,,"66.5","96.5","2250","-16.8","-21.6","8","18.9","0.9","19.4","85.8","2559","7.6","-37.2","0","8.4","1.5","14","89.7","1799","-17.1","-27","7.1","18.6","1.4"
"McGreevy, Michael",700241,2025,24,"3","16.2",65,62,12,7,2,2,1,15,2,23.1,3.1,".194",".339",".231","0.570","0.145",".239","5","5","0","0","50","1","1","0","0","0","2.70",,,"0","5","0","0","0","0","0","13","5","0","0","0","0","0","0","16","0","83","39","0","0","0","0","0","0","45","6","1","1","0","0","0","1","2","2","8","47","3","0","0","0","0","10","15","6","0","0","0","0","0","0","0","0","2","24","0","95","21","0","0","5","0","257","0","162","24","3","0","0","0","0",".271",".428",".248",".317",".305",".157",".299",".394",".255",".357","-0.077","-0.089","-0.069","70.5",14.3,17.5,13.3,35,26.7,"6.9",2,7,7.6,52.4,33.3,"87.3","14.4",42.6,4,8.5,10.6,23.4,25.5,27.7,4.3,44.7,"74.128030417","94.51395234",66.9,18.7,26.4,40.6,59.4,13,32,47.1,121,76.5,6.6,14,162,38,257,80.2,17,91,52.9,136,44,113,24.4,47.9,29.8,31.9,38.3,47,66.2,36.2,17,25.5,12,29.8,14,8.5,4,"R","257",33.9,"25.3","93","2258","-9.5","-18","13.7","16.7","1.5","10.1","83.6","2514","12.8","-39.7","-0.4","13","1.3","5.4","88.6","1876","-14.6","-31.6","3.4","15.2","1.3","4.7","79.8","2608","10.7","-57.5","-14.1","17.7","1.3","23.3","91.9","2203","-14.3","-28.2","4.2","15","1.5","14.4","88.4","2323","0.5","-29.2","5.8","6.2","1.4",,,,,,,,,,,,,,,,,"16.7","83.8","2488","12.8","-40.3","-1","13","1.2",,,,,,,,,,,,,,,,,,,,,,,,,"63","91.5","2252","-9","-24.3","8.4","13.7","2.3","31.5","83.1","2514","12.5","-42.6","-2.7","13.7","1.7","5.4","88.6","1876","-14.6","-31.6","3.4","15.2","1.3"
"García, Yimi",554340,2025,34,"21","20.0",83,71,11,9,1,0,1,24,10,28.9,12,".155",".211",".268","0.479","0.056",".217","7","8","3","3","60","0","2","2","0","0","3.15",,,"2","1","2","0","0","0","0","19","5","2","0","0","0","0","0","21","0","104","60","0","1","0","0","0","0","56","4","4","21","0","0","0","1","2","4","5","48","3","6","0","1","0","8","17","9","0","0","0","0","0","0","1","0","0","40","1","116","15","1","0","3","0","325","1","209","40","5","1","0","0","1",".246",".399",".226",".327",".347",".153",".241",".415",".234",".371","-0.091","-0.188","-0.101","72.3",22.1,13.3,9.2,35.6,24.4,"7.3",1,9.7,0,56.5,31.5,"90.5","13.5",39.6,4,8.3,2.1,33.3,29.2,25,2.1,37.5,"81.947654583","93.83205383",64,24.6,23.8,45.7,54.3,16,35,45.2,147,76.9,8,20,193,55,325,74.6,28,114,54.8,178,38.2,124,29.5,45.8,45.8,35.4,18.8,48,61,43.8,21,20.8,10,29.2,14,6.3,3,"R","325",27.1,"45.2","96","2590","-9.8","-14.2","15.7","18.6","1.5","0.6","92","2714","0","-24","8.5","8.5","1.5","6.2","89.5","1872","-15.7","-31.3","3.2","16.1","1.4","16.3","84.5","2836","11.1","-39.9","-1.4","11.4","1.9","14.2","95.2","2407","-17.9","-23.5","7","19.4","1.4",,,,,,,,,,,,,,,,,,,,,,,,,"17.5","85.7","2759","13.4","-30.2","7.2","15.4","1.5",,,,,,,,,,,,,,,,,,,,,,,,,"59.4","95.8","2547","-11.7","-16.4","13.7","18.8","1.5","34.5","85.2","2795","12.1","-34.7","3.2","13.4","2","6.2","89.5","1872","-15.7","-31.3","3.2","16.1","1.4"
"Blackburn, Paul",621112,2025,31,"4","13.0",60,55,18,11,4,2,1,8,4,13.3,6.7,".327",".527",".367","0.894","0.200",".362","10","11","1","0","39","0","1","0","0","0","6.92",,,"0","0","0","0","0","0","0","10","7","0","0","0","0","0","0","22","0","71","35","0","0","0","0","0","1","44","1","1","2","2","0","0","0","2","5","11","48","5","0","0","0","0","10","15","2","0","0","0","0","0","0","0","1","2","19","1","86","29","0","0","0","0","235","1","149","21","0","0","0","0","1",".263",".397",".382",".305",".309",".134",".419",".324",".375",".302",".064",".130",".077","72.8",36.8,10.2,8.5,29.5,24.5,"7.4",3,12.2,-2.7,55.7,34.9,"87.3","10.5",33.3,3,6.3,8.3,20.8,27.1,33.3,2.1,27.1,"77.62041375","92.76146383",68.6,14.5,27.2,32.3,67.7,10,31,48.5,114,58.8,7.2,27,117,91,235,85.5,12,83,51.5,121,48.9,115,19.3,48.5,39.6,41.7,18.8,48,55,41.7,20,27.1,13,27.1,13,4.2,2,"R","235",38.6,"3","91.5","2144","-5.2","-18.7","14","15.1","1.5","22.6","81.4","2753","16.3","-46.5","-5.1","17.2","1.3","11.5","86","1636","-10","-34.3","2.3","10.4","1.3","16.2","80.6","2642","8.7","-57.4","-14.9","17.3","1.3","19.1","91.7","1850","-12.2","-27.4","5","13.5","1.2","27.7","89.1","2502","4.2","-28.9","5.3","7.2","1.3",,,,,,,,,,,,,,,,,,,,,,,,,,,,,,,,,,,,,,,,,,,,,,,,,"49.8","90.3","2230","-2.7","-27.7","5.7","10.1","1.8","38.7","81.1","2707","13.1","-51","-9.2","17.3","1.3","11.5","86","1636","-10","-34.3","2.3","10.4","1.3"
"Brogdon, Connor",641401,2025,30,"16","15.2",67,59,15,9,2,0,4,12,6,17.9,9,".254",".492",".318","0.810","0.238",".250","11","12","0","0","47","1","0","1","0","0","6.32",,,"1","5","1","0","0","0","0","19","11","1","0","0","0","0","0","20","0","84","33","0","1","0","0","0","0","52","1","4","16","2","0","0","0","5","3","7","49","2","2","0","1","1","14","10","3","0","0","1","0","0","0","1","1","0","40","1","87","29","1","0","6","1","263","2","176","40","10","0","0","0","0",".255",".530",".343",".356",".320",".275",".392",".410",".313",".315","-0.001","-0.038","-0.013","71.6",24.8,15.1,10.9,37.6,27.1,"7.5",1,12.6,-7.2,57.4,32,"89.7","24.2",32.7,7,14.3,8.2,20.4,34.7,16.3,6.1,46.9,"78.258587083","95.286748542",74.1,24.3,32.3,42.5,57.5,17,40,47.1,124,88.5,9.9,124,139,0,263,75.7,25,103,52.9,139,42.6,112,29.4,54.4,34.7,34.7,30.6,49,69.7,26.5,13,40.8,20,20.4,10,12.2,6,"R","263",31.3,"40.3","95.4","2257","-11.4","-14.9","15.5","19.4","1.2",,,,,,,,,"47.1","84.7","1955","-16.9","-31.7","6.8","18.4","1.2",,,,,,,,,,,,,,,,,"12.5","87.1","2334","3.6","-29.1","7","8.2","1.4",,,,,,,,,,,,,,,,,,,,,,,,,,,,,,,,,,,,,,,,,,,,,,,,,"52.9","93.4","2275","-7.8","-18.2","13.5","16.7","3.6",,,,,,,,,"47.1","84.7","1955","-16.9","-31.7","6.8","18.4","1.2"
"Cabrera, Génesis",650893,2025,28,"14","16.0",71,65,17,10,2,0,5,15,6,21.1,8.5,".262",".523",".324","0.847","0.261",".267","9","9","0","0","48","0","0","0","0","0","5.06",,,"3","6","0","0","0","0","0","11","10","2","1","0","0","0","0","13","0","84","40","0","2","0","0","0","0","33","3","3","14","2","0","0","0","7","4","2","44","4","1","0","0","0","10","12","4","0","0","0","0","0","0","0","0","0","20","0","85","27","2","0","6","0","229","0","144","23","6","2","0","0","0",".249",".438",".365",".326",".312",".189",".436",".380",".340",".324",".013",".085",".039","71.9",20.5,23.5,17,40.7,29.5,"7.4",2,13,-5.4,63.4,32.6,"90.6","22.5",22,6,12,8,24,32,20,4,46,"78.8903728","95.707794",66.4,21.3,27,41.2,55.9,14,34,48.5,126,89.5,7.3,27,165,68,260,78.7,19,89,51.5,134,45,117,26.8,47.3,52,28,20,50,56.3,36,18,40,20,14,7,10,5,"L","260",43.2,"16.9","96.3","2346","8.2","-12.5","17.3","19.2","1.2",,,,,,,,,,,,,,,,,"26.2","80","2404","-9.3","-53.1","-10.1","13.9","1.6","30","95.9","2382","15.4","-17.8","12.1","19.7","1.1","16.5","90.4","2256","0.5","-24.8","8.7","9.2","1.4","10.4","85.1","1141","8.9","-28.5","9.4","13.9","1.4",,,,,,,,,,,,,,,,,,,,,,,,,,,,,,,,,,,,,,,,,"63.5","94.5","2340","9.6","-18.2","12.6","16.8","2.7","26.2","80","2404","-9.3","-53.1","-10.1","13.9","1.6","10.4","85.1","1141","8.9","-28.5","9.4","13.9","1.4"
"Kelly, Zack",677161,2025,30,"13","18.0",82,69,17,10,6,0,1,20,8,24.4,9.8,".246",".377",".338","0.715","0.131",".327","12","15","0","1","54","1","3","0","0","0","6.00",,,"1","0","0","0","0","0","0","10","11","0","1","0","0","0","0","20","0","93","48","0","0","0","0","0","0","42","6","3","13","2","0","0","2","2","7","8","52","5","1","0","1","1","5","19","5","0","0","0","0","0","0","2","1","0","28","3","104","26","0","0","0","0","284","3","180","30","5","3","0","0","0",".220",".343",".315",".290",".315",".123",".371",".332",".340",".304",".026",".034",".025","70.8",20.9,10,7.3,41.3,30,"7.3",2,7.9,2.2,51.8,31.1,"87.9","10",32.7,3,5.8,9.6,15.4,23.1,40.4,5.8,34.6,"77.33772","93.3296726",64.8,20.7,27.6,46.5,53.5,20,43,52.3,156,73.3,5,39,189,0,298,78.3,19,92,47.7,142,41.3,123,28.9,45.3,36.5,34.6,28.8,52,70.4,50,26,15.4,8,25,13,9.6,5,"R","298",36.8,"23.8","96.1","2146","-10.3","-14.8","15.1","18.4","1.1",,,,,,,,,"13.1","83.2","2080","-18.6","-38.5","1.4","18.7","1.5",,,,,,,,,"9.7","95.9","2169","-17","-17.7","12.4","21.1","1.5","29.9","92.1","2414","1.3","-23","9.3","9.7","1.3",,,,,,,,,,,,,,,,,"23.5","81.7","2683","16.5","-38.4","2.9","17","1.5",,,,,,,,,,,,,,,,,,,,,,,,,"63.4","94.2","2276","-5.9","-19.1","12","14.7","2.4","23.5","81.7","2683","16.5","-38.4","2.9","17","1.5","13.1","83.2","2080","-18.6","-38.5","1.4","18.7","1.5"
"Festa, Matt",670036,2025,32,"20","19.1",78,69,14,12,2,0,0,17,6,21.8,7.7,".203",".232",".286","0.518","0.029",".269","9","9","0","0","58","1","1","0","1","0","4.19",,,"3","3","1","0","1","0","0","16","5","3","0","0","0","0","0","22","0","77","39","0","1","0","0","0","0","52","3","3","20","0","0","0","2","1","3","10","53","5","6","0","0","0","11","22","5","0","0","0","0","0","0","1","0","0","27","0","80","16","1","1","4","0","258","1","178","29","7","2","0","0","0",".250",".339",".244",".300",".328",".088",".254",".337",".269",".332","-0.047","-0.107","-0.056","70.5",14.8,12,9.6,32.6,26.1,"7.1",4,5.9,2.1,46.1,33.4,"85.9","9.2",34,2,3.8,7.5,28.3,22.6,28.3,9.4,32.1,"74.427096923","92.699790769",71.1,12.9,32.8,50,47.4,19,38,45,116,82.6,8.9,0,166,0,258,86.1,13,101,55,142,34.9,90,23,53.9,37.7,37.7,24.5,53,69.2,47.2,25,22.6,12,28.3,15,1.9,1,"R","258",34.8,"41.5","91.7","2503","0.5","-20.6","11.7","11.9","1",,,,,,,,,,,,,,,,,,,,,,,,,,,,,,,,,"22.9","90.2","2472","4.6","-25.4","8","9.6","1.1",,,,,,,,,,,,,,,,,"35.7","82.5","2635","16","-40.3","0","16.3","1.3",,,,,,,,,,,,,,,,,,,,,,,,,"64.3","91.1","2492","2","-22.3","10.4","11.1","1.2","35.7","82.5","2635","16","-40.3","0","16.3","1.3",,,,,,,,
"Morillo, Juan",666661,2025,26,"22","19.2",89,76,19,13,3,1,2,24,11,27,12.4,".250",".395",".352","0.747","0.145",".340","10","12","0","0","59","0","1","1","0","0","4.58",,,"1","4","0","0","0","0","0","25","14","1","0","0","0","0","0","26","0","126","48","0","0","0","0","0","0","73","3","2","22","4","0","1","1","4","8","7","53","8","3","0","0","0","7","18","3","0","0","0","0","0","0","1","0","0","37","2","132","30","0","0","4","0","349","1","217","40","10","4","0","0","1",".174",".270",".335",".259",".287",".096",".406",".277",".365",".255",".076",".125",".076","71.4",23.9,7.9,5.8,25.4,18.7,"7",3,5.6,5.8,45.8,32.2,"86.2","11.2",26.4,3,5.7,3.8,11.3,28.3,43.4,7.5,35.8,"74.193535","93.083515192",71.4,21.5,25.1,44.4,55.6,20,45,49.6,179,77.4,8.6,45,236,80,361,78.5,28,130,50.4,182,39.6,143,27.4,48.5,39.6,34,26.4,53,64,49.1,26,20.8,11,18.9,10,11.3,6,"R","361",45.4,"50.7","99","2265","-5.2","-11.6","16.4","17.3","1","22.2","89","2557","6.1","-35.7","-1.2","6.6","2","12.5","91.8","2071","-14.6","-23.8","8.7","17.2","1.3",,,,,,,,,"14.7","98.9","2228","-13.8","-14.9","13.1","19.1","1.1",,,,,,,,,,,,,,,,,,,,,,,,,,,,,,,,,,,,,,,,,,,,,,,,,,,,,,,,,"65.4","98.9","2256","-7.1","-12.3","15.7","17.7","0.9","22.2","89","2557","6.1","-35.7","-1.2","6.6","2","12.5","91.8","2071","-14.6","-23.8","8.7","17.2","1.3"
"Pérez, Martín",527048,2025,34,"4","20.0",83,71,14,9,3,1,1,18,11,21.7,13.3,".197",".310",".313","0.623","0.113",".250","7","7","0","0","60","1","1","0","0","0","3.15",,,"1","8","0","0","0","0","0","16","7","1","0","0","2","0","0","12","0","118","61","0","0","0","0","0","0","43","3","0","0","3","0","1","1","3","3","8","53","3","0","0","0","0","15","14","7","0","0","0","0","0","0","0","0","4","29","0","129","22","0","0","8","0","318","0","189","29","0","0","0","0","0",".293",".537",".287",".401",".395",".244",".292",".470",".264",".393","-0.096","-0.227","-0.114","72.2",24.8,24.7,18.2,40.4,29.8,"7.4",0,11.8,-2.9,54.5,32.8,"89.9","18.1",39.6,8,15.1,13.2,26.4,22.6,17,5.7,47.2,"78.156183704","95.370958491",60.8,22.8,17.8,33.3,66.7,9,27,47.8,152,83.3,5.7,89,207,22,318,77.2,23,101,52.2,166,41.2,131,25,40.3,39.6,43.4,17,53,61.4,32.1,17,34,18,28.3,15,5.7,3,"L","318",46.9,"2.5","88.8","2090","9.8","-18.7","16.2","18.9","1.5",,,,,,,,,"28","81.4","1644","15.5","-30.9","10.6","18.8","1.3","6.9","75.6","2446","-6.1","-51","-3.2","7.4","1.4","25.5","88.3","1995","16.2","-24.2","11","19.7","1.3","37.1","85.2","2224","-0.5","-25.5","12","12.3","1.3",,,,,,,,,,,,,,,,,,,,,,,,,,,,,,,,,,,,,,,,,,,,,,,,,"65.1","86.6","2129","6.5","-24.8","11.8","15.5","2.1","6.9","75.6","2446","-6.1","-51","-3.2","7.4","1.4","28","81.4","1644","15.5","-30.9","10.6","18.8","1.3"
"Yates, Kirby",489446,2025,38,"27","22.1",96,88,21,5,12,0,4,34,7,35.4,7.3,".239",".511",".302","0.813","0.272",".340","10","11","2","2","67","4","2","1","0","0","4.03",,,"2","7","1","0","1","0","0","19","12","2","0","0","0","1","0","29","0","125","46","0","0","0","0","0","0","79","4","5","27","0","0","0","1","4","4","12","52","7","11","0","0","0","9","14","5","0","0","0","0","0","0","0","0","0","72","1","141","43","0","1","8","0","397","0","256","75","6","2","0","0","0",".229",".386",".349",".298",".293",".157",".517",".426",".389",".373",".010",".125",".051","72.1",25.8,14.3,9.3,26.1,17,"7.3",4,9.3,-2.4,35.2,34.4,"89","15.4",37,6,11.1,3.7,31.5,22.2,25.9,5.6,42.6,"78.116615185","94.252905094",72.8,27.3,35.3,55.3,44.7,42,76,53,215,100,5.9,197,209,0,406,72.7,38,139,47,191,42.6,173,37.2,53,42.6,27.8,29.6,54,62.5,33.3,18,24.1,13,35.2,19,7.4,4,"R","406",19.7,"51.5","92.9","2300","-13.6","-17.7","14.2","19.7","1",,,,,,,,,,,,,,,,,,,,,,,,,,,,,,,,,,,,,,,,,"48.5","85.9","1195","-12.6","-37.7","-0.5","13.1","1.3",,,,,,,,,,,,,,,,,,,,,,,,,,,,,,,,,,,,,,,,,"51.5","92.9","2300","-13.6","-17.7","14.2","19.7","1",,,,,,,,,"48.5","85.9","1195","-12.6","-37.7","-0.5","13.1","1.3"
"Murdock, Noah",668716,2025,26,"14","17.0",98,75,26,18,8,0,0,21,20,21.4,20.4,".347",".453",".490","0.943","0.106",".473","25","25","0","1","51","1","1","0","1","0","13.24",,,"3","6","0","0","0","0","0","20","22","3","0","0","0","0","0","29","0","147","86","0","1","0","0","0","1","55","1","2","14","1","0","1","2","5","11","10","55","12","1","0","3","0","8","13","4","1","0","0","0","1","0","0","1","0","38","0","155","34","1","0","6","0","392","1","237","38","6","1","0","0","1",".257",".399",".414",".364",".425",".142",".475",".389",".473",".355",".090",".054",".050","69.9",16.9,16.1,11.9,31,22.9,"7",4,2.8,9.3,38.1,33.7,"88.3","11.5",38.2,4,7.3,5.5,30.9,20,27.3,5.5,40,"77.488891538","93.8654775",53.8,14.3,25.2,47.2,49.1,25,53,53.6,210,79.2,6.1,15,299,0,392,85.7,14,98,46.4,182,40.6,159,25.8,38.5,29.1,38.2,32.7,55,71.6,43.6,24,25.5,14,25.5,14,5.5,3,"R","391",16.6,"0.3","93.3","2163","-7.5","-26","5.7","9.4",,,,,,,,,,"3.8","91.7","2003","-7.3","-27.8","4.9","9.3","1.8",,,,,,,,,"53.5","94.7","2109","-13.2","-28.8","1.9","13.7","1.2","22.8","89.3","2366","3.3","-29.7","4.6","6.3","1.5",,,,,,,,,,,,,,,,,"19.7","82.2","2620","14.2","-38.3","2.4","14.7","1.2",,,,,,,,,,,,,,,,,,,,,,,,,"76.5","93.1","2186","-8.3","-29","2.7","11.5","2.9","19.7","82.2","2620","14.2","-38.3","2.4","14.7","1.2","3.8","91.7","2003","-7.3","-27.8","4.9","9.3","1.8"
"Dubin, Shawn",681869,2025,29,"17","20.0",81,73,16,10,4,0,2,18,7,22.2,8.6,".219",".356",".296","0.652","0.137",".264","3","3","0","1","60","2","0","0","0","0","1.35",,,"0","3","0","0","1","0","0","15","5","0","0","0","0","0","0","16","0","96","50","0","1","0","0","0","1","54","2","1","17","1","0","1","0","3","3","9","54","4","5","0","0","0","8","19","4","0","0","0","0","0","0","0","0","0","24","0","100","25","1","1","3","0","286","0","186","26","6","2","0","0","0",".199",".274",".292",".252",".278",".076",".329",".270",".291",".264",".020",".082",".040","71.3",19.2,11.1,9.2,33.3,27.5,"7.3",6,9.1,-1.1,54.2,31,"86.7","17.7",27.3,0,0,12.7,18.2,29.1,34.5,5.5,38.2,"75.155846786","93.233826182",62.1,7.8,31,42.9,57.1,21,49,52.1,158,90.9,3.6,41,142,59,303,92.2,7,90,47.9,145,42.6,129,20.1,45.9,30.9,36.4,32.7,55,63,41.8,23,20,11,23.6,13,14.5,8,"R","303",36.4,"38","94.5","2330","-10.7","-16.1","14.7","18.3","1.1",,,,,,,,,"13.5","88.1","1614","-14.7","-37.8","-2.4","15","1.3","19.5","81.8","2663","10.5","-56.6","-15.1","18.4","1.2","8.9","94.5","2223","-15.4","-21.7","9.1","17.9","1.3",,,,,,,,,,,,,,,,,,,,,,,,,"20.1","83.5","2891","16.8","-40","-0.3","17","1.3",,,,,,,,,,,,,,,,,,,,,,,,,"46.9","94.5","2310","-11.6","-17.2","13.7","18.2","1.1","39.6","82.7","2779","13.7","-48.2","-7.5","17.7","1.4","13.5","88.1","1614","-14.7","-37.8","-2.4","15","1.3"
"Alvarado, José",621237,2025,30,"20","20.0",84,79,20,17,2,0,1,25,4,29.8,4.8,".253",".316",".286","0.602","0.063",".352","6","7","7","0","60","4","1","2","0","0","2.70",,,"0","2","0","0","0","0","0","20","6","0","0","0","0","0","0","22","0","105","57","0","1","0","0","0","0","68","3","9","20","1","0","0","0","1","11","8","55","4","5","0","0","0","9","15","6","1","0","0","0","0","0","0","1","0","35","1","117","25","1","0","2","0","338","1","221","37","4","0","0","0","0",".223",".359",".268",".272",".264",".136",".358",".366",".364",".330",".030","-0.043","-0.004","70.9",22.2,17.6,13.2,34.3,25.7,"7.2",1,8.9,-1.2,59.7,33.1,"93.3","8.9",34.5,6,10.9,7.3,16.4,21.8,41.8,1.8,50.9,"83.567694643","96.598438364",67.2,13.7,28.7,51.1,48.9,24,47,48.5,164,85.2,8,0,321,17,338,85.5,16,117,51.5,174,42.3,143,24.4,48.5,41.8,36.4,21.8,55,63.1,47.3,26,18.2,10,27.3,15,7.3,4,"L","338",59.8,"1.8","99.6","2055","5.7","-12.7","15.1","16.2","1.5",,,,,,,,,,,,,,,,,"5","84.9","2479","1.5","-47.4","-9.2","9.5","1.6","63.3","99.3","2100","14.7","-14.6","13.3","20","1.3","29.9","93.7","2146","-0.9","-24.6","6.6","7.1","1.4",,,,,,,,,,,,,,,,,,,,,,,,,,,,,,,,,,,,,,,,,,,,,,,,,"95","97.5","2114","9.6","-17.7","11.2","15.8","3.1","5","84.9","2479","1.5","-47.4","-9.2","9.5","1.6",,,,,,,,
"McFarland, T.J.",519008,2025,36,"24","14.0",66,62,22,14,4,2,2,6,3,9.1,4.5,".355",".581",".394","0.975","0.226",".370","9","9","0","1","42","0","0","1","0","0","5.79",,,"0","2","0","0","0","0","0","26","12","0","0","0","0","0","0","24","0","73","45","0","0","0","0","0","0","34","5","3","24","3","0","0","1","3","11","8","56","7","7","0","0","0","9","22","1","0","0","0","0","0","0","0","0","0","13","0","82","36","0","0","2","0","235","0","153","13","18","3","0","0","1",".299",".520",".419",".367",".341",".221",".444",".383",".393",".331",".056",".061",".052","72",24.2,24.7,22,44.4,39.6,"7.4",3,9.8,-3.4,51.6,36,"91.7","5.2",33.9,6,10.7,3.6,21.4,14.3,46.4,3.6,42.9,"81.818535","95.556572364",64.2,9.1,27,35.5,64.5,11,31,48.9,115,68.4,8.1,23,126,0,235,90.9,7,77,51.1,120,44.3,104,16.7,46,46.4,32.1,21.4,56,54.5,58.9,33,21.4,12,16.1,9,3.6,2,"L","235",14,"1.3","87.3","1911","13.4","-29.5","6.3","14.8","1.4",,,,,,,,,"9.8","80.8","1774","15.4","-43.2","-1.1","15.5","1.2",,,,,,,,,"52.3","87.9","1938","17.9","-37.1","-1.5","18","1",,,,,,,,,,,,,,,,,,,,,,,,,"36.6","78","2395","-16.3","-47","-1.5","16.6","1",,,,,,,,,,,,,,,,,,,,,,,,,"53.6","87.9","1937","17.8","-36.9","-1.3","18","1","36.6","78","2395","-16.3","-47","-1.5","16.6","1","9.8","80.8","1774","15.4","-43.2","-1.1","15.5","1.2"
"Schultz, Paxton",687606,2025,27,"9","20.1",88,80,20,10,7,0,3,25,5,28.4,5.7,".250",".450",".295","0.745","0.200",".315","8","12","0","0","61","0","0","0","0","0","3.54",,,"0","7","1","0","0","0","0","21","14","0","0","0","0","0","0","25","0","114","61","0","0","0","0","0","0","59","4","2","7","1","0","2","1","6","7","7","57","4","0","0","0","0","8","17","3","0","0","0","0","0","0","0","2","2","41","4","129","36","0","0","8","0","353","2","224","43","8","2","0","0","1",".221",".388",".320",".298",".283",".167",".420",".387",".351",".332",".029",".062",".022","71.6",28.4,16,12.1,38.7,29.1,"7.1",2,6.9,4.1,55.3,31.3,"92.9","19.5",31.6,6,10.5,7,21.1,33.3,28.1,0,40.4,"84.615324828","95.036967193",67.1,20.7,26.1,48.9,51.1,23,47,51,180,77.8,5.1,71,228,54,353,79.3,24,116,49,173,40.5,143,28.8,46.2,38.6,29.8,31.6,57,64.8,42.1,24,26.3,15,21.1,12,10.5,6,"R","353",35.8,"35.7","93.8","2250","-7.6","-14.2","17.1","18.8","1","15.3","86","2199","5.2","-31.7","5.4","7.8","1.8","20.1","86.4","1818","-4.9","-33.2","3.6","6.7","1.1",,,,,,,,,,,,,,,,,"28.9","89","2206","1.9","-23","11.4","11.8","1.3",,,,,,,,,,,,,,,,,,,,,,,,,,,,,,,,,,,,,,,,,,,,,,,,,"64.6","91.6","2230","-3.4","-18.2","14.6","15.7","2.7","15.3","86","2199","5.2","-31.7","5.4","7.8","1.8","20.1","86.4","1818","-4.9","-33.2","3.6","6.7","1.1"
"Alexander Jr., Scott",518397,2025,35,"19","16.1",72,64,20,9,7,0,4,6,7,8.3,9.7,".313",".609",".389","0.998","0.296",".296","11","11","0","1","49","1","1","0","0","0","6.06",,,"1","2","0","0","0","0","0","18","15","0","1","0","0","0","0","23","0","96","41","0","1","1","0","0","0","38","2","4","19","4","0","0","1","6","6","8","58","5","3","0","0","0","7","25","3","0","0","0","0","0","0","0","0","0","20","0","111","39","2","0","2","0","270","0","159","20","19","8","0","0","1",".328",".617",".427",".432",".403",".289",".434",".440",".345",".362","-0.015","-0.008","-0.005","72.5",30.1,22,17.7,36.3,29.2,"7.3",2,9.9,1.3,47.8,33.6,"90.1","7.2",31,6,10.3,6.9,20.7,13.8,44.8,3.4,51.7,"77.623767931","95.680846897",67.1,13.5,17.3,40.9,59.1,9,22,47,127,76.5,6.3,40,177,53,270,86.5,13,96,53,143,41.5,112,18.6,43.7,39.7,43.1,17.2,58,56.9,53.4,31,22.4,13,19,11,5.2,3,"L","270",35.4,,,,,,,,,"19.6","83.1","2405","-3.4","-41.5","-2.1","4.3","1.6","14.8","83.4","1488","8.2","-35.3","3.5","9.4","1.3",,,,,,,,,"65.6","91.3","2197","12.8","-29.4","3.2","13.2","1.1",,,,,,,,,,,,,,,,,,,,,,,,,,,,,,,,,,,,,,,,,,,,,,,,,,,,,,,,,"65.6","91.3","2197","12.8","-29.4","3.2","13.2","1.1","19.6","83.1","2405","-3.4","-41.5","-2.1","4.3","1.6","14.8","83.4","1488","8.2","-35.3","3.5","9.4","1.3"
"Lee, Chase",695445,2025,26,"18","22.1",88,78,15,10,1,2,2,21,6,23.9,6.8,".192",".333",".261","0.594","0.141",".228","5","5","0","0","67","3","0","0","0","0","2.01",,,"1","4","0","0","0","0","0","23","9","1","0","0","0","0","0","18","0","122","67","0","0","0","0","0","0","63","3","5","18","5","0","0","2","3","4","7","56","6","2","0","0","0","12","22","4","0","0","0","0","0","0","0","2","0","31","0","124","22","0","0","4","0","344","2","220","31","11","4","0","0","0",".283",".491",".263",".356",".343",".208",".297",".436",".254",".376","-0.091","-0.158","-0.093","70.8",15.7,12.3,9.7,34.9,27.6,"7.2",4,8.8,1.2,53,32.3,"90.2","11.3",40.7,7,11.9,5.1,23.7,20.3,35.6,3.4,39,"79.928250667","94.748998983",65.6,18.3,21.3,36.1,63.9,13,36,46.8,169,67.9,7.8,14,217,0,361,81.7,23,126,53.2,192,44.9,162,22.2,44.9,30.5,44.1,25.4,59,62.5,45.8,27,28.8,17,22,13,3.4,2,"R","361",-3.3,"27.4","89.2","2476","-5.1","-28.4","5.8","8.1","1.2",,,,,,,,,"3.9","85.9","1687","-12.5","-41.9","-4.6","13.5","1.3",,,,,,,,,"32.7","89.1","2415","-8.8","-36.6","-2","9.6","1.2",,,,,,,,,,,,,,,,,,,,,,,,,"36","80","3010","19.7","-38.3","4.8","20.5","1.3",,,,,,,,,,,,,,,,,,,,,,,,,"60.1","89.1","2443","-7.1","-32.8","1.6","8.9","1.2","36","80","3010","19.7","-38.3","4.8","20.5","1.3","3.9","85.9","1687","-12.5","-41.9","-4.6","13.5","1.3"
"Reynolds, Sean",669308,2025,27,"15","20.2",88,78,16,10,3,0,3,19,8,21.6,9.1,".205",".359",".295","0.654","0.154",".232","10","10","0","0","62","0","1","0","0","0","4.35",,,"1","0","0","0","0","0","0","13","6","1","0","0","0","0","0","17","0","135","59","0","0","0","0","0","0","58","4","3","14","3","0","0","2","4","3","8","56","2","2","0","0","0","14","17","7","0","0","0","0","0","0","0","0","1","26","0","140","26","0","0","0","0","346","0","206","28","5","0","0","0","0",".271",".540",".294",".381",".353",".270",".320",".450",".271",".358","-0.066","-0.181","-0.087","71.5",27.3,15.5,12.5,35.9,28.9,"7.2",4,9.3,2.4,53.9,30.9,"91.4","11.3",39,7,11.9,11.9,20.3,22,28.8,5.1,47.5,"81.182096897","95.267369649",65.3,18.5,16.1,37,63,10,27,45.8,168,90.6,8.7,20,178,126,367,80.8,24,130,54.2,199,44.7,164,21.7,42.8,40.7,30.5,28.8,59,52.3,33.9,20,32.2,19,27.1,16,6.8,4,"R","367",39.3,"48.5","96","2440","-10","-13.3","16.6","19.5","1.3","34.3","87","2415","5.8","-36.4","-0.4","6.3","1.4","5.4","87.6","1506","-14.7","-30.2","5.5","16","1.5",,,,,,,,,,,,,,,,,,,,,,,,,,,,,,,,,,,,,,,,,"11.7","82.9","2446","17.3","-38.9","1.2","17.4","1.4",,,,,,,,,,,,,,,,,,,,,,,,,"48.5","96","2440","-10","-13.3","16.6","19.5","1.3","46","86","2423","8.7","-37.1","0","9.2","2.3","5.4","87.6","1506","-14.7","-30.2","5.5","16","1.5"
"Gómez, Yoendrys",672782,2025,25,"12","17.2",86,71,20,15,2,0,3,13,13,15.1,15.1,".282",".437",".395","0.832","0.155",".304","13","14","1","0","53","1","1","0","0","0","6.62",,,"1","1","0","0","0","0","0","18","14","1","0","0","0","2","0","19","0","126","57","0","0","0","0","0","1","47","2","8","12","2","0","0","1","4","4","11","59","6","0","0","0","0","14","18","4","0","0","0","0","0","0","0","1","0","28","1","137","31","0","0","1","0","330","1","193","28","1","0","0","0","1",".299",".593",".370",".427",".413",".294",".374",".458",".339",".364","-0.017","-0.156","-0.057","71.5",20.7,21.8,17.1,41.4,32.4,"7.2",2,11.1,-2.6,63.1,32,"89.2","13.7",39,10,16.9,3.4,22,28.8,20.3,6.8,39,"77.219394138","95.048757931",62.8,14.3,24.3,37.8,62.2,17,45,56.1,185,75,7.3,16,175,60,330,85.7,13,91,43.9,145,40,132,22.1,41.2,35.6,47.5,16.9,59,51.2,37.3,22,32.2,19,25.4,15,5.1,3,"R","330",35.5,"41.2","93.4","2452","-5.1","-15.4","16.1","17","1.6","1.5","85.3","2431","7.1","-34.6","2.9","7.9","1.4","4.8","89.1","2089","-14.1","-26.9","7.6","16.7","1.6","16.7","79.5","2597","14.8","-54.3","-10.4","18.2","1.5","7","93.1","2357","-14","-23.3","8.2","16.3","1.6","4.8","90.1","2323","1.5","-21.8","12.3","12.6","1.6",,,,,,,,,,,,,,,,,"23.9","81.4","2661","17.1","-38.6","3","17.6","1.6",,,,,,,,,,,,,,,,,,,,,,,,,"53","93","2427","-5.6","-17","14.7","16.5","1.9","42.1","80.8","2627","15.8","-44.7","-2.3","17.5","2","4.8","89.1","2089","-14.1","-26.9","7.6","16.7","1.6"
"Abel, Mick",690953,2025,23,"4","20.1",81,76,17,12,0,2,3,17,4,21,4.9,".224",".395",".272","0.667","0.171",".250","5","5","0","0","61","2","0","1","0","0","2.21",,,"0","4","0","0","0","0","0","15","5","0","0","0","1","0","0","8","0","106","51","0","1","0","0","0","0","68","5","0","0","1","0","0","1","5","4","8","59","2","0","0","0","0","14","18","9","0","0","0","0","0","0","0","0","4","35","0","108","30","1","0","4","0","328","0","220","36","0","0","0","0","0",".291",".484",".291",".351",".335",".193",".341",".423",".288",".375","-0.067","-0.089","-0.060","71.9",30.2,11.3,8.7,35.7,27.5,"7.1",2,10.7,-2.1,51.7,30.9,"93.2","13.8",44.1,5,8.5,6.8,32.2,23.7,27.1,1.7,55.9,"85.805013667","95.419826102",68.7,20.1,26.3,40,60,14,35,40.5,133,64.5,9.5,17,192,119,328,79.1,27,134,59.5,195,41.8,137,24.3,51.5,35.6,52.5,11.9,59,67.9,37.3,22,32.2,19,28.8,17,1.7,1,"R","328",28.7,"42.7","96.1","2532","-8.3","-13.2","16.6","18.7","1.5","14.6","87.1","2394","1.1","-34.8","1.1","3.1","1.5","5.2","88.9","1705","-13.3","-31.3","3.4","13.9","1.6","21.6","82.4","2621","8.9","-49.9","-9.4","13.1","1.7","15.9","95.2","2459","-15","-20.5","9.9","18.2","1.3",,,,,,,,,,,,,,,,,,,,,,,,,,,,,,,,,,,,,,,,,,,,,,,,,,,,,,,,,"58.5","95.8","2512","-10.1","-15.2","14.8","18.5","1.5","36.3","84.3","2529","5.8","-43.8","-5.1","9.1","2.8","5.2","88.9","1705","-13.3","-31.3","3.4","13.9","1.6"
"Hernández, Daysbel",678226,2025,28,"25","24.1",102,80,14,11,3,0,0,21,19,20.6,18.6,".175",".212",".347","0.559","0.037",".237","6","6","0","1","73","3","1","1","0","0","2.22",,,"3","21","0","0","0","0","0","30","6","3","0","0","0","0","0","26","0","172","72","0","0","0","0","0","1","68","5","5","25","5","0","0","2","1","7","6","60","4","7","0","1","0","12","23","6","0","0","0","0","0","0","1","0","0","52","0","196","17","0","0","21","0","454","1","258","52","11","2","0","0","0",".203",".289",".275",".309",".369",".086",".230",".288",".237",".275","-0.028","-0.077","-0.034","71.6",23.4,10.6,7.6,29.2,20.9,"7.4",4,8.1,0.8,39.2,32.9,"88.5","10.5",28.3,2,3.3,5,18.3,30,38.3,5,35,"78.381293103","93.342266897",64.2,22.5,22.5,49.1,50.9,28,57,55.7,253,70,6.6,0,189,265,454,76.7,29,129,44.3,201,39.6,180,30.6,41,35,33.3,31.7,60,55.4,50,30,21.7,13,20,12,8.3,5,"R","454",40.2,"41.6","97.9","2312","-9","-12.3","16.3","18.7","1.2","58.4","88.5","2672","2.9","-33.5","1.3","4","1.2",,,,,,,,,,,,,,,,,,,,,,,,,,,,,,,,,,,,,,,,,,,,,,,,,,,,,,,,,,,,,,,,,,,,,,,,,,,,,,,,,"41.6","97.9","2312","-9","-12.3","16.3","18.7","1.2","58.4","88.5","2672","2.9","-33.5","1.3","4","1.2",,,,,,,,
"Lucas, Easton",687922,2025,28,"5","21.2",93,83,21,13,3,0,5,22,10,23.7,10.8,".253",".470",".333","0.803","0.217",".286","14","14","0","0","65","3","2","1","0","0","5.82",,,"1","3","0","0","0","0","0","13","14","1","0","0","0","0","0","13","0","119","51","0","0","0","0","0","0","81","2","0","1","3","0","0","0","6","5","10","61","7","0","0","0","1","13","18","3","0","0","0","0","0","0","0","0","4","43","0","128","39","0","0","3","0","368","0","240","44","0","0","0","0","0",".267",".524",".351",".372",".346",".257",".422",".453",".344",".363","-0.014","-0.054","-0.021","71.6",25.5,15.7,12.1,29.9,23,"7.2",4,9,2.1,56.4,31.4,"91.1","15.9",34.4,7,11.5,3.3,19.7,29.5,36.1,0,44.3,"80.940321935","94.871898525",73.2,20.1,28.1,38,62,19,50,48.4,178,72.7,6,81,205,41,368,79.9,28,139,51.6,190,40.5,149,24.9,51.4,59,24.6,16.4,61,69.9,37.7,23,31.1,19,23,14,8.2,5,"L","368",48.7,"49.5","93.5","2216","4.8","-14","17.7","18.5","1.4","11.1","86.8","2266","-3.6","-33.7","2.7","5.1","1.6","22","87.1","1365","13.6","-29","7.3","15.7","1.7",,,,,,,,,,,,,,,,,"6.3","91.3","2268","-2.3","-23.4","9.5","10","1.4",,,,,,,,,,,,,,,,,"11.1","81.1","2343","-11.4","-40.7","1.5","12.1","1.5",,,,,,,,,,,,,,,,,,,,,,,,,"55.7","93.2","2222","4","-15","16.8","17.5","1.6","22.3","83.9","2305","-7.5","-37.2","2.1","8.6","3","22","87.1","1365","13.6","-29","7.3","15.7","1.7"
"Hamilton, Ian",641656,2025,30,"21","24.2",107,88,16,13,0,1,2,29,15,27.1,14,".182",".273",".308","0.581","0.091",".246","12","13","0","0","74","1","0","2","0","0","4.38",,,"0","3","1","0","0","0","0","22","6","0","0","0","0","0","0","17","0","132","59","1","0","0","0","0","0","88","5","4","21","3","0","0","1","1","6","9","59","2","2","0","1","0","13","21","6","1","0","0","0","0","0","2","0","0","52","1","146","24","0","0","4","0","410","2","264","53","7","0","0","0","0",".217",".339",".269",".304",".338",".121",".293",".354",".271",".324","-0.035","-0.066","-0.035","70.7",20.6,10.1,7.4,28.7,21.1,"7.3",6,11.4,-3.1,49.7,32.8,"89.7","12.8",31.1,4,6.6,4.9,18,29.5,36.1,4.9,36.1,"80.174793333","93.82611661",68.5,16.5,33.2,51.4,48.6,37,72,51.7,217,87.5,7.6,0,254,166,420,83.5,23,139,48.3,203,41.4,174,28.4,50.2,36.1,36.1,27.9,61,61.7,47.5,29,23,14,24.6,15,4.9,3,"R","420",36.4,"15.7","95.2","2240","-10.2","-15","15.4","18.6","1.3","39.5","87.8","1521","0","-30.3","5.2","5.6","1.2",,,,,,,,,,,,,,,,,"44.8","94.5","2198","-17.2","-22.4","8.5","19.3","1.3",,,,,,,,,,,,,,,,,,,,,,,,,,,,,,,,,,,,,,,,,,,,,,,,,,,,,,,,,"60.5","94.7","2209","-15.3","-20.4","10.3","19.1","1.3","39.5","87.8","1521","0","-30.3","5.2","5.6","1.2",,,,,,,,
"Merryweather, Julian",657240,2025,33,"21","18.2",88,76,23,15,5,1,2,15,11,17,12.5,".303",".474",".386","0.860","0.171",".350","12","13","0","0","56","0","1","1","0","0","5.79",,,"3","5","0","0","0","0","0","14","14","3","0","0","0","0","0","28","0","119","63","0","0","0","0","0","0","62","5","2","21","2","0","0","0","3","5","15","62","7","8","0","2","0","10","23","4","0","1","0","0","0","0","0","1","0","25","1","134","36","0","0","5","1","353","1","219","25","4","2","0","0","0",".329",".507",".368",".402",".417",".178",".410",".457",".371",".414","-0.026","-0.033","-0.034","70.7",14.8,20.6,17.2,38.2,32,"7.2",4,8.8,0.4,51.6,29.6,"93.4","10.7",35.5,6,9.7,3.2,35.5,16.1,33.9,1.6,51.6,"85.215480323","95.818309836",62.6,13.2,24.6,35.7,59.5,15,42,48.4,171,75,6.8,4,169,176,353,86.8,15,114,51.6,182,45.9,162,19.2,44.2,35.5,35.5,29,62,58.6,45.2,28,22.6,14,30.6,19,1.6,1,"R","353",57,"47.9","96","2209","-4.7","-13","16.8","17.6","1.3","49.9","84.7","2124","0.1","-40.6","-2.5","3","1.2","1.1","80","1343","-9.2","-28.1","15.1","18.2","1.5",,,,,,,,,,,,,,,,,,,,,,,,,,,,,,,,,,,,,,,,,"1.1","82.9","2234","13.1","-45.9","-5.6","14.3","1.5",,,,,,,,,,,,,,,,,,,,,,,,,"47.9","96","2209","-4.7","-13","16.8","17.6","1.3","51","84.6","2126","0.4","-40.7","-2.6","3.3","1.3","1.1","80","1343","-9.2","-28.1","15.1","18.2","1.5"
"Tinoco, Jesus",622786,2025,30,"20","19.1",80,71,17,11,4,1,1,10,8,12.5,10,".239",".366",".316","0.682","0.127",".267","11","12","4","2","58","2","1","0","0","0","5.12",,,"2","3","0","0","0","0","0","18","10","1","1","0","0","1","0","24","0","101","62","0","1","0","0","0","0","47","0","8","20","2","0","0","0","2","7","8","62","7","4","0","1","0","8","21","9","0","0","0","0","0","0","1","0","0","22","1","109","26","1","0","3","0","304","1","195","22","5","1","0","0","1",".243",".349",".300",".293",".320",".106",".304",".295",".279",".283","-0.004",".017",".007","71.5",25,9.9,8.3,37.6,31.7,"7.5",1,12.4,-5.9,51.7,34.5,"88.1","12.8",29,1,1.6,4.8,21,30.6,37.1,4.8,25.8,"78.828263667","92.738782833",57.6,9.6,31.3,28,72,14,50,52.6,160,58.3,7.9,46,128,130,304,88,8,83,47.4,144,46.7,142,16.5,43.8,41.9,46.8,11.3,62,67.5,45.2,28,16.1,10,27.4,17,11.3,7,"R","304",21,"10.2","95.2","2303","-13.8","-18.7","11.7","18.2","1.4","42.8","85.1","2469","7.6","-35.7","2.3","8.6","1.3","15.1","89.2","1572","-17.2","-33.8","0.9","17.4","1.2",,,,,,,,,"31.9","95.2","2223","-18.9","-25.8","4.6","19.5","1.1",,,,,,,,,,,,,,,,,,,,,,,,,,,,,,,,,,,,,,,,,,,,,,,,,,,,,,,,,"42.1","95.2","2242","-17.7","-24.1","6.3","19.2","1.2","42.8","85.1","2469","7.6","-35.7","2.3","8.6","1.3","15.1","89.2","1572","-17.2","-33.8","0.9","17.4","1.2"
"Shuster, Jared",694363,2025,26,"12","15.2",82,74,27,19,8,0,0,12,5,14.6,6.1,".365",".473",".415","0.888","0.108",".429","14","15","0","0","47","0","0","1","0","0","8.04",,,"2","12","0","0","0","0","0","20","15","2","0","0","0","0","0","33","0","82","39","0","0","0","0","0","1","50","5","4","10","1","0","0","2","2","10","15","63","12","0","0","2","0","9","18","6","0","0","0","0","0","0","0","1","2","30","1","90","35","0","0","12","0","280","1","190","31","5","1","0","0","2",".299",".425",".382",".331",".355",".126",".429",".364",".429",".351",".066",".048",".051","72.3",22.8,12.6,9.6,29.1,22.1,"7.4",2,10.5,-3.1,47.1,32.9,"84.8","10.2",34.9,3,4.8,4.8,28.6,23.8,30.2,7.9,28.6,"71.530652258","93.068846935",74.7,17.4,31.3,40.5,57.1,17,42,47.9,134,81,7.5,103,102,73,280,81.7,19,109,52.1,146,43.2,121,23.8,53.9,34.9,42.9,22.2,63,67.5,44.4,28,19,12,33.3,21,3.2,2,"L","280",31.6,"32.1","92.6","2182","11.4","-18.8","13.3","17.6","1.1","26.1","86","2266","-1.6","-31.4","5.5","6.1","1.5","36.8","84.3","1798","12.6","-38.3","0.2","12.8","1.2",,,,,,,,,"4.3","91.8","2087","16.5","-24.7","8","18.5","1.4",,,,,,,,,,,,,,,,,,,,,,,,,"0.7","80.8","2149","-10.4","-46.5","-4","11.2","1.5",,,,,,,,,,,,,,,,,,,,,,,,,"36.4","92.5","2171","12","-19.5","12.7","17.7","1.1","26.8","85.9","2263","-1.8","-31.8","5.2","6.2","1.7","36.8","84.3","1798","12.6","-38.3","0.2","12.8","1.2"
"Richardson, Lyon",680689,2025,25,"17","20.2",89,78,17,13,3,0,1,16,8,18,9,".218",".295",".303","0.598","0.077",".258","5","8","0","0","62","0","1","0","0","0","2.18",,,"0","1","0","0","0","0","0","22","9","0","0","0","0","1","0","17","0","122","76","0","1","0","0","0","0","53","4","7","17","2","0","0","2","3","6","8","63","4","1","0","3","0","9","30","3","0","0","0","0","0","0","0","1","0","25","3","133","23","1","0","1","0","356","1","223","26","5","1","0","0","3",".257",".366",".260",".310",".342",".110",".277",".345",".270",".325","-0.039","-0.071","-0.050","71.3",18,20.4,15.6,41.8,32,"7.4",0,10.8,-3,51.6,32.8,"89.2","4.9",28.6,3,4.8,11.1,28.6,15.9,34.9,4.8,49.2,"77.39983125","94.85188",58.8,21.5,23,17.5,80,7,40,48.9,174,64.7,9.6,170,145,41,356,78.5,23,107,51.1,182,41.6,148,20.4,41.3,41.3,42.9,15.9,63,58,57.1,36,22.2,14,17.5,11,3.2,2,"R","356",31.3,"18.8","95.6","2357","-10","-15.3","14.8","17.9","1.2","0.3","83.7","2612","-4","-41.9","-3.1","5.1",,"47.8","86.2","1760","-15.4","-34.4","2.6","15.8","1.3","11.2","78.8","2534","5.7","-53.4","-9.2","11.6","1.5","21.9","95","2289","-16.6","-22.6","7.8","18.4","1.1",,,,,,,,,,,,,,,,,,,,,,,,,,,,,,,,,,,,,,,,,,,,,,,,,,,,,,,,,"40.7","95.3","2320","-13.5","-19.2","11","18.2","1.1","11.5","78.9","2536","5.4","-53.1","-9","11.4","1.6","47.8","86.2","1760","-15.4","-34.4","2.6","15.8","1.3"
"Speier, Gabe",642100,2025,30,"31","27.0",109,102,21,13,6,0,2,39,6,35.8,5.5,".206",".324",".257","0.581","0.118",".311","7","7","0","2","81","2","0","1","0","0","2.33",,,"5","9","0","0","0","0","0","23","6","3","2","0","0","0","0","23","0","110","77","0","0","0","0","0","0","71","8","2","31","1","0","0","1","4","12","5","62","3","7","0","0","0","12","19","7","0","0","0","0","0","0","0","0","0","61","0","119","33","0","0","9","0","400","0","281","63","13","3","0","0","0",".197",".322",".259",".251",".248",".125",".370",".357",".333",".318",".009",".002",".008","70.9",18.5,19,12.7,31.9,21.4,"7.1",5,8.3,0.6,47.7,30.5,"89.8","10.3",27,7,11.1,3.2,22.2,22.2,39.7,1.6,41.3,"78.295095625","94.962579048",64,25.9,37.4,49.3,50.7,36,73,48,195,69.7,8.1,0,294,112,406,74.1,35,135,52,211,43.8,178,34.1,51.2,36.5,38.1,25.4,63,74.3,50.8,32,25.4,16,19,12,4.8,3,"L","406",27.3,"40.9","94.8","2251","9.5","-14.9","15.8","18.5","1.2","27.6","82.8","2180","-5","-41.6","-1.7","5.6","1.9",,,,,,,,,,,,,,,,,"31.5","94.3","2089","17.8","-23.7","7.3","19.4","1.4",,,,,,,,,,,,,,,,,,,,,,,,,,,,,,,,,,,,,,,,,,,,,,,,,,,,,,,,,"72.4","94.6","2181","13.1","-18.7","12.1","18.9","1.3","27.6","82.8","2180","-5","-41.6","-1.7","5.6","1.9",,,,,,,,
"Sousa, Bennett",656986,2025,30,"21","26.2",104,96,17,10,6,0,1,34,6,32.7,5.8,".177",".271",".221","0.492","0.094",".254","5","5","1","0","80","1","0","2","0","0","1.69",,,"8","6","1","0","0","0","0","20","8","6","2","0","0","0","0","27","0","113","53","0","0","0","0","0","0","53","4","8","21","2","0","0","0","3","4","10","62","4","1","0","0","1","8","18","11","0","0","0","0","0","0","0","2","0","60","0","122","26","0","0","7","0","370","2","248","73","8","3","0","0","0",".200",".320",".218",".259",".250",".120",".290",".357",".266",".313","-0.023","-0.049","-0.041","72.1",26.2,15,9.5,32.7,20.8,"7.6",9,13.7,-8.4,46.4,32.3,"88.3","15.7",35.9,5,7.8,7.8,20.3,31.3,28.1,3.1,34.4,"77.154589063","93.837542222",68.2,23.7,37.8,70.4,28.2,50,71,49.5,188,80.6,9.5,0,178,202,380,75.6,31,131,50.5,192,45.8,174,40.1,53.2,31.3,39.1,29.7,64,56.7,35.9,23,20.3,13,32.8,21,10.9,7,"L","380",54.4,"45.5","95","2249","3.4","-13.5","17","17.4","1.1","53.2","85.7","2366","-3.8","-37.3","0.1","4.3","1.3",,,,,,,,,,,,,,,,,"1.3","94.7","2206","10.9","-17.1","13.6","17.5","1.5",,,,,,,,,,,,,,,,,,,,,,,,,,,,,,,,,,,,,,,,,,,,,,,,,,,,,,,,,"46.8","95","2248","3.6","-13.6","16.9","17.4","1.1","53.2","85.7","2366","-3.8","-37.3","0.1","4.3","1.3",,,,,,,,
"Domínguez, Seranthony",622554,2025,30,"31","29.2",120,103,21,15,3,0,3,38,17,31.7,14.2,".204",".320",".317","0.637","0.116",".290","12","12","1","1","89","2","1","4","0","0","3.64",,,"7","11","1","0","1","0","0","42","9","5","2","0","0","0","0","41","0","180","73","0","3","0","0","0","0","82","7","6","31","3","0","0","0","6","9","6","65","5","9","0","1","1","10","19","7","0","0","0","0","1","0","0","0","0","63","0","199","33","3","1","12","0","497","0","298","70","20","1","0","0","0",".200",".308",".289",".282",".313",".109",".359",".345",".323",".316",".004",".012",".007","71.3",22.5,7.6,5.2,20.5,14.1,"7.3",4,9.1,-1.6,39.8,30.5,"85.7","15.2",35.4,4,6.2,6.2,26.2,24.6,33.8,3.1,30.8,"75.167112727","92.253322308",64.6,19,30.9,59.1,40.9,52,88,57.3,285,76.7,6,63,288,41,497,81,26,137,42.7,212,38.4,191,34.7,45.3,35.4,43.1,21.5,65,51.3,43.1,28,24.6,16,20,13,12.3,8,"R","496",31,"44.6","97.6","2332","-5.4","-13","15.8","16.8","0.9","0.6","88.8","2522","6.2","-30.7","4.3","7.5","1.4",,,,,,,,,"7.7","83.5","2476","7.5","-51.1","-11.5","13.8","1.5","13.5","97.7","2250","-15","-18.8","9.9","18.1","1.1",,,,,,,,,"12.7","87.2","807","-8.5","-32","4","10.3","1.3",,,,,,,,,"21","87","2505","10.1","-31.1","5.3","11.8","1.3",,,,,,,,,,,,,,,,,,,,,,,,,"58.1","97.7","2313","-7.6","-14.4","14.4","17.1","0.9","29.2","86.1","2498","9.3","-36.3","0.9","12.2","2.1","12.7","87.2","807","-8.5","-32","4","10.3","1.3"
"Steele, Justin",657006,2025,29,"4","22.2",92,85,21,12,4,0,5,21,5,22.8,5.4,".247",".471",".293","0.764","0.224",".267","12","12","0","0","68","3","1","0","0","0","4.76",,,"0","3","0","0","0","0","0","14","11","0","0","0","1","0","0","13","0","89","58","0","1","0","0","0","0","66","2","0","0","2","0","1","1","8","4","9","65","4","0","0","0","0","9","23","5","1","0","0","0","0","0","0","1","4","27","0","93","40","1","0","3","0","313","1","220","28","0","0","0","0","0",".277",".491",".329",".348",".322",".214",".401",".428",".323",".364","-0.030","-0.020","-0.019","71.5",20.2,16.7,14.3,37.3,31.9,"7.2",2,9.1,-1.6,48.7,30.2,"92","10",33.8,6,9.2,7.7,29.2,23.1,27.7,3.1,47.7,"82.11077303","95.473462462",66.1,9.7,34.5,38.8,59.2,19,49,45.4,142,77.8,5.8,8,196,109,313,90.3,11,113,54.6,171,44.4,139,18.5,51.8,44.6,38.5,16.9,65,67.4,41.5,27,26.2,17,23.1,15,9.2,6,"L","313",44.7,"56.2","90.8","2356","0.8","-18.4","14.9","15.1","1.4","31","81.5","2680","-13.7","-42.2","-0.6","14","1.8","2.6","84.9","1624","14.2","-28.7","9.6","17.2","1.4","3.8","79.4","2765","-10.3","-51.5","-7.7","13.2","1.5","6.4","90.4","2349","12.8","-24.3","9.2","16","1.5",,,,,,,,,,,,,,,,,,,,,,,,,,,,,,,,,,,,,,,,,,,,,,,,,,,,,,,,,"62.6","90.8","2355","2","-19","14.3","15.2","1.4","34.8","81.2","2689","-13.3","-43.2","-1.3","13.9","1.9","2.6","84.9","1624","14.2","-28.7","9.6","17.2","1.4"
"Wilson, Steven",621051,2025,30,"25","24.0",103,84,16,10,4,0,2,22,14,21.4,13.6,".190",".310",".311","0.621","0.120",".222","5","5","1","2","72","2","1","0","0","0","1.88",,,"0","11","0","0","0","0","0","33","7","0","0","0","0","1","0","26","0","145","61","0","0","0","0","0","0","78","3","6","25","1","0","0","2","4","3","9","65","4","9","0","2","1","17","15","7","0","0","0","0","0","0","0","3","0","51","0","161","26","0","0","11","0","420","3","259","51","17","2","0","0","0",".258",".453",".276",".352",".369",".196",".278",".397",".246",".339","-0.068","-0.143","-0.076","71.6",20.2,16.9,12.4,32.3,23.6,"7.5",2,12.9,-6.8,54.5,30.7,"90.2","23.3",40,6,9.2,7.7,21.5,40,20,1.5,38.5,"80.107987576","94.415915385",70,23.5,23.7,40.8,59.2,20,49,49.3,207,81.5,6.4,34,132,0,420,76.5,35,149,50.7,213,46.9,197,27.8,47.1,44.6,35.4,20,65,53.5,27.7,18,35.4,23,27.7,18,9.2,6,"R","420",47.7,"31.4","93.6","2483","-7","-12.2","19.3","20.7","1.3",,,,,,,,,"8.1","85","1467","-12.7","-31","6.9","14.6","1.5",,,,,,,,,,,,,,,,,,,,,,,,,,,,,,,,,,,,,,,,,"60.5","82.3","2624","14.4","-39.8","0.9","14.7","1.7",,,,,,,,,,,,,,,,,,,,,,,,,"31.4","93.6","2483","-7","-12.2","19.3","20.7","1.3","60.5","82.3","2624","14.4","-39.8","0.9","14.7","1.7","8.1","85","1467","-12.7","-31","6.9","14.6","1.5"
"Megill, Trevor",656730,2025,31,"29","25.1",108,92,20,14,5,0,1,30,13,27.8,12,".217",".304",".306","0.610","0.087",".297","8","9","16","2","76","1","2","1","0","0","2.84",,,"8","5","1","0","0","0","0","26","14","6","2","0","0","3","0","37","0","139","71","0","0","0","0","0","4","75","3","26","29","2","0","0","0","3","6","11","65","7","0","0","2","0","15","18","6","0","0","0","0","0","0","0","3","0","51","1","154","28","0","0","6","0","427","3","273","59","8","5","0","0","0",".253",".423",".269",".328",".341",".170",".321",".417",".308",".366","-0.036","-0.119","-0.059","70.6",17.8,11.5,8.6,33.6,25.2,"7.2",10,7.4,-0.1,54,32.2,"90.2","12.3",40,7,10.8,7.7,26.2,21.5,26.2,7.7,35.4,"80.079063871","94.627859839",62.7,15,32.1,60.9,39.1,42,69,50.4,215,74.2,7.3,0,271,156,427,85,20,133,49.6,212,43.3,185,30.7,47.3,29.2,40,30.8,65,68.9,36.9,24,29.2,19,29.2,19,4.6,3,"R","427",53.8,"63.5","98.8","2461","-4.2","-8.9","19.3","19.9","1.4",,,,,,,,,,,,,,,,,"36.5","87.1","2849","3.5","-43.3","-7.2","8.5","1.4",,,,,,,,,,,,,,,,,,,,,,,,,,,,,,,,,,,,,,,,,,,,,,,,,,,,,,,,,,,,,,,,,"63.5","98.8","2461","-4.2","-8.9","19.3","19.9","1.4","36.5","87.1","2849","3.5","-43.3","-7.2","8.5","1.4",,,,,,,,
"Maton III, Phil",664208,2025,32,"29","27.1",116,100,21,15,6,0,0,36,10,31,8.6,".210",".270",".313","0.583","0.060",".328","6","8","2","1","82","0","2","0","0","0","1.98",,,"3","4","0","0","0","0","0","32","8","3","0","0","0","0","0","38","0","151","90","0","0","0","0","0","0","69","6","5","29","3","0","0","5","1","12","8","64","8","14","0","1","0","12","21","5","0","1","0","0","0","0","1","0","0","64","2","158","27","0","0","4","1","453","1","295","65","11","3","0","0","0",".189",".275",".270",".261",".295",".086",".327",".312",".328",".296",".021","-0.005",".009","71.3",21.8,17.7,11.8,32.7,21.8,"7.4",6,12.2,-5.5,41.2,32.2,"85","9.6",33.8,3,4.6,7.7,20,23.1,38.5,6.2,32.3,"72.289219063","92.915605156",61.4,25,28.2,58.1,41.9,36,62,47.7,220,65.8,8.2,0,229,164,461,74.3,37,148,52.3,241,43.6,201,34.8,45.6,36.9,32.3,30.8,65,58.3,52.3,34,20,13,20,13,7.7,5,"R","461",25.7,,,,,,,,,,,,,,,,,,,,,,,,,"35.6","75.8","3169","19.2","-57.3","-8.6","21.2","1.2","15.8","89.4","2320","-15.3","-28.7","5.7","16.5","1.3","33.8","90.5","2582","0.4","-19.2","13.9","14.1","1.4",,,,,,,,,,,,,,,,,"14.8","82.8","2646","13.3","-32.3","7.7","15.7","1.4",,,,,,,,,,,,,,,,,,,,,,,,,"49.7","90.2","2499","-4.6","-22.3","11.3","14.9","1.5","50.3","77.8","3016","17.4","-50","-3.8","19.6","3.5",,,,,,,,
"Weaver, Luke",596133,2025,31,"24","25.2",99,90,13,8,2,0,3,25,8,25.3,8.1,".144",".267",".212","0.479","0.123",".159","3","3","8","1","77","1","1","0","0","0","1.05",,,"1","5","0","0","0","0","0","25","8","1","0","0","0","0","0","17","0","108","47","0","1","0","0","0","1","72","9","13","24","0","0","0","0","3","2","6","63","4","6","0","1","0","24","12","8","0","0","0","0","0","0","0","1","0","50","0","114","19","1","0","5","0","356","1","242","50","14","5","0","0","0",".188",".371",".211",".270",".257",".182",".240",".328",".197",".265","-0.044","-0.104","-0.059","72.3",27.1,14.9,10.6,37.3,26.6,"7.5",0,12.7,-4.1,63.8,29.8,"91.7","22.2",34.8,6,9.1,10.6,18.2,42.4,18.2,1.5,45.5,"82.760737576","95.187172576",74.9,25.5,30.9,41.1,57.1,23,56,47.6,181,89.3,7.4,113,252,15,380,74.5,38,149,52.4,199,50.3,191,29.8,53.9,34.8,31.8,33.3,66,65.3,22.7,15,42.4,28,24.2,16,10.6,7,"R","380",48,"58.2","94.4","2428","-6.9","-11.7","19.2","20.5","1.4","3.9","86.8","2356","3.5","-23.9","12.5","13.3","1.2","29.7","87.2","1882","-14.1","-29.6","6.4","15.6","1.6",,,,,,,,,,,,,,,,,"8.2","91","2477","0.3","-18.2","14.9","15.2","1.3",,,,,,,,,,,,,,,,,,,,,,,,,,,,,,,,,,,,,,,,,,,,,,,,,"66.3","94","2434","-6","-12.5","18.7","19.9","1.8","3.9","86.8","2356","3.5","-23.9","12.5","13.3","1.2","29.7","87.2","1882","-14.1","-29.6","6.4","15.6","1.6"
"Rodríguez, Randy",678495,2025,25,"31","32.0",118,111,18,13,4,0,1,46,5,39,4.2,".162",".225",".203","0.428","0.063",".262","3","5","1","1","96","3","1","1","0","0","0.84",,,"4","6","0","0","0","0","0","30","15","3","1","0","0","1","0","37","0","140","70","0","1","0","0","0","0","93","6","7","31","4","0","1","1","3","6","9","66","7","9","0","0","0","18","20","6","0","0","0","0","0","0","0","1","0","72","2","154","25","1","0","6","0","470","1","316","78","21","10","0","0","1",".199",".324",".194",".250",".241",".125",".283",".386",".273",".341","-0.037","-0.099","-0.056","71.1",16.5,14.5,9.9,31.7,21.7,"7.4",4,11.8,-5.6,51.9,33,"90.7","15.8",27.3,7,10.6,6.1,24.2,27.3,27.3,3,43.9,"80.365557879","94.944809077",68.9,25.6,34.5,52.6,44.9,41,78,48.1,226,84.2,8.1,0,254,216,470,73.8,43,168,51.9,244,41.9,197,34.1,52.3,37.9,40.9,21.2,66,57.6,39.4,26,33.3,22,22.7,15,4.5,3,"R","470",39.2,"54","97.3","2629","-5.6","-11.1","17.9","18.9","1.5","46","86","2779","9.2","-35.6","1.3","9.9","1.6",,,,,,,,,,,,,,,,,,,,,,,,,,,,,,,,,,,,,,,,,,,,,,,,,,,,,,,,,,,,,,,,,,,,,,,,,,,,,,,,,"54","97.3","2629","-5.6","-11.1","17.9","18.9","1.5","46","86","2779","9.2","-35.6","1.3","9.9","1.6",,,,,,,,
"Hader, Josh",623352,2025,31,"30","32.1",126,116,17,5,8,0,4,51,7,40.5,5.6,".147",".319",".200","0.519","0.172",".210","6","7","18","0","97","4","1","2","0","0","1.67",,,"2","2","0","0","0","0","0","23","7","1","1","0","0","1","0","32","0","144","69","1","0","0","0","0","0","104","6","28","30","0","0","0","1","7","2","8","64","2","0","0","0","0","16","9","7","0","0","0","0","0","0","0","1","0","100","1","154","37","0","0","2","0","513","1","359","112","0","0","0","0","0",".140",".247",".228",".199",".195",".107",".346",".292",".258",".248",".007",".072",".029","71",20.9,7.7,5,23.2,15.1,"7.4",12,11.4,-5.1,52.3,31,"87.6","31.4",37.9,6,9.1,6.1,13.6,51.5,15.2,4.5,28.8,"78.525792424","92.443134769",71.9,27.8,40.1,65.3,33.7,66,101,48.3,252,78,7.9,28,287,207,522,70.6,54,194,51.7,270,39.8,208,40.7,56.5,34.8,30.3,34.8,66,74.6,16.7,11,37.9,25,22.7,15,22.7,15,"L","522",28.5,,,,,,,,,"39.7","83.1","2577","-3.3","-40.3","-0.2","4.1","1.9","5.4","88.6","1678","13.4","-29.3","5.9","14.9","1.4",,,,,,,,,"55","95.4","2320","9.3","-11.7","18.7","21","1.2",,,,,,,,,,,,,,,,,,,,,,,,,,,,,,,,,,,,,,,,,,,,,,,,,,,,,,,,,"55","95.4","2320","9.3","-11.7","18.7","21","1.2","39.7","83.1","2577","-3.3","-40.3","-0.2","4.1","1.9","5.4","88.6","1678","13.4","-29.3","5.9","14.9","1.4"
"Williams, Devin",642207,2025,30,"31","27.1",119,101,23,16,6,0,1,36,12,30.3,10.1,".228",".317",".331","0.648","0.089",".338","16","18","9","1","82","2","2","2","0","0","5.27",,,"5","3","0","0","0","0","0","27","13","3","2","0","0","1","0","35","0","183","74","0","1","0","0","0","5","84","9","15","31","3","0","1","4","3","9","11","67","8","7","0","0","1","9","21","5","0","0","0","0","0","0","1","1","0","75","2","193","32","1","0","3","0","505","2","312","75","4","0","0","0","1",".224",".340",".298",".316",".334",".117",".362",".395",".348",".356",".004","-0.023","-0.018","72.1",24.1,14.4,9.3,30.9,19.9,"7.5",1,11.6,-4.9,47.7,31.9,"89.2","14.8",32.8,5,7.5,4.5,29.9,26.9,25.4,6,35.8,"77.915859697","94.58830803",65.2,32.7,32,40.9,59.1,36,88,54.5,275,92.6,5.3,267,238,0,505,66,49,150,45.5,230,49.3,249,35.7,47.1,40.3,38.8,20.9,67,56.3,44.8,30,19.4,13,23.9,16,11.9,8,"R","505",22.5,"47.1","93.7","2373","-11.5","-14.8","16.7","20.4","1.2",,,,,,,,,"52.9","84","2735","-20.2","-42.8","-3.5","20.6","1.4",,,,,,,,,,,,,,,,,,,,,,,,,,,,,,,,,,,,,,,,,,,,,,,,,,,,,,,,,,,,,,,,,,,,,,,,,"47.1","93.7","2373","-11.5","-14.8","16.7","20.4","1.2",,,,,,,,,"52.9","84","2735","-20.2","-42.8","-3.5","20.6","1.4"
"Ureña, José",570632,2025,33,"9","18.1",82,77,23,14,4,0,5,10,5,12.2,6.1,".299",".545",".341","0.886","0.246",".290","11","11","1","0","55","0","0","1","0","0","5.40",,,"1","1","0","0","0","0","0","15","11","1","0","0","0","0","0","17","0","86","40","0","0","0","0","0","2","73","4","5","7","2","0","0","0","7","4","12","67","6","0","0","1","0","10","17","8","1","0","0","0","0","0","0","0","2","26","0","93","42","0","0","1","0","304","0","211","26","1","0","0","0","1",".330",".641",".378",".423",".371",".311",".416",".470",".343",".379","-0.031","-0.096","-0.045","72.5",29.6,13.1,10.7,29.2,23.9,"7.6",1,13.3,-6.7,55.3,33.7,"89.5","19.3",40.3,10,14.9,6,23.9,29.9,22.4,3,38.8,"78.03121303","94.660410152",75.3,12.6,35.6,28.8,71.2,15,52,48,146,80,9.9,101,136,67,304,86.6,15,119,52,158,45.1,137,17.5,56.3,41.8,31.3,26.9,67,76.5,31.3,21,25.4,17,29.9,20,13.4,9,"R","304",30.3,"13.2","96.8","2115","-14.2","-16.8","12.7","19.1","1.1","22","87.3","2195","-0.2","-27.9","8.1","9","1.5","33.2","88.7","1852","-16.6","-26.3","8.7","18.9","1.5",,,,,,,,,"31.6","96.2","2106","-16.5","-19.9","9.9","19.4","1.1",,,,,,,,,,,,,,,,,,,,,,,,,,,,,,,,,,,,,,,,,,,,,,,,,,,,,,,,,"44.7","96.4","2109","-15.8","-19","10.7","19.3","1.1","22","87.3","2195","-0.2","-27.9","8.1","9","1.5","33.2","88.7","1852","-16.6","-26.3","8.7","18.9","1.5"
"Thornton, Trent",663423,2025,31,"19","20.1",92,80,23,15,1,1,6,14,8,15.2,8.7,".287",".550",".370","0.920","0.263",".279","16","16","0","1","61","1","0","0","0","0","7.08",,,"3","4","0","0","0","0","0","25","17","3","0","0","0","0","0","20","0","107","53","0","0","0","0","0","0","71","1","2","19","2","0","0","3","7","5","11","67","7","5","0","0","0","11","22","7","0","0","0","0","0","0","0","1","0","28","0","118","44","0","0","4","0","340","1","222","29","10","1","0","0","0",".329",".597",".395",".429",".407",".268",".428",".473",".343",".395","-0.042","-0.047","-0.034","71.9",31.8,16.7,13.5,34.2,27.7,"7.2",0,8.2,0.3,52,30.5,"91.6","11.8",37.3,8,11.9,6,32.8,19.4,29.9,0,47.8,"80.906518824","95.755280149",69.6,8.7,27,44.2,55.8,19,43,46.8,159,67.9,8.2,15,192,65,340,90.5,11,126,53.2,181,39.7,135,17.8,49.7,35.8,40.3,23.9,67,60.9,40.3,27,28.4,19,26.9,18,4.5,3,"R","340",39.2,"33.5","94.2","2478","-3.7","-14.7","16.1","16.6","1.2","1.8","84","2981","6.8","-42.9","-4.1","8.1","1.4","4.4","86.3","1839","-10.2","-31.6","5","11.8","1.5","17.4","80.8","3071","9.9","-55.7","-13.6","16.9","1.2","3.8","93.6","2314","-10.6","-22.9","8.2","13.6","1.5","19.1","89.4","2738","4.1","-30.1","4","6.3","1.4",,,,,,,,,,,,,,,,,"20","79.8","2840","17.1","-41.9","1.2","17.4","1.2",,,,,,,,,,,,,,,,,,,,,,,,,"56.5","92.5","2555","-1.6","-20.4","11.5","12.9","2.6","39.1","80.5","2948","13.5","-48.1","-5.6","16.8","1.4","4.4","86.3","1839","-10.2","-31.6","5","11.8","1.5"
"Romero, JoJo",668941,2025,28,"28","22.0",98,79,18,12,5,0,1,16,14,16.3,14.3,".228",".329",".344","0.673","0.101",".266","7","9","0","0","66","3","3","1","0","0","2.86",,,"1","1","0","0","0","0","0","30","8","1","0","0","0","0","0","24","0","124","70","0","0","0","0","0","1","50","1","6","28","2","0","0","1","3","9","6","65","2","10","0","3","0","12","27","2","1","0","0","0","0","0","2","2","0","33","2","145","26","0","0","1","0","366","4","221","34","13","3","0","0","0",".232",".383",".295",".319",".354",".152",".293",".327",".277",".291","-0.004","-0.054","-0.024","71.4",20.8,16,12.5,40.4,31.7,"7.4",5,9.6,-0.9,64.2,32.7,"89.6","4.9",28.4,5,7.5,4.5,13.4,22.4,44.8,4.5,40.3,"79.017395938","94.441789531",58.8,18.2,23.6,35.6,64.4,16,45,50.5,191,74.1,7.1,75,168,135,378,80.9,20,110,49.5,187,39.9,151,23.2,41,38.8,35.8,25.4,67,56.3,56.7,38,23.9,16,13.4,9,6,4,"L","378",31.2,"9.3","94.1","2300","10.8","-17.8","13.2","17.2","1.4","35.7","83.4","2802","-12.4","-39.9","-0.4","12.7","1.4","19.8","87.5","1431","15","-34.6","1.2","15.4","1.4",,,,,,,,,"35.2","93.6","2153","18","-29.1","2.4","18.3","1.4",,,,,,,,,,,,,,,,,,,,,,,,,,,,,,,,,,,,,,,,,,,,,,,,,,,,,,,,,"44.4","93.7","2184","16.5","-26.7","4.7","18.1","1.4","35.7","83.4","2802","-12.4","-39.9","-0.4","12.7","1.4","19.8","87.5","1431","15","-34.6","1.2","15.4","1.4"
"Romano, Jordan",605447,2025,32,"29","26.1",117,101,28,17,7,0,4,34,13,29.1,11.1,".277",".465",".368","0.833","0.188",".375","20","21","8","2","79","0","3","0","0","0","6.84",,,"9","6","0","0","0","0","0","16","19","8","1","0","0","3","0","37","0","141","86","0","3","0","0","0","2","72","9","13","29","3","0","0","2","9","7","12","68","14","6","0","1","0","10","19","2","0","0","0","0","0","0","0","1","0","47","1","157","47","3","0","6","0","446","1","289","54","0","0","0","0","0",".228",".391",".362",".315",".326",".163",".474",".394",".412",".340",".049",".074",".047","72",26.7,16.8,11.6,31.9,22.1,"7.4",2,11.1,-3,54.7,31.1,"88.5","17.7",35.3,7,10.3,7.4,25,23.5,27.9,5.9,38.2,"76.874655","94.278172836",61.4,20.3,26.8,60,40,33,55,46,205,85.3,7.6,0,174,272,446,79.7,30,148,54,241,43.9,196,31,45.5,38.2,33.8,27.9,68,68.1,38.2,26,29.4,20,20.6,14,11.8,8,"R","446",50.5,"39","95.4","2268","-6.8","-12.2","18.1","19.5","1.8","61","85.6","2000","2.2","-38.2","-0.8","3.2","1.9",,,,,,,,,,,,,,,,,,,,,,,,,,,,,,,,,,,,,,,,,,,,,,,,,,,,,,,,,,,,,,,,,,,,,,,,,,,,,,,,,"39","95.4","2268","-6.8","-12.2","18.1","19.5","1.8","61","85.6","2000","2.2","-38.2","-0.8","3.2","1.9",,,,,,,,
"Montgomery, Mason",682254,2025,25,"32","25.2",114,101,27,20,3,0,4,34,11,29.8,9.6,".267",".416",".345","0.761","0.149",".365","15","16","1","1","77","1","1","0","0","0","5.26",,,"5","10","0","0","1","0","0","28","19","5","0","0","0","0","0","34","0","127","57","0","1","0","0","0","0","88","8","4","32","3","0","0","1","7","9","11","68","13","9","0","0","0","8","26","4","0","0","0","0","0","0","1","0","0","70","1","140","42","1","1","10","0","441","1","301","78","14","6","0","0","2",".247",".401",".338",".322",".328",".153",".446",".420",".403",".375",".020",".015",".016","71.8",23.3,13.2,8.3,25.6,16,"7.1",3,7.3,2.4,44.7,32.7,"88.6","9.3",30.9,6,8.8,0,33.8,16.2,32.4,7.4,38.2,"76.681616061","94.544498308",71.8,27.7,35.5,53.5,46.5,38,71,45.4,200,70,11.3,0,269,172,441,71.1,48,173,54.6,241,45.4,200,35.2,55.3,36.8,30.9,32.4,68,73.7,51.5,35,22.1,15,22.1,15,4.4,3,"L","441",54.8,"61","98.7","2327","5.4","-9.1","18.9","19.8","1.2","39","89.8","2565","-0.8","-32.2","1.6","2.4","1.2",,,,,,,,,,,,,,,,,,,,,,,,,,,,,,,,,,,,,,,,,,,,,,,,,,,,,,,,,,,,,,,,,,,,,,,,,,,,,,,,,"61","98.7","2327","5.4","-9.1","18.9","19.8","1.2","39","89.8","2565","-0.8","-32.2","1.6","2.4","1.2",,,,,,,,
"Herrin, Tim",682120,2025,28,"31","24.2",111,91,21,14,4,0,3,23,16,20.7,14.4,".231",".374",".369","0.743","0.143",".277","11","11","0","0","74","4","2","1","0","0","4.01",,,"1","6","0","0","0","0","0","32","8","1","0","0","0","0","0","24","0","147","79","0","1","0","0","0","0","62","1","0","31","5","0","0","4","6","7","8","68","6","10","0","0","0","15","20","5","1","0","0","0","0","0","0","0","0","44","0","170","34","1","0","6","0","428","0","258","48","13","3","0","0","2",".239",".378",".340",".342",".376",".139",".349",".353",".309",".319","-0.008","-0.004","-0.002","71.8",20.5,16.1,12.3,41.1,31.5,"7.6",5,12,-6.1,50.7,32.4,"90.7","17",26.5,3,4.4,11.8,25,30.9,27.9,0,48.5,"81.071448235","94.726957794",58.7,13,27.6,53.1,46.9,34,64,54.2,232,81.1,8.6,0,164,264,428,87,15,115,45.8,196,40.2,172,27.4,41.8,33.8,44.1,22.1,68,57.7,39.7,27,30.9,21,19.1,13,10.3,7,"L","428",29.4,"22.7","94.5","2424","8.8","-17.7","12.9","15.7","1.2","20.8","87.6","2254","-0.2","-34","2","2.9","1.3",,,,,,,,,"40.9","81.3","2425","-11.4","-44.7","-3","12.1","1.4","15.7","93.1","2270","15.9","-29.4","2.4","16.3","1.4",,,,,,,,,,,,,,,,,,,,,,,,,,,,,,,,,,,,,,,,,,,,,,,,,,,,,,,,,"38.3","93.9","2361","11.7","-22.5","8.6","16","1.5","61.7","83.4","2367","-7.7","-41.1","-1.3","9","3.4",,,,,,,,
"Veneziano, Anthony",685107,2025,27,"24","21.0",100,86,25,15,4,2,4,20,10,20,10,".291",".523",".364","0.887","0.232",".328","11","11","0","1","63","0","0","1","0","0","4.71",,,"4","5","0","0","0","0","0","31","15","3","1","0","0","0","0","34","0","136","62","0","0","0","0","0","0","83","2","3","23","1","0","1","1","6","9","10","69","5","4","0","0","0","9","26","5","0","1","0","0","0","0","1","2","1","41","0","150","45","0","0","5","1","411","3","261","43","22","7","0","0","1",".299",".511",".379",".377",".371",".212",".440",".437",".368",".379","-0.008",".012",".002","72.5",31.2,21.5,17.1,28.9,22.9,"7.4",5,9.4,-0.8,50.6,33.9,"91.6","9.7",31.9,9,13,4.3,23.2,18.8,36.2,4.3,47.8,"79.958185882","96.011762836",68.2,16.3,30.2,35.9,60.9,23,64,51.7,212,71.4,6.8,30,172,100,411,83.7,22,135,48.3,198,42.2,173,22.6,48.4,42,34.8,23.2,69,65,50.7,35,24.6,17,21.7,15,2.9,2,"L","410",34.2,"32.4","94.1","2307","8.4","-16.5","14.6","17","1.3","24.4","87.2","2381","-2.3","-33","2.9","4.8","1.5","7.3","87.2","1681","16.5","-30.3","5.9","17.6","1.3",,,,,,,,,"9.5","93","2348","17","-22.3","9.3","19.5","1.2",,,,,,,,,,,,,,,,,,,,,,,,,"26.3","82.9","2449","-11.5","-39.9","0.3","12","1.5",,,,,,,,,,,,,,,,,,,,,,,,,"42","93.9","2317","10.4","-17.8","13.4","17.5","1.4","50.7","85","2416","-7.1","-36.6","1.5","8.5","2.7","7.3","87.2","1681","16.5","-30.3","5.9","17.6","1.3"
"Booser, Cam",592155,2025,33,"30","24.2",112,94,21,13,3,0,5,27,14,24.1,12.5,".223",".415",".330","0.745","0.192",".250","14","16","1","3","74","1","4","2","0","0","5.11",,,"0","0","0","0","0","0","0","25","18","0","0","0","0","1","0","26","0","149","70","0","1","0","0","0","1","83","12","6","30","0","0","0","2","6","7","8","69","8","7","0","1","0","17","16","5","0","0","0","0","0","0","0","2","0","49","2","166","39","1","0","0","0","451","2","285","50","12","3","0","0","2",".201",".390",".326",".314",".318",".189",".373",".354",".304",".284",".022",".025",".012","70.9",15.4,13.1,9.6,31.4,22.9,"7.5",1,11.8,-5.6,47.9,31.3,"90.6","20.2",33.3,7,10.1,4.3,17.4,39.1,23.2,5.8,42,"80.055494242","94.889388788",67.1,21.9,28.3,45.3,53.1,29,64,50.1,226,83.3,6.7,14,315,0,451,78.1,33,151,49.9,225,45.5,205,28.8,47.7,47.8,33.3,18.8,69,58,33.3,23,34.8,24,20.3,14,11.6,8,"L","451",37.2,"49.4","95.8","2150","7.3","-13.7","16.3","18","1.4",,,,,,,,,"3.1","87.6","1445","15.2","-31.3","4.4","16","1.3",,,,,,,,,,,,,,,,,"20.4","87.6","2154","-2.9","-34.6","1.1","4","1.8",,,,,,,,,,,,,,,,,"27.1","81.8","2169","-12.9","-45.1","-3.8","13.7","1.5",,,,,,,,,,,,,,,,,,,,,,,,,"69.8","93.4","2152","4.3","-19.8","11.8","13.9","4.2","27.1","81.8","2169","-12.9","-45.1","-3.8","13.7","1.5","3.1","87.6","1445","15.2","-31.3","4.4","16","1.3"
"Johnson, Pierce",572955,2025,34,"28","25.2",107,98,26,19,4,0,3,30,7,28,6.5,".265",".398",".318","0.716","0.133",".348","10","11","1","2","77","1","3","2","0","0","3.51",,,"5","13","0","0","1","0","0","23","12","5","0","0","0","2","0","27","0","134","92","0","2","0","0","0","1","85","5","8","28","1","0","1","1","5","10","9","67","5","5","0","0","0","14","18","4","0","0","0","0","0","0","0","1","0","43","1","148","37","2","1","13","0","445","1","297","47","15","6","0","0","0",".220",".386",".315",".293",".281",".166",".408",".374",".377",".320",".045",".012",".022","71",17.6,15.5,11.9,32.4,24.9,"7.3",5,8.5,-1.3,50.8,32,"90.6","13",33.3,7,10.1,7.2,24.6,26.1,29,2.9,42,"80.835665","94.501602353",61.4,17.6,29,46,54,29,63,46.6,217,57.1,6,0,144,321,465,81.7,27,153,53.4,249,43.6,203,25.9,46.5,42,37.7,20.3,69,72,43.5,30,27.5,19,20.3,14,8.7,6,"R","465",38.5,"24.5","95.3","2320","-11.3","-14.8","15.5","19.3","1.1",,,,,,,,,,,,,,,,,"69","85.8","2885","7.4","-41.3","-4.3","8.9","1.1",,,,,,,,,"6.5","92.2","2554","-1.6","-23.1","9","9.5","1.3",,,,,,,,,,,,,,,,,,,,,,,,,,,,,,,,,,,,,,,,,,,,,,,,,"31","94.6","2369","-9.3","-16.5","14.1","17.2","1.7","69","85.8","2885","7.4","-41.3","-4.3","8.9","1.1",,,,,,,,
"Soto, Gregory",642397,2025,30,"32","26.2",115,102,24,15,7,0,2,34,9,29.6,7.8,".235",".363",".307","0.670","0.128",".328","10","11","0","0","80","0","2","3","0","0","3.38",,,"3","3","0","0","0","0","0","29","14","2","1","0","0","1","0","33","0","131","74","0","0","0","0","0","0","76","6","7","32","2","0","0","2","5","5","14","70","10","17","0","0","0","13","28","1","0","1","0","0","0","0","1","1","0","56","1","150","37","0","0","3","1","434","2","284","58","16","4","0","0","1",".220",".326",".298",".280",".295",".106",".382",".351",".348",".328",".015",".037",".018","71.7",19.3,14.2,10.5,33.1,24.6,"7.4",8,9.3,-1,46.2,31.3,"90.5","9.3",34.3,2,2.9,8.6,24.3,21.4,35.7,7.1,42.9,"80.072422286","94.977134348",63.6,21.7,32.1,49.3,50.7,33,67,48.2,209,85.7,8.1,3,268,156,434,78.3,31,143,51.8,225,40.6,176,30.5,48.4,48.6,37.1,14.3,70,63.5,47.1,33,27.1,19,21.4,15,4.3,3,"L","434",38.2,"11.5","97.1","2253","11.4","-16.1","13","17.4","1.2","35.9","86.3","2366","-2.7","-32.9","3.9","5.5","1.7",,,,,,,,,,,,,,,,,"50.2","96.7","2265","17.5","-20.1","9.3","19.9","1.4",,,,,,,,,"0.7","88.7","1750","14.7","-27.4","7.6","16.9","1.4",,,,,,,,,"1.6","84.2","2568","-13.3","-36.4","2.6","13.9","1.4",,,,,,,,,,,,,,,,,,,,,,,,,"61.8","96.8","2263","16.4","-19.4","10","19.4","1.3","37.6","86.3","2375","-3.1","-33","3.8","5.8","1.8","0.7","88.7","1750","14.7","-27.4","7.6","16.9","1.4"
"Miller, Erik",669062,2025,27,"30","24.2",110,86,20,16,4,0,0,18,18,16.4,16.4,".233",".279",".380","0.659","0.046",".290","3","3","0","2","74","3","0","1","0","0","1.09",,,"1","2","0","0","0","0","0","35","7","1","0","0","0","0","0","37","0","149","49","0","0","0","0","0","1","55","2","2","30","6","0","0","3","1","7","12","70","6","9","0","4","0","12","28","3","1","0","0","0","0","0","2","1","0","52","0","167","24","0","0","2","0","403","3","236","56","14","5","0","0","0",".259",".349",".300",".332",".401",".090",".279",".328",".290",".324","-0.026","-0.070","-0.032","71",18.4,13,9.2,35.7,25.2,"7.1",4,10,-2.1,46.6,32,"88.6","10",29.6,2,2.8,4.2,28.2,22.5,36.6,5.6,32.4,"79.115159412","93.048958235",74.1,20.6,26.7,50.8,44.6,33,65,58.8,243,82.4,4.1,105,218,90,413,78.6,26,126,41.2,170,40.4,167,30.9,46.2,42.3,33.8,23.9,71,65.1,49.3,35,19.7,14,22.5,16,8.5,6,"L","413",32.2,"33.4","97.3","2315","10.4","-14.2","14.9","18.2","1.2","21.8","86.3","2627","-6.4","-38.1","-1","7.1","1.4","25.4","87.1","1944","17.1","-34.2","2.1","17.4","1.4",,,,,,,,,"19.4","97.3","2329","17.1","-20.4","8.6","19.2","1.3",,,,,,,,,,,,,,,,,,,,,,,,,,,,,,,,,,,,,,,,,,,,,,,,,,,,,,,,,"52.8","97.3","2320","12.8","-16.5","12.6","18.6","1.2","21.8","86.3","2627","-6.4","-38.1","-1","7.1","1.4","25.4","87.1","1944","17.1","-34.2","2.1","17.4","1.4"
"Lawrence, Casey",596271,2025,37,"6","17.2",80,77,26,18,6,0,2,7,1,8.8,1.3,".338",".494",".350","0.844","0.156",".348","8","15","0","0","53","1","2","1","0","0","4.08",,,"2","8","1","0","0","0","0","15","14","1","1","0","0","0","0","24","0","92","52","0","0","0","0","0","0","38","1","4","6","2","0","0","1","4","10","12","71","8","0","0","0","0","14","18","6","0","0","0","0","0","0","0","1","0","17","7","97","38","0","0","9","0","276","1","179","17","0","0","0","0","1",".366",".610",".364",".433",".385",".245",".391",".468",".366",".406","-0.028","-0.116","-0.069","71.8",22.7,24.8,21.8,44.8,39.5,"7.5",5,13.7,-5.1,52.9,32.5,"89.3","15.1",42.3,9,12.7,7,29.6,19.7,26.8,4.2,43.7,"77.453816389","94.830128169",65.5,9.9,26.3,25,75,9,36,49.6,137,83.3,8.7,59,134,20,276,90.1,9,91,50.4,139,44.2,122,14.2,46,43.7,31,25.4,71,62.5,39.4,28,26.8,19,25.4,18,8.5,6,"R","276",19.6,"6.9","87.9","2158","-13.5","-23","12.6","18.6","1.3","6.5","78.4","2587","2.9","-39","5.8","7","1.3","21.4","80.6","1838","-18","-41.7","0.7","18.1","1.1","0.7","75.4","2594","7.7","-52.3","-4.8","9.2","1.5","39.9","87.5","2089","-16.6","-31.3","4.5","17.3","1","1.8","82.9","2270","-4.7","-32.7","7.2","9.6","1.4",,,,,,,,,,,,,,,,,"22.8","77.7","2620","11.7","-41.2","4.5","12.8","1.1",,,,,,,,,,,,,,,,,,,,,,,,,"48.6","87.4","2105","-15.7","-30.1","5.8","17.2","1.4","30.1","77.8","2612","9.7","-40.9","4.6","11.4","1.2","21.4","80.6","1838","-18","-41.7","0.7","18.1","1.1"
"Borucki, Ryan",621366,2025,31,"28","25.1",105,92,21,10,8,0,3,22,11,21,10.5,".228",".413",".317","0.730","0.185",".269","14","16","0","3","76","1","3","2","1","0","4.97",,,"1","2","0","0","0","0","0","17","16","0","1","0","0","0","0","24","0","138","67","0","2","0","0","0","1","65","2","7","28","3","0","2","1","5","13","2","69","7","6","0","1","0","5","30","8","0","0","0","0","0","0","1","0","0","52","2","152","36","2","0","2","0","413","1","261","55","13","4","0","0","0",".257",".441",".319",".340",".343",".184",".360",".391",".300",".338","-0.029","-0.028","-0.021","70.9",21,17.2,12.7,31.9,23.6,"7.7",6,14.2,-11.5,47.8,33.3,"87.2","5.9",26.8,6,8.5,9.9,25.4,11.3,32.4,12.7,39.4,"73.833905455","94.30216697",68,19.3,26,51.7,46.6,30,58,52,223,76.9,9.1,68,109,177,429,79.3,27,140,48,206,38.9,167,28.8,46.2,59.2,21.1,19.7,71,54.8,63.4,45,14.1,10,14.1,10,8.5,6,"L","429",27.6,,,,,,,,,"41.3","85.4","2283","-1.4","-35.7","1.8","3.2","1.5",,,,,,,,,,,,,,,,,"25.4","93.7","2288","18.3","-22.9","8.4","20.3","1.2",,,,,,,,,"15.9","83.7","1351","13.5","-39.3","-0.1","13.8","1.5",,,,,,,,,"17.5","81.1","2544","-13.6","-42.2","-0.2","14","1.5",,,,,,,,,,,,,,,,,,,,,,,,,"25.4","93.7","2288","18.3","-22.9","8.4","20.3","1.2","58.7","84.1","2361","-5","-37.7","1.2","6.4","2.6","15.9","83.7","1351","13.5","-39.3","-0.1","13.8","1.5"
"Festa, David",701581,2025,25,"6","26.1",115,100,23,14,5,0,4,29,12,25.2,10.4,".230",".400",".330","0.730","0.170",".284","14","17","0","0","79","1","1","0","0","0","4.78",,,"2","11","1","0","3","0","0","14","13","2","0","0","1","0","0","20","0","168","57","0","2","0","0","0","0","97","3","0","0","0","0","1","3","8","4","11","71","6","0","0","0","0","17","19","7","0","0","0","0","0","0","0","0","6","58","3","180","40","2","2","12","0","471","0","291","61","0","0","0","0","0",".268",".506",".327",".376",".364",".238",".381",".461",".324",".378","-0.038","-0.106","-0.049","72.5",26.4,16.6,12.3,30.6,22.6,"7.5",5,13.4,-6.4,58.5,32.6,"92.1","18.4",40.8,8,11.3,9.9,21.1,31,25.4,1.4,45.1,"82.570330556","95.629978028",73.4,17.5,26.5,54,44.4,34,63,50.5,238,81.4,9.1,147,207,117,471,81.9,30,171,49.5,233,41.8,197,27.4,49.7,45.1,36.6,18.3,71,67,32.4,23,35.2,25,25.4,18,7,5,"R","471",49.4,"35.5","94.6","2426","-3.8","-12.2","18.6","19.1","1.2","24.8","87.4","2608","1.7","-33.1","2.7","3.6","1.3","31.2","88","1787","-13.5","-28.1","7.3","15.5","1.2",,,,,,,,,"8.5","94.5","2335","-13.3","-16","14.7","19.9","1.3",,,,,,,,,,,,,,,,,,,,,,,,,,,,,,,,,,,,,,,,,,,,,,,,,,,,,,,,,"43.9","94.6","2408","-5.7","-12.9","17.8","19.2","1.2","24.8","87.4","2608","1.7","-33.1","2.7","3.6","1.3","31.2","88","1787","-13.5","-28.1","7.3","15.5","1.2"
"Pagán, Emilio",641941,2025,34,"31","30.2",121,109,16,6,5,0,5,38,11,31.4,9.1,".147",".330",".231","0.561","0.183",".167","11","13","17","2","92","0","2","0","1","0","3.23",,,"1","3","0","0","0","0","0","20","12","1","0","0","0","1","0","27","0","149","66","0","0","0","0","0","1","92","4","25","31","0","0","0","1","7","4","5","71","4","2","0","0","0","25","15","5","0","0","0","0","0","0","0","0","0","69","2","157","36","0","0","3","0","463","0","306","71","2","0","0","0","1",".192",".407",".251",".295",".272",".215",".310",".385",".225",".295","-0.045","-0.077","-0.044","71.6",23.2,10.7,7.6,31.3,22.3,"7.3",5,11.1,-5,61.6,29.7,"89.8","25.3",25.4,8,11.3,7,21.1,39.4,19.7,1.4,42.3,"79.576020278","94.396184507",71,23.4,31.1,50.7,46.4,35,69,47.9,222,81.3,6.9,83,380,0,463,76.6,40,171,52.1,241,45.1,209,31.3,51.8,39.4,29.6,31,71,67.8,26.8,19,45.1,32,14.1,10,14.1,10,"R","463",42,"61.6","95.3","2601","-6.5","-11.6","18.8","20","1.2",,,,,,,,,,,,,,,,,,,,,,,,,,,,,,,,,"20.5","86.8","2449","5.1","-31","5.1","7.7","1.2","17.9","84.4","1064","-7.4","-35.9","2.4","8.2","1.2",,,,,,,,,,,,,,,,,,,,,,,,,,,,,,,,,,,,,,,,,"82.1","93.1","2563","-3.6","-16.4","15.3","16.9","4.1",,,,,,,,,"17.9","84.4","1064","-7.4","-35.9","2.4","8.2","1.2"
"Alcala, Jorge",660896,2025,29,"23","25.1",117,99,29,17,7,0,5,29,15,24.8,12.8,".293",".515",".385","0.900","0.222",".358","24","25","0","1","76","0","2","3","0","0","8.53",,,"3","4","1","0","0","0","0","20","22","2","1","0","0","0","0","29","0","173","79","0","1","0","0","0","0","100","5","8","23","2","0","0","1","7","12","10","72","13","1","0","0","0","11","17","3","0","0","0","0","0","0","0","2","0","45","1","183","51","1","0","5","0","492","2","309","51","3","1","0","0","0",".222",".396",".389",".320",".327",".175",".477",".365",".403",".309",".071",".119",".069","72",29.4,9,6.9,25.2,19.1,"7.3",1,11,-2,60.8,31.6,"88.1","18.1",30.6,8,11.1,2.8,20.8,30.6,29.2,5.6,34.7,"76.687584722","93.94898",67.6,21.5,26.7,31.3,65.7,21,67,51,251,68.9,9.1,22,285,185,492,78.5,35,163,49,241,42.1,207,24.3,46.7,44.4,31.9,23.6,72,59.8,40.3,29,26.4,19,19.4,14,13.9,10,"R","492",51.6,"43.9","97.1","2444","-9.2","-11","18.2","20.5","1.5","21.1","90","2446","2.6","-28.1","5.7","7","1.7","4.5","90.9","2345","-15.1","-20.7","12.5","19.7","1.5","16.5","85.1","2549","3.2","-42.8","-5","6.4","1.8","14","96.5","2115","-14.7","-17.2","12.4","19.2","1.3",,,,,,,,,,,,,,,,,,,,,,,,,,,,,,,,,,,,,,,,,,,,,,,,,,,,,,,,,"57.9","97","2365","-10.5","-12.5","16.8","20.2","1.5","37.6","87.8","2491","2.9","-34.5","1","6.8","3","4.5","90.9","2345","-15.1","-20.7","12.5","19.7","1.5"
"Helsley, Ryan",664854,2025,30,"26","26.0",116,101,27,20,3,0,4,31,12,26.7,10.3,".267",".416",".345","0.761","0.149",".338","11","11","14","5","78","3","0","3","0","0","3.81",,,"2","2","0","0","0","0","0","28","10","1","1","0","0","0","0","28","0","119","65","0","0","0","0","0","4","101","4","20","26","1","0","0","1","4","10","13","72","4","0","0","2","0","8","22","7","0","0","0","0","0","0","0","2","0","61","0","141","42","0","0","2","0","448","2","307","65","0","0","0","0","0",".249",".416",".329",".321",".331",".166",".415",".402",".375",".353",".018",".000",".008","71.2",23.4,9.7,7.1,28.3,20.8,"7.5",8,12.2,-6.2,56.3,32.1,"91.7","13.2",37.5,5,6.9,8.3,29.2,23.6,30.6,1.4,47.2,"82.061841389","95.151881389",72.2,16.4,33.6,57.7,42.3,41,71,47.1,211,88.2,7.6,0,222,226,448,83.6,28,171,52.9,237,41.1,184,28.5,54,38.9,47.2,13.9,72,60.5,44.4,32,19.4,14,27.8,20,8.3,6,"R","448",63.1,"47.1","99.1","2521","-2.2","-10.3","17.7","18","1.6","45.5","89","2415","3.9","-33.8","0.8","4.9","2.1",,,,,,,,,"4.9","80","2494","3.2","-55.7","-12.8","13.3","1.8",,,,,,,,,"2.5","93.6","2447","4.5","-19.7","11.4","12.3","1.5",,,,,,,,,,,,,,,,,,,,,,,,,,,,,,,,,,,,,,,,,,,,,,,,,"49.6","98.8","2517","-1.8","-10.7","17.4","17.7","2","50.4","88.1","2423","3.8","-36","-0.6","5.7","3.4",,,,,,,,
"Bowman, Matt",621199,2025,34,"18","21.2",95,89,23,13,7,0,3,16,5,16.8,5.3,".258",".438",".305","0.743","0.180",".286","11","12","0","0","65","0","1","0","0","0","4.57",,,"2","5","0","0","0","0","0","18","13","2","0","0","0","0","0","26","0","135","67","0","0","0","0","0","0","69","3","8","18","0","0","0","1","5","6","12","73","7","0","0","0","0","14","20","8","0","0","0","0","0","0","0","0","0","30","1","137","39","0","0","5","0","381","0","244","31","8","2","0","0","1",".256",".413",".324",".311",".303",".158",".365",".347",".315",".312",".002",".025",".013","71.8",20.9,14.9,12.2,27.3,22.3,"7.1",3,7.8,2.7,44.6,30.6,"87","13.3",35.6,5,6.8,9.6,17.8,31.5,24.7,9.6,32.9,"75.242089167","93.53904493",63.5,12,28.3,36.5,63.5,19,52,48.3,184,66.7,8.7,30,273,0,381,87.2,15,125,51.7,197,39.1,149,19.2,46.5,41.1,35.6,23.3,73,67.4,35.6,26,26,19,27.4,20,11,8,"R","381",29.6,"1.6","90","2102","-6.9","-23.8","10.3","12.6","1.4",,,,,,,,,,,,,,,,,,,,,,,,,"42.8","91.2","2070","-18.3","-29.7","3.5","18.7","1","27.3","88.5","2291","2","-27.8","7.4","8","1.2","7.9","84.2","1246","-8.8","-38.9","-0.1","9.5","1.4",,,,,,,,,"20.5","82.9","2663","12.4","-35.3","5.1","13.7","1.4",,,,,,,,,,,,,,,,,,,,,,,,,"71.7","90.1","2155","-10.3","-28.9","5.1","14.5","1.8","20.5","82.9","2663","12.4","-35.3","5.1","13.7","1.4","7.9","84.2","1246","-8.8","-38.9","-0.1","9.5","1.4"
"Cano, Yennier",666974,2025,31,"30","24.2",110,100,29,21,3,1,4,28,8,25.5,7.3,".290",".460",".349","0.809","0.170",".368","14","15","0","2","74","1","4","0","1","0","5.11",,,"7","11","0","0","1","0","0","16","14","7","0","0","0","0","0","26","0","139","78","0","0","1","0","0","0","81","3","3","30","4","0","0","1","7","10","10","69","10","11","0","0","0","6","28","5","0","0","0","0","0","0","1","0","0","46","1","151","44","1","1","11","0","431","1","280","47","9","3","0","0","0",".255",".392",".354",".311",".316",".137",".449",".384",".403",".354",".035",".068",".043","72.2",25,13,9.8,32.6,24.5,"7.4",3,10.4,-2.2,60.9,34.3,"88.9","5.9",28.8,5,6.8,5.5,28.8,16.4,39.7,2.7,37,"78.331758333","93.99462",61.1,14.4,33.1,43,57,34,79,52.5,239,73.5,7.5,104,267,84,455,84.1,19,132,47.5,216,43.5,198,25.1,46.4,34.2,47.9,17.8,73,61.8,53.4,39,19.2,14,23.3,17,4.1,3,"R","455",17.5,"7.5","95.5","2248","-14.5","-21.5","8.7","16.9","1.1","18.5","86.9","2455","9.9","-37.3","-0.6","10.4","1.3","22.9","91.9","1853","-18.1","-30.5","2.2","18.3","1",,,,,,,,,"45.1","95.5","2068","-17.7","-31","-0.8","17.8","0.9","6.2","92","2146","-6.3","-29.8","2.6","7.8","1.3",,,,,,,,,,,,,,,,,,,,,,,,,,,,,,,,,,,,,,,,,,,,,,,,,"58.7","95.1","2099","-16.1","-29.7","0.8","16.7","1.5","18.5","86.9","2455","9.9","-37.3","-0.6","10.4","1.3","22.9","91.9","1853","-18.1","-30.5","2.2","18.3","1"
"Gibaut, Ian",664139,2025,31,"21","21.2",94,88,23,15,5,0,3,15,5,16,5.3,".261",".420",".298","0.718","0.159",".282","11","11","0","1","65","0","1","0","0","0","4.57",,,"2","5","0","0","0","0","0","16","8","2","0","0","0","0","0","19","0","104","53","0","1","0","0","0","1","51","4","4","21","0","0","0","0","8","8","7","74","6","3","0","0","0","14","18","8","1","1","0","0","1","0","0","1","0","24","0","113","37","1","0","5","1","322","1","209","24","4","0","0","0","1",".258",".460",".312",".324",".297",".202",".350",".365",".311",".310",".003","-0.040","-0.012","71.4",18.7,14.8,12.7,34.8,29.9,"6.9",4,6,5.5,53,31.1,"88.1","21.9",36.5,8,10.8,5.4,16.2,36.5,28.4,2.7,33.8,"77.477230811","93.494766757",68.2,13.3,24.7,36.1,61.1,13,36,45.3,146,70,9.3,6,218,29,322,85.8,16,120,54.7,176,44.1,142,18.6,48.4,29.7,35.1,35.1,74,63.8,35.1,26,29.7,22,21.6,16,13.5,10,"R","321",49.9,"53","94","2137","-5.4","-13.8","17.2","18.2","1.1","9","87.8","2336","6","-34.6","0.8","6.4","1.6","1.9","85.1","1974","-16.6","-30.1","7.9","18.4","1.5",,,,,,,,,,,,,,,,,"15","90.5","2341","4.9","-23.1","10","11.4","1.3",,,,,,,,,,,,,,,,,"21.2","84","2607","14.2","-39.6","-0.7","14.5","2",,,,,,,,,,,,,,,,,,,,,,,,,"67.9","93.2","2182","-3.1","-15.9","15.7","16.7","1.9","30.2","85.1","2526","11.8","-38.1","-0.3","12.1","2.5","1.9","85.1","1974","-16.6","-30.1","7.9","18.4","1.5"
"Gaddis, Hunter",683769,2025,27,"32","29.1",125,109,27,19,5,0,3,37,13,29.6,10.4,".248",".376",".333","0.709","0.128",".348","6","7","0","1","88","0","1","2","0","0","1.84",,,"3","2","3","0","0","1","0","40","15","3","0","0","0","0","0","40","0","171","77","0","0","0","0","0","0","94","6","3","32","4","0","0","1","4","8","14","74","9","16","0","2","0","16","21","5","0","0","0","0","0","0","2","0","0","75","1","179","41","0","1","5","0","505","2","326","75","17","10","0","0","0",".223",".349",".312",".289",".312",".125",".409",".370",".375",".338",".025",".027",".023","70.8",19.7,13.2,9.6,31.8,23.1,"7.4",8,11.7,-5.9,54.3,31,"89.7","17.6",32.4,4,5.4,5.4,28.4,29.7,25.7,5.4,31.1,"80.1659675","93.870162113",67.8,21.3,33.1,52.8,47.2,47,89,53.3,269,68.6,6.9,93,152,260,505,78.8,34,160,46.7,236,40.2,203,32.5,49.3,45.9,31.1,23,74,63.4,39.2,29,27,20,25.7,19,8.1,6,"R","505",36.8,"30.1","94.5","2348","-7.4","-12.9","18","19.5","1.2","51.5","89.6","2281","5","-27.2","6.9","8.8","1.5","18.4","78.4","2193","-18.2","-35.7","9.2","20.7","2.1",,,,,,,,,,,,,,,,,,,,,,,,,,,,,,,,,,,,,,,,,,,,,,,,,,,,,,,,,,,,,,,,,,,,,,,,,"30.1","94.5","2348","-7.4","-12.9","18","19.5","1.2","51.5","89.6","2281","5","-27.2","6.9","8.8","1.5","18.4","78.4","2193","-18.2","-35.7","9.2","20.7","2.1"
"Hoffman, Jeff",656546,2025,32,"32","31.0",129,118,25,11,6,0,8,44,9,34.1,7,".212",".466",".271","0.737","0.254",".254","19","19","17","3","93","6","2","1","0","0","5.52",,,"0","3","0","0","1","0","0","17","24","0","0","0","0","2","0","27","0","137","84","0","2","0","0","0","1","93","6","28","32","1","0","0","0","7","8","10","73","9","0","0","1","0","12","20","7","0","0","0","0","0","0","0","1","0","72","0","142","55","2","1","3","0","475","1","333","76","6","5","0","0","0",".213",".424",".314",".299",".275",".211",".453",".427",".333",".340","-0.001",".042",".015","71.6",22.6,15.6,10.6,30.4,20.6,"7.4",10,11.3,-4.1,55.8,30.8,"90.3","17.2",34.7,9,12,6.7,22.7,28,28,2.7,41.3,"79.459056053","94.974319333",65.8,23.1,38.4,51.7,48.3,46,89,47.4,232,74.2,6.3,114,227,148,489,76.3,39,169,52.6,257,42.7,209,32.9,52.8,36,40,24,75,75,38.7,29,25.3,19,24,18,12,9,"R","489",37.9,"39.5","96.8","2596","-11.7","-11.8","17.8","21.4","1","30.3","87.3","2808","5.7","-37.4","-1.2","6.7","1.5",,,,,,,,,,,,,,,,,"7","96.9","2552","-16.5","-14.7","14.8","22.3","1.2",,,,,,,,,"23.3","90.5","1651","-15.9","-29.1","4.5","16.8","1.1",,,,,,,,,,,,,,,,,,,,,,,,,,,,,,,,,,,,,,,,,"46.4","96.8","2589","-12.4","-12.2","17.3","21.5","0.9","30.3","87.3","2808","5.7","-37.4","-1.2","6.7","1.5","23.3","90.5","1651","-15.9","-29.1","4.5","16.8","1.1"
"Stanek, Ryne",592773,2025,33,"29","24.0",108,98,26,19,4,1,2,23,10,21.3,9.3,".265",".388",".333","0.721","0.123",".329","13","18","1","3","72","2","4","1","0","0","4.88",,,"1","2","0","0","0","0","0","18","12","1","0","0","0","0","0","21","0","144","49","0","0","0","0","0","1","104","6","8","29","3","0","0","0","5","11","10","75","8","5","0","0","0","19","13","6","0","0","0","0","0","0","0","0","0","57","5","158","38","0","0","2","0","453","0","295","61","2","1","0","0","1",".241",".397",".321",".311",".312",".156",".369",".355",".347",".315",".024","-0.009",".010","71.3",18.3,12.7,9.4,28.3,21,"7.2",3,8.5,1.7,51.3,31.2,"90.9","21.4",32,8,10.7,2.7,24,40,21.3,1.3,44,"81.315459474","94.561835733",78.4,23.6,29,37.5,62.5,24,64,48.8,221,87.8,9.1,50,279,100,453,76.4,43,182,51.2,232,42.4,192,27.2,54.3,32,38.7,29.3,75,63,32,24,32,24,21.3,16,14.7,11,"R","453",49.1,"61.4","98.4","2331","-8.6","-9.9","18.6","20.6","1.3","22.1","88.5","2462","2.9","-34.3","0.7","3.8","1.6",,,,,,,,,,,,,,,,,"0.2","91.7","1211","-16","-23.4","9.2","18.4",,,,,,,,,,"11","90","960","-12.1","-27.9","5.9","14.1","1.2",,,,,,,,,"5.3","85","2557","10.2","-35.7","2.3","10.9","1.6",,,,,,,,,,,,,,,,,,,,,,,,,"61.6","98.4","2327","-8.7","-10","18.5","20.6","1.3","27.4","87.9","2481","4.3","-34.5","1","5.2","2.1","11","90","960","-12.1","-27.9","5.9","14.1","1.2"
"Baker, Bryan",641329,2025,30,"36","33.2",124,117,23,13,2,2,6,42,7,33.9,5.6,".197",".402",".242","0.644","0.205",".246","9","10","2","2","101","3","1","0","0","0","2.41",,,"1","6","0","0","0","0","0","33","10","1","0","0","0","0","0","24","0","156","88","0","1","0","0","0","0","96","8","7","36","4","0","0","0","10","5","8","75","3","9","0","0","0","12","22","9","0","0","0","0","0","0","0","0","0","66","1","162","47","1","0","6","0","496","0","334","67","18","2","0","0","0",".224",".444",".279",".304",".268",".220",".397",".437",".307",".349","-0.027","-0.042","-0.025","70.9",21.3,13.5,9.3,27.6,19.1,"7.1",3,9,1.5,49.8,29.5,"89.4","20.5",36,10,13.3,8,25.3,25.3,26.7,1.3,46.7,"78.337078421","94.6280736",67.7,25.8,28.2,43.8,56.3,28,64,45.8,227,76.6,9.5,104,254,138,496,74.2,47,182,54.2,269,44.2,219,30.5,49.6,37.3,38.7,24,75,63.7,36,27,29.3,22,22.7,17,12,9,"R","496",53.5,"51.2","96.7","2325","-4.5","-10.8","18.6","19.2","1.1","27.8","87.7","2382","7.1","-30.6","4.8","9.1","2","21","84.4","1864","-15.1","-30.4","8","17.2","1.9",,,,,,,,,,,,,,,,,,,,,,,,,,,,,,,,,,,,,,,,,,,,,,,,,,,,,,,,,,,,,,,,,,,,,,,,,"51.2","96.7","2325","-4.5","-10.8","18.6","19.2","1.1","27.8","87.7","2382","7.1","-30.6","4.8","9.1","2","21","84.4","1864","-15.1","-30.4","8","17.2","1.9"
"Legumina, Casey",668984,2025,28,"26","26.2",119,102,24,17,4,0,3,28,15,23.5,12.6,".235",".363",".339","0.702","0.128",".296","12","15","0","0","80","4","3","0","0","0","4.05",,,"1","2","0","0","0","0","0","24","16","1","0","0","0","2","0","31","0","153","76","0","0","0","0","0","0","88","9","8","25","5","0","0","1","1","11","11","73","8","2","0","2","0","13","23","5","0","0","0","0","0","0","1","0","1","51","3","155","36","0","0","2","0","452","1","297","51","1","1","0","0","2",".230",".334",".311",".297",".335",".104",".357",".334",".324",".318",".005",".029",".014","69.9",14.5,16.8,12.4,34.3,25.4,"6.8",5,6.4,6.2,43.5,30.5,"90.2","16.8",24,5,6.7,2.7,28,29.3,30.7,2.7,42.7,"79.796730541","94.570008243",66.1,26.5,29.1,27.4,72.6,17,62,46.5,213,78.8,7.2,54,312,7,458,73.5,43,162,53.5,245,44.1,202,26.8,48.9,32,40,28,75,59.8,46.7,35,18.7,14,22.7,17,12,9,"R","458",17.4,"55.2","94.2","2455","-14.9","-17.3","13.8","20.4","1.4","1.5","82.5","2813","10.3","-38","2.3","11.2","1.4","11.8","87.7","1616","-15.9","-34.6","1","16.1","1.6",,,,,,,,,"12.9","94","2344","-18.1","-22.7","8.4","20.1","1.4",,,,,,,,,,,,,,,,,,,,,,,,,"18.6","80.7","2685","10.3","-35.4","6.7","13.2","1.4",,,,,,,,,,,,,,,,,,,,,,,,,"68.1","94.2","2434","-15.5","-18.3","12.8","20.3","1.4","20.1","80.9","2695","10.3","-35.6","6.4","13.1","1.4","11.8","87.7","1616","-15.9","-34.6","1","16.1","1.6"
"Okert, Steven",595345,2025,33,"30","34.2",128,116,17,9,4,0,4,44,6,34.4,4.7,".147",".284",".198","0.482","0.137",".186","10","11","1","2","104","1","2","0","0","0","2.60",,,"6","9","0","0","0","0","0","24","14","4","2","0","0","0","0","31","0","153","71","0","0","0","0","0","0","87","8","5","30","2","0","0","2","5","2","10","76","4","3","0","1","0","27","11","7","0","0","0","0","1","0","2","2","0","83","1","158","33","0","0","9","0","486","4","328","85","18","5","0","0","0",".186",".372",".210",".260",".237",".185",".289",".373",".230",".295","-0.039","-0.088","-0.050","71.4",23.3,14.7,9.5,35.3,22.8,"7.3",1,11.5,-4.9,48.7,31.3,"90.5","30",31.6,8,10.5,9.2,15.8,48.7,11.8,3.9,38.2,"80.791982432","94.28750473",73.5,25.9,27.5,70,30,42,60,44.9,218,76,10.3,1,219,265,486,73.6,51,197,55.1,268,45.9,223,36.2,52.9,36.8,34.2,28.9,76,59.1,17.1,13,46.1,35,22.4,17,14.5,11,"L","485",34.1,"43.7","92.4","2237","8.8","-15.9","16.5","18.8","1.2","54.6","80.9","2507","-8.5","-34.7","7.4","11.9","1.5","0.2","85.9","2596","2.6","-28.4","9.7","10",,,,,,,,,,,,,,,,,,"1.4","91.2","2378","1.4","-19.4","13.6","13.8","1.4",,,,,,,,,,,,,,,,,,,,,,,,,,,,,,,,,,,,,,,,,,,,,,,,,"45.2","92.3","2241","8.6","-16","16.4","18.6","1.2","54.6","80.9","2507","-8.5","-34.7","7.4","11.9","1.5","0.2","85.9","2596","2.6","-28.4","9.7","10",
"Abreu, Bryan",650556,2025,28,"33","32.0",141,121,23,17,4,0,2,45,19,31.9,13.5,".190",".273",".305","0.578","0.083",".284","7","7","0","3","96","1","3","2","0","0","1.97",,,"8","12","0","0","1","0","0","36","10","7","1","0","0","2","0","33","0","209","87","0","1","0","0","0","0","68","6","5","33","1","0","1","0","4","7","10","73","3","18","0","0","0","8","22","17","0","0","0","0","0","0","0","0","0","78","0","216","31","1","1","12","0","534","0","318","84","9","3","0","0","1",".255",".423",".271",".346",".360",".168",".320",".460",".303",".406","-0.065","-0.150","-0.075","71.7",27.6,16.1,10.3,35,22.4,"7.4",12,11.2,-2.6,50.5,29.9,"90.9","11.2",39.5,8,10.5,11.8,30.3,13.2,28.9,5.3,48.7,"80.535163421","95.328936267",63.4,26.3,28.6,62.6,37.4,57,91,56.4,318,63.3,8.7,2,294,268,564,73.7,41,156,43.6,246,39.9,225,39.7,43.8,34.2,44.7,21.1,76,54.6,39.5,30,15.8,12,38.2,29,6.6,5,"R","564",41.9,"51.4","97.2","2312","-6.5","-12.4","16.9","18.2","1.5","47.5","86.2","2892","8.1","-43.1","-5.9","10.3","1.8","0.4","91.4","1740","-16.1","-28.5","4.7","17","1.4",,,,,,,,,"0.7","95.3","2052","-15.3","-20.9","9.6","18.2","1.6",,,,,,,,,,,,,,,,,,,,,,,,,,,,,,,,,,,,,,,,,,,,,,,,,,,,,,,,,"52.1","97.2","2308","-6.6","-12.6","16.8","18.2","1.5","47.5","86.2","2892","8.1","-43.1","-5.9","10.3","1.8","0.4","91.4","1740","-16.1","-28.5","4.7","17","1.4"
"Miller, Shelby",571946,2025,34,"31","30.0",122,107,21,15,3,0,3,32,11,26.2,9,".196",".308",".287","0.595","0.112",".247","7","9","7","4","90","3","2","0","0","0","2.10",,,"5","6","0","0","0","0","0","33","12","5","0","0","0","2","0","28","0","140","81","0","1","0","0","0","2","89","2","16","31","2","0","1","3","2","8","11","76","5","8","0","3","0","16","20","14","0","0","0","0","0","0","0","1","0","69","2","150","33","1","0","6","0","470","1","320","71","10","4","0","0","1",".260",".422",".261",".328",".343",".162",".307",".412",".276",".367","-0.064","-0.114","-0.067","71.7",22.2,14.3,10.1,29.3,20.8,"7.3",4,7.9,3,50.7,31.1,"88.8","13.7",36.8,6,7.9,6.6,27.6,27.6,26.3,3.9,43.4,"76.668184474","94.651758158",64.9,20.4,35.7,49.4,49.4,40,81,48.4,227,76.7,9.2,134,299,3,470,79.6,32,157,51.6,242,40.9,192,30.5,50.9,26.3,44.7,28.9,76,69.2,36.8,28,25,19,32.9,25,5.3,4,"R","469",44,"63.5","95.1","2437","-11.1","-12.5","17.9","21.2","1.2","0.6","90.8","2365","1.2","-21.2","12","12","1.5",,,,,,,,,,,,,,,,,,,,,,,,,,,,,,,,,"28.6","87","1941","-15.2","-31.4","4.8","16.1","1.1",,,,,,,,,"7.2","83.3","2562","14.2","-37.1","2.4","14.6","1.3",,,,,,,,,,,,,,,,,,,,,,,,,"63.5","95.1","2437","-11.1","-12.5","17.9","21.2","1.2","7.9","83.9","2546","13.1","-35.8","3.2","14.4","2.1","28.6","87","1941","-15.2","-31.4","4.8","16.1","1.1"
"Cruz, Steven",674444,2025,26,"28","28.0",113,104,18,12,4,0,2,28,8,24.8,7.1,".173",".269",".239","0.508","0.096",".216","6","7","0","0","84","2","0","1","0","0","1.93",,,"0","0","0","0","0","0","0","21","9","0","0","0","0","1","0","24","0","117","59","0","0","0","0","0","0","74","9","8","28","1","0","0","1","2","8","7","72","6","5","0","0","0","16","25","8","0","0","0","0","0","0","0","0","0","42","1","121","27","0","0","0","0","378","0","257","43","11","4","0","0","0",".197",".311",".231",".255",".261",".114",".261",".297",".237",".269","-0.024","-0.042","-0.024","71",18.3,9.6,7.4,30.9,24,"7",4,6.4,5.2,51.4,31.7,"88","12.7",34.2,3,3.9,7.9,19.7,26.3,38.2,3.9,32.9,"77.814801579","93.1878436",70.7,20.8,26.8,44.4,55.6,20,45,42.7,168,81.1,9.4,0,256,137,393,79.2,33,159,57.3,225,38.2,150,26,51.9,31.6,43.4,25,76,66.4,44.7,34,25,19,19.7,15,10.5,8,"R","393",33.1,"49.1","98.2","2250","-9.9","-13.7","14.8","17.9","1.1","34.9","90.2","2228","5.1","-28.2","5.4","8","2.1",,,,,,,,,,,,,,,,,,,,,,,,,"16","94.1","2202","-0.8","-21.3","9.6","9.8","1.4",,,,,,,,,,,,,,,,,,,,,,,,,,,,,,,,,,,,,,,,,,,,,,,,,"65.1","97.2","2238","-7.6","-15.6","13.5","15.9","2.2","34.9","90.2","2228","5.1","-28.2","5.4","8","2.1",,,,,,,,
"Holman, Grant",680880,2025,25,"22","23.0",103,93,26,20,3,0,3,17,9,16.5,8.7,".280",".409",".350","0.759","0.129",".315","13","14","0","2","69","4","2","1","0","0","5.09",,,"0","1","1","0","0","0","0","21","15","0","0","0","0","0","0","28","0","138","49","0","0","0","0","0","0","49","2","7","20","2","0","0","1","5","11","10","76","9","3","0","0","0","16","22","9","0","0","1","0","1","0","0","0","2","44","1","150","38","0","0","2","1","376","0","226","47","7","3","0","0","0",".277",".505",".337",".366",".347",".228",".366",".405",".342",".339",".003","-0.096","-0.029","70.9",18.1,17.4,12.8,38.5,28.2,"7.4",7,10.9,-2.3,51,32.4,"88.7","9.5",34.2,9,11.8,7.9,22.4,19.7,31.6,6.6,44.7,"76.975070263","94.435039342",71.9,15.8,27.3,52.6,42.1,30,57,55.6,209,76.7,8,145,179,51,376,84.2,19,120,44.4,167,39.6,149,27.7,47.1,32.9,40.8,26.3,76,48.5,43.4,33,27.6,21,25,19,3.9,3,"R","375",39.7,"46.9","94.6","1974","-8.7","-15.5","15.3","17.8","1.2","13.6","86.6","2067","0","-35.2","1.6","2.2","1.4",,,,,,,,,,,,,,,,,"0.8","93.8","1742","-16","-22","9.7","18.8","1.5",,,,,,,,,"38.7","87.1","1120","-10.1","-35.4","0.8","10.6","1.2",,,,,,,,,,,,,,,,,,,,,,,,,,,,,,,,,,,,,,,,,"47.7","94.6","1970","-8.8","-15.6","15.2","17.8","1.2","13.6","86.6","2067","0","-35.2","1.6","2.2","1.4","38.7","87.1","1120","-10.1","-35.4","0.8","10.6","1.2"
"Erceg, Lucas",668674,2025,30,"27","26.1",105,97,22,18,2,0,2,20,5,19,4.8,".227",".309",".286","0.595","0.082",".267","5","6","1","0","79","1","2","1","0","0","1.71",,,"0","7","0","0","1","0","0","25","5","0","0","0","0","1","0","18","0","120","55","0","0","0","0","0","0","82","5","3","27","5","0","0","3","2","11","6","71","2","14","0","0","0","9","30","4","0","0","0","0","0","0","0","0","0","46","1","134","26","0","1","7","0","395","0","261","48","10","1","0","0","0",".247",".389",".270",".305",".305",".142",".294",".343",".286",".311","-0.020","-0.080","-0.035","71.5",22.6,17.2,13.2,29.7,22.6,"7.2",2,9.3,0.1,37.9,33.8,"89.6","5.4",20.8,6,7.8,5.2,23.4,18.2,44.2,1.3,39,"77.193623947","94.988166711",72.8,16.8,30.3,45.3,54.7,29,64,49.8,211,76.1,10.8,65,229,130,424,83.2,26,155,50.2,213,40.1,170,25.1,51.7,41.6,39,19.5,77,65.7,58.4,45,14.3,11,15.6,12,11.7,9,"R","424",40.7,"27.8","97.8","2151","-10.3","-13.8","14.8","18.1","1.1","30.7","85.2","2067","0.1","-39.1","-1.3","2.5","1.2","15.3","90.3","1987","-17.7","-26.8","6.9","19.1","1.2",,,,,,,,,"26.2","97.6","1919","-14.9","-18.4","10.3","18.2","1.2",,,,,,,,,,,,,,,,,,,,,,,,,,,,,,,,,,,,,,,,,,,,,,,,,,,,,,,,,"54","97.7","2039","-12.5","-16","12.6","18.2","1.1","30.7","85.2","2067","0.1","-39.1","-1.3","2.5","1.2","15.3","90.3","1987","-17.7","-26.8","6.9","19.1","1.2"
"McCullers Jr., Lance",621121,2025,31,"7","29.1",137,116,26,15,7,0,4,39,16,28.5,11.7,".224",".388",".338","0.726","0.164",".301","16","18","0","0","88","1","2","1","0","0","4.91",,,"4","3","0","0","0","0","0","27","16","4","0","0","2","0","0","28","0","220","115","1","0","0","0","0","0","97","4","0","0","0","0","0","4","5","7","14","77","7","0","0","0","0","16","27","4","0","0","0","0","0","0","0","0","7","59","2","237","45","0","0","3","0","591","0","354","61","0","0","0","0","0",".235",".403",".327",".334",".348",".168",".396",".409",".338",".354","-0.011","-0.015","-0.007","72.1",23,16.1,12.4,31.7,24.4,"7.5",9,12.1,-4.4,55.5,34.2,"91.2","12.6",35.1,8,10.4,10.4,28.6,19.5,27.3,3.9,54.5,"81.746838718","95.159189481",59.7,14.8,22.7,57.1,42.9,40,70,52.1,308,66.7,6.1,114,183,294,591,85.2,25,169,47.9,283,41.8,247,27.2,40.4,53.2,31.2,15.6,77,52.6,44.2,34,27.3,21,23.4,18,5.2,4,"R","591",24.9,"6.6","91.7","2317","-7.8","-20.1","12.5","15","1.4","34.5","82.6","2833","15.6","-35.3","5.2","16.7","1.4","19.3","86.7","1844","-17.2","-39","-2.3","17.5","1.2","15.2","82.3","2965","14.7","-50.5","-9.6","17.8","1.6","21.2","91.2","2258","-13.5","-28.7","4.4","14.4","1.3","3.2","87.9","2528","2.3","-29.4","6.1","7.4","1.4",,,,,,,,,,,,,,,,,,,,,,,,,,,,,,,,,,,,,,,,,,,,,,,,,"31","91","2298","-10.7","-26.9","6.3","13.8","1.7","49.7","82.5","2874","15.4","-39.9","0.6","17.1","1.5","19.3","86.7","1844","-17.2","-39","-2.3","17.5","1.2"
"Armstrong, Shawn",542888,2025,34,"30","32.0",129,111,18,12,2,1,3,36,14,27.9,10.9,".162",".279",".264","0.543","0.117",".203","12","13","2","2","96","2","2","3","0","0","3.38",,,"3","2","0","0","0","0","0","24","16","3","0","0","0","0","0","28","0","177","105","0","0","0","0","0","0","92","7","8","28","2","0","0","2","3","8","7","77","4","5","0","0","0","24","15","11","0","0","0","0","0","0","0","2","2","50","1","184","31","0","0","2","0","516","2","332","50","17","6","0","0","1",".205",".343",".249",".289",".302",".137",".273",".339",".234",".298","-0.043","-0.064","-0.040","72",26.3,10.5,8.1,30.7,23.7,"7.2",4,7.8,2.9,47,31.8,"89","22.8",37.7,5,6.5,5.2,24.7,40.3,16.9,6.5,39,"79.025891026","93.611554545",62.1,20.1,22.1,40.4,59.6,21,52,45.6,235,72.2,7,0,406,0,516,79.3,35,174,54.4,280,41,211,25.1,44,28.6,41.6,29.9,77,65.1,29.9,23,36.4,28,24.7,19,9.1,7,"R","515",41.5,"26.2","93.4","2322","-5.3","-15.4","16","17","1.1",,,,,,,,,,,,,,,,,,,,,,,,,"27.8","93.9","2111","-15.4","-20","11.2","19.1","1.2","24.9","91","2447","4.1","-23","10","11","1.1",,,,,,,,,,,,,,,,,"21","85","2603","12.7","-28.2","9.9","16.4","1.3","0.2","84.6","2683","11.4","-41.6","-3.4","11.9",,,,,,,,,,,,,,,,,,"78.8","92.8","2287","-5.9","-19.4","12.4","15.8","1.8","21.2","85","2604","12.7","-28.3","9.8","16.3","1.3",,,,,,,,
"Trivino, Lou",642152,2025,33,"24","27.1",115,98,23,16,3,0,4,23,9,20,7.8,".235",".388",".325","0.713","0.153",".260","12","12","0","1","82","2","0","0","1","0","3.95",,,"2","6","2","0","0","1","0","31","17","2","0","0","0","0","0","28","0","177","77","0","0","0","0","0","0","83","5","6","23","3","0","0","5","7","6","10","78","7","4","0","1","0","15","26","5","0","0","0","0","0","0","1","2","1","46","0","184","38","0","1","8","0","476","3","292","47","14","5","0","0","0",".273",".516",".314",".383",".364",".243",".342",".443",".299",".357","-0.038","-0.128","-0.069","71.8",22.2,10.6,7.9,29.6,22.2,"7.4",2,11.4,-2.4,59.3,31.8,"87.4","15.4",37.2,10,12.8,5.1,19.2,24.4,34.6,3.8,35.9,"75.494384359","93.719834416",66.5,22,23.6,30.4,67.9,17,56,49.8,237,88.1,8.8,81,309,0,476,77.4,35,159,50.2,239,45.8,218,24.2,45.2,38.5,35.9,25.6,78,52.2,41,32,30.8,24,19.2,15,9,7,"R","476",34.4,"15.8","94.6","2051","-8.6","-16.1","14.5","17","1.1",,,,,,,,,"17","87","1680","-15.7","-33.3","3","16.2","1.3",,,,,,,,,"27.9","95.1","2049","-16","-20.5","9.8","18.9","1.1","21.2","91.4","2352","2.4","-22.9","9.6","10.1","1.4",,,,,,,,,,,,,,,,,"18.1","80.2","2586","17.3","-43.1","-0.4","17.5","1.5",,,,,,,,,,,,,,,,,,,,,,,,,"64.9","93.8","2149","-8.2","-20.2","10.9","15.5","2.2","18.1","80.2","2586","17.3","-43.1","-0.4","17.5","1.5","17","87","1680","-15.7","-33.3","3","16.2","1.3"
"Mears, Nick",683232,2025,28,"31","29.1",109,102,16,11,2,1,2,26,5,23.9,4.6,".157",".255",".193","0.448","0.098",".184","7","8","0","4","88","1","0","2","0","0","2.15",,,"1","4","0","0","0","0","0","27","12","1","0","0","0","0","0","31","0","113","66","0","1","0","0","0","0","108","4","1","31","2","0","0","0","3","4","9","76","6","8","0","0","0","21","25","7","0","0","0","0","0","0","0","2","0","52","1","118","26","1","0","4","0","426","2","308","53","25","8","0","0","0",".237",".397",".197",".291",".275",".160",".232",".365",".205",".321","-0.080","-0.142","-0.094","70.7",20,12,9.3,31,23.9,"7.2",8,10.3,-1.6,55.1,30.2,"90","16.4",34.6,5,6.4,9,23.1,32.1,23.1,3.8,39.7,"79.830135128","94.580022727",71,14,36.6,50,50,34,68,42.5,186,82.1,8.9,0,248,190,438,85.5,25,179,57.5,252,44.7,196,23.9,56.4,34.6,41,24.4,78,70.6,37.2,29,34.6,27,21.8,17,6.4,5,"R","438",56.2,"56.6","94.9","2254","-4.8","-12.1","18.5","19.2","1","41.8","86","2513","2","-37.6","-0.9","3.4","1.4",,,,,,,,,"1.6","82.1","2511","5.4","-54.4","-13.5","14.6","1.4",,,,,,,,,,,,,,,,,,,,,,,,,,,,,,,,,,,,,,,,,,,,,,,,,,,,,,,,,,,,,,,,,"56.6","94.9","2254","-4.8","-12.1","18.5","19.2","1","43.4","85.9","2513","2.1","-38.3","-1.3","3.8","1.6",,,,,,,,
"Suarez, Robert",663158,2025,34,"33","31.1",121,111,21,16,3,1,1,33,8,27.3,6.6,".189",".261",".250","0.511","0.072",".260","13","14","21","2","94","1","3","1","0","0","3.73",,,"0","2","0","0","0","0","0","21","11","0","0","0","0","1","0","24","0","136","63","0","0","0","0","0","0","126","5","25","33","3","0","0","1","3","7","11","79","7","0","0","0","0","17","21","10","0","0","0","0","0","0","1","0","0","50","1","147","29","0","0","2","0","476","1","329","52","7","2","0","0","1",".257",".417",".233",".318",".313",".160",".278",".410",".269",".367","-0.068","-0.156","-0.085","70.8",18.5,12.2,9.4,29.3,22.7,"7",1,6.6,3.3,46.4,32.1,"92","18.8",32.9,7,8.9,7.6,29.1,26.6,24.1,2.5,45.6,"82.102526053","95.692145132",75.7,18.8,30.6,29.7,68.8,19,64,43.9,209,83.7,9,121,355,0,476,79.7,38,202,56.1,267,44.7,213,21.4,55.9,24.1,41.8,34.2,79,67.8,35.4,28,25.3,20,26.6,21,12.7,10,"R","476",45.5,"59.2","98.3","2402","-6.6","-10.1","18.5","19.8","1.5",,,,,,,,,"25.4","90.1","1782","-17.7","-26.8","7.2","19.2","1.7",,,,,,,,,"15.3","98.2","2379","-12.6","-11.7","17","21.2","1.4",,,,,,,,,,,,,,,,,,,,,,,,,,,,,,,,,,,,,,,,,,,,,,,,,,,,,,,,,"74.6","98.3","2397","-7.8","-10.4","18.2","20","1.5",,,,,,,,,"25.4","90.1","1782","-17.7","-26.8","7.2","19.2","1.7"
"Faucher, Calvin",676534,2025,29,"29","26.0",116,102,24,19,3,0,2,24,11,20.7,9.5,".235",".324",".310","0.634","0.089",".282","11","14","7","3","78","2","2","0","0","0","3.81",,,"4","8","0","0","0","0","0","26","13","3","1","0","0","0","0","29","0","174","72","0","0","0","0","0","0","80","9","10","29","1","0","0","1","3","7","13","77","7","2","0","0","1","13","28","5","0","0","0","0","0","0","0","2","0","38","3","188","33","0","0","8","0","470","2","282","42","8","3","0","0","0",".280",".386",".286",".327",".351",".107",".310",".370",".300",".359","-0.045","-0.062","-0.041","71.5",24.1,10.7,8.4,28.7,22.5,"7.2",3,7.4,4,46.1,33.8,"86.2","8.8",36.3,3,3.8,3.8,28.7,26.3,32.5,3.8,26.3,"74.915808462","92.729909359",67.1,17.2,25,42.9,57.1,27,63,52.8,252,79.3,6.1,2,336,75,477,82.1,26,151,47.2,225,39.6,189,24.8,44.9,35,31.3,33.8,80,57.8,46.3,37,23.8,19,22.5,18,7.5,6,"R","477",42.2,"18.9","95.2","2454","-8.7","-14.7","15.6","18","1.3",,,,,,,,,"0.4","88.5","1658","0.6","-34.2","1.2","15.6","1.6","15.7","85.7","2976","9.6","-49.5","-12.1","15.6","1.6","13.2","94.9","2281","-17.8","-24.4","6.1","19","1.3","38.4","91","2864","3.9","-31.5","1.3","4.8","1.6",,,,,,,,,,,,,,,,,"13.4","87","2957","12.5","-37.7","-1.2","13.2","1.4",,,,,,,,,,,,,,,,,,,,,,,,,"70.4","92.9","2645","-3.5","-25.7","6","11","2.6","29.1","86.3","2967","11","-44.1","-7.1","14.5","1.7","0.4","88.5","1658","0.6","-34.2","1.2","15.6","1.6"
"Jacob, Alek",689690,2025,27,"22","23.1",114,96,31,20,5,0,6,18,10,15.8,8.8,".323",".563",".412","0.975","0.240",".338","18","19","0","0","70","1","0","0","0","0","6.94",,,"4","4","0","0","0","0","0","24","24","4","0","0","0","0","0","28","0","145","83","0","1","0","0","0","0","77","1","4","22","3","0","0","6","9","11","11","80","9","3","0","0","0","14","17","8","0","0","0","0","0","0","0","2","0","45","1","152","54","1","0","4","0","438","2","286","45","15","9","0","0","0",".276",".478",".420",".374",".377",".202",".457",".391",".388",".337",".047",".085",".046","71.4",25.7,17.4,13.8,31.8,25.1,"7.3",4,12.6,-8,42.5,31,"85.7","18.9",36.3,7,8.8,7.5,27.5,27.5,21.3,6.3,33.8,"72.88329225","93.341378101",65.1,19.6,24.6,32,68,16,50,46.3,203,74.4,9.8,141,252,0,438,80.4,30,153,53.7,235,41.6,182,22.7,46.3,45,36.3,18.8,80,60.5,35,28,30,24,25,20,10,8,"R","438",-0.5,"40.9","85.4","2324","-13.6","-24.3","13.6","19.4","1.3",,,,,,,,,"32.2","74.4","2168","-20.7","-47.8","2.5","21.1","1.6",,,,,,,,,"16.7","84.2","2266","-19","-34.1","4.9","19.7","1.2",,,,,,,,,,,,,,,,,,,,,,,,,"10.3","72.1","2210","13.3","-44.8","8.5","16","1.3",,,,,,,,,,,,,,,,,,,,,,,,,"57.5","85","2308","-15.2","-27.2","11.1","19.5","1.4","10.3","72.1","2210","13.3","-44.8","8.5","16","1.3","32.2","74.4","2168","-20.7","-47.8","2.5","21.1","1.6"
"Fluharty, Mason",689254,2025,23,"32","30.2",128,114,22,15,5,0,2,35,12,27.3,9.4,".193",".289",".273","0.562","0.096",".256","13","13","0","1","92","3","1","0","0","0","3.82",,,"0","6","0","0","1","0","0","29","11","0","0","0","0","0","0","21","0","160","84","0","3","0","0","0","0","73","5","2","32","3","0","0","1","4","9","7","78","6","4","0","1","0","17","23","9","0","0","0","0","0","0","0","1","0","61","0","171","27","2","0","6","0","475","1","304","62","19","5","0","0","1",".210",".337",".253",".279",".292",".127",".298",".338",".275",".305","-0.017","-0.048","-0.026","71.4",20.8,11.4,8.3,29.3,21.4,"7.4",5,11.4,-3.1,54.2,30.1,"86.3","18",30,5,6.3,7.5,23.8,31.3,25,6.3,32.5,"74.36293775","93.0984765",62.7,19.6,28.2,52,48,39,75,52.2,266,81.8,4.3,0,304,0,510,79.1,30,153,47.8,244,43.7,223,30.3,44.7,41.3,37.5,21.3,80,59.1,40,32,30,24,20,16,10,8,"L","510",33.1,,,,,,,,,,,,,,,,,,,,,,,,,,,,,,,,,,,,,,,,,"59.6","90","2752","-3.5","-23.5","10.2","11","1.1",,,,,,,,,,,,,,,,,"40.4","81.2","2722","-17.2","-40.1","2","17.6","1.4",,,,,,,,,,,,,,,,,,,,,,,,,"59.6","90","2752","-3.5","-23.5","10.2","11","1.1","40.4","81.2","2722","-17.2","-40.1","2","17.6","1.4",,,,,,,,
"Bachar, Lake",669199,2025,30,"25","34.0",141,115,22,13,4,2,3,37,20,26.2,14.2,".191",".339",".319","0.658","0.148",".244","15","16","0","0","102","3","0","0","0","0","3.97",,,"3","6","0","0","0","0","0","38","18","3","0","0","0","0","0","27","0","199","94","0","0","0","0","0","0","78","5","5","25","6","0","0","3","6","8","8","81","6","4","0","3","0","17","24","8","0","0","0","0","0","0","0","3","0","67","1","212","39","0","0","6","0","537","3","325","67","16","3","0","0","0",".214",".395",".290",".323",".344",".181",".322",".379",".272",".315","-0.023","-0.056","-0.033","71.5",19.5,13.2,9.3,41.7,29.3,"7.4",5,12.6,-5,58.6,32.3,"91","17.1",35.8,7,8.6,7.4,22.2,28.4,27.2,4.9,44.4,"82.550101","94.451730506",60.3,19.5,28.3,52.4,47.6,43,82,54,290,69.7,6.1,65,210,116,537,80.5,29,149,46,247,42.8,230,31.2,43,42,35.8,22.2,81,57.6,39.5,32,29.6,24,22.2,18,8.6,7,"R","537",36.3,"39.1","94.1","2691","-9","-12.5","18.7","20.9","1.2","21.6","87.8","2636","3","-35.4","0.1","3.6","1.4",,,,,,,,,,,,,,,,,,,,,,,,,,,,,,,,,"12.1","84.1","1257","-13.2","-30.9","8.1","15.8","1.5",,,,,,,,,"27.2","85.8","2845","12.5","-38.1","-0.6","12.8","1.4",,,,,,,,,,,,,,,,,,,,,,,,,"39.1","94.1","2691","-9","-12.5","18.7","20.9","1.2","48.8","86.7","2753","8.3","-36.9","-0.3","8.8","1.7","12.1","84.1","1257","-13.2","-30.9","8.1","15.8","1.5"
"Bummer, Aaron",607481,2025,31,"25","28.1",128,109,26,16,8,2,0,30,13,23.4,10.2,".239",".349",".336","0.685","0.110",".321","9","12","0","0","85","0","1","1","0","0","2.86",,,"7","6","0","0","0","0","0","30","18","5","2","0","0","0","0","36","0","153","108","0","1","0","0","0","1","80","4","4","25","4","0","1","4","2","10","13","77","12","1","0","3","0","10","35","4","0","0","0","0","0","0","0","2","0","41","3","170","36","1","0","6","0","488","2","318","46","22","11","0","0","1",".232",".293",".299",".277",".331",".061",".340",".307",".321",".313",".007",".056",".022","70.4",15.7,12.9,10.1,37.9,29.8,"7.2",5,7.5,-0.9,39.9,34.5,"88.7","1.9",29.6,1,1.2,6.2,29.6,14.8,43.2,3.7,37,"79.32021375","93.3211785",58.2,13.1,27.7,43.2,55.4,32,74,51.7,267,65.8,7.4,1,242,175,516,85.5,19,145,48.3,249,42.1,217,23.3,42.4,43.2,33.3,23.5,81,54.8,56.8,46,17.3,14,24.7,20,1.2,1,"L","516",10.4,"12.2","91.7","2268","8.6","-21.7","10.7","13.9","1.3",,,,,,,,,"0.2","88.3","2189","9","-29.9","5","10.3",,"33.9","80.8","2341","-12.9","-50.9","-8.9","15.7","1.4","34.7","91","2152","14.4","-31.8","1.2","14.6","1.3",,,,,,,,,,,,,,,,,,,,,,,,,"19","81.2","2426","-15.3","-43.5","-1.7","15.6","1.3",,,,,,,,,,,,,,,,,,,,,,,,,"46.9","91.2","2182","12.9","-29.2","3.7","14.4","1.3","52.9","80.9","2372","-13.7","-48.2","-6.3","15.7","1.4","0.2","88.3","2189","9","-29.9","5","10.3",
"Barlow, Scott",605130,2025,32,"34","31.1",136,112,18,13,3,0,2,32,20,23.5,14.7,".161",".241",".301","0.542","0.080",".203","13","14","0","0","94","2","0","1","0","0","3.73",,,"8","13","1","0","0","0","0","27","7","7","1","0","0","0","0","27","0","210","114","0","1","0","0","0","0","83","3","2","34","0","0","0","2","2","4","11","80","2","7","0","1","0","15","34","5","0","0","0","0","1","0","0","1","0","56","1","229","27","1","0","14","0","570","1","341","61","10","2","0","0","0",".227",".321",".258",".310",".356",".095",".241",".327",".222",".314","-0.066","-0.080","-0.052","71.3",21.9,11,8.2,30.3,22.4,"7.5",7,12.9,-7.7,43.9,33.3,"86.9","16.4",27.2,3,3.7,1.2,27.2,32.1,33.3,2.5,25.9,"76.86361561","92.58490284",55.8,18.9,24.1,50,50,36,72,51.2,299,54.5,7.5,0,202,247,584,81.1,30,159,48.8,285,40.9,239,28.6,39.6,49.4,33.3,17.3,81,56.6,46.9,38,22.2,18,19.8,16,11.1,9,"R","583",23.8,"21.8","92.8","2471","-2.9","-19.7","12","12.6","1.2","25.6","84.3","2669","8.3","-37.3","1.3","8.7","1.2",,,,,,,,,"16.8","78.6","2649","17.3","-53.7","-8.7","19.4","1.2","12.9","92.9","2349","-12.4","-22.1","9.7","16.2","1.3",,,,,,,,,,,,,,,,,,,,,,,,,"23","81.6","2531","14.4","-36","5.4","15.7","1.5",,,,,,,,,,,,,,,,,,,,,,,,,"34.6","92.8","2426","-6.4","-20.6","11.2","13.9","1.2","65.4","81.9","2615","12.7","-41","0.1","13.9","2.7",,,,,,,,
"Jansen, Kenley",445276,2025,37,"28","25.2",115,106,26,16,3,1,6,25,9,21.7,7.8,".245",".462",".304","0.766","0.217",".267","13","13","15","0","77","1","2","0","3","0","4.56",,,"8","14","0","0","0","0","0","25","13","7","1","0","0","1","0","26","0","124","58","0","0","0","0","0","8","92","9","23","28","1","0","0","0","7","4","13","76","3","0","0","1","0","26","13","6","0","0","0","0","0","0","0","0","0","49","0","131","47","0","0","14","0","415","0","284","49","6","2","0","0","1",".253",".528",".330",".354",".312",".275",".396",".429",".321",".331","-0.008","-0.066","-0.024","73.4",35.1,14.9,11.2,37,27.8,"7.2",1,9.8,-1,57.6,30.2,"93.6","25.5",37,9,11.1,9.9,21,40.7,16,1.2,46.9,"85.863405","95.6007885",77.1,21.7,25.1,38.3,61.7,18,47,43.3,187,94.7,8.8,0,397,35,432,78.3,41,189,56.7,245,42.4,183,25,54.6,40.7,34.6,24.7,81,61.4,22.2,18,43.2,35,24.7,20,9.9,8,"R","432",54.4,,,,,,,,,"8.1","82.2","2495","11.4","-39.1","1.6","12.2","1.6",,,,,,,,,,,,,,,,,"9.5","93.1","2340","-7.5","-12.5","19.2","20.7","1.5","82.4","92.4","2586","3","-13.3","19","19.3","1.8",,,,,,,,,,,,,,,,,,,,,,,,,,,,,,,,,,,,,,,,,,,,,,,,,"91.9","92.5","2560","1.9","-13.2","19","19.5","1.8","8.1","82.2","2495","11.4","-39.1","1.6","12.2","1.6",,,,,,,,
"Junk, Janson",676083,2025,29,"5","22.2",109,105,26,22,4,0,0,25,2,22.9,1.8,".248",".286",".257","0.543","0.038",".317","7","7","1","0","68","1","0","0","0","0","2.78",,,"1","1","0","0","0","0","0","19","5","1","0","0","0","0","0","18","0","84","41","0","0","0","0","0","0","59","2","3","5","3","0","1","0","1","7","13","67","6","0","0","0","0","10","22","8","0","0","0","0","0","0","0","2","0","37","0","92","25","0","0","1","0","301","2","209","38","2","0","0","0","1",".305",".448",".238",".331",".319",".143",".300",".424",".317",".401","-0.057","-0.162","-0.093","72.1",24.2,18.5,14.2,35.6,27.4,"7.2",1,7.9,2.6,50.5,33.6,"92.9","10.3",35.4,6,7.3,8.5,35.4,17.1,25.6,4.9,53.7,"82.24950125","96.712756875",76.8,18.3,28.3,37.2,62.8,16,43,40,152,91.1,11.8,22,135,159,380,80.6,32,175,60,228,42.6,162,22,57.4,42.7,28,29.3,82,73.4,46.3,38,18.3,15,31.7,26,3.7,3,"R","380",51.9,"35.5","94.3","2304","-3.5","-12.5","18.5","18.9","1.3","29.5","87","2391","6.1","-32.7","3.3","7.2","1.3","5.8","89.1","1523","-14.2","-27.9","6.7","16.2","1.4","12.4","82.9","2548","5.9","-51.7","-11.8","13.3","1.2",,,,,,,,,,,,,,,,,,,,,,,,,,,,,,,,,"16.8","82.4","2559","12.7","-38.4","2","13","1.2",,,,,,,,,,,,,,,,,,,,,,,,,"35.5","94.3","2304","-3.5","-12.5","18.5","18.9","1.3","58.7","84.8","2473","7.9","-38.3","-0.2","10.2","2.6","5.8","89.1","1523","-14.2","-27.9","6.7","16.2","1.4"
"Civale, Aaron",650644,2025,30,"6","27.0",118,103,29,16,8,0,5,23,11,19.5,9.3,".282",".505",".359","0.864","0.223",".316","14","14","0","0","81","1","3","0","0","0","4.67",,,"0","7","0","0","0","0","0","22","11","0","0","0","0","0","0","22","0","173","95","0","0","0","0","0","0","86","7","0","0","5","0","2","2","10","10","9","82","2","0","0","1","0","22","13","7","0","0","0","0","0","0","1","1","6","44","0","176","52","0","0","7","0","490","2","314","44","0","0","0","0","0",".241",".447",".372",".332",".324",".206",".429",".372",".358",".308",".041",".058",".040","71.9",27,14,10.8,28,21.6,"7.3",1,11.6,-1.8,56.2,30.5,"86.2","22.8",36.6,7,8.5,7.3,19.5,42.7,12.2,9.8,35.4,"73.5296905","93.560421013",63.6,20.1,23.7,32.7,67.3,18,55,47.3,232,69.2,8,13,356,115,490,79.9,33,164,52.7,258,43.9,215,23.3,44.7,37.8,35.4,26.8,82,61.9,28,23,40.2,33,19.5,16,12.2,10,"R","490",42.7,"15.5","91.9","2444","-7.9","-14.2","18.5","20.2","1.2","9.2","82.8","2891","10.1","-44.5","-4.8","11.5","1.5",,,,,,,,,"14.3","77.5","3113","13.1","-61.1","-14.9","19.9","1.4","21.8","92","2280","-15.2","-21","11.5","19.1","1.1","35.3","89","2627","4.5","-21.7","12.7","13.7","1.2","2.7","86","1799","-15.4","-32","5.2","16.4","1.5",,,,,,,,,"1.2","80.7","2693","14.4","-36.6","6.1","15.9","1.4",,,,,,,,,,,,,,,,,,,,,,,,,"72.7","90.5","2484","-4","-19.9","13.6","16.7","2","24.7","79.6","3010","12","-53.7","-10.1","16.6","2.8","2.7","86","1799","-15.4","-32","5.2","16.4","1.5"
"Iglesias, Raisel",628452,2025,35,"29","27.1",119,111,32,16,9,0,7,29,7,24.4,5.9,".288",".559",".336","0.895","0.271",".333","18","19","8","4","82","4","5","0","0","0","5.93",,,"3","6","0","0","0","0","0","20","21","3","0","0","0","2","0","37","0","127","73","0","0","0","0","0","2","64","3","23","29","3","0","1","1","11","10","11","82","12","1","0","1","0","14","21","8","0","0","0","0","0","0","0","0","0","58","1","130","62","0","0","6","0","412","0","282","59","5","3","0","0","0",".267",".524",".381",".355",".317",".257",".489",".454",".390",".364",".021",".035",".026","71.7",25.7,13,9.1,31.3,21.9,"7.5",2,11.1,-3.6,48.1,34.3,"88.2","15.7",43.9,11,13.4,8.5,20.7,25.6,23.2,6.1,34.1,"76.79283425","93.988830506",67.5,22.7,33.5,44.1,54.4,30,68,49.3,203,72.4,7,134,223,55,412,77.3,32,141,50.7,209,46.8,193,29.7,50.7,40.2,34.1,25.6,82,64.4,37.8,31,30.5,25,24.4,20,7.3,6,"R","412",31.2,"30.6","94.5","2289","-8.7","-15.6","15.1","17.6","1.2","13.3","83.5","2590","10.7","-35.1","4.2","11.8","1.7","32.5","88.8","1974","-15.5","-30.1","4.6","16.4","1.6",,,,,,,,,"23.5","94.6","2300","-16.5","-21.6","9","19","1.2",,,,,,,,,,,,,,,,,,,,,,,,,,,,,,,,,,,,,,,,,,,,,,,,,,,,,,,,,"54.1","94.6","2294","-12.1","-18.2","12.5","18.2","1.2","13.3","83.5","2590","10.7","-35.1","4.2","11.8","1.7","32.5","88.8","1974","-15.5","-30.1","4.6","16.4","1.6"
"Schreiber, John",670167,2025,31,"34","29.0",124,113,29,19,5,0,5,32,10,25.8,8.1,".257",".434",".317","0.751","0.177",".316","12","14","0","1","87","2","2","0","0","0","3.72",,,"0","3","0","0","0","0","0","34","16","0","0","0","0","1","0","33","0","161","85","0","0","0","0","0","0","102","5","4","34","3","0","0","0","6","8","15","82","8","10","0","1","0","9","28","6","0","0","0","0","0","0","1","0","0","48","2","163","49","0","0","3","0","486","1","323","48","22","6","0","0","0",".250",".406",".326",".310",".311",".157",".415",".390",".358",".348",".007",".028",".016","71.6",23.5,13.6,10.8,29,23,"7.2",2,6.4,2.2,45.1,33.2,"87.3","11.5",32.9,9,11,2.4,23.2,25.6,31.7,6.1,35.4,"74.959315854","93.881926667",66.1,16.3,30.6,36.1,63.9,26,72,48.4,235,71,6.4,0,357,0,486,83.1,27,166,51.6,251,44.9,218,22.3,49,35.4,37.8,26.8,82,63.4,43.9,36,18.3,15,25.6,21,12.2,10,"R","486",11.7,"23.7","93.7","2261","-10.2","-20.4","10.6","14.9","1.4",,,,,,,,,,,,,,,,,,,,,,,,,"27.4","93.4","2219","-16.7","-32.3","-0.8","16.9","1.3","22.4","89.7","2472","0.3","-27.5","6.3","6.7","1.5",,,,,,,,,,,,,,,,,"26.5","82.5","2618","15.3","-39.3","1.1","15.5","1.2",,,,,,,,,,,,,,,,,,,,,,,,,"73.5","92.4","2310","-9.4","-27","5","13.1","2.3","26.5","82.5","2618","15.3","-39.3","1.1","15.5","1.2",,,,,,,,
"Walker, Ryan",676254,2025,29,"31","28.1",126,111,25,18,5,0,2,30,8,23.8,6.3,".225",".324",".304","0.628","0.099",".287","14","16","10","4","85","1","3","1","0","0","4.45",,,"0","6","1","0","0","0","0","20","17","0","0","0","0","2","0","29","0","163","100","0","1","0","0","0","3","72","2","19","31","1","0","1","5","4","7","14","80","9","6","0","1","0","16","30","5","0","0","0","0","0","0","1","1","0","38","2","174","36","1","0","7","0","467","2","293","39","8","2","0","0","0",".225",".355",".282",".291",".305",".129",".323",".337",".305",".306",".000","-0.031","-0.009","70.6",20.9,10.9,8.6,31,24.5,"7.3",5,9.3,-2.2,34.4,33.3,"85.3","8.7",30.1,5,6,4.8,25.3,21.7,33.7,7.2,28.9,"73.38364425","92.599973375",54.6,16.9,26.9,31.3,68.8,20,64,48.9,238,57.1,8.6,0,298,189,487,83.1,23,136,51.1,249,39.4,192,21.5,41.1,30.1,39.8,30.1,83,57.6,47,39,26.5,22,22.9,19,3.6,3,"R","487",18.5,,,,,,,,,"38.8","83.8","2680","14.9","-37.2","2.1","15.4","1.3",,,,,,,,,,,,,,,,,"61.2","95.7","2368","-17.7","-26.6","3.5","18.2","1.2",,,,,,,,,,,,,,,,,,,,,,,,,,,,,,,,,,,,,,,,,,,,,,,,,,,,,,,,,"61.2","95.7","2368","-17.7","-26.6","3.5","18.2","1.2","38.8","83.8","2680","14.9","-37.2","2.1","15.4","1.3",,,,,,,,
"Latz, Jacob",656641,2025,29,"16","30.1",126,112,26,17,4,1,4,30,13,23.8,10.3,".232",".393",".310","0.703","0.161",".278","11","11","0","0","91","1","0","2","0","0","3.26",,,"3","9","0","0","0","0","0","24","16","2","0","1","0","1","0","27","0","174","63","0","1","0","0","0","0","82","6","4","15","4","0","1","0","6","9","11","83","8","1","0","1","1","16","25","6","0","0","0","0","0","0","0","1","1","75","0","180","44","1","0","9","0","494","1","314","75","12","9","0","0","0",".231",".404",".307",".309",".309",".172",".362",".364",".313",".313",".001","-0.011","-0.002","71.6",22.4,14,9.6,34,23.3,"7.3",7,9.7,-1.7,53.4,30.9,"90","15.4",30.1,7,8.4,3.6,21.7,30.1,31.3,4.8,43.4,"79.708134524","94.566447349",71.8,24,31.3,51.2,47.5,41,80,51.8,256,73.2,8.3,120,247,127,494,74.3,41,171,48.2,238,43.9,217,32.7,50.8,34.9,36.1,28.9,83,59.2,41,34,27.7,23,20.5,17,10.8,9,"L","494",48.6,"50","94.6","2318","8.7","-12","18.8","20.8","1.3","19.4","84.2","2561","-5.1","-38","0.7","5.9","1.6","24.3","84.8","2037","14.4","-28.6","9.7","17.7","1.4","6.3","77.7","2627","-6.6","-58.6","-12.7","14.5","1.5",,,,,,,,,,,,,,,,,,,,,,,,,,,,,,,,,,,,,,,,,,,,,,,,,,,,,,,,,,,,,,,,,"50","94.6","2318","8.7","-12","18.8","20.8","1.3","25.7","82.6","2577","-5.5","-43","-2.5","8","3.1","24.3","84.8","2037","14.4","-28.6","9.7","17.7","1.4"
"Fairbanks, Pete",664126,2025,31,"30","29.1",124,110,20,14,6,0,0,26,14,21,11.3,".182",".236",".274","0.510","0.054",".238","7","9","13","2","88","3","1","1","0","0","2.15",,,"3","4","0","0","0","0","0","26","9","3","0","0","0","0","0","37","0","170","87","0","2","0","0","0","4","95","2","22","30","1","0","0","0","3","7","10","84","7","0","0","0","0","16","34","7","0","1","0","0","0","0","0","0","0","50","2","187","26","2","0","4","1","511","0","324","55","2","0","0","0","4",".219",".283",".240",".271",".308",".064",".238",".285",".238",".288","-0.037","-0.047","-0.031","71.2",20.5,10.7,8.5,35.2,28,"7.2",4,9.4,-1.8,68.5,29.5,"90.3","13",25,1,1.2,4.8,29.8,28.6,33.3,1.2,39.3,"81.4736","93.853570964",65.8,13.7,25.3,53.2,46.8,33,62,47.9,245,74.3,6.8,29,279,203,511,85.7,24,175,52.1,266,44.8,229,24.1,46.4,42.9,29.8,27.4,84,59.7,48.8,41,22.6,19,20.2,17,8.3,7,"R","511",60.9,"54.6","97.1","2442","0.7","-11.5","17.4","17.6","1","39.7","85.4","2574","5.3","-42.6","-5.3","7.9","1.3","5.7","93.7","2000","-9.9","-21.6","9.5","14","1.2",,,,,,,,,,,,,,,,,,,,,,,,,,,,,,,,,,,,,,,,,,,,,,,,,,,,,,,,,,,,,,,,,,,,,,,,,"54.6","97.1","2442","0.7","-11.5","17.4","17.6","1","39.7","85.4","2574","5.3","-42.6","-5.3","7.9","1.3","5.7","93.7","2000","-9.9","-21.6","9.5","14","1.2"
"Doval, Camilo",666808,2025,27,"35","34.0",133,116,20,18,1,0,1,33,15,24.8,11.3,".172",".207",".273","0.480","0.035",".232","6","9","11","3","102","3","1","2","1","0","1.59",,,"5","10","0","0","0","0","0","33","7","2","3","0","0","0","0","27","0","179","83","0","1","0","0","0","1","83","2","20","35","5","0","0","1","3","9","8","84","5","7","0","1","0","12","36","13","0","0","0","0","0","0","1","0","0","60","3","192","24","1","0","10","0","509","1","317","64","10","2","0","0","0",".224",".323",".227",".288",".318",".099",".233",".328",".241",".313","-0.052","-0.116","-0.061","71.2",16.9,13.8,10.3,35.2,26.2,"7.4",10,9.9,-3.9,47.2,32.5,"87.3","4.2",31,4,4.8,3.6,23.8,20.2,38.1,9.5,39.3,"74.41904381","94.399958916",64.9,15.9,28.8,53.2,46.8,41,77,52.5,267,75.6,8.8,0,237,272,509,83.4,25,157,47.5,242,44.6,227,28.2,46,44,32.1,23.8,84,52.3,53.6,45,17.9,15,25,21,3.6,3,"R","509",16.1,,,,,,,,,"53.4","89.4","2611","6.6","-34.2","-0.2","7","1.5",,,,,,,,,,,,,,,,,"1.8","95.6","2385","-7.1","-25.1","4.7","8.7","1.5","44.8","98.2","2517","-3.5","-17.4","10.7","11.6","1.6",,,,,,,,,,,,,,,,,,,,,,,,,,,,,,,,,,,,,,,,,,,,,,,,,"46.6","98.1","2512","-3.7","-17.7","10.5","11.5","1.7","53.4","89.4","2611","6.6","-34.2","-0.2","7","1.5",,,,,,,,
"Halvorsen, Seth",678020,2025,25,"31","30.1",127,111,29,16,8,0,5,28,14,22,11,".261",".468",".341","0.809","0.207",".304","15","19","5","3","91","1","2","3","0","0","4.45",,,"1","3","1","0","0","2","0","26","18","1","0","0","0","1","0","39","0","156","71","0","1","1","0","0","1","67","3","15","31","6","0","0","0","8","9","12","85","12","4","0","1","1","8","39","4","0","0","0","0","0","0","1","1","0","59","4","166","52","2","1","4","0","453","2","287","59","11","3","0","0","1",".244",".434",".350",".328",".327",".189",".413",".381",".345",".324",".017",".034",".022","71.2",19.4,14.2,10.3,33.9,24.6,"7.1",3,6.5,3,51.4,33.1,"88.4","2.5",28.2,8,9.4,4.7,17.6,17.6,43.5,5.9,38.8,"76.492053902","94.139045122",64.8,23.5,30,41.8,58.2,28,67,49.2,223,75,6.2,134,226,93,453,75.8,35,149,50.8,230,46.4,210,29.2,47.7,37.6,38.8,23.5,85,61.1,56.5,48,20,17,18.8,16,4.7,4,"R","453",44.2,"49.9","100.1","2259","-10.4","-14.4","12.9","16.7","1.3","20.5","89.9","2480","3.2","-32.2","1.5","4.6","1.9",,,,,,,,,,,,,,,,,,,,,,,,,,,,,,,,,"29.6","91","1684","-12.5","-29.7","3.1","13.1","1.4",,,,,,,,,,,,,,,,,,,,,,,,,,,,,,,,,,,,,,,,,"49.9","100.1","2259","-10.4","-14.4","12.9","16.7","1.3","20.5","89.9","2480","3.2","-32.2","1.5","4.6","1.9","29.6","91","1684","-12.5","-29.7","3.1","13.1","1.4"
"Cecconi, Slade",677944,2025,26,"6","30.1",132,118,30,17,7,0,6,34,11,25.8,8.3,".254",".466",".328","0.794","0.212",".308","14","14","0","0","91","2","3","0","0","0","4.15",,,"1","5","2","0","0","0","0","26","12","1","0","0","1","0","0","27","0","154","86","0","0","0","0","0","0","78","2","0","0","1","0","0","2","6","8","16","85","4","0","0","1","0","24","22","5","0","0","0","0","0","0","1","0","6","58","0","178","55","0","0","7","0","496","1","318","67","0","0","0","0","0",".279",".546",".345",".380",".351",".266",".433",".489",".357",".393","-0.025","-0.080","-0.035","70.9",13.4,18.8,13.4,37.6,26.8,"7.4",5,12.3,-5,51.2,33.1,"92.5","17.3",48.2,14,16.5,8.2,27.1,23.5,22.4,2.4,48.2,"82.882750238","95.690431325",67.4,21.1,22.6,59.6,40.4,31,52,46.3,230,78,10.1,33,247,214,496,78.9,38,180,53.7,267,37.4,186,29.7,46.8,36.5,35.3,28.2,85,68.2,35.3,30,35.3,30,24.7,21,4.7,4,"R","496",39.6,"41.5","94.5","2391","-10.7","-14.5","16.3","19.6","1.5","27.6","84.2","2548","5.8","-37.7","0.9","6.4","1.7","6.7","83.6","1532","-15.2","-35.5","3.7","15.8","1.7","15.5","75.3","2365","10.1","-60.9","-12.1","15.9","2.1","8.1","92.9","2207","-16.9","-24.8","7.1","18.4","1.4","0.2","89.4","2340","-1.6","-24.4","9.4","9.6",,,,,,,,,,,,,,,,,,"0.4","82","2596","12.6","-40.9","0.1","12.6","1.4",,,,,,,,,,,,,,,,,,,,,,,,,"49.8","94.3","2361","-11.6","-16.2","14.8","19.4","1.6","43.5","81","2483","7.4","-46","-3.7","9.8","4.7","6.7","83.6","1532","-15.2","-35.5","3.7","15.8","1.7"
"Duran, Jhoan",661395,2025,27,"34","33.0",138,123,24,22,2,0,0,39,13,28.3,9.4,".195",".211",".275","0.486","0.016",".282","6","8","10","2","99","4","2","2","0","0","1.64",,,"4","4","0","0","0","0","0","29","9","3","1","0","0","1","0","40","0","173","72","0","0","0","0","0","6","101","7","23","34","1","0","0","1","1","15","8","84","6","1","0","2","1","10","44","3","0","0","0","0","0","0","0","1","0","80","2","187","26","0","0","4","0","535","1","348","82","2","2","0","0","1",".196",".270",".224",".244",".276",".074",".260",".292",".282",".284","-0.001","-0.059","-0.020","71.4",19.7,11.7,8.2,29,20.2,"7",8,5.4,4.9,46.4,32.2,"88.2","-5",20,3,3.5,3.5,23.5,11.8,52.9,4.7,40,"76.233144524","94.260847108",71.7,18.9,31.9,62.1,37.9,54,87,50.7,273,81.6,7.1,198,187,119,538,80.5,36,190,49.3,265,44.4,239,32.5,51.5,31.8,44.7,23.5,85,58.4,70.6,60,14.1,12,12.9,11,2.4,2,"R","538",33.2,"34.8","100.2","2101","-13.4","-14.7","12.7","18.6","1.1",,,,,,,,,,,,,,,,,"22.1","87","2614","6.5","-46.8","-10.4","12.6","1.4",,,,,,,,,,,,,,,,,"36.8","97.5","1787","-14.1","-27.1","1.8","14.4","1.4",,,,,,,,,"6.3","87","2607","13.1","-39","-2.4","13.5","1.5",,,,,,,,,,,,,,,,,,,,,,,,,"34.8","100.2","2101","-13.4","-14.7","12.7","18.6","1.1","28.4","87","2612","7.9","-45","-8.7","12.8","1.4","36.8","97.5","1787","-14.1","-27.1","1.8","14.4","1.4"
"Orze, Eric",679358,2025,27,"23","29.0",128,115,26,20,4,0,2,29,12,22.7,9.4,".226",".313",".305","0.618","0.087",".286","4","5","2","0","87","1","0","0","0","0","1.24",,,"5","6","0","0","0","0","0","30","8","5","0","0","0","0","0","37","0","164","57","0","1","0","0","0","0","90","1","8","23","2","0","0","1","1","12","10","79","5","1","0","1","0","15","21","10","0","0","0","0","0","0","0","0","0","62","1","170","27","1","0","6","0","466","0","296","66","8","5","0","0","0",".210",".344",".278",".280",".291",".134",".314",".317",".302",".282",".016","-0.031","-0.002","72.4",29.9,10.2,7.5,25.5,18.7,"7.4",3,10.8,-3.8,50.5,30.3,"87.3","17.8",33.7,5,5.8,2.3,22.1,37.2,26.7,3.5,29.1,"76.848097857","92.834748452",72.4,20.6,26.7,46.8,50,29,62,46.4,232,75,8,233,136,131,500,78.9,40,194,53.6,268,44,220,27,51.2,44.2,40.7,15.1,86,63,39.5,34,19.8,17,26.7,23,14,12,"R","500",45.4,"25.4","93.9","2254","-10","-14","17.1","19.9","0.9","26.2","88.9","2581","4.1","-28","6.4","7.9","1.1",,,,,,,,,,,,,,,,,"1.8","94.3","2288","-13.5","-15.4","15.8","20.8","1.4",,,,,,,,,"46.6","84.4","1580","-14.2","-38.9","-0.2","14.4","1.2",,,,,,,,,,,,,,,,,,,,,,,,,,,,,,,,,,,,,,,,,"27.2","93.9","2256","-10.2","-14.1","17","19.9","0.9","26.2","88.9","2581","4.1","-28","6.4","7.9","1.1","46.6","84.4","1580","-14.2","-38.9","-0.2","14.4","1.2"
"Bernardino, Brennan",657514,2025,33,"33","28.0",130,108,24,19,4,0,1,26,14,20,10.8,".222",".287",".320","0.607","0.065",".274","10","15","0","0","84","2","2","2","0","0","3.21",,,"3","5","2","0","0","0","0","31","18","4","0","0","0","0","0","41","0","161","91","1","0","0","0","0","0","71","4","7","33","0","0","0","3","2","7","14","83","9","2","0","3","1","15","32","5","0","1","1","0","0","0","1","3","0","42","5","178","30","0","0","7","2","473","4","295","43","19","7","0","0","2",".233",".350",".271",".310",".338",".116",".283",".340",".282",".309","-0.011","-0.063","-0.039","71.6",22.5,17.6,13.7,34.5,26.9,"7.4",5,10.6,-1.5,47.8,34.5,"88","7.7",31.4,7,8.1,4.7,23.3,23.3,34.9,5.8,37.2,"76.649393721","93.792650471",60.9,14,27.1,42.6,55.9,29,68,51.6,251,81.5,5.6,77,259,150,486,85.3,20,143,48.4,235,40.7,198,23.2,43.4,38.4,33.7,27.9,86,59.8,47.7,41,23.3,20,23.3,20,5.8,5,"L","486",18.4,,,,,,,,,"2.9","83.8","2328","-3.5","-36.5","2.5","5.1","1.3","15.8","80","1644","15.6","-42.5","0.5","15.7","1.7","28","79.5","2698","-16.6","-42.5","1.2","16.8","1.3","37.4","91","2161","16.7","-28.1","5.2","17.7","1.3","15.8","86.6","2313","-1.9","-30.7","5.7","6.5","1.3",,,,,,,,,,,,,,,,,,,,,,,,,,,,,,,,,,,,,,,,,,,,,,,,,"53.3","89.7","2206","11.2","-28.9","5.4","14.4","2.5","30.9","79.9","2664","-15.3","-42","1.3","15.7","1.8","15.8","80","1644","15.6","-42.5","0.5","15.7","1.7"
"Morejon, Adrian",670970,2025,26,"35","30.2",124,114,22,17,3,1,1,31,6,25,4.8,".193",".263",".231","0.494","0.070",".253","8","13","1","2","92","4","3","2","0","0","2.35",,,"5","2","0","0","0","0","0","35","9","4","1","0","0","1","0","34","0","141","85","0","0","0","0","0","0","82","4","5","35","2","0","0","0","2","8","12","87","6","9","0","2","0","12","41","4","0","0","0","0","0","0","3","1","0","46","5","141","30","0","0","2","0","448","4","307","47","19","2","0","0","2",".206",".276",".213",".225",".245",".070",".269",".285",".262",".281","-0.013","-0.013","-0.012","71.6",25.4,8.3,6.6,29.2,23.2,"7.1",8,7.1,2,40.3,32.6,"85","4.8",28.7,3,3.4,2.3,23,20.7,37.9,12.6,26.4,"72.728675714","92.695923133",63.1,15.9,32.7,40,60,26,65,44.4,199,74.5,11.4,12,316,115,448,82.8,25,157,55.6,249,43.3,194,23,49.6,29.9,44.8,25.3,87,68.3,56.3,49,17.2,15,18.4,16,8,7,"L","448",43.1,"5.8","96.8","2480","5.5","-12.3","17.2","18.2","1.4","25.7","87.8","2787","-5.2","-36.3","-0.8","5.5","1.3","2.7","90.6","1280","13.3","-33.7","-0.2","13.8","1.3",,,,,,,,,"56.7","97.4","2415","15.7","-18.4","10.8","19.1","1.1","8","94","2575","-0.9","-17.7","13.3","13.6","1.3",,,,,,,,,"1.1","86.3","807","7.9","-41.4","-3.8","10.1","1.4",,,,,,,,,,,,,,,,,,,,,,,,,,,,,,,,,"70.5","97","2439","13","-17.8","11.6","18.4","1.6","26.8","87.8","2705","-4.6","-36.5","-0.9","5.7","1.3","2.7","90.6","1280","13.3","-33.7","-0.2","13.8","1.3"
"Hart, Kyle",606996,2025,32,"6","25.2",110,103,29,15,6,0,8,17,6,15.5,5.5,".282",".573",".318","0.891","0.291",".266","19","19","0","0","77","2","2","0","0","0","6.66",,,"1","10","0","0","0","0","0","12","15","1","0","0","1","0","0","16","0","133","74","0","0","1","0","0","0","65","0","0","0","0","0","0","0","11","9","9","87","5","0","0","0","0","25","16","11","1","0","0","0","0","0","0","1","6","31","0","141","59","1","0","10","0","399","1","258","31","0","0","0","0","0",".268",".507",".379",".346",".307",".239",".431",".390",".333",".319",".014",".066",".033","72.3",28.5,15.5,12.7,34.1,27.8,"7.4",0,10,-4.5,54.4,33.2,"89.4","21",40.2,8,9.2,10.3,19.5,39.1,16.1,5.7,41.4,"78.41184","94.419922118",65.7,13,24.3,28.3,69.6,13,46,47.4,189,65.6,8,76,138,53,399,87,18,138,52.6,210,46.4,185,16.8,46.1,40.2,36.8,23,87,62.7,28.7,25,41.4,36,24.1,21,5.7,5,"L","399",34.5,"15.8","90.9","2167","8.3","-18.3","15.1","17.4","1.5","13.3","86.5","2258","-2","-28.4","8.2","8.9","1.4","19","83.1","2063","17.3","-34.3","5.7","18.3","1.3",,,,,,,,,"18.8","90.3","2100","16.1","-24.8","9","18.6","1.5",,,,,,,,,,,,,,,,,,,,,,,,,"33.1","80.7","2559","-13.4","-37.3","5","14.8","1.6",,,,,,,,,,,,,,,,,,,,,,,,,"34.6","90.6","2131","12.6","-21.9","11.8","18.1","1.6","46.4","82.4","2473","-10.1","-34.8","5.9","13.1","3","19","83.1","2063","17.3","-34.3","5.7","18.3","1.3"
"Kerkering, Orion",689147,2025,24,"34","30.1",133,113,24,15,7,0,2,28,17,21.1,12.8,".212",".327",".316","0.643","0.115",".259","8","13","2","4","91","5","2","4","0","0","2.37",,,"4","2","0","0","0","0","0","45","19","3","0","1","0","0","0","53","0","180","109","0","0","0","0","0","0","71","3","6","34","3","0","0","1","6","7","11","87","11","11","0","3","0","14","30","8","0","0","0","0","0","0","0","2","0","49","5","188","37","0","0","2","0","508","2","320","49","21","8","0","0","3",".231",".341",".283",".301",".340",".110",".303",".330",".276",".312","-0.019","-0.014","-0.018","71.8",24.4,13,10.5,31.2,25,"7.2",8,8.4,2.2,54.1,32.7,"84.2","16.5",34.5,5,5.7,5.7,24.1,25.3,28.7,9.2,29.9,"71.643995581","92.597953176",59.1,19.2,22.5,40,60,22,55,48,244,80,6.9,0,236,0,508,80.1,30,156,52,264,47.6,242,24.6,41.5,41.4,25.3,33.3,87,61.1,42.5,37,24.1,21,23,20,10.3,9,"R","508",31.1,"29.3","97.4","2381","-11.3","-12.6","16.4","20","1.1",,,,,,,,,,,,,,,,,,,,,,,,,"17.1","96.1","2273","-17.1","-19.8","10","19.8","1.1",,,,,,,,,,,,,,,,,,,,,,,,,"53.5","86.6","2861","14.2","-34.4","2.2","14.6","1.1",,,,,,,,,,,,,,,,,,,,,,,,,"46.5","96.9","2341","-13.4","-15.2","14.1","20","1.3","53.5","86.6","2861","14.2","-34.4","2.2","14.6","1.1",,,,,,,,
"Bender, Anthony",669622,2025,30,"31","30.0",125,110,21,14,3,1,3,22,13,17.6,10.4,".191",".318",".288","0.606","0.127",".212","9","10","1","3","90","1","5","1","0","0","2.70",,,"7","4","0","0","0","0","0","29","10","5","2","0","0","0","0","39","0","155","110","0","1","0","0","0","2","71","1","6","31","2","0","0","2","5","8","8","88","7","11","0","1","0","25","32","6","2","0","0","0","0","0","0","0","0","29","1","161","35","1","0","4","0","461","0","300","29","9","3","0","0","2",".241",".416",".273",".326",".332",".175",".273",".348",".239",".301","-0.050","-0.098","-0.053","71.3",20.7,18.9,16,43.4,36.7,"7.3",2,8.5,1,52.1,33.1,"92.1","12.7",25,8,9.1,5.7,22.7,28.4,33,1.1,48.9,"82.659451591","95.259616207",57.4,10.6,19.7,35.9,61.5,14,39,43,198,68.8,10.4,21,135,100,461,89.4,16,151,57,263,39.9,184,15.8,41.2,34.1,37.5,28.4,88,60.5,45.5,40,34.1,30,15.9,14,4.5,4,"R","461",16.5,"2.8","95.9","2372","-13.3","-17","13.1","18.7","1.5","21.7","87.3","2654","4.3","-36.7","-0.9","5.1","1.3","4.6","89.2","1811","-17.4","-36.3","-1.6","17.7","1.5",,,,,,,,,"26.5","96.5","2328","-18.7","-26","3.7","19.2","1.2",,,,,,,,,,,,,,,,,,,,,,,,,"44.5","84.2","2745","15.3","-36.7","2.2","15.7","1.3",,,,,,,,,,,,,,,,,,,,,,,,,"29.3","96.4","2332","-18.2","-25.1","4.6","19.1","1.2","66.2","85.2","2715","11.7","-36.7","1.2","12.2","2","4.6","89.2","1811","-17.4","-36.3","-1.6","17.7","1.5"
"Santana, Dennis",642701,2025,29,"32","31.1",118,110,21,15,3,2,1,25,5,21.2,4.2,".191",".282",".220","0.502","0.091",".230","6","7","5","1","94","2","1","0","0","0","1.72",,,"2","6","0","0","0","0","0","22","9","2","0","0","0","0","0","21","0","113","85","0","1","0","0","0","2","82","5","11","32","1","0","0","0","1","8","12","88","4","9","0","0","0","23","33","6","1","0","0","0","0","0","0","3","0","60","1","123","31","1","0","6","0","444","3","321","60","10","3","0","0","1",".250",".425",".219",".298",".277",".175",".255",".361",".239",".315","-0.059","-0.143","-0.079","72.4",28.4,15.1,11.3,32.2,24,"7.6",5,13.6,-5.5,57.8,32.6,"88.2","10.3",35.2,7,8,5.7,27.3,23.9,33,2.3,34.1,"77.789219545","93.335750909",65.5,18.6,36.5,49.3,50.7,34,69,42.6,189,67.5,9,23,207,214,444,80.8,31,167,57.4,255,43.9,195,27.5,53.2,42,37.5,20.5,88,70.3,46.6,41,30.7,27,20.5,18,2.3,2,"R","444",32,"27.5","94.5","2445","-11.7","-16","14.7","18.9","1.3","48.2","87","2474","2.7","-32.7","3.3","4.6","1.4","5.2","88.8","2282","-16.1","-26.6","8.3","18.2","1.5",,,,,,,,,"8.1","94.7","2415","-17.1","-22.1","8.5","19.1","1.4","11","90.5","2543","0.6","-22.4","10.8","11","1.2",,,,,,,,,,,,,,,,,,,,,,,,,,,,,,,,,,,,,,,,,,,,,,,,,"46.6","93.6","2463","-9.7","-18.6","12.7","17.1","2.2","48.2","87","2474","2.7","-32.7","3.3","4.6","1.4","5.2","88.8","2282","-16.1","-26.6","8.3","18.2","1.5"
"Lauer, Eric",641778,2025,30,"10","35.1",138,125,22,11,6,1,4,36,11,26.1,8,".176",".336",".254","0.590","0.160",".212","9","9","0","0","106","3","1","0","0","0","2.29",,,"4","20","0","0","1","0","0","23","8","4","0","0","0","0","0","25","0","176","98","0","1","0","0","0","0","101","13","1","6","1","0","1","2","5","5","12","89","3","0","0","0","0","28","21","10","0","1","0","0","0","0","0","0","4","52","0","186","42","1","1","20","1","541","0","355","54","1","0","0","0","0",".208",".374",".263",".290",".283",".166",".306",".347",".247",".293","-0.032","-0.038","-0.027","72.7",28.9,13.7,10.3,34.9,26.3,"7.2",3,7.2,2.5,50.4,31,"91.2","22.3",33.7,7,7.9,10.1,21.3,38.2,20.2,2.2,47.2,"82.225093778","94.77980191",67.1,20.4,24.4,44.3,55.7,27,61,46.1,250,85,7.4,54,346,141,541,79.6,40,196,53.9,292,45.4,246,26.1,47.5,32.6,37.1,30.3,89,65.9,29.2,26,37.1,33,24.7,22,9,8,"L","541",38.2,"45.7","91.8","2234","9.2","-16.3","16.3","18.8","1.3","11.6","83.8","2198","-3.3","-36.3","2.5","4.8","1.5","10","85.3","934","10.2","-32.9","4.8","12.3","1.2","14.4","75.8","2366","-8.5","-56.8","-9.1","12.7","1.5","0.2","91.9","2205","15.7","-18.6","14.3","21.2",,"18.1","87.3","2402","-2","-27.7","8.1","8.9","1.3",,,,,,,,,,,,,,,,,,,,,,,,,,,,,,,,,,,,,,,,,,,,,,,,,"64","90.5","2281","6","-19.5","14","16","2.6","26.1","79.4","2291","-6.2","-47.6","-3.9","9.2","4.1","10","85.3","934","10.2","-32.9","4.8","12.3","1.2"
"Rodriguez, Yariel",684320,2025,28,"29","36.2",137,122,21,12,4,0,5,34,12,24.8,8.8,".172",".328",".255","0.583","0.156",".190","11","11","1","1","110","1","0","1","1","0","2.70",,,"2","6","1","0","1","0","0","33","12","2","0","0","0","0","0","27","0","215","75","0","0","0","0","0","0","102","5","5","28","4","0","0","2","7","3","11","89","4","9","0","1","0","19","27","13","0","0","0","0","0","0","0","1","1","62","0","222","40","0","1","7","0","558","1","336","64","17","4","0","0","1",".216",".411",".259",".309",".298",".195",".293",".370",".236",".301","-0.044","-0.083","-0.050","71.3",22.6,11.9,9,28,21.3,"7.3",5,9.2,-0.7,52.9,32,"86.8","18.7",41.6,11,12.4,9,16.9,29.2,28.1,4.5,37.1,"74.773698889","93.549462584",65.8,19.4,29.5,40.7,58.1,35,86,52.3,292,78.4,6.6,75,279,204,558,80.6,34,175,47.7,266,43.9,245,26.4,46.8,30.3,41.6,28.1,89,54.4,33.7,30,30.3,27,27,24,9,8,"R","558",36.2,"40.9","96.1","2417","-4.6","-15.5","14.2","15.2","1.3","36.6","85.3","2761","7.7","-37.6","0.4","8.3","1.5",,,,,,,,,,,,,,,,,"9.1","95.7","2400","-16","-19.1","11","19.7","1.6",,,,,,,,,"13.4","89.5","1646","-15.4","-29.4","5","16.4","1.6",,,,,,,,,,,,,,,,,,,,,,,,,,,,,,,,,,,,,,,,,"50","96.1","2414","-6.7","-16.2","13.6","16","1.3","36.6","85.3","2761","7.7","-37.6","0.4","8.3","1.5","13.4","89.5","1646","-15.4","-29.4","5","16.4","1.6"
"Thompson, Ryan",657044,2025,33,"31","28.0",124,115,35,24,7,0,4,26,8,21,6.5,".304",".470",".355","0.825","0.166",".365","16","17","1","3","84","1","2","0","1","0","5.14",,,"4","7","2","0","0","0","0","23","21","4","0","0","0","1","0","34","0","143","74","0","2","0","0","0","1","69","4","7","31","4","0","0","1","4","15","16","89","13","8","0","2","1","13","28","9","0","0","0","0","0","0","0","0","0","51","1","149","54","1","0","9","0","443","0","294","52","14","7","0","0","0",".258",".448",".355",".322",".312",".190",".432",".387",".393",".334",".046",".022",".033","71.7",25.9,22.6,17.8,41.6,32.8,"7.4",8,9.8,-4.1,48.3,35.2,"91.2","7",36,10,11.2,3.4,20.2,24.7,38.2,2.2,42.7,"79.791322","95.698042022",63,13,37.9,44.9,52.8,40,89,53,235,75.8,7.4,2,259,182,443,84.7,17,131,47,208,40.6,180,25.9,49.7,40.4,40.4,19.1,89,70.7,48.3,43,19.1,17,28.1,25,4.5,4,"R","443",-8.2,"7.2","91.5","2191","-9.5","-25.4","7.4","12.2","1.3","41.1","78.2","2262","13.9","-36.2","8.9","16.7","1.2",,,,,,,,,,,,,,,,,"51.2","90","2011","-13.4","-41.2","-7","15.4","1.1",,,,,,,,,"0.5","81.2","832","-3.6","-40.5","1.4","3.9","1.4",,,,,,,,,,,,,,,,,,,,,,,,,,,,,,,,,,,,,,,,,"58.5","90.2","2033","-12.9","-39.2","-5.2","15","1.2","41.1","78.2","2262","13.9","-36.2","8.9","16.7","1.2","0.5","81.2","832","-3.6","-40.5","1.4","3.9","1.4"
"Ferguson, Caleb",657571,2025,28,"33","31.0",129,110,23,20,3,0,0,24,12,18.6,9.3,".209",".236",".305","0.541","0.027",".261","11","11","0","3","93","2","0","0","0","0","3.19",,,"6","3","0","0","0","0","0","32","10","4","2","0","0","0","0","34","0","169","86","0","1","0","0","0","0","99","3","1","33","3","0","0","4","3","9","11","87","8","8","0","2","0","14","32","10","0","0","0","0","0","0","1","2","0","35","0","180","26","1","0","3","0","496","3","316","39","12","3","0","0","0",".212",".276",".249",".274",".314",".063",".245",".280",".261",".275","-0.003","-0.040","-0.025","70.4",17,7.1,5.9,23.7,19.7,"6.9",5,5.2,5.2,47.3,32.5,"83.3","7",32.6,3,3.4,6.7,20.2,22.5,37.1,9,24.7,"71.039912558","91.959741977",60.7,8.8,31.5,38.7,60,29,75,47.6,238,50,7.2,0,402,0,500,91.2,14,159,52.4,262,46.8,234,18.4,46.8,30.3,41.6,28.1,89,58.3,47.2,42,21.3,19,24.7,22,6.7,6,"L","500",46.1,"35.2","94","2313","5.4","-15.1","16","17.1","1",,,,,,,,,,,,,,,,,,,,,,,,,"23","93.8","2295","15.3","-19.6","11.7","19.4","1.1","22.2","88.6","2603","-2.3","-29.9","4.8","5.9","1.5",,,,,,,,,,,,,,,,,,,,,,,,,"19.6","79.9","3020","-9.6","-55.7","-12.5","16","1.2",,,,,,,,,,,,,,,,,"80.4","92.4","2388","6.1","-20.5","11.7","14.7","2.8","19.6","79.9","3020","-9.6","-55.7","-12.5","16","1.2",,,,,,,,
"Rogers, Tyler",643511,2025,34,"36","34.1",123,119,19,15,2,0,2,30,4,24.4,3.3,".160",".227",".187","0.414","0.067",".195","5","5","0","1","103","3","2","0","0","0","1.31",,,"2","1","0","0","0","0","0","22","6","2","0","0","0","0","0","18","0","110","84","0","0","0","0","0","0","85","5","5","36","3","0","1","0","3","8","8","89","4","15","0","0","0","11","50","8","0","0","0","0","0","0","0","0","0","44","0","110","27","0","0","1","0","417","0","307","44","6","1","0","0","0",".218",".288",".185",".235",".244",".070",".225",".295",".213",".294","-0.058","-0.061","-0.050","70.7",16.8,13.7,11,34.6,27.7,"6.9",6,0.8,8.7,26.7,34.6,"86.3","-5.1",25.8,3,3.4,3.4,22.5,12.4,50.6,5.6,32.6,"75.270224091","92.717228851",70.4,16.5,28.1,42.6,57.4,20,47,40,167,79.4,8.2,0,300,117,417,83.5,29,176,60,250,44.4,185,22,53.5,31.5,34.8,33.7,89,76.4,65.2,58,15.7,14,18,16,1.1,1,"R","417",-60.3,,,,,,,,,"28.1","73.8","2424","10.7","-36.3","14.7","18.5","1",,,,,,,,,,,,,,,,,"71.9","83.1","1970","-1.7","-53.1","-12.8","13.1","1",,,,,,,,,,,,,,,,,,,,,,,,,,,,,,,,,,,,,,,,,,,,,,,,,,,,,,,,,"71.9","83.1","1970","-1.7","-53.1","-12.8","13.1","1","28.1","73.8","2424","10.7","-36.3","14.7","18.5","1",,,,,,,,
"Rodríguez, Manuel",655889,2025,28,"31","30.1",121,112,26,21,3,0,2,25,6,20.7,5,".232",".313",".275","0.588","0.081",".279","7","9","0","0","91","1","2","1","0","0","2.08",,,"6","2","0","0","0","0","0","32","14","6","0","0","0","0","0","28","0","136","65","0","0","0","0","0","0","68","10","4","31","4","0","0","1","2","11","13","89","9","11","0","0","0","9","42","6","0","0","0","0","0","0","1","1","0","45","2","150","35","0","0","2","0","431","2","281","46","14","6","0","0","1",".252",".338",".262",".281",".295",".086",".302",".328",".295",".322","-0.020","-0.025","-0.019","72.4",27.9,14.7,10.9,33.8,25.1,"7.3",4,8.6,1.1,45.4,32.3,"87.4","1.3",28.1,3,3.4,3.4,27,15.7,42.7,6.7,41.6,"74.583747273","94.352912299",65.9,15.6,34.6,45.3,52,34,75,50.3,217,68.6,8.1,0,217,214,431,83.7,22,141,49.7,214,40.6,175,25.9,50.1,33.7,40.4,25.8,89,60.3,59.6,53,13.5,12,21.3,19,5.6,5,"R","431",47.4,"16.5","96.9","2350","-3.8","-13.2","15.9","16.6","1.4","49.7","89.4","2358","3.8","-34","0","4.3","1.4",,,,,,,,,,,,,,,,,"33.9","97.2","2181","-14.2","-19.2","9.6","17.2","1.3",,,,,,,,,,,,,,,,,,,,,,,,,,,,,,,,,,,,,,,,,,,,,,,,,,,,,,,,,"50.3","97.1","2236","-10.8","-17.2","11.6","17","1.3","49.7","89.4","2358","3.8","-34","0","4.3","1.4",,,,,,,,
"Henriquez, Ronny",678692,2025,25,"31","34.0",155,134,31,20,5,0,6,47,16,30.3,10.3,".231",".403",".325","0.728","0.172",".305","12","15","1","2","102","3","1","1","2","0","3.18",,,"10","8","1","0","0","0","0","33","24","9","1","0","0","1","0","44","0","190","89","0","0","0","0","0","0","86","5","3","31","0","0","1","3","6","9","15","86","11","9","0","2","0","22","23","3","1","0","0","0","0","0","1","1","0","93","3","214","52","0","0","9","0","580","2","366","98","17","11","0","0","1",".224",".440",".319",".325",".318",".217",".415",".426",".352",".340",".007","-0.037","-0.006","71.6",21,16.3,10.7,33.3,21.9,"7.5",9,13.6,-8.7,52.8,33.8,"87.9","16.7",38.2,12,13.5,4.5,22.5,28.1,24.7,6.7,42.7,"75.7756075","94.301529886",64.5,23.3,33.9,58.7,41.3,64,109,54.1,322,77.5,6.7,102,186,126,594,75.6,41,176,45.9,273,42.2,251,36.8,48,36,40.4,23.6,89,60.4,37.1,33,33.7,30,21.3,19,7.9,7,"R","594",41.7,"29.3","96.2","2476","-6.8","-11.2","18.6","19.9","1.3","21.2","87.7","2525","3.2","-31.2","4.5","6.5","1.4","17.2","90.9","1591","-17.1","-29.7","3.7","17.8","1.3",,,,,,,,,"2","94.3","2360","-18.6","-21","10.1","21.2","1.5",,,,,,,,,,,,,,,,,,,,,,,,,"30.3","85.1","2576","12.8","-37","1.2","13.2","1.6",,,,,,,,,,,,,,,,,,,,,,,,,"31.3","96.1","2468","-7.6","-11.9","18","20","1.4","51.5","86.2","2555","8.8","-34.6","2.6","10.5","2","17.2","90.9","1591","-17.1","-29.7","3.7","17.8","1.3"
"Ferguson, Tyler",621053,2025,31,"33","32.0",141,114,29,21,4,1,3,29,18,20.6,12.8,".254",".386",".360","0.746","0.132",".302","22","24","1","3","96","2","2","1","0","0","6.19",,,"5","12","1","0","1","0","0","24","23","5","0","0","0","0","0","26","0","209","90","0","0","0","0","0","1","96","5","6","33","3","0","0","3","4","12","13","91","11","9","0","1","0","22","26","4","1","0","0","0","0","0","2","4","0","55","2","222","44","0","1","13","0","560","6","338","55","11","2","0","0","0",".225",".377",".330",".319",".340",".153",".354",".338",".326",".294",".029",".009",".011","71.1",19.8,12.9,9.9,33.7,25.9,"7.2",6,9.1,-1.5,46.7,33.4,"88","18.3",29.7,7,7.7,8.8,18.7,30.8,27.5,6.6,34.1,"77.211170444","93.639639888",66.3,19.9,25.5,33.8,64.9,26,77,53.9,302,76.7,7.7,35,357,0,560,80.1,34,171,46.1,258,39.8,223,24.2,44.3,41.8,40.7,17.6,91,58.6,41.8,38,33,30,18.7,17,6.6,6,"R","560",26.3,"37.3","94.8","2281","-9.1","-16.3","14.3","17","1.2",,,,,,,,,"6.3","86.2","1570","-15.9","-35.8","1.3","16.2","1.5",,,,,,,,,"14.8","94","2131","-16.7","-26.4","4.9","17.5","1.3","11.6","90.1","2387","1.3","-27.4","6.3","6.8","1.5",,,,,,,,,,,,,,,,,"30","83.8","2492","10","-37.3","1.9","10.5","1.6",,,,,,,,,,,,,,,,,,,,,,,,,"63.8","93.8","2265","-9","-20.7","10.6","15.3","2.3","30","83.8","2492","10","-37.3","1.9","10.5","1.6","6.3","86.2","1570","-15.9","-35.8","1.3","16.2","1.5"
"Banda, Anthony",607455,2025,31,"34","33.1",135,117,23,16,2,0,5,26,17,19.3,12.6,".197",".342",".304","0.646","0.145",".209","13","13","0","1","100","4","1","2","0","0","3.51",,,"7","8","1","0","1","0","0","33","13","7","0","0","0","0","0","29","0","195","70","0","1","0","0","0","0","101","3","3","34","5","0","0","1","8","9","6","91","5","3","0","3","0","27","29","9","0","0","0","0","0","0","0","0","0","56","0","211","40","1","1","9","0","535","0","324","59","15","3","0","0","0",".236",".435",".284",".331",".338",".199",".298",".365",".253",".304","-0.039","-0.093","-0.047","70.5",16.4,13.9,10.7,34.3,26.6,"7.2",10,9.9,-2.2,55.1,30.9,"90","10.5",37.4,10,11,5.5,16.5,30.8,35.2,0,36.3,"80.764740889","93.672722444",68.1,12.3,27.6,53.3,46.7,40,75,50.8,272,74.5,10.3,13,283,239,535,87.7,22,179,49.2,263,37.4,200,24.4,47.5,39.6,34.1,26.4,91,54.1,41.8,38,38.5,35,16.5,15,3.3,3,"L","535",33.4,"29.7","95.7","2162","10.1","-15.2","14.8","18","1.1","44.7","85.8","2303","-6.6","-39.4","-1.9","7.9","1.4","2.4","90","1630","15.4","-28.1","5.8","16.5","1.5",,,,,,,,,"23.2","95.6","2076","15.8","-20.6","9.4","18.5","1.3",,,,,,,,,,,,,,,,,,,,,,,,,,,,,,,,,,,,,,,,,,,,,,,,,,,,,,,,,"52.9","95.6","2124","12.6","-17.5","12.4","18.2","1.1","44.7","85.8","2303","-6.6","-39.4","-1.9","7.9","1.4","2.4","90","1630","15.4","-28.1","5.8","16.5","1.5"
"Banks, Tanner",621383,2025,33,"31","32.0",131,124,27,17,3,2,5,34,5,26,3.8,".218",".395",".248","0.643","0.177",".259","15","15","1","1","96","1","0","1","0","0","4.22",,,"0","8","0","0","0","0","0","22","19","0","0","0","0","0","0","24","0","165","73","0","0","0","0","0","0","123","8","9","31","2","0","0","0","5","6","17","88","8","1","0","0","0","13","30","12","0","0","0","0","0","0","2","0","0","58","0","178","50","0","0","8","0","531","2","353","60","8","6","0","0","0",".257",".425",".279",".306",".286",".168",".361",".401",".300",".355","-0.039","-0.030","-0.027","71",17.1,11.2,8.5,25.1,19.1,"7",2,5.8,4.9,46.7,31.8,"86.8","12.7",41.3,9,9.8,6.5,27.2,20.7,25,10.9,39.1,"74.012884444","93.957213596",72,20.4,29.6,36.8,63.2,28,76,46.1,257,84,9,52,185,192,557,79.2,44,216,53.9,300,43.3,241,24.7,52.4,32.6,41.3,26.1,92,65.6,41.3,38,19.6,18,32.6,30,6.5,6,"L","557",48.5,"21.7","92.5","2190","2.5","-17.4","14.6","15","1.4","34.5","87.2","2364","-4.7","-30.8","5.1","7.1","1.4","9.3","82.7","1791","10.6","-36.9","3","11.3","1.6",,,,,,,,,"11.5","92.2","2050","14.1","-22.9","9.3","17","1.4",,,,,,,,,,,,,,,,,,,,,,,,,"23","81.6","2355","-13.1","-38.3","3.2","13.8","2.1",,,,,,,,,,,,,,,,,,,,,,,,,"33.2","92.4","2141","6.5","-19.3","12.8","15.7","1.4","57.5","84.9","2360","-8.1","-33.8","4.3","9.8","3.4","9.3","82.7","1791","10.6","-36.9","3","11.3","1.6"
"Palmquist, Carson",687223,2025,24,"6","26.2",129,104,31,16,7,1,7,18,16,14,12.4,".298",".587",".391","0.978","0.289",".286","23","24","0","0","80","0","4","1","0","0","7.76",,,"9","11","1","0","0","0","0","20","22","7","3","0","0","0","0","29","0","198","86","0","0","0","0","0","0","97","5","0","0","0","0","1","3","9","8","13","92","5","0","0","0","0","22","20","5","0","0","0","0","0","0","1","5","6","35","1","213","61","0","0","12","0","529","6","316","36","0","0","0","0","0",".275",".561",".410",".398",".380",".287",".431",".414",".341",".326",".023",".026",".012","72.7",33.5,15.1,12.6,27.7,23,"7.4",3,11.2,-5.5,49.7,33.7,"88.5","21.5",31.5,13,14.1,3.3,19.6,35.9,23.9,3.3,39.1,"76.793702222","94.151502111",65,12.6,23.2,31.7,68.3,20,63,51.4,272,72.2,6.8,22,346,0,529,87.4,21,167,48.6,257,42.5,225,17.8,43.5,35.9,37,27.2,92,51.9,30.4,28,35.9,33,22.8,21,10.9,10,"L","529",21.3,"38.8","90","2145","10.5","-20.6","13.2","16.9","1.3",,,,,,,,,"4.2","81.4","1537","12.1","-36.2","4.7","13.3","1.4",,,,,,,,,"13.6","90.9","2192","14.1","-18.6","14.7","20.4","1.5","13","81.7","1938","-2","-34.4","6.3","7","1.5",,,,,,,,,,,,,,,,,"30.4","73.7","1971","-9","-48.4","1.9","9.7","1.4",,,,,,,,,,,,,,,,,,,,,,,,,"65.4","88.5","2113","8.7","-22.9","12.1","15.7","3.9","30.4","73.7","1971","-9","-48.4","1.9","9.7","1.4","4.2","81.4","1537","12.1","-36.2","4.7","13.3","1.4"
"Whitlock, Garrett",676477,2025,29,"27","37.1",159,139,29,22,5,0,2,48,16,30.2,10.1,".209",".288",".302","0.590","0.079",".300","12","13","1","4","112","5","0","3","0","0","2.89",,,"2","1","1","0","0","0","0","32","15","2","0","0","0","0","0","30","0","213","103","0","1","1","0","0","0","111","8","5","27","1","0","0","3","3","9","16","90","8","6","0","0","0","21","29","8","0","0","0","0","0","0","0","1","0","91","1","229","39","2","0","2","0","640","1","411","97","6","2","0","0","0",".214",".351",".272",".293",".307",".137",".326",".363",".315",".323","-0.005","-0.063","-0.021","71.1",18,13,8.6,28.8,19.2,"7.3",10,9.1,-0.3,48.1,32.5,"88.8","12.3",38,12,13,4.3,20.7,28.3,30.4,3.3,34.8,"77.440851087","94.177092391",66.6,23.7,30.7,55.7,44.3,59,106,51.2,345,72.3,7,144,308,184,674,75.3,52,219,48.8,329,43.2,291,34.2,48.2,31.5,38,30.4,92,64.2,42.4,39,28.3,26,26.1,24,3.3,3,"R","674",39.5,,,,,,,,,"27.3","84.4","2111","3.8","-44.6","-6.1","7.6","1.6","21.4","84.4","2250","-16.8","-37.7","0.9","17","1.3",,,,,,,,,"45.7","95.8","2175","-13.3","-15","14.9","20.1","1.2",,,,,,,,,,,,,,,,,,,,,,,,,"5.6","82.5","2172","10.4","-45.9","-5.4","12.1","1.4",,,,,,,,,,,,,,,,,,,,,,,,,"45.7","95.8","2175","-13.3","-15","14.9","20.1","1.2","32.9","84","2121","5","-44.8","-6","8.3","1.7","21.4","84.4","2250","-16.8","-37.7","0.9","17","1.3"
"Vest, Will",676684,2025,30,"33","36.0",144,133,26,21,2,1,2,40,10,27.8,6.9,".195",".271",".250","0.521","0.076",".261","10","11","12","3","108","5","1","1","0","0","2.50",,,"0","3","0","0","0","0","0","33","15","0","0","0","0","0","0","36","0","199","105","0","0","0","0","0","5","123","2","19","33","3","0","0","0","4","14","8","94","9","1","0","1","1","12","42","6","0","0","0","0","0","0","0","1","0","75","1","216","36","0","0","3","0","620","1","404","79","12","6","0","0","2",".202",".312",".232",".251",".258",".109",".287",".316",".277",".290","-0.007","-0.041","-0.019","70.5",16.5,11.4,8.6,26.2,19.9,"6.9",9,5.4,7.2,47.6,32.3,"87.6","6.2",22.3,4,4.3,8.5,21.3,14.9,45.7,5.3,40.4,"75.676674043","93.822013617",67.2,21.3,29.5,41.3,58.7,38,92,50.3,312,81.6,6.1,47,461,112,620,78.7,44,207,49.7,308,44.2,274,27.4,48.2,31.9,40.4,27.7,94,68.5,59.6,56,17,16,16,15,7.4,7,"R","620",52.5,"58.4","96.8","2248","-6","-12.7","16.6","17.8","0.9","18.1","89.2","2721","4.1","-33.9","0.7","5","1.2","7.6","90.5","1671","-15.7","-28.3","5.2","16.7","1.1",,,,,,,,,"16","96.3","2148","-14.4","-18.3","11.3","18.4","1",,,,,,,,,,,,,,,,,,,,,,,,,,,,,,,,,,,,,,,,,,,,,,,,,,,,,,,,,"74.4","96.7","2226","-7.8","-13.9","15.5","17.9","0.9","18.1","89.2","2721","4.1","-33.9","0.7","5","1.2","7.6","90.5","1671","-15.7","-28.3","5.2","16.7","1.1"
"Estévez, Carlos",608032,2025,32,"32","32.2",139,122,23,17,4,0,2,28,14,20.1,10.1,".189",".270",".283","0.553","0.081",".228","7","9","21","3","98","2","2","1","1","0","1.93",,,"0","4","0","0","0","0","0","34","12","0","0","0","0","1","0","37","0","171","77","0","1","0","0","0","2","105","5","27","32","0","0","0","2","1","6","15","91","8","0","0","4","0","23","20","11","0","0","0","0","0","0","1","0","0","37","2","179","29","1","0","4","0","494","1","315","37","6","3","0","0","0",".246",".431",".244",".324",".334",".185",".259",".373",".245",".320","-0.057","-0.161","-0.080","72.1",28.9,14.1,11.9,29.2,24.8,"7.2",3,8.7,0.2,56.9,31.1,"90.1","25.5",31.6,9,9.5,4.2,23.2,38.9,22.1,2.1,38.9,"80.075730638","94.187374362",69.6,11.7,22.6,37.7,62.3,20,53,45.4,235,91.8,9.5,77,275,166,518,88.3,23,197,54.6,283,38.2,198,17.2,48.3,35.8,34.7,29.5,95,65.4,27.4,26,26.3,25,27.4,26,18.9,18,"R","518",41.5,"53.1","95.3","2167","-7.9","-13","17.3","19.2","1.4","32","87.5","2182","5.5","-32","3.6","6.8","1.6","14.9","87.3","1606","-11.3","-26.8","9.2","15","1.4",,,,,,,,,,,,,,,,,,,,,,,,,,,,,,,,,,,,,,,,,,,,,,,,,,,,,,,,,,,,,,,,,,,,,,,,,"53.1","95.3","2167","-7.9","-13","17.3","19.2","1.4","32","87.5","2182","5.5","-32","3.6","6.8","1.6","14.9","87.3","1606","-11.3","-26.8","9.2","15","1.4"
"Wesneski, Hayden",669713,2025,27,"6","32.0",131,121,29,14,8,0,7,29,6,22.1,4.6,".240",".479",".279","0.758","0.239",".256","16","16","0","0","96","1","3","0","0","0","4.50",,,"2","5","1","0","0","0","0","19","15","1","1","0","2","0","0","17","0","169","92","0","1","0","0","0","0","90","5","0","0","0","0","0","1","8","8","13","95","4","0","0","0","0","18","29","9","0","0","0","0","0","0","2","1","6","49","0","175","58","1","0","6","0","508","3","333","51","0","0","0","0","0",".259",".481",".325",".335",".300",".222",".399",".412",".312",".341","-0.019","-0.002","-0.010","72.2",27.2,12.6,9.9,34.7,27.2,"7.3",8,8.9,-1.4,49.8,31.1,"89.7","16.3",35.8,10,10.5,6.3,23.2,26.3,28.4,5.3,42.1,"79.32545587","94.265432935",66.2,16.1,25.8,44.3,55.7,27,61,46.5,236,72.5,10,43,293,47,508,83.9,29,180,53.5,272,41.7,212,23.2,47.4,41.1,32.6,26.3,95,64.9,38.9,37,27.4,26,24.2,23,9.5,9,"R","508",46.3,"35.8","93.8","2258","-6.3","-17.4","13.8","15.3","1.9",,,,,,,,,"8.5","86.3","1710","-14.4","-32.4","4.6","15.4","1.8","9.3","77.1","2679","10.6","-58.6","-12","16.2","2","10.4","92.5","2167","-13.2","-22.9","9.2","16.2","1.7","11.4","88.3","2492","4.7","-30.3","4.8","7.1","1.4",,,,,,,,,,,,,,,,,"24.6","83.3","2740","17.6","-39.5","0.4","17.8","2.1",,,,,,,,,,,,,,,,,,,,,,,,,"57.7","92.5","2288","-5.4","-20.9","11.2","13.9","2.9","33.9","81.6","2724","15.7","-44.7","-3","17.3","3.5","8.5","86.3","1710","-14.4","-32.4","4.6","15.4","1.8"
"Salazar, Eduardo",674285,2025,27,"24","23.1",130,112,42,28,8,1,5,19,15,14.6,11.5,".375",".598",".450","1.048","0.223",".416","23","24","0","1","70","0","1","2","1","0","8.87",,,"6","5","3","0","0","0","0","28","29","6","0","0","0","0","0","47","0","158","70","0","0","0","0","0","0","69","4","6","24","4","0","1","1","9","16","16","92","17","2","0","0","0","7","34","4","0","0","0","0","0","0","1","1","0","37","1","164","65","0","0","8","0","437","2","273","38","11","8","0","0","2",".309",".483",".450",".383",".395",".173",".500",".408",".447",".372",".066",".115",".067","71.9",21.9,16.6,13.5,33.8,27.6,"7",6,6.5,4.6,51,32.8,"89.2","7.1",31.6,8,8.4,7.4,26.3,14.7,35.8,5.3,43.2,"77.473308913","94.929326813",65.9,13.6,25.7,41.1,58.9,23,56,47,218,88.4,9.3,8,309,147,464,86.4,22,162,53,246,40.5,188,20.6,47,37.9,34.7,27.4,95,65.4,53.7,51,18.9,18,23.2,22,4.2,4,"R","464",34.6,"26.7","95.1","2138","-11.4","-17.8","12.4","17.1","1.3","31.7","87.5","2032","5.3","-35.7","-0.2","6.3","1.5","1.7","87.4","1823","-12.1","-28.2","7.5","14.5","1.8",,,,,,,,,"39.9","94.4","2008","-16.3","-25.9","5","17.2","1.4",,,,,,,,,,,,,,,,,,,,,,,,,,,,,,,,,,,,,,,,,,,,,,,,,,,,,,,,,"66.6","94.7","2060","-14.4","-22.6","8","17.1","1.4","31.7","87.5","2032","5.3","-35.7","-0.2","6.3","1.5","1.7","87.4","1823","-12.1","-28.2","7.5","14.5","1.8"
"Santillan, Tony",663574,2025,28,"35","34.0",136,123,24,14,5,1,4,28,9,20.6,6.6,".195",".350",".259","0.609","0.155",".217","10","10","2","2","102","1","1","1","0","0","2.65",,,"0","9","0","0","0","0","0","25","15","0","0","0","0","0","0","24","0","169","73","1","1","1","0","0","0","118","7","6","35","3","0","0","2","5","3","15","95","7","15","0","0","0","21","22","14","0","0","0","0","0","0","0","1","0","56","0","189","42","2","0","9","0","540","1","351","56","14","5","0","0","0",".264",".441",".269",".330",".322",".177",".299",".384",".250",".338","-0.069","-0.091","-0.061","71.3",21.5,16,12.2,32.4,24.8,"7.1",6,8.4,0.6,51.2,31.3,"91.2","22.9",37.5,6,6.3,12.5,24,36.5,18.8,2.1,43.8,"80.715187447","95.040906702",75.9,17.4,24.1,45.2,53.2,28,62,46.6,257,81.3,8.7,0,354,198,552,81.7,39,224,53.4,295,40.9,226,23.4,51.8,32.3,37.5,30.2,96,66.9,28.1,27,28.1,27,31.3,30,13.5,13,"R","552",27.1,"64.1","96.3","2343","-11.7","-16.2","13.4","17.9","1.1","35.9","86.3","2189","8.1","-37.1","-0.2","9.3","1.3",,,,,,,,,,,,,,,,,,,,,,,,,,,,,,,,,,,,,,,,,,,,,,,,,,,,,,,,,,,,,,,,,,,,,,,,,,,,,,,,,"64.1","96.3","2343","-11.7","-16.2","13.4","17.9","1.1","35.9","86.3","2189","8.1","-37.1","-0.2","9.3","1.3",,,,,,,,
"Pressly, Ryan",519151,2025,36,"30","28.0",131,114,35,26,7,0,2,20,12,15.3,9.2,".307",".421",".383","0.804","0.114",".359","11","14","5","0","84","2","2","0","0","0","3.54",,,"2","7","0","0","0","0","0","31","11","2","0","0","0","0","0","29","0","139","76","1","2","0","0","0","2","85","5","14","30","4","0","0","2","1","10","21","91","7","4","0","0","0","11","41","0","0","0","0","0","0","0","2","0","0","33","3","162","40","2","0","7","0","455","2","293","35","3","0","0","0","0",".295",".422",".358",".351",".372",".127",".384",".375",".372",".358",".012","-0.001",".007","71.7",26.1,20.2,16.7,40.5,33.5,"7.3",2,8.7,0.5,51.7,33.6,"91.6","7.3",31.3,6,6.3,8.3,28.1,11.5,41.7,4.2,51,"81.487424043","95.511720851",66.5,11.8,24.3,37.5,60.7,21,56,47.5,230,79.1,8.9,28,233,223,484,88.2,20,169,52.5,254,43,208,18.2,46.5,44.8,34.4,20.8,96,58.8,54.2,52,14.6,14,24,23,7.3,7,"R","484",56.1,"38.4","93.2","2567","0.2","-15.2","16.2","16.4","1.1","21.3","88.6","2695","4.9","-32.1","2.5","6","1.1","5.8","88.6","2057","-10.7","-29.6","5.3","12.2","1.3","24.8","81.2","3218","16.5","-54.1","-12.1","20.5","1.2","9.7","93.1","2353","-13.2","-22.7","9","16.1","1.2",,,,,,,,,,,,,,,,,,,,,,,,,,,,,,,,,,,,,,,,,,,,,,,,,,,,,,,,,"48.1","93.2","2524","-2.5","-16.7","14.8","16.3","1.1","46.1","84.7","2976","11.1","-44","-5.4","13.8","3.9","5.8","88.6","2057","-10.7","-29.6","5.3","12.2","1.3"
"Clase, Emmanuel",661403,2025,27,"33","31.2",143,127,38,29,7,1,1,34,9,23.8,6.3,".299",".394",".352","0.746","0.095",".389","13","15","16","3","95","4","1","3","0","0","3.69",,,"6","0","0","0","0","0","0","32","13","5","1","0","0","2","0","44","0","139","61","0","1","0","0","0","4","98","9","28","33","1","0","1","3","5","14","19","97","10","1","0","2","1","13","27","9","1","0","0","0","0","0","1","3","0","90","2","162","50","1","0","0","0","521","4","359","92","1","0","0","0","2",".252",".371",".324",".295",".313",".119",".399",".358",".396",".338",".047",".023",".029","71.2",20.8,11.1,7.3,30.4,20.1,"7.1",8,5.7,3.7,44,32.5,"88.5","13.3",37.1,5,5.2,4.1,27.8,26.8,29.9,6.2,40.2,"77.30027625","94.043935729",78,26.5,31.9,57.3,42.7,43,75,45.1,235,90,9.6,0,361,160,521,73.1,59,223,54.9,286,41.7,217,34.2,57.2,25.8,44.3,29.9,97,61,42.3,41,20.6,20,29.9,29,7.2,7,"R","521",52.4,,,,,,,,,"30.7","88.9","2500","8.2","-32.2","2.3","9.4","2",,,,,,,,,,,,,,,,,"0.8","98.4","2385","-6.7","-14.9","13.3","15.2","1.5","68.5","99.1","2585","4.4","-15.2","12.6","13.5","1.2",,,,,,,,,,,,,,,,,,,,,,,,,,,,,,,,,,,,,,,,,,,,,,,,,"69.3","99.1","2582","4.2","-15.2","12.6","13.5","1.2","30.7","88.9","2500","8.2","-32.2","2.3","9.4","2",,,,,,,,
"Feltner, Ryan",663372,2025,28,"6","30.1",135,122,33,20,9,0,4,25,12,18.5,8.9,".270",".443",".333","0.776","0.173",".309","16","17","0","0","91","0","2","0","0","0","4.75",,,"8","8","2","0","0","0","0","23","15","8","0","0","2","0","0","35","0","180","71","0","0","0","0","0","0","88","5","0","0","2","0","1","0","6","14","12","98","10","0","0","0","0","21","33","6","0","0","0","0","0","0","0","1","6","61","1","198","54","0","0","10","0","522","1","324","62","0","0","0","0","1",".231",".357",".339",".289",".299",".125",".382",".314",".337",".289",".039",".086",".050","72.2",27.4,12.1,9.1,33.9,25.6,"7.4",7,10,-2.6,48.9,30.9,"90","11.1",27.6,4,4.1,7.1,16.3,29.6,38.8,3.1,35.7,"79.828118958","94.387792083",70.3,16.7,27.4,50.7,49.3,37,73,51,266,78.8,6.3,96,239,124,522,83.3,30,180,49,256,40.6,212,26.5,48.5,35.7,37.8,26.5,98,59.3,48,47,28.6,28,18.4,18,5.1,5,"R","522",41,"37.4","93.5","2401","-3.9","-20.1","10.9","12","1.3","17.2","88","2504","5.3","-29.4","5.6","8.1","1.4","18.4","84.7","1632","-4.8","-32.3","5.4","7.7","1.5","6.5","78.7","2672","10.3","-55.8","-11.6","15.7","1.5","8.4","93.7","2382","-12","-23.5","7.6","14.5","1.4",,,,,,,,,,,,,,,,,,,,,,,,,"12.1","81.5","2581","14.5","-42.3","-1.3","14.9","1.4",,,,,,,,,,,,,,,,,,,,,,,,,"45.8","93.5","2397","-5.4","-20.7","10.3","12.4","1.3","35.8","84.1","2561","9.3","-38.6","0.2","11.8","4.1","18.4","84.7","1632","-4.8","-32.3","5.4","7.7","1.5"
"Lynch IV, Daniel",663738,2025,28,"31","33.2",142,118,27,22,2,0,3,23,18,16.2,12.7,".229",".322",".343","0.665","0.093",".258","8","9","1","0","101","3","1","0","0","0","2.14",,,"0","1","0","0","0","0","0","31","6","0","0","0","0","0","0","29","0","195","104","0","1","0","0","0","0","81","5","6","29","5","0","0","3","3","13","11","98","1","4","0","1","1","19","35","5","0","0","0","0","0","0","2","1","2","44","1","206","38","1","0","1","0","541","3","335","46","8","1","0","0","0",".255",".402",".304",".340",".366",".147",".295",".347",".281",".315","-0.026","-0.080","-0.036","71.2",18.5,16.5,12.7,36.1,27.8,"7.4",1,11.4,-3.4,57.1,32.2,"88.1","12.1",24.5,7,7.1,2,22.4,27.6,29.6,10.2,40.8,"75.897643404","94.462440745",59.5,14.4,26.1,40.8,59.2,29,71,50.3,272,68.6,6.5,123,217,201,541,85.6,23,160,49.7,269,42.7,231,22.5,42.7,38.8,39.8,21.4,98,63.1,49,48,23.5,23,16.3,16,11.2,11,"L","541",36.5,"26.6","94","2229","10.2","-16","15","18.3","1.1","27.2","86.8","2277","-2","-32.3","3.9","4.8","1.1","22.7","86.1","1652","15.3","-34.9","2.1","15.7","1.2","10","82.5","2263","-3.2","-42.7","-2.8","4.8","1.6","13.5","93.8","2091","16.2","-22.1","9.1","18.7","1.2",,,,,,,,,,,,,,,,,,,,,,,,,,,,,,,,,,,,,,,,,,,,,,,,,,,,,,,,,"40.1","93.9","2183","12.2","-18","13","18.4","1.1","37.2","85.6","2274","-2.3","-35.1","2.1","4.8","2.3","22.7","86.1","1652","15.3","-34.9","2.1","15.7","1.2"
"Chivilli, Angel",683409,2025,22,"20","29.1",134,120,34,22,6,0,6,21,13,15.7,9.7,".283",".483",".358","0.841","0.200",".301","20","23","0","0","88","1","2","4","0","0","6.14",,,"2","8","1","0","0","0","0","28","25","2","0","0","0","0","0","37","0","179","62","0","2","0","0","0","0","72","1","1","20","2","0","1","1","8","10","16","99","13","1","0","1","0","10","46","7","0","0","0","0","0","0","0","0","0","62","3","190","58","2","0","9","0","489","0","299","65","19","6","0","0","0",".292",".501",".366",".373",".366",".209",".400",".410",".343",".354","-0.009","-0.018","-0.007","71.8",24.4,16.7,12.2,36.5,26.8,"7.6",2,12.4,-6.3,50.7,33.3,"89.2","1.7",30.3,10,10.1,2,26.3,12.1,46.5,3,40.4,"76.6954208","95.14137404",73.6,19.4,26,49.3,50.7,33,67,52.8,258,85.2,5.5,203,227,59,489,80.6,33,170,47.2,231,47.2,231,27.8,48.5,43.4,36.4,20.2,99,53.4,56.6,56,18.2,18,23.2,23,2,2,"R","489",34.3,"46.4","96.9","2296","-14.4","-20.2","8.9","17.1","1.3","12.1","90.7","2118","-1","-29","4.1","4.7","1.6","41.5","88.5","1796","-11.5","-27.7","7.2","13.8","1.2",,,,,,,,,,,,,,,,,,,,,,,,,,,,,,,,,,,,,,,,,,,,,,,,,,,,,,,,,,,,,,,,,,,,,,,,,"46.4","96.9","2296","-14.4","-20.2","8.9","17.1","1.3","12.1","90.7","2118","-1","-29","4.1","4.7","1.6","41.5","88.5","1796","-11.5","-27.7","7.2","13.8","1.2"
"Brazobán, Huascar",623211,2025,35,"31","39.2",156,133,25,17,3,1,4,37,16,23.7,10.3,".188",".316",".286","0.602","0.128",".223","11","14","1","4","119","3","2","1","0","0","2.50",,,"2","8","0","0","0","0","0","44","16","2","0","0","0","1","0","32","0","189","88","0","0","0","0","0","0","114","5","5","29","7","0","0","3","6","13","6","100","7","8","0","1","0","22","38","7","1","0","0","0","0","0","2","2","2","70","3","209","42","0","0","8","0","590","4","381","71","23","3","0","0","0",".217",".365",".270",".313",".322",".148",".294",".361",".255",".312","-0.029","-0.049","-0.043","71.5",23.3,12,8.9,29.3,21.8,"7.5",6,12.2,-4.8,54.1,32.4,"88.4","12.5",29,10,10,4,20,23,36,5,40,"77.538772708","93.794136146",67.8,19.7,31.9,38.9,61.1,37,95,50.5,298,72.7,5.6,223,367,0,590,78.8,39,198,49.5,292,44.2,261,25.9,49.7,37,40,23,100,58.1,51,51,30,30,13,13,6,6,"R","590",36,"12.5","96.4","2189","-11.4","-15.2","14.5","18.5","1.3",,,,,,,,,"37.8","90.5","1962","-16.6","-32","1.6","16.9","1.5",,,,,,,,,"36.4","96.3","2230","-18","-21.4","8.3","19.9","1.3","13.2","89.8","2314","-3.4","-26.3","7.8","9.2","2.2",,,,,,,,,,,,,,,,,,,,,,,,,,,,,,,,,,,,,,,,,,,,,,,,,"62.2","95","2239","-13.6","-21.2","9.4","17.4","3.3",,,,,,,,,"37.8","90.5","1962","-16.6","-32","1.6","16.9","1.5"
"Rutledge, Jackson",671131,2025,26,"24","31.0",149,126,36,24,5,1,6,28,15,18.8,10.1,".286",".484",".378","0.862","0.198",".319","20","22","0","0","93","1","1","5","0","0","5.81",,,"0","6","1","0","1","0","0","33","24","0","0","0","0","0","0","39","0","217","87","0","0","0","0","0","3","110","3","7","24","4","0","0","5","8","14","13","96","10","1","0","0","0","18","28","4","0","0","0","0","0","0","1","2","0","74","2","228","59","0","1","7","0","598","3","370","74","12","7","0","0","2",".247",".414",".377",".338",".347",".168",".417",".359",".360",".313",".039",".070",".039","71.7",19.3,10.8,8.1,31.4,23.6,"7.3",7,11.8,-3.4,53.7,30.3,"89.5","16.3",25.7,8,7.9,5,20.8,31.7,32.7,2,40.6,"78.9803176","94.1685818",65.3,18,28.2,47.7,52.3,41,86,49.3,305,81,6.8,69,402,148,619,82,37,205,50.7,314,41.7,258,26.8,47,40.6,41.6,17.8,101,58.4,42.6,43,29.7,30,17.8,18,9.9,10,"R","619",31.3,"17.6","96","2390","-10.8","-14.4","15.4","18.9","1.1","23.9","85.2","2081","1.5","-37.6","-0.1","2.3","1.1",,,,,,,,,,,,,,,,,"25.5","95.4","2291","-17.8","-22.3","7.8","19.5","1.2","21.8","89.2","2189","1.5","-27.3","6.8","7.2","1.3","11.1","85.5","1372","-13.8","-35.3","2.1","14.2","1.4",,,,,,,,,,,,,,,,,,,,,,,,,,,,,,,,,,,,,,,,,"64.9","93.5","2284","-9.4","-21.8","9.5","15.2","3.5","23.9","85.2","2081","1.5","-37.6","-0.1","2.3","1.1","11.1","85.5","1372","-13.8","-35.3","2.1","14.2","1.4"
"Hill, Tim",657612,2025,35,"33","32.0",128,119,24,17,4,0,3,18,9,14.1,7,".202",".311",".258","0.569","0.109",".214","9","11","0","0","96","3","2","1","0","0","2.53",,,"0","0","0","0","0","0","0","43","17","0","0","0","0","2","0","44","0","129","62","0","0","0","0","0","1","95","8","11","33","3","0","0","0","3","10","9","99","10","5","0","1","1","12","56","6","0","0","0","0","0","0","0","0","0","32","2","130","35","0","0","0","0","428","0","298","32","40","9","0","0","0",".242",".361",".251",".287",".296",".120",".261",".306",".238",".286","-0.040","-0.050","-0.036","71.4",22.7,17,14,35.7,29.5,"6.8",4,2.7,9.7,34.3,32,"89.5","-5",18.8,8,7.9,4,12.9,14.9,53.5,5,45.5,"77.165168571","95.150575306",74.7,15.5,32.3,21.5,76.9,14,65,46.3,201,67.6,7.8,0,415,19,434,84.5,27,174,53.7,233,42.4,184,17.2,55.1,30.7,47.5,21.8,101,74,66.3,67,14.9,15,15.8,16,3,3,"L","434",-22.8,"15.7","89.8","2117","17.6","-31.2","3.2","18","1.1","4.4","84.6","2016","4","-35.9","2.7","5.1","1.4",,,,,,,,,,,,,,,,,"80","88.2","2054","15.7","-42","-6.4","17.1","1.2",,,,,,,,,,,,,,,,,,,,,,,,,,,,,,,,,,,,,,,,,,,,,,,,,,,,,,,,,"95.6","88.5","2064","16","-40.2","-4.9","17.3","1.3","4.4","84.6","2016","4","-35.9","2.7","5.1","1.4",,,,,,,,
"Milner, Hoby",571948,2025,34,"33","35.0",143,133,28,21,6,1,0,32,9,22.4,6.3,".211",".271",".261","0.532","0.060",".277","9","12","0","2","105","1","1","0","0","0","2.31",,,"0","4","0","0","0","0","0","38","12","0","0","0","0","0","0","39","0","193","128","0","0","0","0","0","0","83","2","3","33","4","0","0","0","4","12","10","100","9","8","0","2","0","19","45","6","1","0","0","0","0","0","1","0","0","34","3","198","35","0","0","4","0","547","1","349","34","24","5","0","0","2",".228",".386",".234",".283",".277",".158",".276",".344",".277",".300","-0.017","-0.115","-0.049","70.9",19.7,13,10.8,34.3,28.6,"7.2",1,7.3,3.2,45.3,33.3,"86.4","5.5",26.5,9,8.8,2.9,17.6,19.6,46.1,4.9,29.4,"76.0637982","92.510646869",56.9,11.2,22.6,35,63.3,21,60,47.2,266,70.5,7.8,91,257,0,563,88.2,19,169,52.8,297,42.3,238,17.5,40.7,28.4,42.2,29.4,102,59.6,56.9,58,24.5,25,15.7,16,2.9,3,"L","563",-5.5,"13.1","87.5","1960","15","-29.4","6.8","16.6","1.1",,,,,,,,,"16.2","80.7","1611","16.2","-46.4","-3.9","16.9","1.2",,,,,,,,,"32.5","87.3","1950","18.3","-36.7","-0.4","18.4","1.1",,,,,,,,,,,,,,,,,,,,,,,,,"38","77.8","1810","-15.5","-45.3","0.3","15.6","1.1","0.2","77.8","1852","-11.6","-53.2","-6.9","13.5",,,,,,,,,,,,,,,,,,"45.6","87.4","1953","17.3","-34.6","1.7","17.9","1.1","38.2","77.8","1810","-15.5","-45.4","0.3","15.6","1.1","16.2","80.7","1611","16.2","-46.4","-3.9","16.9","1.2"
"Webb, Jacob",657097,2025,31,"30","34.0",141,125,27,17,5,0,5,25,12,17.7,8.5,".216",".376",".288","0.664","0.160",".229","16","16","1","2","102","4","3","0","0","0","4.24",,,"3","9","0","0","0","0","0","31","17","3","0","0","0","0","0","32","0","176","76","0","1","0","0","0","0","104","8","6","30","2","0","0","1","8","5","14","103","9","6","0","0","0","23","31","11","0","0","0","0","0","0","2","1","0","56","0","182","47","1","0","9","0","531","3","349","58","18","5","0","0","1",".243",".396",".294",".312",".314",".153",".315",".341",".267",".304","-0.027","-0.020","-0.018","71",23,12.1,9.1,26.9,20.2,"7.4",1,11.8,-4.1,46.5,31.8,"87.2","20.9",35,5,4.9,9.7,23.3,34,20.4,5.8,33,"76.07932898","93.17048551",73.7,19,26.9,39.7,60.3,27,68,47.6,253,75,6.8,192,232,0,531,81,39,205,52.4,278,43.9,233,24.2,51.4,48.5,28.2,23.3,103,60.3,35,36,31.1,32,24.3,25,9.7,10,"R","531",34,"43.7","93.2","2446","-9","-14.9","17","19.3","1.2",,,,,,,,,"36.2","84.7","2239","-17.8","-27.9","10.8","20.9","1.2",,,,,,,,,,,,,,,,,,,,,,,,,,,,,,,,,,,,,,,,,"20.2","82.7","2536","11.9","-43.4","-2.9","12.8","1.2",,,,,,,,,,,,,,,,,,,,,,,,,"43.7","93.2","2446","-9","-14.9","17","19.3","1.2","20.2","82.7","2536","11.9","-43.4","-2.9","12.8","1.2","36.2","84.7","2239","-17.8","-27.9","10.8","20.9","1.2"
"Dreyer, Jack",676263,2025,26,"28","37.2",157,138,28,21,5,2,0,38,15,24.2,9.6,".203",".268",".274","0.542","0.065",".269","12","13","0","1","113","2","2","1","0","0","2.87",,,"4","8","0","0","1","0","0","23","13","3","1","0","0","0","0","30","0","181","89","0","1","0","0","0","0","118","4","3","24","1","0","0","0","1","11","16","102","6","7","0","1","0","23","30","7","0","0","0","0","0","0","0","4","4","66","1","199","37","1","1","8","0","587","4","388","73","7","1","0","0","0",".189",".260",".243",".241",".267",".071",".271",".269",".269",".259",".014",".008",".002","72",27.5,11.5,8.5,32.8,24.4,"7.2",8,8.8,-0.8,50,31.9,"90.8","17.2",28.8,1,1,10.6,21.2,32.7,30.8,2.9,39.4,"82.57102","93.877807843",71.4,18.5,26.3,50,50,36,72,45.7,274,74.5,7.8,0,256,343,599,80.6,43,232,54.3,325,41.6,249,26,50.8,37.5,39.4,23.1,104,59.6,40.4,42,26.9,28,23.1,24,9.6,10,"L","599",55.6,"42.6","92.6","2370","7.2","-12.3","19.8","21.2","1.3","44.4","88","2340","-2.7","-31.2","4","5.2","1.5",,,,,,,,,"12.9","78.7","2549","-6.8","-61.7","-17","18.4","1.3","0.2","91.8","2299","12","-16.1","16.6","20.5",,,,,,,,,,,,,,,,,,,,,,,,,,,,,,,,,,,,,,,,,,,,,,,,,,,,,,,,,,"42.7","92.6","2370","7.2","-12.3","19.8","21.2","1.3","57.3","85.9","2387","-3.7","-38","-0.7","8.2","4.4",,,,,,,,
"Hoglund, Gunnar",680684,2025,25,"6","32.1",139,127,38,22,6,0,10,23,11,16.5,7.9,".299",".583",".353","0.936","0.284",".295","23","23","0","0","97","1","3","1","0","0","6.40",,,"2","4","0","0","0","0","0","21","18","2","0","0","1","0","0","20","0","194","96","0","1","0","0","0","0","89","4","0","0","4","0","0","0","12","13","13","105","5","0","0","0","0","22","30","13","0","0","0","0","0","0","0","1","6","49","0","201","74","1","0","4","0","547","1","346","51","0","0","0","0","0",".313",".638",".399",".420",".365",".325",".456",".483",".362",".379","-0.014","-0.055","-0.021","71.8",26.7,19.8,15.6,40.1,31.6,"7.3",4,10.2,-1.2,58.7,33.3,"92.4","14.4",36.2,17,16.2,5.7,21,24.8,29.5,2.9,45.7,"82.198187547","96.00007381",64,13.8,26.1,43.5,56.5,30,69,48.3,264,73.7,6.9,126,287,39,547,85.6,25,181,51.7,283,40.6,222,22,45.7,37.1,40,22.9,105,58.3,41,43,33.3,35,24.8,26,1,1,"R","547",49,"35.8","93.6","2406","-7.2","-12.9","18.6","20.1","1.1","7.1","90.7","2539","1.4","-19","14.5","14.7","1.5","23","86","1560","-15.4","-33.7","3.6","16.1","1.3",,,,,,,,,"16.6","93.2","2426","-14.3","-18.8","13","19.5","1.3",,,,,,,,,,,,,,,,,,,,,,,,,"17.4","81.2","2665","10.6","-38.3","3.4","11.7","1.3",,,,,,,,,,,,,,,,,,,,,,,,,"52.5","93.5","2413","-9.4","-14.8","16.8","19.9","1.2","24.5","84","2628","8","-32.7","6.6","12.6","4.3","23","86","1560","-15.4","-33.7","3.6","16.1","1.3"
"Sasaki, Roki",808963,2025,23,"8","34.1",154,129,29,18,4,1,6,24,22,15.6,14.3,".225",".411",".351","0.762","0.186",".232","18","18","0","0","103","1","1","2","0","0","4.72",,,"4","9","1","0","0","0","0","31","16","4","0","0","1","0","0","31","0","224","94","0","0","0","0","0","0","98","4","0","0","3","0","0","3","7","9","13","105","4","0","0","0","0","27","31","13","0","0","0","0","0","0","0","0","8","37","0","247","53","0","0","10","0","596","0","349","48","0","0","0","0","0",".266",".513",".341",".389",".386",".247",".334",".405",".276",".328","-0.041","-0.102","-0.048","71.4",20.6,15.9,13.2,38.2,31.9,"7.2",4,10.4,-1.8,53.4,33.7,"90.4","13.6",32.4,11,10.5,7.6,19,28.6,30.5,2.9,44.8,"80.588860192","94.503791442",65.1,10,21.3,50.8,49.2,33,65,51.1,305,81.3,8,196,299,101,596,90,19,190,48.9,292,36.5,218,20.4,42.8,38.1,31.4,30.5,105,57.1,38.1,40,32.4,34,24.8,26,4.8,5,"R","596",44.1,"50.2","96","2080","-10.5","-15.5","14.3","17.9","1.6","16.9","82","1869","11.7","-43.1","-2.3","12.5","1.6",,,,,,,,,,,,,,,,,,,,,,,,,,,,,,,,,"32.9","84.8","482","-0.8","-42.2","-3.9","6.1","1.5",,,,,,,,,,,,,,,,,,,,,,,,,,,,,,,,,,,,,,,,,"50.2","96","2080","-10.5","-15.5","14.3","17.9","1.6","16.9","82","1869","11.7","-43.1","-2.3","12.5","1.6","32.9","84.8","482","-0.8","-42.2","-3.9","6.1","1.5"
"Holton, Tyler",663947,2025,29,"31","34.1",144,132,37,26,3,0,8,30,8,20.8,5.6,".280",".485",".315","0.800","0.205",".299","18","19","0","3","103","2","3","1","0","0","4.72",,,"2","0","0","0","0","0","0","30","19","2","0","0","0","0","0","23","0","182","93","0","0","0","0","0","0","87","5","2","27","5","0","0","0","9","13","15","106","5","7","0","0","1","14","40","8","0","0","0","0","0","0","1","3","4","51","1","192","64","0","0","0","0","537","4","345","52","19","3","0","0","1",".280",".470",".343",".337",".316",".191",".414",".407",".352",".354",".000",".015",".006","71.8",25.1,19,15.3,37.4,30.2,"7.3",11,10.4,-2,50.2,33.6,"88.4","8.7",34.9,10,9.4,6.6,23.6,17,35.8,7.5,43.4,"75.944499231","94.808766058",67.3,15.4,27.8,40.3,59.7,31,77,51.6,277,72.1,8,85,336,18,537,84,27,175,48.4,260,42.5,228,23,46.9,41.5,42.5,16,106,60.4,50,53,24.5,26,21.7,23,3.8,4,"L","537",41.2,"11.2","91.5","2243","5.3","-16.2","16.5","17.4","1.2",,,,,,,,,"15.8","84.3","1638","15.4","-33.7","4.9","16.3","1.3","3.4","80.5","2769","-9.2","-57.8","-15.2","17.8","1.4","20.5","91.2","2204","15.8","-23.6","9.5","18.5","1.2","30.9","88.6","2329","-3.4","-25","9.6","10.4","1.2",,,,,,,,,,,,,,,,,"18.2","81","2699","-14.2","-41.8","0.2","14.4","1.4",,,,,,,,,,,,,,,,,,,,,,,,,"62.6","90","2272","4.4","-23","10.8","14.3","1.8","21.6","80.9","2710","-13.4","-44.2","-2.2","15","1.4","15.8","84.3","1638","15.4","-33.7","4.9","16.3","1.3"
"Peralta, Wandy",593974,2025,33,"33","32.2",149,132,30,20,7,1,2,27,16,18.1,10.7,".227",".341",".309","0.650","0.114",".269","14","16","0","1","98","3","1","0","0","0","3.86",,,"3","4","0","0","0","0","0","40","22","2","1","0","0","0","0","41","0","178","73","0","0","0","0","0","1","76","5","10","33","1","0","0","0","3","14","13","102","15","3","0","1","1","15","45","9","0","0","0","0","0","0","0","1","0","67","2","190","45","0","0","4","0","519","1","329","71","20","7","0","0","3",".253",".398",".289",".319",".331",".146",".306",".347",".283",".315","-0.026","-0.057","-0.030","72.2",27.2,13.9,9.9,34.5,24.6,"7.6",7,11.8,-4.2,53.4,34.3,"86.8","2.6",31.1,8,7.5,1.9,28.3,17.9,40.6,3.8,32.1,"74.831613396","93.372106792",69.7,21.7,31.6,47.2,52.8,42,89,52.9,282,83.3,5.6,206,250,77,533,77.7,38,175,47.1,251,42.8,228,30.3,49.5,34,47.2,18.9,106,69.6,58.5,62,17.9,19,22.6,24,0.9,1,"L","533",46.9,"6.4","95.5","2114","9.4","-16.6","13.5","16.7","1.2","14.4","87.9","2252","-1.6","-30.3","5.2","5.8","1.4","38.6","88.8","2188","16.2","-29.2","5.8","17.3","1.3",,,,,,,,,"40.5","95.3","2149","15.9","-20.2","10.1","18.9","1",,,,,,,,,,,,,,,,,,,,,,,,,,,,,,,,,,,,,,,,,,,,,,,,,,,,,,,,,"46.9","95.3","2144","15.1","-19.7","10.5","18.6","1","14.4","87.9","2252","-1.6","-30.3","5.2","5.8","1.4","38.6","88.8","2188","16.2","-29.2","5.8","17.3","1.3"
"Carrasco, Carlos",471911,2025,38,"8","32.0",142,131,39,23,9,0,7,25,10,17.6,7,".298",".527",".345","0.872","0.229",".320","21","21","0","0","96","2","2","0","0","0","5.91",,,"3","6","0","0","0","0","0","24","21","3","0","0","0","0","0","32","0","185","75","0","0","0","0","0","1","77","1","2","2","3","0","2","0","8","11","20","107","7","0","0","0","0","22","31","10","1","0","0","0","0","0","0","1","6","51","0","200","69","0","0","6","0","514","1","314","53","0","0","0","0","0",".290",".470",".375",".354",".342",".180",".433",".405",".364",".361",".008",".057",".021","72.4",26.5,19.4,15.1,38.8,30.1,"7.6",4,13.8,-8.9,55.7,33.5,"91.1","14.8",36.4,13,12.1,5.6,23.4,25.2,30.8,1.9,42.1,"80.977164528","94.860102381",70.5,12,26,47.2,52.8,34,72,53.9,277,80.6,6,96,229,187,514,87.4,20,167,46.1,237,43.6,224,22.6,46.5,39.3,35.5,25.2,107,59.2,39.3,42,29,31,28,30,3.7,4,"R","514",34.6,"22.2","91.5","2173","-5.2","-21","11.6","12.9","1.4","27.4","84.3","2344","3","-34.7","3.6","5.6","1.5","18.7","85.1","1223","-7.1","-36","1.7","7.9","1.2","8.9","78","2525","8.6","-50.3","-5.3","10.4","1.4","22.4","90.5","2032","-13.8","-29.1","4.5","14.7","1.1",,,,,,,,,,,,,,,,,,,,,,,,,"0.4","80.8","2286","7.8","-35.5","6.2","10.3","1.6",,,,,,,,,,,,,,,,,,,,,,,,,"44.6","91","2102","-9.5","-25","8","13.8","1.3","36.8","82.7","2387","4.4","-38.5","1.5","6.8","3.1","18.7","85.1","1223","-7.1","-36","1.7","7.9","1.2"
"Junis, Jakob",596001,2025,32,"30","33.1",144,131,39,32,3,1,3,24,9,16.7,6.3,".298",".405",".350","0.755","0.107",".343","15","16","0","0","100","1","1","0","0","0","4.05",,,"4","10","2","0","0","0","0","33","13","4","0","0","0","0","0","31","0","173","117","0","1","0","0","0","0","75","2","4","30","5","0","0","2","6","11","22","109","8","3","0","1","1","19","32","12","0","0","0","0","0","0","1","1","0","45","1","184","53","1","0","12","0","534","2","350","46","8","2","0","0","0",".310",".476",".331",".361",".361",".166",".371",".410",".361",".376","-0.012","-0.071","-0.030","71.7",22.3,17.4,14.4,38.3,31.7,"7.6",7,12.9,-6.6,53,32.5,"88.1","10.8",36.7,6,5.5,9.2,29.4,21.1,26.6,8.3,38.5,"76.793657593","93.990454206",58.6,13.5,25.6,41.9,58.1,26,62,45.3,242,74.4,8.1,94,188,252,534,86.5,23,171,54.7,292,42.3,226,21,43.6,45.9,35.8,18.3,109,64.6,39.4,43,23.9,26,31.2,34,5.5,6,"R","534",27.3,"5.8","90.6","2125","-5","-19.7","13.7","14.7","1.5","47.2","82.7","2460","11.1","-36.4","3.8","12.5","1.9","17.6","85.6","1284","-11.4","-34.8","2.7","12.1","1.7",,,,,,,,,"29.4","90.8","2108","-15.5","-27.6","5.8","16.8","1.6",,,,,,,,,,,,,,,,,,,,,,,,,,,,,,,,,,,,,,,,,,,,,,,,,,,,,,,,,"35.2","90.8","2111","-13.8","-26.3","7.1","16.4","1.6","47.2","82.7","2460","11.1","-36.4","3.8","12.5","1.9","17.6","85.6","1284","-11.4","-34.8","2.7","12.1","1.7"
"Suter, Brent",608718,2025,35,"23","34.0",140,129,30,21,6,0,3,21,8,15,5.7,".233",".349",".281","0.630","0.116",".255","11","12","0","0","102","1","0","1","0","0","2.91",,,"0","11","0","0","0","0","0","38","15","0","0","0","0","0","0","33","0","180","83","0","1","0","0","0","0","106","6","9","21","1","0","0","1","6","17","7","110","7","0","0","0","0","22","34","16","0","2","0","0","0","0","1","1","2","42","1","197","45","1","0","11","2","548","2","351","44","13","4","0","0","1",".258",".406",".279",".310",".305",".147",".298",".338",".275",".307","-0.025","-0.057","-0.031","70.7",18.1,11.4,9.3,27.7,22.6,"7.1",1,8.6,0.9,46.5,32.3,"83.4","14.2",31.8,8,7.3,1.8,23.6,26.4,29.1,10.9,30,"69.926881321","92.533349245",69.3,14.4,26,31.3,67.2,21,67,47.1,258,85.1,8.6,124,364,60,548,85.1,29,201,52.9,290,40.3,221,18.7,48.9,35.5,44.5,20,110,63.6,46.4,51,26.4,29,20.9,23,6.4,7,"L","548",51.9,"44","86.3","2227","-3.5","-22.9","13.8","14.4","1.5","10.9","77.9","2267","-6.8","-49.1","-3.8","8","1.7","22.6","76","1666","10.9","-35.7","11.9","16.2","2.3",,,,,,,,,"22.4","88.1","2161","11.1","-22.8","12.6","16.9","1.6",,,,,,,,,,,,,,,,,,,,,,,,,,,,,,,,,,,,,,,,,,,,,,,,,,,,,,,,,"66.4","86.9","2205","1.5","-22.9","13.4","15.3","1.8","10.9","77.9","2267","-6.8","-49.1","-3.8","8","1.7","22.6","76","1666","10.9","-35.7","11.9","16.2","2.3"
"Vargas, Carlos",672841,2025,25,"32","35.1",157,139,37,29,3,1,4,30,15,19.1,9.6,".266",".388",".340","0.728","0.122",".311","13","16","1","3","106","2","5","0","0","0","3.31",,,"5","2","0","0","0","0","0","35","19","5","0","0","0","2","0","45","0","172","88","0","1","0","0","0","0","76","4","5","32","3","0","0","1","5","22","10","109","10","8","0","4","0","18","40","8","0","0","0","0","0","0","1","1","0","48","3","182","54","1","0","2","0","511","2","329","51","5","3","0","0","0",".230",".359",".315",".286",".308",".129",".359",".319",".336",".291",".036",".029",".029","71.1",22.5,12.6,10.1,39.4,31.7,"7",5,5.7,3.5,47.2,32.5,"88.9","5",20.7,6,5.4,3.6,23.4,26.1,36,4.5,34.2,"78.604323273","93.824937156",62.5,12.4,27.8,50,50,34,68,46.4,245,72.2,6.8,1,374,152,527,87,22,177,53.6,283,43.6,230,22.9,46.5,40.5,33.3,26.1,111,59.5,55.9,62,22.5,25,17.1,19,4.5,5,"R","527",34.3,"3.2","97.6","2112","-8","-18.5","10.2","13.2","1.4","28.8","90.1","2388","3.9","-32.1","1.6","5","1.8","0.2","93.4","2050","-16.4","-23.8","7.6","18.1",,,,,,,,,,"58.3","97.4","2147","-15","-24.6","4.5","15.8","1.3","9.5","94.3","2262","1.9","-23.9","7","7.5","1.6",,,,,,,,,,,,,,,,,,,,,,,,,,,,,,,,,,,,,,,,,,,,,,,,,"71","97","2161","-12.5","-24.2","5.1","14.6","1.8","28.8","90.1","2388","3.9","-32.1","1.6","5","1.8","0.2","93.4","2050","-16.4","-23.8","7.6","18.1",
"Knack, Landon",689017,2025,27,"9","38.2",172,150,39,21,7,1,10,35,18,20.3,10.5,".260",".520",".343","0.863","0.260",".271","22","24","0","0","116","3","2","1","0","0","5.12",,,"3","5","1","0","0","0","0","27","22","3","0","0","2","0","0","30","0","259","114","0","0","0","0","0","0","138","5","0","2","3","0","1","2","11","9","19","117","4","0","0","0","0","27","28","12","0","0","0","0","0","0","0","2","7","61","2","280","78","0","0","6","0","718","2","438","63","0","0","0","0","1",".287",".539",".371",".389",".371",".252",".426",".453",".333",".374","-0.027","-0.019","-0.018","71.9",25.2,17.6,14.3,33.5,27.3,"7.3",3,11.3,-3.4,56.3,30.4,"91.5","16.4",44.4,19,16.2,6,28.2,26.5,21.4,1.7,49.6,"80.957147627","95.903930171",64.6,16.4,23.5,35,65,28,80,47.4,340,71.2,8.2,190,342,186,718,83.2,40,244,52.6,378,41.6,299,21,45.1,37.6,41,21.4,117,64.5,31.6,37,32.5,38,28.2,33,7.7,9,"R","718",54.4,"47.6","93.1","2402","-6.6","-12.5","19.1","20.3","1.1","12.3","85.3","2628","4.5","-36.5","0.9","5.7","1.4","26.5","84.6","1617","-13.7","-30.6","7.6","16.9","1.1","13.6","80.1","2913","8","-58.2","-15.1","17.2","1.2",,,,,,,,,,,,,,,,,,,,,,,,,,,,,,,,,,,,,,,,,,,,,,,,,,,,,,,,,,,,,,,,,"47.6","93.1","2402","-6.6","-12.5","19.1","20.3","1.1","25.9","82.6","2778","6.3","-47.9","-7.5","11.8","2.9","26.5","84.6","1617","-13.7","-30.6","7.6","16.9","1.1"
"Ferrer, Jose A.",678606,2025,25,"36","37.2",164,146,41,33,5,1,2,32,10,19.5,6.1,".281",".370",".348","0.718","0.089",".348","24","26","0","0","113","2","2","2","0","0","5.73",,,"1","5","0","0","0","0","0","39","21","1","0","0","0","0","0","45","0","189","114","0","1","0","0","0","0","106","2","2","36","7","0","0","5","5","20","16","117","12","13","0","0","0","13","53","8","0","0","0","0","0","0","3","0","0","60","2","202","54","1","0","5","0","603","3","401","62","20","4","0","0","0",".265",".361",".323",".311",".333",".097",".363",".346",".360",".339",".016",".009",".012","71",17.1,10.5,8.1,34.6,26.8,"7",6,5.4,6,39,33,"88.4","3.3",29.1,3,2.6,2.6,28.2,14.5,42.7,9.4,36.8,"77.560740545","93.832631284",64.8,17.2,25.2,39.4,60.6,26,66,43.4,262,66.7,10.4,123,428,52,603,82.8,38,221,56.6,341,40.1,242,22.3,47.6,36.8,34.2,29.1,117,68.9,62.4,73,15.4,18,20.5,24,1.7,2,"L","603",31.7,,,,,,,,,"8.6","89.5","2335","0.4","-29.3","4.9","5.3","1.7","20.4","87","2168","18.3","-35.8","0.6","18.4","1.6",,,,,,,,,"71","97.3","2105","18","-22","7","19.4","1.4",,,,,,,,,,,,,,,,,,,,,,,,,,,,,,,,,,,,,,,,,,,,,,,,,,,,,,,,,"71","97.3","2105","18","-22","7","19.4","1.4","8.6","89.5","2335","0.4","-29.3","4.9","5.3","1.7","20.4","87","2168","18.3","-35.8","0.6","18.4","1.6"
"Cameron, Noah",702070,2025,25,"7","42.1",163,151,26,17,5,0,4,32,12,19.6,7.4,".172",".285",".233","0.518","0.113",".191","9","9","0","0","127","2","2","0","0","0","1.91",,,"0","7","1","0","0","0","0","28","8","0","0","0","5","0","0","18","0","198","103","0","0","1","0","0","0","88","5","0","0","4","0","1","0","9","7","9","119","2","0","0","0","0","29","45","10","0","0","0","0","0","0","0","0","7","63","0","213","43","1","0","8","0","601","0","388","71","0","0","0","0","3",".225",".379",".233",".289",".282",".155",".250",".325",".218",".285","-0.053","-0.094","-0.056","72.5",33.5,18.5,13.9,39.1,29.4,"7.6",8,12.2,-6.8,48.2,31.7,"89.7","13.6",27.7,6,5,7.6,19.3,28.6,36.1,3.4,40.3,"79.426875085","94.420743761",63.8,16.7,29,51.2,48.8,42,82,47.1,283,66.7,7.5,115,268,218,601,82.3,34,203,52.9,318,43.3,260,26.7,47.4,45.4,31.9,22.7,119,57.7,43.7,52,31.9,38,16,19,8.4,10,"L","601",56.6,"27.1","92","2288","5.7","-16.2","16.1","17.2","1.6","18.6","83.9","2569","-2.6","-40","-1.4","3.5","1.9","19.1","81","1493","11","-30.3","11.5","16.1","1.7","17.6","81.3","2402","-2.7","-51.4","-10","10.6","2.4",,,,,,,,,"17.5","87.4","2515","-4.4","-29.6","6","7.7","1.6",,,,,,,,,,,,,,,,,,,,,,,,,,,,,,,,,,,,,,,,,,,,,,,,,"44.6","90.2","2377","1.8","-21.5","12.1","13.5","2.8","36.3","82.6","2488","-2.6","-45.6","-5.6","7","2.6","19.1","81","1493","11","-30.3","11.5","16.1","1.7"
"Matz, Steven",571927,2025,34,"21","40.2",165,158,39,30,7,1,1,38,4,23,2.4,".247",".323",".268","0.591","0.076",".317","12","15","1","2","122","3","2","2","0","0","2.66",,,"1","5","0","0","0","0","0","33","17","1","0","0","0","0","0","46","0","203","128","0","1","0","0","0","0","129","10","2","19","2","0","0","1","3","17","19","122","10","3","0","0","0","23","39","11","0","0","0","0","1","0","1","1","2","48","3","213","51","1","0","5","0","654","2","441","52","13","5","0","0","0",".229",".374",".260",".268",".252",".144",".324",".335",".322",".300",".018","-0.051","-0.008","71.4",21.8,14.8,12.3,33.8,28,"7.1",7,6.8,4.4,49.4,32.4,"90.3","9.8",32,6,4.9,12.3,17.2,23.8,39.3,2.5,45.1,"79.711124833","94.744313333",63.9,14.2,26.4,37.8,62.2,28,74,42.8,280,76.4,8.4,127,392,134,654,85.8,34,239,57.2,374,45.1,295,19.8,47.9,31.1,39.3,29.5,122,63.6,45.9,56,22.1,27,24.6,30,7.4,9,"L","653",34.7,,,,,,,,,"1.2","87.5","2189","1","-30.5","5.3","6.5","1.5","19.4","83.7","2408","16","-39","0.2","16.1","1.2","19.3","79.3","2285","-10.7","-53.8","-10.1","14.9","1.3","60","94.1","2238","15.2","-19.6","11.4","19.1","0.9",,,,,,,,,,,,,,,,,,,,,,,,,,,,,,,,,,,,,,,,,,,,,,,,,,,,,,,,,"60","94.1","2238","15.2","-19.6","11.4","19.1","0.9","20.5","79.8","2279","-10","-52.4","-9.2","14.4","2.3","19.4","83.7","2408","16","-39","0.2","16.1","1.2"
"Phillips, Tyler",663969,2025,27,"26","37.1",159,148,40,27,7,0,6,22,10,13.8,6.3,".270",".439",".321","0.760","0.169",".283","17","17","0","0","112","1","0","3","0","0","4.10",,,"0","2","0","0","0","0","0","32","17","0","0","0","0","0","0","43","0","163","95","0","0","0","0","0","1","83","3","10","26","5","0","0","1","9","13","17","122","9","2","0","0","0","21","48","8","0","0","0","0","0","0","0","0","0","58","0","189","63","0","0","2","0","559","0","370","64","2","0","0","0","1",".269",".429",".333",".325",".320",".160",".359",".350",".317",".316",".001",".010",".008","71.9",24.3,17.2,13.6,39.6,31.3,"7.6",8,13.2,-5.8,58,34.3,"88.2","9.6",29.4,9,7.1,3.2,22.2,24.6,38.1,4,35.7,"76.785807903","93.902709677",62.5,11.3,36.3,45.6,54.4,47,103,50.1,284,70.5,7.8,89,224,132,567,87,20,177,49.9,283,43.4,246,23.9,49.4,49.2,34.1,16.7,126,60.4,49.2,62,24.6,31,20.6,26,5.6,7,"R","567",30.2,"11.8","94.3","2244","-5.3","-21","9.8","11.4","1.2",,,,,,,,,"9.7","86.8","1264","-11.4","-34.1","2.2","12","1.2","23.3","84.1","2524","2.9","-47.9","-9.1","9.8","1.3","27.7","95.2","2046","-17.5","-24.5","5.8","18.5","1",,,,,,,,,"6","87","1205","-10.9","-33.6","2.5","11.5","1.2",,,,,,,,,"21.5","84.4","2441","9.8","-37","1.8","10.7","1.2",,,,,,,,,,,,,,,,,,,,,,,,,"39.5","94.9","2105","-13.8","-23.5","7","16.4","1.1","44.8","84.3","2484","6.2","-42.6","-3.9","10.2","1.2","15.7","86.8","1241","-11.2","-33.9","2.4","11.8","1.1"
"Olson, Reese",681857,2025,25,"9","48.2",201,177,38,28,8,0,2,51,19,25.4,9.5,".215",".294",".305","0.599","0.079",".290","16","16","0","0","146","4","3","2","0","0","2.96",,,"3","5","1","0","0","0","0","40","11","3","0","0","3","0","0","37","0","282","137","0","0","1","0","0","0","112","5","0","0","5","0","0","4","7","15","16","127","7","0","0","1","0","27","48","9","0","0","0","0","0","0","1","0","9","95","0","312","52","1","0","6","0","801","1","489","108","0","0","0","0","1",".235",".367",".274",".306",".323",".132",".311",".361",".302",".330","-0.020","-0.073","-0.032","71.1",20.3,14.7,10.3,35.3,24.8,"7.6",14,12.9,-7.9,45.5,34.4,"91","9.9",30.7,9,7.1,5.5,26.8,19.7,39.4,0.8,47.2,"80.700173016","95.30611328",62.9,15.8,29.8,57.7,42.3,79,137,57.3,459,84.2,4.7,203,363,235,801,84.2,34,215,42.7,342,41.6,333,32.1,43.9,41.7,29.1,29.1,127,64.7,49.6,63,26.8,34,19.7,25,3.9,5,"R","801",36.8,"14.4","94.8","2304","-9.7","-15.1","15.6","18.5","1.1","23.6","84.4","2837","5.1","-42.3","-3.8","6.6","1.2","25.3","87.7","1994","-14.9","-35.9","0","15.1","1.1","5.7","79.9","2431","7.4","-55.9","-12.5","14.7","1.2","31","94.7","2165","-15.6","-19.4","11.4","19.4","1.2",,,,,,,,,,,,,,,,,,,,,,,,,,,,,,,,,,,,,,,,,,,,,,,,,,,,,,,,,"45.3","94.7","2209","-13.7","-18","12.7","19.1","1.1","29.3","83.5","2757","5.6","-44.9","-5.5","8.2","2.2","25.3","87.7","1994","-14.9","-35.9","0","15.1","1.1"
"Hanifee, Brenan",669724,2025,27,"32","36.0",168,156,44,29,11,2,2,27,10,16.1,6,".282",".417",".327","0.744","0.135",".328","14","21","0","0","108","3","2","0","0","0","3.50",,,"3","4","0","0","0","0","0","40","21","3","0","0","0","1","0","48","0","210","118","0","1","0","0","0","1","88","7","4","32","3","0","1","1","7","14","19","121","14","8","0","1","1","16","48","10","0","0","0","0","0","0","0","1","0","37","7","225","61","1","0","4","0","599","1","374","38","18","5","0","0","3",".286",".443",".323",".333",".332",".156",".362",".375",".338",".344","-0.004","-0.026","-0.010","71.3",23,18.6,15.6,41.2,34.4,"7.1",3,6.5,5,48.4,33.7,"90.8","4.3",32.3,10,7.7,7.7,23.1,14.6,43.8,2.3,46.9,"79.928916769","95.281624961",61.4,9.2,21.6,42.9,57.1,27,63,46.3,291,62.9,9.9,29,472,127,628,90.3,19,207,53.7,337,38.4,241,17,43,38.5,30,31.5,130,61.7,53.1,69,18.5,24,23.8,31,4.6,6,"R","628",32.6,"8.4","96.5","2130","-11.5","-17.5","12","16.7","1.1","20.2","87.9","2212","2.4","-33.9","1.5","3.5","1.4","4.6","89.9","1685","-15","-32.2","1.7","15.2","1.3",,,,,,,,,"66.7","95.3","2045","-16.3","-26.1","4.1","16.9","1.1",,,,,,,,,,,,,,,,,,,,,,,,,,,,,,,,,,,,,,,,,,,,,,,,,,,,,,,,,"75.2","95.5","2054","-15.8","-25.1","5","16.9","1.1","20.2","87.9","2212","2.4","-33.9","1.5","3.5","1.4","4.6","89.9","1685","-15","-32.2","1.7","15.2","1.3"
"Soroka, Michael",647336,2025,27,"9","48.0",202,183,42,22,9,1,10,49,12,24.3,5.9,".230",".454",".302","0.756","0.224",".258","27","27","0","0","144","3","5","0","0","0","5.06",,,"3","11","0","0","0","0","0","32","24","3","0","0","3","0","0","29","0","256","156","0","3","0","0","0","0","146","8","0","0","1","0","0","7","15","13","14","134","7","0","0","0","1","28","50","7","0","0","0","0","0","0","0","0","9","67","0","269","83","3","0","11","0","789","0","520","75","0","0","0","0","1",".228",".381",".330",".301",".301",".153",".398",".354",".313",".312",".002",".073",".029","71.7",22.3,14.4,11.7,34.4,27.8,"7.1",11,9.8,-0.8,54,31.7,"90.1","13.8",25.4,9,6.7,8.2,23.1,26.9,31.3,3.7,41.8,"80.20025806","94.466017368",60.3,14.9,27.7,46.3,53.7,44,95,43.5,343,70.8,9.1,76,423,2,789,85.1,40,269,56.5,446,41.2,325,23.1,46.1,47,27.6,25.4,134,60.4,47,63,32.1,43,15.7,21,5.2,7,"R","789",31.4,"42.8","94.3","2535","-9.6","-15.6","15.3","18.1","1.2","0.3","83","2812","5.3","-42.5","-2.9","6.6","1.4","9.6","84.7","2196","-17.2","-28.5","9.9","20.1","1.6",,,,,,,,,"10.8","94.1","2370","-16.5","-21.9","9","18.9","1.3",,,,,,,,,,,,,,,,,,,,,,,,,,,,,,,,,"36.5","80.8","2919","12.5","-50.1","-8","15.1","1.6",,,,,,,,,,,,,,,,,"53.6","94.2","2502","-11","-16.9","14","18.3","1.2","36.8","80.8","2918","12.4","-50","-8","15","1.6","9.6","84.7","2196","-17.2","-28.5","9.9","20.1","1.6"
"Vasil, Mike",678024,2025,25,"21","49.0",213,180,39,25,8,1,5,38,27,17.8,12.7,".217",".356",".338","0.694","0.139",".248","16","17","1","1","147","3","2","0","1","0","2.94",,,"14","15","4","0","0","0","0","49","20","12","2","0","0","1","0","56","0","294","131","0","1","0","0","0","0","126","6","7","18","7","0","0","6","6","17","16","142","12","1","0","3","1","28","51","16","0","0","0","0","0","0","0","0","3","75","1","314","64","1","0","19","0","798","0","484","77","6","3","0","0","2",".247",".424",".311",".345",".365",".177",".312",".362",".275",".314","-0.030","-0.068","-0.034","71",14.6,17.5,13.6,36.7,28.6,"7.1",7,8.2,2.7,51,31.9,"88.9","10.7",34.5,13,9.2,4.2,21.8,21.8,37.3,4.2,38,"77.643466","94.300862143",64.4,16.2,23.7,44.7,55.3,42,94,49.6,396,70.5,5.5,123,449,56,798,83.4,42,259,50.4,402,41.1,328,23.8,44.2,34.5,38,27.5,142,52.9,47.9,68,23.9,34,22.5,32,5.6,8,"R","798",30.3,"14.3","94.3","2315","-6.8","-17.5","13.2","15","1.4",,,,,,,,,"15.4","86.4","1487","-12.5","-36.1","0.6","12.7","1.7","7","81.3","2597","11.6","-56.8","-14.8","18.9","1.5","33.1","94.1","2200","-14.9","-26.3","4.8","15.9","1.3","8.9","85.9","2413","1.8","-34.7","2.3","3.8","1.5",,,,,,,,,,,,,,,,,"21.3","81.3","2599","17.2","-45.7","-3.9","17.8","1.4",,,,,,,,,,,,,,,,,,,,,,,,,"56.3","92.9","2263","-10.2","-25.4","6.6","13.8","3.5","28.3","81.3","2599","15.8","-48.4","-6.6","18.1","1.4","15.4","86.4","1487","-12.5","-36.1","0.6","12.7","1.7"
"Houck, Tanner",656557,2025,29,"9","43.2",203,179,57,39,8,0,10,32,17,15.8,8.4,".318",".531",".389","0.920","0.213",".338","39","41","0","0","131","0","3","2","0","0","8.04",,,"6","2","1","0","0","0","0","30","34","6","0","0","3","0","0","39","0","268","136","0","1","0","0","0","0","112","5","0","0","7","0","1","5","11","19","27","149","14","0","0","0","0","20","54","11","0","0","0","0","0","0","0","2","9","64","2","280","95","1","0","3","0","749","2","469","67","0","0","0","0","1",".301",".496",".399",".381",".377",".195",".440",".415",".383",".366",".017",".035",".018","71.6",26.2,19.2,15.4,38.9,31.1,"7.3",8,10,-1.7,53.5,32.9,"91","6.8",35.6,12,8.1,8.7,25.5,19.5,34.2,4,46.3,"79.817193867","95.438010268",61.8,11.5,29,40.9,59.1,47,115,52.9,396,59.6,6.9,142,342,0,749,88.5,25,218,47.1,353,41.1,308,21.6,44.5,41.6,38.3,20.1,149,62.1,49,73,21.5,32,26.2,39,3.4,5,"R","749",20.3,"5.9","95","2316","-11.7","-20.7","9.7","15.3","1.4",,,,,,,,,,,,,,,,,,,,,,,,,"39.8","94.5","2230","-17","-30.4","0.5","17.1","1.5",,,,,,,,,"19","89.4","1869","-13.3","-37.3","-3.1","13.8","1.3",,,,,,,,,"35.4","83.5","2625","14.2","-41.7","-2.2","14.5","1.3",,,,,,,,,,,,,,,,,,,,,,,,,"45.7","94.5","2241","-16.3","-29.1","1.7","16.9","1.5","35.4","83.5","2625","14.2","-41.7","-2.2","14.5","1.3","19","89.4","1869","-13.3","-37.3","-3.1","13.8","1.3"
"Miller, Bryce",682243,2025,26,"10","48.2",216,187,52,33,13,1,5,39,23,18.1,10.6,".278",".439",".361","0.800","0.161",".322","31","31","0","0","146","2","5","2","0","0","5.73",,,"10","9","3","0","0","1","0","37","28","9","1","0","0","0","0","56","0","312","123","0","2","1","0","0","0","174","12","0","0","3","0","1","3","8","12","31","151","18","0","0","0","0","30","42","11","0","0","0","0","0","0","0","3","10","78","0","326","82","3","1","12","0","871","3","545","83","0","0","0","0","0",".287",".434",".351",".357",".374",".147",".382",".391",".344",".362","-0.009",".005","-0.006","71.8",24,15.8,12.3,33.3,25.8,"7.3",3,10.7,-4.2,54.8,31.3,"91.1","16.6",37.7,10,6.6,5.3,28.5,29.8,26.5,2,44.4,"80.787180405","95.14296777",71.9,17.7,24.4,38.1,61.9,40,105,49.4,430,79.4,7.8,130,511,182,871,82,56,317,50.6,441,41.9,365,22.7,48.5,44.4,36.4,19.2,151,59.3,35.8,54,26.5,40,28.5,43,9.3,14,"R","871",45.4,"39.7","94.5","2497","-5.9","-11.5","19.4","20.3","1.3","8.4","84.8","2547","3.2","-37.5","0.3","3.9","1.3",,,,,,,,,"12.5","83.1","2361","3.2","-51.5","-11.7","12.2","1.5","17","94.2","2470","-14.7","-17.4","13.5","20","1.2","2","91.4","2576","1.2","-19.1","13.7","14.2","2","14.9","83.2","1031","-10.3","-36.8","2.9","11","1.5",,,,,,,,,"5.5","82.8","2358","15.9","-47.8","-7.6","17.8","1.4",,,,,,,,,,,,,,,,,,,,,,,,,"58.7","94.3","2492","-8.2","-13.4","17.5","20.1","1.5","26.4","83.6","2419","5.9","-46.3","-7","10.7","1.7","14.9","83.2","1031","-10.3","-36.8","2.9","11","1.5"
"Walker, Taijuan",592836,2025,32,"15","48.1",216,193,48,32,9,1,6,43,19,19.9,8.8,".249",".399",".321","0.720","0.150",".290","19","25","1","1","145","2","5","1","0","0","3.54",,,"7","34","1","0","2","0","0","40","19","7","0","0","1","0","0","47","0","287","145","0","1","0","0","0","0","148","8","3","7","2","0","1","2","6","13","26","148","12","1","0","0","0","20","53","16","1","0","0","0","0","0","1","1","8","68","6","312","68","1","2","35","0","830","2","518","69","0","0","0","0","3",".251",".385",".319",".313",".323",".134",".357",".348",".318",".321","-0.002",".014",".006","71.7",20.5,13.7,11,31.1,24.9,"7.3",6,10.9,-1.2,56.1,31.4,"88.5","12.2",34.9,8,5.3,9.2,26.3,23.7,30.3,4.6,38.8,"77.572116","93.822781544",63.6,14.3,26.3,34.8,65.2,39,112,50.5,426,78.7,7.2,183,479,182,844,85.7,38,266,49.5,418,45,380,20.4,44.8,38.8,35.5,25.7,152,64.8,43.4,66,19.1,29,29.6,45,7.9,12,"R","844",40.4,"10.1","92.4","2172","-9","-14.9","17.3","19.6","1.3","15.3","83.9","2474","6.6","-34","4.9","8.8","1.4",,,,,,,,,"6.3","75.2","2466","7.6","-59.5","-10.9","13.4","1.4","18.7","92.4","2019","-14.7","-19.4","12.7","19.4","1.3","28","87.1","2451","3.4","-23.4","12.4","13","1.4","21.7","87.7","1484","-13.3","-31","4.7","14.3","1.3",,,,,,,,,,,,,,,,,,,,,,,,,,,,,,,,,,,,,,,,,"56.8","89.8","2259","-4.8","-20.6","13.4","16.3","3.2","21.6","81.3","2472","6.9","-41.4","0.3","10.1","4.2","21.7","87.7","1484","-13.3","-31","4.7","14.3","1.3"
"Alexander, Tyler",641302,2025,30,"24","44.0",212,191,56,43,8,2,3,37,16,17.5,7.5,".293",".403",".349","0.752","0.110",".349","28","35","1","1","132","3","7","0","1","0","5.73",,,"5","15","0","0","0","0","0","36","29","5","0","0","0","1","0","61","0","237","125","1","1","0","0","0","2","151","8","8","20","5","0","0","1","5","15","32","145","19","1","0","2","1","34","35","11","0","0","0","0","0","0","2","1","4","64","7","248","73","1","0","15","0","743","3","495","64","7","1","0","0","0",".297",".468",".329",".353",".353",".172",".373",".404",".361",".366","-0.004","-0.065","-0.024","70.7",19.9,15.3,12.3,34.2,27.6,"7.2",5,9.2,2.4,56.3,32.1,"88.4","17.1",40.1,10,6.4,6.4,33.8,24.8,20.4,7.6,39.5,"76.822070779","94.215920392",66.5,12.4,30.7,38.9,60.2,44,113,46.5,368,74.5,6.4,118,550,0,792,87.6,35,282,53.5,424,48.9,387,20,49.9,37.6,36.9,25.5,157,66.8,34.4,54,26.8,42,30.6,48,8.3,13,"L","792",34.2,"26.9","90.3","2198","8.7","-17.6","16","18.3","1.1",,,,,,,,,"14.9","83.2","1540","15.3","-37","2.8","15.8","1.1",,,,,,,,,"19.2","90.1","2048","16.2","-24.3","9.6","18.9","1.2","23.4","86.3","2318","-1.7","-27.5","9.1","9.5","1.4",,,,,,,,,,,,,,,,,"15.7","80.2","2450","-11.7","-38.8","3.9","12.9","1.5",,,,,,,,,,,,,,,,,,,,,,,,,"69.4","88.9","2197","7.3","-22.8","11.9","15.5","2.3","15.7","80.2","2450","-11.7","-38.8","3.9","12.9","1.5","14.9","83.2","1540","15.3","-37","2.8","15.8","1.1"
"Yarbrough, Ryan",642232,2025,33,"16","55.1",226,206,48,33,5,0,10,49,17,21.7,7.5,".233",".403",".296","0.699","0.170",".257","24","24","0","0","166","3","1","0","0","0","3.90",,,"7","14","3","0","1","0","0","39","24","6","2","0","2","0","0","34","0","316","156","0","2","1","0","0","0","127","6","3","8","4","0","1","2","14","11","23","158","10","0","0","0","0","36","49","15","0","0","0","0","0","0","0","1","8","100","0","327","83","3","1","17","0","878","1","551","102","6","0","0","0","0",".252",".398",".308",".311",".314",".146",".357",".361",".304",".329","-0.019",".005","-0.003","71.6",21.6,13.3,9.6,33.7,24.6,"7.4",4,11.5,-3.6,44.7,33.6,"86.3","16.2",39.9,8,5.1,4.4,26.6,34.2,24.1,5.7,32.3,"74.790206835","92.979530573",66.1,21.5,24.2,43.9,55.1,47,107,50.3,442,79.4,7.2,182,525,0,878,78.5,62,288,49.7,436,43.4,381,27.6,45,36.1,40.5,23.4,158,70.4,38,60,32.3,51,24.1,38,5.7,9,"L","878",12.8,"12.4","88.2","1939","14.6","-24.1","11.3","18.6","1.2",,,,,,,,,"20.7","78","1913","17.6","-47.8","-2.3","17.9","1.2",,,,,,,,,"22.1","87.1","1845","17.7","-31.1","5.2","18.6","1.3","25.3","83.2","2097","-0.2","-31.7","7.8","8.3","1.6",,,,,,,,,,,,,,,,,"19.5","71.8","2259","-12.4","-45.9","7.5","14.7","1.7",,,,,,,,,,,,,,,,,,,,,,,,,"59.8","85.7","1971","9.5","-29.9","7.5","14.2","2.7","19.5","71.8","2259","-12.4","-45.9","7.5","14.7","1.7","20.7","78","1913","17.6","-47.8","-2.3","17.9","1.2"
"Gusto, Ryan",687473,2025,26,"16","54.1",246,219,60,42,10,1,7,60,23,24.4,9.3,".274",".425",".346","0.771","0.151",".344","26","29","0","0","163","4","3","0","0","0","4.31",,,"6","19","2","0","0","0","0","48","25","4","2","0","1","0","0","52","0","323","157","0","0","0","1","0","0","192","5","1","6","5","0","1","2","11","20","29","161","11","0","0","0","0","31","43","9","0","0","0","0","0","0","0","2","10","105","3","345","93","1","0","21","0","969","2","624","109","0","0","0","0","2",".248",".414",".339",".323",".323",".166",".411",".386",".373",".339",".026",".011",".016","71.6",23.7,14.7,11.1,31.3,23.7,"7.1",3,9.2,0.7,50.7,30.9,"90.5","15.2",32.3,15,9.3,7.5,24.8,28,29.2,0.6,42.2,"80.25783725","94.822439188",67.9,18.7,24.7,43.1,56.9,47,109,45.6,442,81.1,9.3,93,632,157,969,81.3,67,358,54.4,527,43,417,24.4,48.2,37.9,39.1,23,161,64.6,39.1,63,27.3,44,24.2,39,9.3,15,"R","969",45.2,"46.7","94.1","2440","-6.1","-12.8","18.5","19.5","1.4","1.3","83.4","2197","6.2","-37.6","2.1","6.9","1.4","9.6","88","1878","-15.7","-26.8","9","18.3","1.5","14.9","80.5","2425","8.3","-56.5","-13.6","16.1","1.6","6.9","93.9","2344","-16","-22.6","8.6","18.4","1.2","11.6","88.9","2404","4.5","-28.7","6","7.9","1.6",,,,,,,,,,,,,,,,,"9","82","2238","13.7","-38.3","2.9","14.1","1.6",,,,,,,,,,,,,,,,,,,,,,,,,"65.2","93.1","2424","-5.3","-16.7","15.2","17.4","2.6","25.2","81.2","2346","10.1","-49","-6.9","14.9","1.8","9.6","88","1878","-15.7","-26.8","9","18.3","1.5"
"Kolek, Stephen",663568,2025,28,"9","52.2",222,194,49,39,4,1,5,37,19,16.7,8.6,".253",".361",".329","0.690","0.108",".282","21","23","0","0","158","3","2","0","0","1","3.59",,,"1","4","1","0","0","1","0","42","22","1","0","0","3","0","0","39","0","298","143","0","0","1","0","1","0","137","8","0","0","12","0","1","5","7","21","21","161","11","0","0","0","0","28","62","12","0","0","0","0","0","0","0","4","9","63","2","309","70","1","1","5","0","821","4","512","63","0","0","0","0","1",".270",".421",".309",".342",".351",".152",".321",".368",".304",".335","-0.017","-0.060","-0.033","71.8",24.8,20.7,16.9,38.4,31.4,"7",2,6,4,44.7,32.3,"92.1","7.6",31.1,9,5.6,8.7,28,19.9,34.8,1.2,50.3,"81.615606962","96.036001076",64.8,11.7,25.2,38.5,61.5,40,104,50.2,412,64.8,8.6,77,554,139,821,88.3,31,265,49.8,409,44.7,367,19.2,44.9,34.2,42.9,23,161,60.4,51.6,83,22.4,36,22.4,36,3.7,6,"R","821",33.1,"26.4","94.2","2197","-7.8","-17.9","12.9","15.1","1","16.8","85.2","2510","2.8","-38.1","-0.4","3.4","1.4","9.4","87.5","1521","-14.2","-36.7","-0.7","14.6","1.3","0.1","78.6","2411","10.5","-55.5","-11","15.2",,"23.9","93.9","2179","-16.1","-26.5","4.8","17","0.9","17.2","90.8","2343","-0.3","-24.9","8.1","8.3","1",,,,,,,,,,,,,,,,,"6.2","82.9","2529","13.5","-38.3","1.9","14","1.1",,,,,,,,,,,,,,,,,,,,,,,,,"67.5","93.2","2228","-8.8","-22.7","8.8","14.1","1.8","23.1","84.5","2514","5.7","-38.2","0.1","6.3","1.7","9.4","87.5","1521","-14.2","-36.7","-0.7","14.6","1.3"
"Cabrera, Edward",665795,2025,27,"12","59.0",254,225,56,38,11,0,7,63,26,24.8,10.2,".249",".391",".331","0.722","0.142",".314","25","27","0","0","177","2","2","3","0","0","3.81",,,"15","17","2","0","0","0","0","48","25","14","1","0","1","0","0","55","0","360","185","0","3","0","0","0","0","151","6","0","0","5","0","2","2","8","18","30","163","12","0","0","0","0","34","53","14","0","0","0","0","0","0","0","1","12","104","2","377","88","3","0","19","0","997","1","620","112","0","0","0","0","2",".252",".421",".322",".330",".334",".169",".382",".396",".344",".349","-0.003","-0.030","-0.008","71.7",24.7,13.5,10.2,33.8,25.4,"7.5",11,12.9,-6.6,59.3,32.7,"89.8","10.4",33.7,14,8.6,10.4,22.1,22.1,33.1,3.1,43.6,"78.992481111","94.625490988",57.8,14.5,30.1,50.3,49.7,77,153,51.1,509,74.7,8.7,244,377,376,997,84.4,41,282,48.9,488,42.6,425,27.1,43.6,47.9,35.6,16.6,163,62.6,43.6,71,26.4,43,27,44,3.1,5,"R","997",35.9,"14.6","96.7","2303","-11.2","-15.1","14.3","18.3","1.6","15","88.4","2504","1","-32.6","2.5","3.8","1.8","24.5","93.6","1704","-17.6","-26.8","4.6","18.3","1.9","22.7","83.4","2609","10.9","-50.2","-10.6","15.5","1.9","23.2","96.5","2272","-17.4","-19.8","9.8","20","1.8",,,,,,,,,,,,,,,,,,,,,,,,,,,,,,,,,,,,,,,,,,,,,,,,,,,,,,,,,"37.8","96.6","2284","-15","-18","11.5","19.4","1.7","37.7","85.4","2567","7","-43.2","-5.3","10.8","3.2","24.5","93.6","1704","-17.6","-26.8","4.6","18.3","1.9"
"Bido, Osvaldo",674370,2025,29,"12","48.1",228,195,62,40,9,1,12,34,23,14.9,10.1,".318",".559",".386","0.945","0.241",".321","33","37","0","0","145","2","4","0","0","0","6.14",,,"11","4","0","0","0","0","0","46","35","11","1","0","0","0","0","56","0","293","120","0","0","2","0","0","0","157","9","1","3","4","0","0","3","17","17","28","168","12","0","0","0","0","40","38","11","0","1","0","0","2","0","0","7","9","90","4","316","109","1","0","4","1","861","7","545","90","4","4","0","0","0",".270",".497",".402",".366",".352",".227",".437",".389",".369",".322",".048",".062",".036","71.8",23.4,13.7,10.8,35.8,28.1,"7.3",12,10.6,-2.4,53.8,30.9,"90.5","17.7",32.1,18,10.7,5.4,27.4,30.4,24.4,1.8,41.1,"80.563459643","94.582700238",69.7,15.2,25.8,48.5,51.5,50,103,46.3,399,75.3,11.3,96,551,212,861,84.5,49,322,53.7,462,42,362,23.3,49.4,39.3,35.7,25,168,62.7,32.7,55,36.9,62,24.4,41,6,10,"R","859",35.2,"37.6","94.2","2410","-10.7","-15.3","15.8","19.2","1.4","24.7","85.2","2196","6","-33.5","4.3","8","1.7","11.2","88.4","2148","-16.3","-25.3","10.1","19.3","1.4",,,,,,,,,"16.4","94.7","2332","-16.1","-19.9","10.8","19.5","1.1","10.1","86.6","2188","-0.1","-30.6","6.1","6.4","1.3",,,,,,,,,,,,,,,,,,,,,,,,,,,,,,,,,,,,,,,,,,,,,,,,,"64.1","93.1","2355","-10.4","-18.9","13","17.3","3.4","24.7","85.2","2196","6","-33.5","4.3","8","1.7","11.2","88.4","2148","-16.3","-25.3","10.1","19.3","1.4"
"Newcomb, Sean",656794,2025,32,"18","53.1",245,216,69,56,9,0,4,50,22,20.4,9,".319",".417",".387","0.804","0.098",".396","23","30","0","0","160","1","4","2","0","0","3.88",,,"3","5","0","0","0","0","0","62","32","3","0","0","0","1","0","71","0","325","177","1","2","0","0","0","0","184","10","6","13","10","0","0","3","9","30","30","169","19","0","0","0","0","27","48","13","2","0","0","0","0","0","1","2","5","72","7","345","90","2","0","5","0","963","3","618","77","9","5","0","0","1",".289",".435",".358",".351",".363",".145",".413",".404",".411",".377",".030","-0.018",".007","71.7",22.9,14.5,11.8,32.9,27,"7.3",3,8.9,0.5,50.4,34,"90.3","10.4",34.3,12,7.1,6.5,33.1,20.7,25.4,5.9,45.6,"79.438606341","95.016620854",64.4,12.7,26.5,37.6,61.6,47,125,49,472,78.2,8.1,83,611,66,963,87.3,40,316,51,491,41.3,398,19.7,45.8,30.8,40.2,29,169,58,46.2,78,21.9,37,26,44,5.9,10,"L","963",31.5,"27.9","92.7","2320","9.8","-16","16.1","19","1.2",,,,,,,,,"8.6","85.1","1552","12.6","-33.4","4.5","14.2","1.2","6.9","78.8","2897","-12.5","-59.2","-14.4","19.2","1.4","18","91.9","2323","16.7","-27.3","5.4","17.6","1.3","17.5","89.1","2511","-0.4","-24.7","9.6","9.8","1.2",,,,,,,,,,,,,,,,,,,,,,,,,"21.1","81.5","2807","-16.9","-47.6","-6","18","1.2",,,,,,,,,,,,,,,,,"63.4","91.5","2374","8.9","-21.6","11.3","16","2.1","27.9","80.9","2829","-15.8","-50.5","-8.1","18.3","1.8","8.6","85.1","1552","12.6","-33.4","4.5","14.2","1.2"
"Wilson, Bryse",669060,2025,27,"19","45.1",218,194,67,44,10,2,11,27,19,12.4,8.7,".345",".588",".406","0.994","0.243",".354","35","37","0","0","136","0","2","0","0","0","6.95",,,"9","19","4","0","0","1","0","47","35","9","0","0","0","0","0","64","0","292","124","1","1","0","0","0","0","155","6","7","14","6","0","0","2","14","22","31","169","19","0","0","0","0","33","39","18","0","1","2","0","0","0","0","2","5","60","2","316","114","1","1","23","3","833","2","517","61","3","2","0","0","1",".346",".588",".426",".431",".411",".243",".460",".467",".396",".404","-0.001",".000","-0.005","71.5",20.5,19.3,16.2,35.8,30.1,"7.2",4,9.2,1.3,51.4,32.8,"91.1","16.5",39.1,17,10.1,7.1,33.1,23.1,23.1,3,45,"80.098232683","95.408526829",67,9.8,29.4,31.8,66.7,41,129,52.7,439,76,6,150,545,138,833,90.2,26,264,47.3,394,42.4,353,17,47.2,38.5,32.5,29,169,61.9,36.1,61,29.6,50,29.6,50,4.7,8,"R","833",39.6,"17","92.6","2204","-8.3","-16.3","15.9","18","1.3",,,,,,,,,"18","85.9","1726","-18.1","-33","4.3","18.7","1.3","16.6","80.8","2448","15.1","-43","-0.7","15.5","1.7","23.8","91.9","2121","-16.9","-24.9","7.6","18.6","1.2","24.6","88","2130","1.8","-26","9.2","9.6","1.3",,,,,,,,,,,,,,,,,,,,,,,,,,,,,,,,,,,,,,,,,,,,,,,,,"65.4","90.6","2145","-7.6","-23.1","10.3","15.1","2.6","16.6","80.8","2448","15.1","-43","-0.7","15.5","1.7","18","85.9","1726","-18.1","-33","4.3","18.7","1.3"
"Burnes, Corbin",669203,2025,30,"11","64.1",265,233,49,29,13,0,7,63,26,23.8,9.8,".210",".356",".297","0.653","0.146",".256","19","23","0","0","193","3","2","1","2","0","2.66",,,"2","33","0","0","0","0","0","51","17","2","0","0","7","0","0","50","0","338","175","0","1","0","0","0","0","173","5","0","0","5","0","0","3","10","15","24","173","6","0","0","1","1","23","73","19","0","0","0","0","0","0","2","1","11","103","4","367","83","1","0","33","0","1009","3","642","114","0","0","0","0","1",".234",".390",".291",".311",".318",".156",".332",".362",".287",".319","-0.024","-0.034","-0.020","72.5",31.2,14.3,10.9,32.1,24.5,"7.6",13,11.7,-4.5,55.2,35.1,"89.5","6.6",33.5,14,8.1,5.2,24.3,18.5,39.9,4,41.6,"77.976536977","94.85857848",63.3,12.3,31.9,48.3,51.7,84,174,54.1,546,72.2,7.1,73,651,285,1009,87.4,36,293,45.9,463,41.2,416,25.7,46.3,40.5,41.6,17.9,173,65.7,50.9,88,19.1,33,25.4,44,4.6,8,"R","1009",41.2,,,,,,,,,"9","87.9","2849","6.3","-33.8","1.4","7.2","2","7.2","88.3","2176","-15.4","-27.5","7.7","17.4","1.5","19.2","80","2811","9.7","-54.4","-11.5","15.2","1.4","9.6","95.6","2496","-12.6","-19","10.9","16.9","1.2","54.9","94.1","2662","2.4","-18.6","12.2","12.6","1.3",,,,,,,,,,,,,,,,,,,,,,,,,,,,,,,,,,,,,,,,,,,,,,,,,"64.5","94.3","2637","0.2","-18.7","12","13.2","1.4","28.2","82.6","2823","8.6","-47.9","-7.4","12.6","4.2","7.2","88.3","2176","-15.4","-27.5","7.7","17.4","1.5"
"Megill, Tylor",656731,2025,29,"14","68.1",305,261,60,43,10,1,6,89,33,29.2,10.8,".230",".345",".329","0.674","0.115",".320","30","37","0","0","205","5","5","3","0","0","3.95",,,"3","15","0","0","0","0","0","47","32","3","0","0","1","0","0","53","0","401","216","0","1","0","0","0","0","207","17","0","0","3","0","2","7","11","24","25","176","19","0","0","0","0","28","48","20","0","0","0","0","0","0","1","3","14","134","7","464","90","1","0","15","0","1234","4","770","153","0","0","0","0","1",".225",".360",".305",".313",".329",".135",".371",".386",".343",".344",".005","-0.015","-0.008","71.6",25.8,13.2,9.7,34.4,25.1,"7.3",19,8.9,-0.2,50.2,32.2,"90.3","14.8",30.1,11,6.3,5.1,29.5,25.6,25,6.8,43.8,"79.63753","95.034338421",62,20.9,28.6,50.8,49.2,92,181,51.2,632,69.5,7.7,89,763,382,1234,78.8,78,373,48.8,602,42.3,522,30.7,44.9,34.7,42,23.3,176,61.6,40.9,72,23.9,42,25.6,45,9.7,17,"R","1234",35.4,"42.2","95.4","2295","-6.6","-13.3","17","18.4","1.2","24.1","83.8","2549","5.7","-44.9","-5.7","8.8","1.5","7.2","88.2","1496","-16.8","-33.3","2.3","17.3","1.7","6.9","80.4","2502","11","-58.2","-15.2","18.8","1.4","19.6","94.2","2197","-15.6","-23.3","7.9","17.6","1.3",,,,,,,,,,,,,,,,,,,,,,,,,,,,,,,,,,,,,,,,,,,,,,,,,,,,,,,,,"61.8","95","2264","-9.4","-16.5","14.1","18.1","1.4","31","83.1","2539","6.9","-47.8","-7.8","11","2.1","7.2","88.2","1496","-16.8","-33.3","2.3","17.3","1.7"
"Eovaldi, Nathan",543135,2025,35,"12","69.1",266,249,46,32,9,1,4,73,10,27.4,3.8,".185",".277",".227","0.504","0.092",".243","12","14","0","0","208","4","3","4","0","1","1.56",,,"4","8","0","0","0","0","0","42","14","3","1","0","8","0","0","38","0","337","176","1","1","0","0","1","0","199","12","0","0","3","0","2","4","7","11","28","178","6","0","0","0","0","34","81","12","0","1","0","0","0","0","1","1","12","139","2","359","69","1","0","8","1","1065","2","706","141","0","0","0","0","1",".242",".409",".226",".301",".283",".167",".281",".393",".260",".343","-0.057","-0.132","-0.075","71.9",24.5,15.2,10.8,33.4,23.8,"7.5",7,11.9,-5.6,43.5,33.7,"89.9","7.5",34.8,15,8.4,3.9,26.4,19.1,37.6,4.5,39.9,"79.183495341","94.626000971",66.9,22,30.4,46.1,53.9,70,152,46.9,500,70.1,6.3,311,510,244,1065,78,83,378,53.1,565,45.4,484,28.9,49.8,42.7,35.4,21.9,178,59.4,51.7,92,23.6,42,22.5,40,2.2,4,"R","1065",29.8,"28.8","94.1","2209","-14.8","-19.5","11.7","19.1","1.5","1.5","85.7","2124","6.3","-34.3","3.1","7.5","1.6",,,,,,,,,"21.4","76","1952","9.4","-55.9","-8.1","12.6","1.4",,,,,,,,,"19.1","90.8","2324","-0.4","-21.5","11.8","12.1","1.6","29.2","87.4","1495","-11.7","-36.5","-0.7","11.9","1.7",,,,,,,,,,,,,,,,,,,,,,,,,,,,,,,,,,,,,,,,,"47.9","92.8","2255","-9.1","-20.3","11.7","16.3","2.3","22.9","76.6","1963","9.2","-54.5","-7.4","12.3","2.9","29.2","87.4","1495","-11.7","-36.5","-0.7","11.9","1.7"
"Leiter, Jack",683004,2025,25,"12","61.1",259,227,49,29,11,0,9,49,30,18.9,11.6,".216",".383",".313","0.696","0.167",".237","30","30","0","0","184","4","4","5","1","0","4.40",,,"7","5","0","0","0","0","0","45","23","6","1","0","2","0","0","50","0","365","158","0","1","0","0","0","0","197","11","0","0","6","0","1","2","15","16","18","178","10","0","0","0","0","48","58","16","0","0","0","0","1","0","0","0","12","91","0","395","87","1","0","5","0","1034","0","639","95","0","0","0","0","0",".264",".489",".311",".365",".355",".224",".328",".406",".275",".337","-0.048","-0.106","-0.054","72.4",28.8,14.8,11.7,32.6,25.6,"7.4",8,10.1,-1.5,57.4,30.8,"91","13.6",32,22,12.4,6.2,21.9,27,30.3,2.2,43.3,"80.666441573","94.977164944",67,16,24.8,39.5,60.5,49,124,48.5,501,71.4,8.8,133,523,377,1034,84,57,357,51.5,533,41,424,22,46.5,41,37.1,21.9,178,60.6,41.6,74,35.4,63,19.1,34,3.9,7,"R","1033",46.2,"30.9","97.4","2397","-8.3","-11.7","17.4","19.4","1.3","28","87.7","2575","4.1","-34.9","0.7","5.1","1.6","12.9","90.9","1539","-14","-31.5","2","14.4","1.7","8.5","81.8","2623","7.1","-51.2","-10.1","12.6","1.8","19.7","96.4","2343","-13.8","-14.7","14.9","20.4","1.3",,,,,,,,,,,,,,,,,,,,,,,,,,,,,,,,,,,,,,,,,,,,,,,,,,,,,,,,,"50.6","97","2376","-10.5","-12.9","16.4","19.8","1.4","36.5","86.3","2586","4.8","-38.7","-1.9","6.8","3.2","12.9","90.9","1539","-14","-31.5","2","14.4","1.7"
"Buehler, Walker",621111,2025,30,"12","59.0",264,234,67,44,11,0,12,53,21,20.1,8,".286",".487",".357","0.844","0.201",".322","39","41","0","0","177","5","5","0","0","0","5.95",,,"11","5","0","0","0","0","0","45","39","10","0","0","4","0","0","60","0","350","176","1","1","0","0","0","0","192","12","0","0","6","0","1","6","16","22","29","183","15","0","0","0","0","28","61","13","0","1","0","0","0","0","0","2","12","84","2","378","114","1","0","5","1","1028","2","650","86","0","0","0","0","1",".272",".447",".368",".347",".347",".175",".426",".396",".366",".351",".014",".040",".021","72.2",29.3,14,11.3,29.8,24,"7.4",9,11.3,-3.6,57.5,31.9,"87.7","10.9",31.7,18,9.8,4.9,23.5,20.8,33.3,7.1,38.8,"75.042983556","94.346577333",65.8,13.8,28.4,35.1,64.9,54,154,52.7,542,73.4,6.2,94,596,245,1028,85.9,44,320,47.3,486,41.4,426,20.7,46.1,42.1,36.1,21.9,183,67,45.4,83,24.6,45,23.5,43,6.6,12,"R","1028",41.4,"22.5","94","2315","-6.3","-13.7","17.3","18.5","1.3","13.2","87.8","2563","8.6","-32.4","2.8","9.4","1.5","9.1","90","1625","-16.2","-28","5.8","17.6","1.3","10.6","77.8","2505","11.4","-61","-15.1","19","1.3","18","93.9","2159","-15.6","-20.3","10.8","19.1","1.4","17.5","90.4","2473","4.5","-22.2","11","12.2","1.3",,,,,,,,,,,,,,,,,"9","80.6","2768","17.4","-41.5","1","17.6","1.3",,,,,,,,,,,,,,,,,,,,,,,,,"58","92.9","2314","-5.9","-18.3","13.4","16.8","2.2","32.9","82.6","2601","11.9","-44.1","-3.5","14.8","4.8","9.1","90","1625","-16.2","-28","5.8","17.6","1.3"
"Bello, Brayan",678394,2025,26,"11","59.1",260,225,59,46,8,0,5,45,28,17.3,10.8,".262",".364",".353","0.717","0.102",".307","23","26","0","0","178","3","1","0","0","0","3.49",,,"7","4","3","0","0","1","0","54","23","6","1","0","5","0","0","55","0","381","158","0","2","3","0","0","0","190","3","0","0","7","0","0","4","10","23","26","183","11","0","0","0","0","22","75","14","0","0","0","0","0","0","2","1","11","78","3","411","82","5","1","7","0","1028","3","617","82","0","0","0","0","4",".281",".435",".324",".354",".369",".154",".339",".382",".326",".350","-0.019","-0.071","-0.030","72",25.6,13.3,10.9,30.8,25.4,"7.3",7,9.5,-0.3,51,33.7,"88.3","5.3",31.7,14,7.7,2.7,28.4,16.9,39.3,4.9,38.8,"76.651532967","94.20281558",67.1,10.1,24.3,39.7,60.3,52,131,52.4,539,78.9,7.4,170,595,13,1028,89.6,33,328,47.6,489,42.8,440,18.5,44.6,37.7,36.6,25.7,183,61.2,53.6,98,18,33,22.4,41,6,11,"R","972",31,"13.9","94.8","2182","-7.7","-16.9","13.6","15.8","1.2",,,,,,,,,"16","89.2","1788","-16.3","-31","3.5","16.8","1.1",,,,,,,,,"38.5","95.3","2143","-17.1","-25.2","5","18","1.1","6.3","88.9","2511","1","-31.4","3.2","3.6","1.1",,,,,,,,,,,,,,,,,"25.3","85.7","2496","10.8","-40.1","-2.8","11.4","1",,,,,,,,,,,,,,,,,,,,,,,,,"58.6","94.5","2192","-12.9","-23.9","6.9","15.9","2.4","25.3","85.7","2496","10.8","-40.1","-2.8","11.4","1","16","89.2","1788","-16.3","-31","3.5","16.8","1.1"
"Dobbins, Hunter",690928,2025,25,"11","55.1",248,230,59,38,14,1,6,43,16,17.3,6.5,".257",".404",".310","0.714","0.147",".293","23","24","0","1","166","4","1","0","0","0","3.74",,,"1","4","1","0","0","1","0","40","19","1","0","0","3","0","0","45","0","268","148","0","0","2","0","0","0","133","7","0","2","6","0","0","2","6","19","30","173","8","0","0","1","0","30","61","16","0","0","0","0","0","0","0","0","9","78","1","283","89","1","1","5","0","829","0","546","84","0","0","0","0","3",".253",".440",".313",".322",".307",".187",".350",".362",".316",".312",".004","-0.036","-0.009","71.1",19.2,18.2,14.6,40.9,32.7,"7.3",6,9.7,-0.6,50.3,31.3,"89.7","9.9",32.1,13,7,8.6,23.5,21.4,34.8,3.7,42.8,"78.493214086","94.789867027",64.7,11.7,27.6,46.7,53.3,57,122,48.9,442,81,9.3,81,378,355,904,88,35,299,51.1,462,42.7,386,21.9,46.6,32.1,34.8,33.2,187,60.9,47.1,88,20.3,38,26.2,49,6.4,12,"R","904",48.9,"40.6","95.5","2371","-2.1","-14.2","15.8","16.1","1.7","27.1","87.6","2565","6.4","-34.5","1.1","6.8","2",,,,,,,,,"12.2","78.6","2480","7.1","-55.9","-11.5","13.7","1.5","1.2","94.8","2226","-14.3","-20.7","9.8","17.4","1.4",,,,,,,,,"9","90.5","1462","-12.6","-28.4","5.1","13.9","1.7",,,,,,,,,"10","81.2","2530","14.7","-40.7","1","15","1.7",,,,,,,,,,,,,,,,,,,,,,,,,"41.8","95.5","2367","-2.4","-14.4","15.6","16.1","1.6","49.2","84.1","2537","8.2","-41.1","-2.1","10.1","4.7","9","90.5","1462","-12.6","-28.4","5.1","13.9","1.7"
"Senga, Kodai",673540,2025,32,"13","73.2",293,261,51,31,12,4,4,70,31,23.9,10.6,".195",".318",".283","0.601","0.123",".251","12","15","0","0","221","7","3","4","0","0","1.47",,,"4","15","0","0","0","0","0","56","14","3","1","0","6","0","0","58","0","404","169","0","6","0","0","0","0","197","8","0","0","10","0","0","1","10","16","25","191","6","0","0","0","0","44","74","9","0","0","0","0","0","0","0","0","13","124","3","462","83","6","0","15","0","1175","0","713","146","0","0","0","0","6",".218",".342",".272",".289",".303",".124",".301",".327",".267",".298","-0.023","-0.024","-0.017","71.7",23.8,12.9,9.7,31.7,23.8,"7.5",18,11.8,-5.6,48.9,33.1,"88.7","14.4",26.7,12,6.3,5.8,23,28.3,32.5,3.7,39.8,"77.544048632","94.018922328",66.6,14.9,29.3,53.4,46.6,101,189,54.7,644,82.9,7,339,665,107,1175,84.5,53,355,45.3,533,41.9,493,28.3,46.3,37.2,33.5,29.3,191,53.9,47.1,90,28.3,54,17.8,34,6.8,13,"R","1175",44.9,"30.7","94.7","2385","-7.9","-14.2","16.4","18.3","1.5","7.4","83.3","2464","1.1","-38.1","1.8","4","3.6",,,,,,,,,"1.7","69.2","2453","4.2","-68.8","-11.1","12.4","1.9","5.1","89","2203","-15.7","-28.3","6.3","17","1.5","20.8","90","2459","-1.2","-25.1","8.7","9","1.9",,,,,,,,,,,,,,,,,"5.4","79.7","2526","8.1","-44.8","-1.4","8.6","2.1",,,,,,,,,"28.9","82.7","1147","-9.5","-39.5","0.7","10.2","1.7",,,,,,,,,"56.6","92.5","2396","-6.1","-19.5","12.7","14.8","3.2","14.6","80.3","2486","4.1","-44.2","-0.9","6.7","5.4","28.9","82.7","1147","-9.5","-39.5","0.7","10.2","1.7"
"Eflin, Zach",621107,2025,31,"10","58.0",240,226,63,34,17,0,12,38,9,15.8,3.8,".279",".513",".310","0.823","0.234",".287","31","32","0","0","174","6","3","0","0","0","4.81",,,"2","15","0","0","1","0","0","32","30","2","0","0","6","0","0","46","0","273","137","0","1","2","0","0","0","146","10","0","0","4","0","1","2","18","15","30","191","13","0","0","0","0","37","67","16","0","1","0","0","0","0","1","2","10","76","1","284","116","2","1","15","1","846","3","562","77","0","0","0","0","0",".258",".451",".353",".317",".291",".193",".403",".359",".332",".308",".021",".062",".036","72.5",27.7,17.4,14.2,38,31.2,"7.5",6,11.3,-3.9,46.8,34.2,"89.7","10.7",31.9,16,8.4,7.3,20.9,26.2,30.4,6.8,40.3,"79.360452979","94.316615775",67.7,12.9,30.8,39,61,48,123,47.3,400,70.3,7.6,140,447,132,846,86.8,39,302,52.7,446,46.2,391,20.5,50.2,42.9,32.5,24.6,191,64.2,42.9,82,29.3,56,24.6,47,3.1,6,"R","846",24.2,"12.6","91.8","2166","-9.2","-20.6","11.9","15.2","1.1",,,,,,,,,"16.5","86.5","1631","-15.6","-35.8","0.9","15.9","1.4","15.6","77.9","2469","12.7","-52.1","-6.9","14.6","1.4","18.7","91.5","2057","-16.3","-30.9","2.1","16.6","1.2","21.5","88.3","2221","1","-26.5","8.4","8.7","1.3",,,,,,,,,,,,,,,,,"15","79.1","2393","12.9","-41.7","2.3","13.4","1.3",,,,,,,,,,,,,,,,,,,,,,,,,"52.8","90.2","2150","-7.6","-26.6","7","13","2.2","30.6","78.5","2431","12.8","-47","-2.4","14","1.5","16.5","86.5","1631","-15.6","-35.8","0.9","15.9","1.4"
"Povich, Cade",700249,2025,25,"13","64.2",285,258,74,49,12,3,10,68,23,23.9,8.1,".287",".473",".344","0.817","0.186",".350","37","40","0","0","194","2","5","5","0","0","5.15",,,"3","31","1","0","1","1","0","46","40","3","0","0","2","0","0","57","0","402","210","0","1","0","0","0","0","199","9","0","1","6","0","1","1","16","19","39","193","20","0","0","1","0","35","56","11","0","0","0","0","0","0","0","3","12","99","3","435","122","1","2","32","0","1153","3","718","106","1","1","0","0","4",".294",".561",".353",".391",".354",".267",".437",".493",".383",".399","-0.007","-0.088","-0.038","71.8",24.1,19.3,15.2,37,29.1,"7.4",8,10.6,-2.8,53.2,32.2,"91.9","12.8",40.4,26,13.5,11.9,24.9,20.2,25.9,3.1,51.3,"81.703099167","95.769027865",63.1,14.9,23.8,44.4,55.6,59,133,48.5,559,70.4,9.4,150,573,250,1153,84.8,56,375,51.5,594,40.2,464,22.6,44.1,38.9,39.4,21.8,193,59.6,38.9,75,28,54,26.9,52,6.2,12,"L","1153",41.1,"37.2","92.3","2360","10.1","-14.7","17.6","20.4","1.1",,,,,,,,,"13","83.8","964","8.6","-33","6.2","12.4","1.4","21.7","78.5","2556","-9.8","-59.3","-14.4","17.5","1.9","12.5","91.8","2189","16","-20.3","12.3","20.2","1.1",,,,,,,,,,,,,,,,,,,,,,,,,"15.6","82.6","2451","-9.5","-39.5","0.7","10.5","1.6",,,,,,,,,,,,,,,,,,,,,,,,,"49.7","92.2","2317","11.6","-16.1","16.3","20.4","1.1","37.3","80.2","2512","-9.7","-51","-8.1","14.6","2.8","13","83.8","964","8.6","-33","6.2","12.4","1.4"
"Hancock, Emerson",676106,2025,26,"12","62.1",262,237,65,46,9,0,10,45,21,17.2,8,".274",".439",".337","0.776","0.165",".301","31","31","0","0","187","3","2","2","0","0","4.48",,,"4","17","2","0","0","0","0","47","29","4","0","0","5","0","0","48","0","329","140","0","5","0","0","0","0","183","10","0","0","7","0","0","2","12","18","34","194","13","0","0","0","0","35","69","12","0","0","0","0","0","0","1","1","12","81","0","348","104","5","0","19","0","966","2","618","86","0","0","0","0","1",".294",".457",".341",".353",".355",".163",".378",".394",".337",".361","-0.020","-0.018","-0.012","72",27.1,14.3,11.6,31.7,25.7,"7.2",4,8.3,1.4,46.2,33.6,"88.8","14.8",34,13,6.7,3.6,29.4,25.8,32,2.6,38.1,"77.977387113","93.939907409",73.3,16.4,24,33,66.1,37,112,48.3,467,78.6,7.2,216,603,128,966,82.8,60,366,51.7,499,43,415,20.3,49.5,32.5,38.7,28.9,194,66,44.8,87,24.7,48,23.7,46,6.7,13,"R","966",20.2,"25.5","94.7","2400","-13.2","-18.4","12.2","18.1","1.3","13.3","81.7","2432","5.8","-43.2","-2.3","6.4","1.8","22.4","86.2","1664","-16.6","-35.1","2","16.9","1.3",,,,,,,,,"37","94.4","2373","-18.9","-24.7","6.1","20","1.2",,,,,,,,,,,,,,,,,,,,,,,,,"2","79","2617","13.1","-41.2","2.9","13.8","1.4",,,,,,,,,,,,,,,,,,,,,,,,,"62.4","94.5","2384","-16.6","-22.1","8.6","19.2","1.3","15.2","81.3","2456","6.7","-43","-1.6","7.4","1.9","22.4","86.2","1664","-16.6","-35.1","2","16.9","1.3"
"Holmes, Grant",656550,2025,29,"15","79.1",327,287,60,35,11,0,14,92,34,28.1,10.4,".209",".394",".297","0.691","0.185",".250","35","36","0","0","238","3","6","2","0","0","3.97",,,"1","23","0","0","1","0","0","48","32","1","0","0","6","0","0","42","0","436","203","0","0","0","0","0","0","242","16","1","1","8","0","0","3","17","21","22","198","7","0","0","0","0","38","75","17","0","0","0","0","0","0","0","3","14","148","1","477","113","0","1","23","0","1302","3","825","164","0","0","0","0","1",".229",".419",".305",".322",".316",".190",".374",".402",".303",".335","-0.020","-0.025","-0.017","71.8",22.9,14.5,10.5,31.3,22.7,"7.4",23,11.1,-4.4,49.1,33.5,"90.7","8.2",37.4,25,12.6,3.5,23.7,22.7,34.8,2.5,43.4,"80.640417778","94.895065279",67,16.3,29,57.3,42.2,110,192,50.7,661,78.8,6.1,21,643,638,1302,83.5,70,430,49.3,642,43.1,562,28.9,47.8,40.9,38.4,20.7,198,58.4,48.5,96,28.8,57,20.2,40,2.5,5,"R","1302",38.3,"37.6","94.5","2309","-5.3","-15.5","15.1","16.1","1","33.9","85.4","2843","3.3","-40.7","-3.3","5.1","1.2","1.6","90.2","1472","-12.8","-32.7","1","13.6","1.3","15.1","83.5","2907","4.6","-49.7","-10.5","11.6","1.3","0.3","93.2","2420","-8","-24.1","7.5","11","1.5","11.5","92.2","2546","-0.5","-22","10","10.3","1.2",,,,,,,,,,,,,,,,,,,,,,,,,,,,,,,,,,,,,,,,,,,,,,,,,"49.4","94","2365","-4.2","-17","13.9","14.7","1.5","49","84.8","2863","3.7","-43.5","-5.5","7.1","1.5","1.6","90.2","1472","-12.8","-32.7","1","13.6","1.3"
"Canning, Griffin",656288,2025,29,"14","68.2",294,261,63,46,8,1,8,63,32,21.4,10.9,".241",".372",".324","0.696","0.131",".289","29","31","0","0","206","6","3","2","0","0","3.80",,,"3","39","3","0","1","0","0","59","24","3","0","0","3","0","0","51","0","420","210","0","1","0","0","0","0","210","8","0","0","6","0","0","0","7","30","26","199","12","0","0","0","0","36","72","19","0","0","0","0","0","0","1","0","14","121","2","455","97","1","1","42","0","1213","1","758","128","0","0","0","0","1",".259",".444",".312",".342",".340",".185",".349",".394",".318",".342","-0.018","-0.072","-0.030","72.4",28.5,15.2,11.5,33,24.9,"7.4",12,10.3,-2.7,54.7,32.6,"91.4","8.2",31.2,19,9.5,9.5,22.6,16.6,37.7,3,47.2,"81.189736082","95.372223608",64,15.4,25.7,49,49.7,75,153,49.1,596,72.7,6.3,289,478,446,1213,84.3,61,395,50.9,617,43.4,526,24.8,45.2,38.2,42.7,19.1,199,58.2,51.3,102,21.6,43,22.6,45,4.5,9,"R","1213",42.4,"35.1","94","2150","-9.5","-15.4","15.8","18.5","1.2","31.4","87.6","2743","1.6","-40","-4.4","5.7","1.4","23.8","89.5","1473","-15.1","-32.8","1.6","15.5","1.3","5.4","81.1","2502","13.1","-47.3","-5.4","14.4","1.2","0.7","94.5","2205","-13.6","-15.4","15.5","20.7","1.4","3.6","89.5","2430","0.2","-26","8.1","8.3","1.3",,,,,,,,,,,,,,,,,,,,,,,,,,,,,,,,,,,,,,,,,,,,,,,,,"39.4","93.6","2176","-8.7","-16.4","15.1","17.6","1.9","36.8","86.7","2708","3.2","-41.1","-4.5","6.9","2.8","23.8","89.5","1473","-15.1","-32.8","1.6","15.5","1.3"
"Flaherty, Jack",656427,2025,29,"14","76.0",327,292,64,35,13,1,15,93,31,28.4,9.5,".219",".425",".300","0.725","0.206",".265","34","35","0","0","228","5","7","0","0","0","4.03",,,"3","14","0","0","0","0","0","43","34","3","0","0","5","0","0","46","0","437","246","0","0","0","0","0","0","223","16","0","0","7","0","0","2","20","11","27","190","7","0","0","0","2","43","56","18","0","0","0","0","0","0","0","1","14","128","1","477","113","0","0","14","0","1299","1","822","145","0","0","0","0","2",".239",".438",".318",".328",".318",".199",".401",".418",".320",".349","-0.020","-0.013","-0.010","71.7",22.3,16.4,12.3,30.8,23.1,"7.5",14,12.2,-6.1,52.4,33.3,"90.2","18.6",42,22,11,6.5,27.5,30,21,4,44,"79.5388366","94.824856583",63.5,17.5,27.7,48.8,51.2,98,201,52.9,726,76.9,6.6,39,656,678,1373,82.5,72,411,47.1,647,42,577,27.8,44.6,46,28.5,25.5,200,65.4,35,70,33,66,25,50,7,14,"R","1373",27.6,"46.1","92.7","2217","-5.6","-15.8","16.1","17.2","1.5","22.9","84.2","2385","6.5","-36.2","2.4","7.3","1.4","2.8","85.7","1751","-14","-30","7.1","15.8","1.7","26.5","77.4","2351","12.4","-55.1","-9.1","15.6","1.5","1.7","90.6","2033","-14.4","-25","8.4","16.7","1.5",,,,,,,,,,,,,,,,,,,,,,,,,,,,,,,,,,,,,,,,,,,,,,,,,,,,,,,,,"47.8","92.6","2210","-5.9","-16.1","15.8","17.1","1.5","49.4","80.5","2367","9.7","-46.4","-3.8","11.7","4","2.8","85.7","1751","-14","-30","7.1","15.8","1.7"
"Francis, Bowden",670102,2025,29,"14","64.0",288,251,71,46,5,1,19,54,27,18.8,9.4,".283",".538",".361","0.899","0.255",".286","43","46","0","0","192","2","8","3","0","0","6.05",,,"0","7","2","0","0","0","0","36","45","0","0","0","3","0","0","43","0","389","181","0","0","0","0","0","0","207","11","0","0","5","0","0","6","19","17","35","201","13","0","0","0","0","40","51","12","0","0","0","0","0","0","0","4","14","105","3","427","135","0","0","9","0","1141","4","714","113","0","0","0","0","1",".291",".514",".386",".383",".372",".222",".439",".434",".353",".369","-0.008",".024",".003","72.1",26.2,18,14,35.5,27.6,"7.4",4,12.1,-4.9,54.2,31.2,"91.6","20.7",34.3,25,12.4,5.5,25.4,30.8,20.4,5.5,52.2,"81.0541193","95.7876814",69.9,15.6,23.7,45.6,54.4,62,136,50.2,573,76.7,7.9,256,659,226,1141,84.1,62,397,49.8,568,42.8,488,23.3,46.7,43.8,29.9,26.4,201,62.2,33.8,68,30.8,62,23.9,48,11.4,23,"R","1141",39.2,"57.6","92.4","2250","-7.4","-14.1","18.2","19.8","1.5","5.8","82.7","2434","5.7","-40.2","-0.2","6.6","1.5",,,,,,,,,"14","73.7","2195","15.5","-58.2","-7.3","17.3","1.5","0.2","92.7","2284","-13.3","-14.2","18.1","22.5","1.6",,,,,,,,,"22.4","82.2","1017","-8.5","-35.1","5.5","10.8","1.5",,,,,,,,,,,,,,,,,,,,,,,,,,,,,,,,,,,,,,,,,"57.8","92.4","2250","-7.4","-14.1","18.2","19.8","1.5","19.8","76.4","2265","12.6","-53","-5.2","14.1","4.4","22.4","82.2","1017","-8.5","-35.1","5.5","10.8","1.5"
"Quantrill, Cal",615698,2025,30,"14","63.1",272,249,74,44,19,2,9,48,19,17.6,7,".297",".498",".353","0.851","0.201",".337","40","41","0","0","190","3","7","2","0","0","5.68",,,"14","25","0","0","2","0","0","48","36","12","2","0","0","0","0","64","0","395","175","0","2","1","0","0","0","209","10","0","0","10","0","1","3","16","19","39","202","21","0","0","0","0","39","51","25","0","0","0","0","0","0","0","1","14","91","1","424","124","3","2","25","0","1119","1","695","98","0","0","0","0","0",".298",".518",".369",".375",".355",".220",".421",".429",".366",".370","-0.001","-0.020","-0.006","72.3",29.5,17.5,14.2,35.7,29.1,"7.3",12,10.6,-1.7,56.9,33.4,"90.9","16.3",43.1,22,10.9,7.9,28.2,26.2,21.3,4.5,45,"80.5712434","95.173577739",65.6,14.7,29.4,32.9,67.1,57,173,52.7,589,75.3,6.9,242,631,245,1119,85,51,347,47.3,529,42.8,478,20.8,46.5,41.6,34.2,24.3,202,61,34.7,70,27.2,55,32.2,65,5.9,12,"R","1118",44.5,"22.4","93.3","2131","-10.6","-14.9","16.6","19.9","1","8.4","84.9","2419","3.7","-38.2","-0.2","4.7","1.4","0.4","87.7","1713","-14.4","-25.5","10.3","17.9","1.5","13.5","79.9","2491","3.7","-49.6","-6.7","7.9","2.1","14.1","93.4","2087","-16","-19.4","12.2","20.4","1.4","19.9","88.9","2293","1.8","-25.4","9.1","9.6","1.4","21.2","86.3","1152","-11.8","-31","5.9","13.8","1.2",,,,,,,,,,,,,,,,,,,,,,,,,,,,,,,,,,,,,,,,,"56.4","91.8","2177","-7.6","-19.7","12.8","16.4","2.7","21.9","81.8","2463","3.7","-45.2","-4.2","6.7","3.1","21.6","86.3","1163","-11.9","-30.9","6","13.9","1.2"
"Williams, Gavin",668909,2025,25,"15","75.1",326,281,65,45,10,0,10,78,42,23.9,12.9,".231",".374",".334","0.708","0.143",".284","30","34","0","0","226","5","3","5","1","0","3.58",,,"2","33","7","0","1","0","0","71","30","2","0","0","5","0","0","71","0","499","217","0","5","0","0","0","0","244","15","0","0","9","0","0","2","15","21","29","204","14","0","0","0","0","36","73","17","0","0","0","0","0","0","0","1","15","148","4","550","105","5","1","40","0","1398","1","848","168","0","0","0","0","3",".247",".415",".319",".337",".349",".168",".360",".389",".319",".342","-0.016","-0.041","-0.018","71.3",19.5,12.5,9,33.3,24.1,"7.3",14,9.5,-0.9,49.4,31.2,"89.6","10",32.8,19,9.3,4.4,25,24.5,32.8,3.4,38.2,"79.003350196","94.453394138",65.1,19.5,26.7,50.5,49.5,98,194,52,727,70,5.7,2,819,275,1398,80.5,85,437,48,671,41.4,579,29,45.1,37.3,40.2,22.5,204,55.2,46.1,94,25.5,52,22.5,46,5.9,12,"R","1398",36.3,"42.7","96.6","2304","-10.6","-13.8","15.7","19","1.5",,,,,,,,,"0.1","87.6","1986","-5.4","-30.7","5","14.1","1.6","19.7","81.8","2492","9.7","-55.2","-13.9","17.1","1.7","1.6","95.2","2058","-14.4","-19.4","10.8","18.1","1.4","14.2","91.6","2303","-2.3","-25.2","7.4","8","1.6",,,,,,,,,,,,,,,,,"21.6","87","2305","9.4","-37.5","-1.3","9.8","1.8",,,,,,,,,,,,,,,,,,,,,,,,,"58.6","95.4","2297","-8.7","-16.7","13.5","16.3","2.8","41.3","84.5","2394","9.5","-45.9","-7.3","13.3","3.3","0.1","87.6","1986","-5.4","-30.7","5","14.1","1.6"
"Brown, Hunter",686613,2025,26,"14","86.0",345,314,56,40,7,1,8,109,28,31.6,8.1,".178",".283",".252","0.535","0.105",".244","18","19","0","0","258","8","3","0","0","0","1.88",,,"11","18","1","0","0","1","0","53","19","9","2","0","11","0","0","48","0","483","231","0","4","1","0","1","0","237","14","0","0","12","0","0","2","8","15","29","192","10","0","0","0","0","34","74","16","1","0","0","0","0","0","0","0","14","150","1","502","84","5","1","19","0","1339","0","837","161","0","0","0","0","1",".222",".350",".244",".285",".292",".128",".305",".375",".273",".340","-0.044","-0.067","-0.041","71.7",26.2,11.1,8.1,28.9,21.1,"7.1",13,7.6,3.3,47.9,31.4,"85.8","11.5",33.7,13,6.3,4.4,27.8,23.9,30.7,6.8,32.2,"73.031489612","93.388031805",60.7,19.8,30.3,43.2,56.8,98,227,52.6,750,70.9,7.2,187,921,318,1426,79.8,81,410,47.4,676,45.7,651,28.1,44.7,31.2,38.5,30.2,205,55.9,46.3,95,22,45,23.9,49,7.8,16,"R","1426",56.3,"35.6","96.9","2262","-6.8","-11.9","17.5","18.8","1.4","5.3","90.7","2200","3.5","-27.8","5.6","6.9","1.3","13.1","88.4","1526","-14.8","-26.6","8.5","17.1","1.6","17","83.8","2582","4.9","-55.2","-15.8","16.6","1.9","24.7","96.1","2184","-13.7","-15.8","14.1","19.8","1.4","4.3","93.4","2314","3.3","-22.6","8.8","9.7","1.6",,,,,,,,,,,,,,,,,,,,,,,,,,,,,,,,,,,,,,,,,,,,,,,,,"64.6","96.4","2236","-8.8","-14.1","15.6","18.6","1.7","22.3","85.4","2492","4.6","-48.7","-10.7","14.3","3.5","13.1","88.4","1526","-14.8","-26.6","8.5","17.1","1.6"
"Smith, Shane",681343,2025,25,"14","72.2",310,269,59,42,12,1,4,66,30,21.3,9.7,".219",".316",".314","0.630","0.097",".274","23","31","0","0","218","3","4","5","0","0","2.85",,,"6","34","1","0","1","0","0","62","25","5","0","2","4","0","0","68","0","392","169","0","1","0","0","0","0","206","14","0","0","7","0","1","8","6","26","27","206","13","0","0","0","2","49","64","24","1","0","0","0","0","0","1","2","14","132","8","431","85","1","1","35","0","1171","3","740","140","0","0","0","0","2",".246",".374",".288",".321",".341",".128",".304",".355",".288",".328","-0.027","-0.058","-0.033","71.8",22.9,15.5,11.4,32.6,24.1,"7.2",10,7.8,2.3,51.8,31.6,"90","12.5",33.5,12,5.8,6.8,25.7,25.7,31.1,3.9,44.2,"78.184611188","95.264372921",69.5,20,23.7,54,45.2,68,126,45.3,531,81.7,9.3,246,593,329,1171,79.8,89,445,54.7,640,42.1,493,27.5,48.8,37.9,31.6,30.6,206,62.6,43.7,90,27.2,56,25.2,52,3.9,8,"R","1171",33.1,"44.3","95.2","2319","-5.6","-16.2","14","15.3","1.6","16.7","89","2212","2.9","-31.3","3.2","4.9","1.7","21","89.9","1627","-14.9","-33.1","0.9","15.1","1.6","11.4","81.5","2350","7.9","-54","-12.4","15","1.7","6.3","94.9","2158","-15.2","-20.3","10.2","18.4","1.4",,,,,,,,,,,,,,,,,,,,,,,,,"0.3","88.1","2150","12.6","-26.3","8.8","15.4","1.5",,,,,,,,,,,,,,,,,,,,,,,,,"50.6","95.2","2298","-6.8","-16.7","13.5","15.7","1.5","28.4","86","2267","5","-40.4","-3","9.1","4.2","21","89.9","1627","-14.9","-33.1","0.9","15.1","1.6"
"Cease, Dylan",656302,2025,29,"15","80.2",346,309,77,46,23,0,8,105,30,30.3,8.7,".249",".401",".317","0.718","0.152",".347","42","44","0","0","242","2","6","2","0","0","4.69",,,"7","7","0","0","0","0","0","60","39","7","0","0","5","0","0","71","0","463","195","1","1","1","0","0","0","252","11","0","0","4","0","2","2","19","22","36","208","22","0","0","1","0","38","57","17","1","0","0","0","0","0","1","3","15","212","2","509","124","2","0","7","0","1404","4","895","229","0","0","0","0","2",".232",".398",".315",".305",".303",".165",".418",".402",".372",".348",".017",".003",".010","71.4",23.4,12.7,8.4,30.1,20,"7.5",18,12.6,-5,55.7,32.1,"89.2","14.2",40.9,22,10.6,9.6,24.5,24,26.9,4.3,41.8,"78.134542115","94.438703092",70.5,22.1,31.5,58.5,41.5,137,234,52.9,743,72.4,6.2,34,570,783,1404,77.9,103,466,47.1,661,42.8,601,34.3,49.9,44.2,37,18.8,208,64.2,38,79,28.4,59,26,54,7.7,16,"R","1404",50.4,"38.6","97","2538","-3.7","-10.6","18.6","19.1","1.3","48.9","89","2743","1.3","-31.2","3.4","4.4","1.6","2.4","77.3","1681","-8.5","-28.4","17.9","19.9","2.1","6.9","81.2","2701","3.9","-57.9","-15.8","16.4","1.9","2","96.1","2462","-10.8","-15","14.8","18.5","1.4",,,,,,,,,,,,,,,,,,,,,,,,,"1.2","84.2","2899","12.7","-46.8","-7.7","15.2","1.7",,,,,,,,,,,,,,,,,,,,,,,,,"40.6","97","2534","-4.1","-10.8","18.5","19.1","1.3","57","88","2741","1.9","-34.8","0.9","6.1","3.3","2.4","77.3","1681","-8.5","-28.4","17.9","19.9","2.1"
"Ortiz, Luis",682847,2025,26,"14","75.2",331,289,72,51,10,1,10,81,39,24.5,11.8,".249",".394",".338","0.732","0.145",".310","39","40","0","0","227","3","8","0","0","0","4.64",,,"11","26","6","0","0","0","0","62","38","11","0","0","4","0","0","67","0","457","224","0","1","0","0","0","0","219","18","0","0","9","0","1","1","15","25","32","210","19","0","0","0","0","31","74","19","1","0","0","0","0","0","0","2","14","156","1","473","114","1","0","32","0","1307","2","834","160","0","0","0","0","2",".266",".459",".327",".353",".354",".193",".382",".425",".343",".367","-0.017","-0.065","-0.026","72.1",24.8,18.1,13,37.2,26.8,"7.2",11,8.5,0.3,51,33.4,"92.5","9.7",33.3,21,10,6.7,25.2,18.1,38.1,1,49,"82.329477692","95.99994375",67.8,19.7,24.8,56.6,42.8,90,159,49.1,642,71.6,7.3,163,803,341,1307,80,89,451,50.9,665,43,562,29.3,46.7,37.6,39,23.3,210,63.1,47.1,99,22.9,48,24.3,51,5.7,12,"R","1307",22.3,"29.1","96.4","2282","-12.4","-17.5","12.1","17.5","1.3","26.1","85.5","2385","6.2","-36.6","0.7","7.1","1.3","12.5","89.3","1459","-14.7","-31.7","2.7","15.3","1.1",,,,,,,,,"19.1","95.3","2276","-16.5","-27","3.2","17","1.3","13.3","91.1","2339","0.6","-23.7","9.1","9.5","1.3",,,,,,,,,,,,,,,,,,,,,,,,,,,,,,,,,,,,,,,,,,,,,,,,,"61.4","94.9","2292","-10.9","-21.8","8.7","15.6","2.6","26.1","85.5","2385","6.2","-36.6","0.7","7.1","1.3","12.5","89.3","1459","-14.7","-31.7","2.7","15.3","1.1"
"Yamamoto, Yoshinobu",808967,2025,26,"15","84.2",340,306,62,40,13,0,9,95,30,27.9,8.8,".203",".333",".277","0.610","0.130",".261","26","29","0","0","254","6","6","4","0","0","2.76",,,"4","7","2","0","0","0","0","60","27","3","1","0","9","0","0","60","0","488","245","0","1","0","1","0","0","254","12","0","0","7","0","1","2","8","25","29","213","10","0","0","0","0","38","92","13","1","0","0","0","0","0","1","1","15","153","3","527","102","2","0","9","0","1416","2","889","163","0","0","0","0","2",".227",".354",".274",".290",".300",".127",".333",".359",".292",".328","-0.024","-0.021","-0.016","71.5",24.3,14.8,10.9,30.8,22.6,"7.3",7,9,-1.4,51.7,34.4,"90","7.3",30,15,7,6.6,25.4,18.3,38,4.2,41.8,"79.003085","94.689089716",63.1,18.1,29.1,45.5,54,97,213,51.8,733,80.7,6.2,372,758,285,1416,81.7,78,431,48.2,683,45.2,640,27.2,45.5,35.2,40.4,24.4,213,60,54.9,117,22.1,47,19.7,42,3.3,7,"R","1416",43.9,"37.7","95.2","2173","-7","-14.2","16","17.6","1.2","2.5","86","2752","6.3","-36.9","0","6.7","1.6",,,,,,,,,"17.7","76.7","2726","12","-64","-16.7","20.7","1.7","6.1","94.6","2206","-13.5","-18.4","12.2","18.2","1.3","9.7","90.9","2413","3.7","-24.8","8.1","9.4","1.5","26.3","90.5","1391","-10.7","-31.6","1.7","11.2","1.5",,,,,,,,,"0.1","84.2","2981","14.9","-47.6","-8.7","17.3",,,,,,,,,,,,,,,,,,,,,,,,,,"53.5","94.4","2220","-5.8","-16.6","14.2","16.2","2.2","20.2","77.9","2730","11.4","-60.6","-14.6","19","3.6","26.3","90.5","1391","-10.7","-31.6","1.7","11.2","1.5"
"Rea, Colin",607067,2025,34,"15","68.0",285,262,72,50,13,0,9,52,18,18.2,6.3,".275",".427",".324","0.751","0.152",".310","29","30","1","0","204","4","2","2","0","0","3.84",,,"4","24","1","0","1","0","0","54","29","4","0","0","3","0","0","41","0","379","194","0","0","0","0","0","0","190","11","3","4","10","0","0","2","13","23","36","213","10","0","0","0","1","33","58","24","0","1","0","0","1","0","1","2","11","95","1","389","112","0","1","25","1","1094","3","705","95","1","1","0","0","1",".292",".481",".329",".357",".342",".189",".375",".412",".340",".364","-0.017","-0.054","-0.028","71.4",21.7,16.7,13.6,41,33.3,"7.2",11,8.8,0.7,53,31.7,"91.1","15.7",42.3,22,10.3,6.1,26.8,27.7,25.4,3.8,43.7,"81.369335333","94.902624429",66,13.5,26.3,40.7,59.3,57,140,48.6,532,75.8,9,105,690,207,1094,86.3,50,371,51.4,562,42.2,462,20.9,46.7,42.7,25.8,31.5,213,72.6,38,81,22.5,48,28.2,60,11.3,24,"R","1093",30.3,"46.7","93.7","2200","-8.7","-17","14.1","16.7","1.2","9.1","84.3","2260","4.8","-41.3","-2.9","6.1","1.4",,,,,,,,,"9.8","80.3","2224","10.7","-50.2","-7.7","13.4","1.6","6.8","93.4","2163","-15","-22.2","9.3","17.8","1.3","9.7","87.8","2206","1.8","-28.1","7.2","8","1.6","9.6","87.2","1519","-14.7","-35.9","0.2","14.9","1.4",,,,,,,,,"8.3","81.9","2463","14.4","-39.1","1.9","14.8","1.3",,,,,,,,,,,,,,,,,,,,,,,,,"63.1","92.8","2197","-7.7","-19.3","12.6","15.5","2.7","27.3","82.1","2309","9.9","-43.8","-3.1","11.4","2.3","9.6","87.2","1519","-14.7","-35.9","0.2","14.9","1.4"
"Rasmussen, Drew",656876,2025,29,"15","79.1",305,283,59,43,8,0,8,67,18,22,5.9,".208",".322",".266","0.588","0.114",".245","23","23","0","0","238","6","5","2","0","0","2.61",,,"14","19","0","0","0","0","0","50","22","13","1","0","4","0","0","61","0","388","209","0","3","0","0","0","0","227","20","0","0","11","0","0","4","11","21","26","216","12","0","0","0","0","39","89","19","0","0","0","0","0","0","0","0","15","103","0","408","91","3","0","19","0","1188","0","780","106","0","0","0","0","0",".254",".390",".263",".306",".308",".136",".301",".361",".273",".333","-0.046","-0.068","-0.043","71.9",24.8,15.6,12.4,35.5,28.3,"7",11,7.1,3.2,52.1,31.6,"91.1","8",28.7,12,5.6,5.6,28.7,20.8,37,2.3,44.9,"81.363923611","94.838958791",65,13.7,29.1,42.9,56.4,70,163,47.1,560,77.6,8.2,6,1060,54,1188,86,56,408,52.9,628,45.4,539,22.1,48.1,37.5,38.9,23.6,216,67.5,50.9,110,23.1,50,20.8,45,5.1,11,"R","1188",54.8,"33.2","95.7","2484","-4.1","-12.3","17.6","18.2","1.2",,,,,,,,,"0.5","89.2","1255","-10.2","-25.4","9.5","14.1","1.4","4.5","80.5","2774","5.5","-53","-10.8","12.6","1.7","25.2","95.3","2408","-14.4","-16.6","13.5","19.8","1.1","30.9","90.4","2705","4.3","-29","4.3","6.5","1.4",,,,,,,,,,,,,,,,,"5.7","84.6","2707","12","-39.8","-1.5","12.4","1.2",,,,,,,,,,,,,,,,,,,,,,,,,"89.2","93.8","2539","-4.1","-19.3","11.8","14.6","3","10.3","82.8","2737","9.2","-45.7","-5.6","12.5","2.5","0.5","89.2","1255","-10.2","-25.4","9.5","14.1","1.4"
"Brown, Ben",676962,2025,25,"15","74.1",334,304,85,61,11,4,9,88,25,26.3,7.5,".280",".431",".341","0.772","0.151",".365","46","47","0","0","223","4","5","1","0","0","5.57",,,"6","22","4","1","0","0","0","63","44","5","1","0","3","0","0","80","0","394","223","0","0","0","0","0","0","211","6","0","2","4","0","0","4","15","34","36","217","26","0","0","0","1","41","60","14","0","0","0","0","0","0","0","1","13","141","1","431","131","0","0","27","0","1255","1","824","165","0","0","0","0","2",".261",".458",".340",".339",".325",".198",".430",".428",".392",".366",".019","-0.027",".001","71.7",24.2,16.9,12.6,37.4,27.9,"7.3",24,10.8,-2.7,52.5,30.8,"91.8","12.9",36.4,23,10.6,6.5,27.2,22.6,30,2.8,46.1,"82.246775888","95.252778545",64.6,16.2,29.4,58.9,40.6,103,175,47.5,596,77.5,8.1,54,723,478,1255,83.8,69,426,52.5,659,40.3,506,28.6,47.9,36.9,41.5,21.7,217,68,43.3,94,26.3,57,24,52,6.5,14,"R","1255",44.9,"57.6","95.7","2214","-7.5","-12.8","17.2","18.9","1.3",,,,,,,,,"4.3","90.5","1347","-12.5","-26","7.5","15.2","1.5","38.1","86.8","2301","2.8","-39.1","-2.7","4.5","1.9",,,,,,,,,,,,,,,,,,,,,,,,,,,,,,,,,,,,,,,,,,,,,,,,,,,,,,,,,,,,,,,,,"57.6","95.7","2214","-7.5","-12.8","17.2","18.9","1.3","38.1","86.8","2301","2.8","-39.1","-2.7","4.5","1.9","4.3","90.5","1347","-12.5","-26","7.5","15.2","1.5"
"Roupp, Landen",694738,2025,26,"14","70.0",310,276,73,49,17,0,7,63,29,20.3,9.4,".264",".402",".333","0.735","0.138",".316","31","39","0","0","210","4","5","5","0","0","3.99",,,"6","20","0","0","0","0","0","60","32","6","0","0","6","0","0","56","0","417","220","0","2","0","0","0","0","154","10","0","0","5","0","1","1","13","28","31","217","16","0","0","1","1","40","74","19","0","0","0","0","0","0","1","3","14","110","8","442","111","2","0","20","0","1164","4","722","115","0","0","0","0","4",".252",".408",".324",".320",".324",".156",".368",".363",".338",".325",".012","-0.006",".004","72",25.5,14,10.7,37.5,28.6,"7.5",12,13.1,-6.4,49,34.6,"87.2","9",38.2,18,8.3,4.6,21.2,23.5,33.2,9.2,31.8,"75.180528692","93.736180892",60.7,15.9,27.4,43.5,56,73,168,52.7,614,64.2,5.8,174,536,454,1164,82.9,53,334,47.3,550,44.7,520,25.1,43.1,41.5,38.7,19.8,217,61.9,47,102,24.9,54,24,52,4.1,9,"R","1164",24.5,"0.2","91.8","2271","-9.1","-21","11.3","14.6","1.5",,,,,,,,,"14.9","86.8","1787","-16.4","-38.3","-1.9","16.7","1.4","39","76.5","3019","18.8","-54.6","-7.1","20.3","1.1","38.6","92.8","2134","-18.3","-28.4","3.5","18.8","1.1","7.3","90.2","2349","-2.5","-25.5","8","8.9","1.3",,,,,,,,,,,,,,,,,,,,,,,,,,,,,,,,,,,,,,,,,,,,,,,,,"46","92.4","2169","-15.8","-27.9","4.3","17.2","1.6","39","76.5","3019","18.8","-54.6","-7.1","20.3","1.1","14.9","86.8","1787","-16.4","-38.3","-1.9","16.7","1.4"
"Lugo, Seth",607625,2025,35,"13","76.2",305,276,62,40,10,0,12,61,23,20,7.5,".225",".391",".290","0.681","0.166",".245","26","28","0","0","230","4","5","3","0","0","3.05",,,"1","21","1","0","1","1","0","47","26","1","0","0","7","0","0","47","0","412","229","0","4","0","1","0","0","210","13","0","0","7","0","0","3","12","18","32","218","11","0","0","1","1","45","71","24","0","0","0","0","0","0","2","1","13","90","2","431","108","5","2","22","0","1199","3","768","92","0","0","0","0","1",".280",".489",".300",".356",".341",".209",".338",".417",".287",".358","-0.055","-0.098","-0.056","71.7",20.9,18.6,15.1,35.9,29.1,"7.4",5,11.5,-2.6,53.1,32.5,"90.6","13.5",33,19,8.7,7.8,29.8,23.4,24.8,5,46.3,"80.068417103","94.987632103",64.2,13.6,22.8,39.4,60.6,50,127,46.5,557,70.2,7.8,137,602,263,1199,85.2,56,412,53.5,642,42.4,508,19.7,45,41.3,38.1,20.6,218,72.5,40.8,89,26.6,58,25.7,56,6.9,15,"R","1199",32.2,"22.9","91.9","2349","-6.8","-16.9","15.5","17","1.6","4.4","84.7","2596","5","-34.6","3.4","7.4","1.9","11","86.4","1682","-14.7","-32","4.6","15.7","1.7","23.3","77.3","3043","14.8","-57.6","-11.1","19.3","3.8","15.8","91.3","2402","-15.6","-24","8.8","18","1.4","11.5","89.2","2458","1.8","-23.3","10.8","11.2","1.8","0.4","85.7","1685","-8.2","-32.3","4.8","9.8","1.7",,,,,,,,,"1.7","80.8","2737","13","-40.2","1.8","13.4","1.8","9","79.7","2936","15.6","-47.9","-4.6","16.5","1.7",,,,,,,,,,,,,,,,,"50.2","91.1","2391","-7.6","-20.6","12.3","16","2","38.4","78.9","2953","13.8","-51.9","-7.3","17","4.2","11.4","86.4","1682","-14.5","-32","4.6","15.5","1.7"
"Corbin, Patrick",571578,2025,35,"13","71.1",295,267,66,43,12,0,11,53,23,18,7.8,".247",".416",".307","0.723","0.169",".268","31","31","0","0","214","4","6","3","0","0","3.91",,,"9","21","0","0","2","0","0","46","28","9","0","0","3","0","0","61","0","393","186","0","3","0","0","1","0","179","8","0","0","5","0","2","1","17","15","34","218","14","0","0","0","1","47","73","15","0","0","0","0","0","0","2","2","13","103","0","420","111","3","2","21","0","1131","4","711","117","0","0","0","0","0",".263",".441",".317",".336",".325",".178",".353",".378",".306",".330","-0.016","-0.025","-0.019","72.3",29.2,17,13.2,35.8,27.6,"7.5",8,13,-6.7,52.7,33,"89","14.2",33.9,18,8.3,6,22.9,26.6,32.1,4.1,38.1,"78.297911589","94.049154977",62.6,13.3,30.3,45.9,52.9,79,172,50.1,567,79.5,6.9,59,660,412,1131,86.7,47,353,49.9,564,46.8,529,24,46.4,45.9,33.9,20.2,218,65.1,40.4,88,29.8,65,22.9,50,6.9,15,"L","1131",37,"3.8","91.3","2147","7.7","-17.5","15.7","17.5","1.3","35.5","79.5","2214","-2.5","-43.4","0.1","3.1","2.6","5.2","78.4","1137","10.1","-38","7.1","13","2.3","0.9","66.9","1867","-3.1","-65","-3.1","4.7","2","35.2","91.2","2094","15","-22.4","10.9","18.7","1","19.4","86.5","2319","-1.6","-30.8","5.8","6.2","1.2",,,,,,,,,,,,,,,,,,,,,,,,,,,,,,,,,,,,,,,,,,,,,,,,,"58.4","89.6","2172","9","-24.8","9.6","14.5","2.7","36.4","79.2","2206","-2.6","-43.9","0","3.1","3.4","5.2","78.4","1137","10.1","-38","7.1","13","2.3"
"Mahle, Tyler",641816,2025,30,"14","77.0",308,280,60,46,9,1,4,56,27,18.2,8.8,".214",".296",".282","0.578","0.082",".253","20","20","0","0","231","6","3","0","1","0","2.34",,,"2","14","0","0","0","0","0","58","17","2","0","0","7","0","0","45","0","420","186","0","0","0","0","0","0","249","9","0","0","9","0","0","0","10","20","30","225","9","0","0","0","0","44","71","31","0","0","0","0","0","0","0","1","14","129","0","433","83","0","0","14","0","1235","1","802","131","0","0","0","0","1",".266",".423",".263",".330",".331",".157",".276",".369",".267",".333","-0.052","-0.127","-0.067","71.8",25.2,12.5,9.6,32.8,25.2,"7.3",4,11,-0.8,53.9,30,"88.6","13.9",36.4,17,7.6,4.4,28.4,28.4,25.8,5.3,37.8,"77.708945893","93.882076473",69.9,19,27.2,33.5,65.8,53,158,47,580,70.8,5.8,335,763,137,1235,80.8,87,458,53,655,49,605,22.7,49.9,32.9,41.8,25.3,225,64,40.4,91,24.4,55,27.1,61,8,18,"R","1235",41.4,"49.3","92","2334","-10.8","-14.1","18.5","21.4","1.7","11.1","83.4","2449","3.2","-36.5","3","5.2","1.6",,,,,,,,,,,,,,,,,,,,,,,,,"12.5","85.3","2438","3.7","-30.1","7.5","8.7","1.6","27.1","84.1","1733","-13.8","-32.2","6.6","15.6","1.8",,,,,,,,,,,,,,,,,,,,,,,,,,,,,,,,,,,,,,,,,"61.8","90.7","2355","-7.9","-17.3","16.3","18.9","3.4","11.1","83.4","2449","3.2","-36.5","3","5.2","1.6","27.1","84.1","1733","-13.8","-32.2","6.6","15.6","1.8"
"Gore, MacKenzie",669022,2025,26,"15","87.1",380,347,84,59,13,1,11,123,26,32.4,6.8,".242",".380",".298","0.678","0.138",".338","28","28","0","0","262","3","6","5","0","0","2.89",,,"9","22","1","0","0","0","0","63","26","9","0","0","10","0","0","70","0","481","193","0","3","2","0","0","0","285","23","0","0","5","0","1","3","17","30","30","209","17","0","0","0","0","45","47","22","0","0","0","0","0","0","1","3","15","199","0","528","120","4","0","23","0","1461","4","933","220","0","0","0","0","0",".234",".397",".299",".301",".292",".163",".411",".414",".370",".360",".008","-0.017","-0.002","71.1",22.3,13.9,9.6,30.7,21.1,"7.2",16,9.3,-1.1,46.4,31.2,"90.6","16.7",37.7,21,9.2,6.1,28.5,27.2,25.4,3.5,45.2,"80.273940088","95.006233761",70.7,20.6,31.8,57.4,42.6,147,256,51.6,806,84.2,7.3,137,859,565,1561,78.8,110,534,48.4,755,42.2,659,32.5,50.6,36.4,35.5,28.1,228,58.7,37.3,85,30.7,70,25,57,7,16,"L","1561",45.7,"50.3","95.4","2269","6.1","-13","17.2","18.4","1","12.2","86.5","2132","-1.8","-35.1","1.8","3.7","1.3","8.8","86","2044","13.3","-28.9","8.1","15.7","1.1","24","81.6","2365","-4.8","-54.7","-13.4","14.5","1.6",,,,,,,,,"4.7","90.4","2000","-0.7","-25.5","7.9","8","1.2",,,,,,,,,,,,,,,,,,,,,,,,,,,,,,,,,,,,,,,,,,,,,,,,,"55","94.9","2246","5.5","-14","16.4","17.5","1.9","36.2","83.2","2287","-3.8","-48.1","-8.3","10.9","3","8.8","86","2044","13.3","-28.9","8.1","15.7","1.1"
"Vásquez, Randy",681190,2025,26,"15","73.0",315,272,64,44,8,1,11,43,35,13.7,11.1,".235",".393",".333","0.726","0.158",".241","30","31","0","0","219","3","4","2","1","0","3.70",,,"6","15","0","0","1","0","0","62","25","5","1","0","4","0","0","56","0","433","200","0","2","0","0","0","0","204","7","0","0","7","0","1","6","13","26","25","231","12","0","0","0","0","54","67","20","2","0","0","0","0","0","0","2","15","82","1","461","107","2","1","15","0","1190","2","729","85","0","0","0","0","1",".274",".522",".325",".384",".369",".249",".319",".399",".277",".326","-0.039","-0.129","-0.059","72.2",29.2,16.4,13.5,36.2,29.9,"7.3",2,11.4,-2.2,54.4,33.1,"89.4","16.4",33.8,28,12.1,7.4,18.2,29.4,28.1,4.8,41.6,"78.299524087","94.605302783",63.3,11.9,24.7,32.2,67.1,46,143,48.7,580,74.1,9.4,67,749,183,1190,87.8,46,386,51.3,610,41.7,496,17.4,44.5,41.6,34.6,23.8,231,60.3,40.3,93,29,67,20.3,47,10.4,24,"R","1190",37.4,"18.6","93","2348","-7.4","-15.7","16","17.7","1.1",,,,,,,,,"5.6","87.7","2041","-18","-30.2","5.6","19","1.3","15.4","81.1","3041","12.6","-48.6","-6.9","14.5","1.5","15.2","92.8","2298","-14.8","-19.6","12.3","19.4","1.1","29.2","90.4","2483","1.6","-22.6","10.8","11.2","1.6",,,,,,,,,,,,,,,,,"16.1","82.1","2982","13.2","-36.8","4.1","14.4","1.4",,,,,,,,,,,,,,,,,,,,,,,,,"62.9","91.7","2398","-5","-19.9","12.7","15.1","1.9","31.4","81.6","3011","12.9","-42.6","-1.3","14.5","1.5","5.6","87.7","2041","-18","-30.2","5.6","19","1.3"
"Patrick, Chad",694477,2025,26,"16","79.2",337,304,76,51,17,0,8,76,26,22.6,7.7,".250",".385",".315","0.700","0.135",".306","31","31","0","0","239","3","7","0","0","0","3.50",,,"4","21","1","0","2","0","0","66","27","4","0","0","5","0","0","70","0","458","184","0","4","0","0","0","0","287","15","0","1","7","0","0","4","13","15","48","231","11","0","0","1","0","56","50","20","0","0","0","0","0","0","1","2","15","131","0","467","117","4","1","22","0","1319","3","852","132","0","0","0","0","0",".261",".423",".309",".326",".326",".163",".363",".386",".330",".346","-0.011","-0.038","-0.017","71.5",20.7,12.6,9.9,29.8,23.4,"7.2",9,8.8,0.2,50.7,30.8,"89.8","20.4",40.7,16,6.9,8.7,27.3,32.9,20.3,3.9,41.6,"79.187549211","94.360701053",72.2,19.2,29.2,29,69.9,56,193,50.1,661,84.3,7.7,81,1171,67,1319,80.6,91,475,49.9,658,45.3,598,22,50.6,38.1,33.8,28.1,231,65.6,28.1,65,30.3,70,30.7,71,10.8,25,"R","1319",34.8,"24","94","2327","-6.8","-14.4","16.7","18.2","1.3","5.1","84.2","2437","8.8","-34.3","4.4","10.2","1.6","6.1","88.4","1935","-11.9","-30.8","4.1","12.8","1.3",,,,,,,,,"20.6","93.6","2198","-15.2","-19.7","11.7","19.2","1.4","44.2","87.5","2388","4.1","-23.6","12.2","13.5","1.4",,,,,,,,,,,,,,,,,,,,,,,,,,,,,,,,,,,,,,,,,,,,,,,,,"88.8","90.7","2327","-3.3","-20.2","13.3","16.1","3.7","5.1","84.2","2437","8.8","-34.3","4.4","10.2","1.6","6.1","88.4","1935","-11.9","-30.8","4.1","12.8","1.3"
"deGrom, Jacob",594798,2025,37,"14","82.1",339,317,63,44,9,1,9,87,18,25.7,5.3,".199",".319",".245","0.564","0.120",".242","20","20","0","0","247","6","2","1","0","0","2.19",,,"6","4","0","0","0","0","0","49","19","6","0","0","7","0","0","42","0","383","184","0","3","0","0","0","0","211","19","0","0","5","0","2","2","14","16","27","216","6","0","0","0","0","49","78","16","0","0","0","0","0","0","0","2","14","165","0","391","96","3","0","4","0","1189","2","798","168","0","0","0","0","0",".232",".369",".250",".282",".277",".137",".305",".353",".272",".319","-0.033","-0.050","-0.032","71.5",22.3,12.3,8.8,33.2,23.7,"7.5",18,10.3,-2.5,54.5,32,"89.3","13.2",30.2,15,6.5,6.5,24.1,28,30.6,3,39.7,"79.006403217","94.066949825",69.4,19.6,33,54.2,45.8,109,201,47.9,610,77.8,7.8,116,598,559,1273,80.4,90,460,52.1,663,44.1,561,30.1,51.9,37.5,32.8,29.7,232,63.7,42.2,98,29.7,69,22,51,6,14,"R","1273",30.4,"47","97.1","2512","-9.3","-12.9","16.4","18.9","1.2","39","89.3","2716","5.1","-32.7","1.5","5.7","1.5","9.1","89.2","1673","-14.1","-31.5","3","14.8","1.3","4.9","80","2729","10","-47.8","-4.8","11.3","2.3",,,,,,,,,,,,,,,,,,,,,,,,,,,,,,,,,,,,,,,,,,,,,,,,,,,,,,,,,,,,,,,,,"47","97.1","2512","-9.3","-12.9","16.4","18.9","1.2","43.9","88.3","2718","5.7","-34.3","0.8","6.3","3.6","9.1","89.2","1673","-14.1","-31.5","3","14.8","1.3"
"Peralta, Freddy",642547,2025,29,"16","88.0",363,320,64,43,10,0,11,90,34,24.8,9.4,".200",".334",".287","0.621","0.134",".242","27","28","0","0","264","7","4","3","0","0","2.76",,,"9","16","0","0","0","0","0","67","22","6","3","0","6","0","0","53","0","543","210","1","1","0","0","0","0","268","15","0","0","4","0","1","5","17","14","33","234","7","0","0","0","1","51","73","19","0","0","0","0","0","0","3","0","16","180","1","594","107","1","0","16","0","1513","3","919","189","0","0","0","0","2",".231",".396",".281",".313",".314",".166",".320",".370",".278",".321","-0.031","-0.062","-0.032","71.3",20.5,10.6,7.9,29.5,21.8,"7.2",18,9.5,-1.6,53,31.8,"88.4","18.5",34.3,23,9.9,4.3,23.6,31.3,27,3.9,35.6,"77.311143391","93.810830913",70.3,19.5,28.9,46.4,53.2,115,248,56.7,858,81.8,5.8,300,895,318,1513,80,90,461,43.3,656,42,636,28.9,46.9,34.3,38.6,27,233,59.5,37.3,87,29.2,68,22.3,52,11.2,26,"R","1513",38.3,"59.2","94.8","2448","-4.8","-13.7","16.9","17.7","1.5","7.9","84.1","2515","6.7","-33.5","5.4","9.7","1.5","19.8","89.2","1890","-16.8","-31","3.7","17.3","1.3","13.2","80.3","2399","5.3","-48.2","-5.8","8","1.3",,,,,,,,,,,,,,,,,,,,,,,,,,,,,,,,,,,,,,,,,,,,,,,,,,,,,,,,,,,,,,,,,"59.2","94.8","2448","-4.8","-13.7","16.9","17.7","1.5","21","81.7","2443","5.8","-42.7","-1.6","8.6","2.4","19.8","89.2","1890","-16.8","-31","3.7","17.3","1.3"
"Luzardo, Jesús",666200,2025,27,"15","83.2",361,330,92,65,20,0,7,97,28,26.9,7.8,".279",".403",".335","0.738","0.124",".373","41","44","0","0","251","6","3","1","1","0","4.41",,,"17","40","4","0","4","0","0","69","38","15","2","0","8","0","0","71","0","463","239","0","5","0","0","0","0","239","14","0","0","6","0","0","1","14","30","48","235","20","0","0","0","1","41","70","15","0","0","0","0","0","0","0","2","15","169","3","504","133","5","4","44","0","1417","2","913","184","0","0","0","0","2",".253",".383",".326",".307",".314",".130",".415",".386",".391",".358",".026",".020",".019","71.7",22.7,13,9.4,33.3,23.9,"7.4",14,10.4,-3.3,49.9,32.3,"89.9","13.1",34.9,14,6,8.5,27.7,25.5,29.4,3,42.1,"79.498442328","94.337848147",64.9,16.9,30.5,55.7,44.3,122,219,50.6,717,70,7.8,270,629,140,1417,82.9,77,455,49.4,701,43.6,618,29.5,47.6,38.3,37.9,23.8,235,68.1,42.6,100,23.8,56,27.2,64,6.4,15,"L","1417",33.8,"34.2","96.5","2234","11.6","-15.5","14.1","18.4","1.2","9.9","86.6","2394","0","-35.8","0.6","3.1","1.3","19.1","87.9","1931","16.5","-28.4","7.1","18","1.2",,,,,,,,,"10.2","95.8","2235","17.1","-21.7","8.4","19.2","1.4",,,,,,,,,,,,,,,,,,,,,,,,,"26.7","85.9","2239","-8.9","-36.4","0.7","9.5","1.5",,,,,,,,,,,,,,,,,,,,,,,,,"44.4","96.3","2234","12.9","-16.9","12.8","18.6","1.3","36.6","86.1","2281","-6.5","-36.2","0.7","7.7","1.5","19.1","87.9","1931","16.5","-28.4","7.1","18","1.2"
"Baz, Shane",669358,2025,26,"14","77.1",352,311,76,49,13,0,14,77,34,21.9,9.7,".244",".421",".328","0.749","0.177",".281","39","39","0","0","232","6","3","0","0","0","4.54",,,"8","17","0","0","0","0","0","54","30","5","3","0","5","0","0","62","0","428","209","0","0","0","0","0","0","240","13","0","0","12","0","3","5","16","26","30","222","15","0","0","0","0","32","87","13","1","0","0","0","0","0","1","1","14","121","0","444","124","0","0","17","0","1263","2","819","131","0","0","0","0","2",".247",".415",".331",".328",".330",".168",".379",".374",".323",".327","-0.003",".006",".003","71.9",24.6,14.9,11.6,33,25.7,"7.2",14,8.1,0.7,55,30.2,"89.9","10.1",28,24,10.2,3.8,22,21.6,37.7,4.7,41.9,"79.007914746","94.703739447",66.4,15.8,26.7,48.3,51.7,83,172,47,643,68.7,9.6,180,693,495,1368,83.4,76,482,53,726,42.4,581,24.3,47.8,38.1,35.6,26.3,236,59.4,49.6,117,22.9,54,19.9,47,7.6,18,"R","1368",37.4,"46.3","96.8","2457","-10","-12.3","17.1","19.9","1.5","6","86.7","2331","3.5","-35.6","0.6","4.1","1.5","13.2","89.5","2199","-17.8","-24.9","9.3","20.1","1.6","30.2","84.4","2713","8.5","-51.8","-13.2","15.9","1.8",,,,,,,,,"4.4","89.3","2339","3.6","-25.3","8.9","9.8","1.7",,,,,,,,,,,,,,,,,,,,,,,,,,,,,,,,,,,,,,,,,,,,,,,,,"50.7","96.1","2447","-8.9","-13.4","16.4","19","2.8","36.2","84.8","2650","7.7","-49.2","-10.9","13.9","2","13.2","89.5","2199","-17.8","-24.9","9.3","20.1","1.6"
"Kochanowicz, Jack",686799,2025,24,"15","77.0",337,292,83,62,6,0,15,58,36,17.2,10.7,".284",".459",".368","0.827","0.175",".305","46","47","0","0","231","3","8","3","0","0","5.38",,,"3","18","3","0","0","0","0","60","44","3","0","0","4","0","0","57","0","439","182","0","1","0","0","0","0","232","14","0","0","16","0","1","5","22","32","29","238","16","0","0","2","1","38","91","11","0","1","0","0","0","0","0","4","15","110","1","463","134","1","0","21","1","1242","4","779","112","0","0","0","0","1",".274",".454",".361",".359",".363",".181",".394",".390",".349",".342",".010",".005",".002","72.4",30.4,16.4,13.2,35.8,28.8,"7.4",8,10.2,0,53.4,34.2,"92.5","7.9",24.8,24,10.1,5.9,23.9,20.2,38.7,1.3,49.2,"82.647401008","95.786584244",68.7,12,27.7,43.9,56.1,76,173,50.3,625,79.2,7.7,144,825,194,1242,88,51,424,49.7,617,43.3,538,21.3,48.1,38.7,40.3,21,238,60.5,51.7,123,26.5,63,17.2,41,4.6,11,"R","1242",28.9,"18.4","95.7","2250","-7.5","-15.9","14","16","1.4","15.6","87.4","2727","3.1","-35.9","0","3.8","2.1","11.6","89.7","2110","-7.9","-30.4","3.5","9.3","1.7",,,,,,,,,"48.1","95.6","2135","-14.5","-27.2","2.7","14.9","1.3",,,,,,,,,,,,,,,,,,,,,,,,,"6.4","82.4","2829","13.6","-42.9","-2.3","14.1","1.9",,,,,,,,,,,,,,,,,,,,,,,,,"66.4","95.6","2167","-12.5","-24.1","5.9","15.2","1.3","22","86","2756","6.1","-37.9","-0.6","6.7","3.1","11.6","89.7","2110","-7.9","-30.4","3.5","9.3","1.7"
"Holmes, Clay",605280,2025,32,"15","83.0",346,307,71,52,9,1,9,73,31,21.1,9,".231",".355",".307","0.662","0.124",".272","28","30","0","0","249","7","4","5","1","0","3.04",,,"3","16","0","0","0","0","0","65","24","1","2","0","6","0","0","58","0","456","252","0","4","0","0","0","0","227","8","0","0","8","0","0","4","14","33","24","238","7","0","0","0","0","32","95","27","0","0","0","0","0","0","1","3","15","118","2","488","109","4","0","16","0","1342","4","854","126","0","0","0","0","1",".243",".405",".296",".322",".321",".162",".329",".365",".300",".320","-0.012","-0.050","-0.026","71.9",26.1,15,11.9,34.7,27.5,"7.4",12,11.9,-2.5,55.1,33.3,"90.2","5.9",31.5,19,8,8.4,21,18.1,39.5,5,42.4,"79.326217119","95.011731064",61.3,11.9,28.3,45,55,85,189,49.8,668,65.2,6.6,192,697,197,1342,87.4,49,413,50.2,674,44.6,599,22.3,44.9,45.4,36.6,18.1,238,60.7,53.8,128,19.7,47,22.3,53,4.2,10,"R","1342",44.2,"7.2","92.9","2309","-6.6","-17.8","14.1","15.8","1.4","14.7","85.1","2571","1.7","-41.8","-4","4.8","1.4","14.3","87.9","1158","-13.7","-34.7","0.9","14.1","1.2",,,,,,,,,"36.8","93.4","2201","-14.5","-27.9","3.7","15.1","1.4","8","89.7","2431","0.7","-28.9","5.1","5.6","1.8",,,,,,,,,,,,,,,,,"19.1","81.6","2808","16.5","-47.9","-6.5","17.9","1.3",,,,,,,,,,,,,,,,,,,,,,,,,"51.9","92.7","2251","-11.1","-26.7","5.3","13.7","2.1","33.8","83.1","2705","10.1","-45.2","-5.4","12.2","2.3","14.3","87.9","1158","-13.7","-34.7","0.9","14.1","1.2"
"Sánchez, Cristopher",650911,2025,28,"15","87.2",363,330,76,55,14,0,7,92,28,25.3,7.7,".230",".336",".300","0.636","0.106",".299","28","29","0","0","263","6","2","4","0","0","2.87",,,"1","8","0","0","0","0","0","73","26","1","0","0","9","0","0","61","0","432","224","0","2","0","2","0","0","216","9","0","0","10","0","2","5","9","33","33","238","13","0","0","0","4","34","100","23","0","0","0","0","0","0","0","0","15","168","1","480","111","3","0","8","0","1346","0","866","174","0","0","0","0","3",".238",".360",".287",".297",".308",".121",".341",".357",".319",".331","-0.008","-0.024","-0.010","72",26.9,15.7,11.2,35.8,25.5,"7.5",11,10.1,-3.5,45.9,33.7,"89.4","4.3",24.8,14,5.9,4.6,29,16.8,39.1,3.8,40.8,"77.971508305","94.618167415",66.2,20,30.4,47.9,52.1,101,211,51.6,695,82,7.4,483,650,213,1346,79.8,86,431,48.4,651,42.6,574,29.1,47.7,39.1,34,26.9,238,62.3,55.9,133,18.1,43,23.5,56,2.5,6,"L","1346",29.9,,,,,,,,,"15.8","85.4","2085","-1.6","-37.7","-0.1","3.7","1.4","35.9","86.1","2036","16.6","-38.5","-1.3","16.9","1.4",,,,,,,,,"48.3","95.3","2146","18.3","-25.6","4.7","19","1.3",,,,,,,,,,,,,,,,,,,,,,,,,,,,,,,,,,,,,,,,,,,,,,,,,,,,,,,,,"48.3","95.3","2146","18.3","-25.6","4.7","19","1.3","15.8","85.4","2085","-1.6","-37.7","-0.1","3.7","1.4","35.9","86.1","2036","16.6","-38.5","-1.3","16.9","1.4"
"Falter, Bailey",663559,2025,28,"15","80.0",318,284,64,40,14,1,9,50,26,15.7,8.2,".225",".377",".289","0.666","0.152",".240","31","36","0","0","240","5","3","2","0","0","3.49",,,"7","11","0","0","2","0","0","46","26","5","2","0","6","0","0","49","0","415","216","0","3","0","0","0","0","206","11","0","0","11","0","1","1","12","21","31","241","12","0","0","0","1","50","74","20","0","0","0","0","0","0","3","4","15","78","5","435","107","3","2","11","0","1195","7","760","82","0","0","0","0","0",".249",".409",".293",".312",".310",".160",".309",".334",".269",".297","-0.024","-0.032","-0.019","71.7",25.2,16.9,14.3,35.9,30.3,"7.2",7,9.6,-1.5,60,30.2,"89.6","17.9",28.2,19,7.9,6.6,21.2,32.4,28.2,3.7,43.6,"78.635183277","94.541851814",64,12.9,24.2,30.6,69.4,41,134,46.4,554,73.8,9,85,719,391,1195,86.3,53,410,53.6,641,45.5,544,17.3,45.5,41.5,34.4,24.1,241,56.6,39.4,95,27.4,66,21.2,51,12,29,"L","1195",55.2,"43.1","92","2103","3.2","-13.6","18.9","19.2","1.2","18.1","85.4","2024","-4.4","-30.5","7","8.7","1.7",,,,,,,,,"14.6","77.5","1861","-3.6","-48.2","-2.6","4.8","1.8","17.1","91.9","2052","7.6","-14.2","18.3","19.9","1.3",,,,,,,,,"7.1","85.4","928","4","-26.7","11","12.1","1.5",,,,,,,,,,,,,,,,,,,,,,,,,,,,,,,,,,,,,,,,,"60.2","92","2088","4.4","-13.8","18.7","19.4","1.2","32.7","81.9","1951","-4","-38.4","2.7","7","4.6","7.1","85.4","928","4","-26.7","11","12.1","1.5"
"Hendricks, Kyle",543294,2025,35,"14","77.0",326,296,77,44,19,2,12,53,22,16.3,6.7,".260",".459",".316","0.775","0.199",".277","41","42","0","0","231","5","6","0","0","0","4.79",,,"9","16","2","0","0","0","0","54","38","7","2","0","6","0","0","65","0","397","237","0","1","0","0","0","0","233","7","0","0","8","0","0","4","19","20","38","247","17","0","0","3","0","50","78","12","0","0","0","0","0","0","0","4","14","91","1","413","136","1","0","18","0","1232","4","819","93","0","0","0","0","1",".254",".426",".332",".321",".315",".173",".369",".355",".312",".310",".006",".033",".011","72.6",27.8,14.8,12.2,30.1,24.9,"7.4",1,10.2,-1.6,50.9,32,"86.1","16.4",30.8,22,8.9,4.9,19.8,29.1,32,5.3,35.6,"73.612836048","93.363983603",63.4,13.9,30.7,24.1,75.4,45,187,49.4,609,71.9,7.2,465,635,132,1232,85.8,55,395,50.6,623,45.9,565,17.2,47.2,31.2,41.7,27.1,247,65.6,39.7,98,28.7,71,21.1,52,10.5,26,"R","1232",43.7,"15.1","86.5","2045","-5.7","-22","14.7","15.9","1.2",,,,,,,,,"37.7","79.3","2105","-10.5","-34.8","8.9","15","1","10.7","71.9","2838","15.6","-65.2","-11.4","19.5","1.3","36.4","86.2","1978","-14.4","-29.5","7.4","16.3","1",,,,,,,,,,,,,,,,,,,,,,,,,,,,,,,,,,,,,,,,,,,,,,,,,,,,,,,,,"51.5","86.2","1998","-11.9","-27.3","9.6","16.2","1","10.7","71.9","2838","15.6","-65.2","-11.4","19.5","1.3","37.7","79.3","2105","-10.5","-34.8","8.9","15","1"
"Pfaadt, Brandon",694297,2025,26,"15","75.1",333,304,86,48,23,0,15,58,19,17.4,5.7,".283",".507",".342","0.849","0.224",".306","45","47","0","0","226","8","4","2","0","0","5.38",,,"4","25","1","0","0","0","0","59","44","4","0","0","6","0","0","69","0","455","202","0","2","0","0","0","0","242","15","0","0","7","0","1","9","18","26","42","247","19","0","0","1","0","40","76","35","0","0","1","0","0","0","0","1","15","111","2","478","154","2","0","26","1","1305","1","827","121","0","0","0","0","2",".328",".600",".367",".416",".384",".272",".416",".483",".348",".404","-0.045","-0.093","-0.049","72.6",32.2,20.7,16.5,37,29.5,"7.4",18,11.2,-3.5,56.1,33.6,"92.6","12.1",44.9,33,13.4,9.7,27.9,17,30,2,51.4,"81.866662661","96.365562146",68.9,14.1,29,38.2,61.8,76,199,52.6,687,80.4,7.8,218,672,134,1305,85.9,60,426,47.4,618,44.3,578,21.8,47.9,42.9,34.4,22.7,247,65.2,41.3,102,23.9,59,31.2,77,3.6,9,"R","1305",28.8,"32.6","93.5","2562","-6","-15.4","15.9","17.2","1.2",,,,,,,,,"16.7","87.6","2089","-16.2","-31.1","4.7","16.9","1.5","10.3","82.7","2792","9.5","-46.2","-6","11.4","1.8","18.5","93.4","2404","-15.2","-24.2","7.3","17","1.2","0.3","89.7","2765","2.6","-27","6.9","7.4","1.5",,,,,,,,,,,,,,,,,"21.5","84.3","2870","11.2","-32.7","5.8","12.8","1.3",,,,,,,,,,,,,,,,,,,,,,,,,"51.5","93.4","2507","-9.3","-18.6","12.8","17.1","1.2","31.8","83.8","2845","10.6","-37.1","2","12.4","1.7","16.7","87.6","2089","-16.2","-31.1","4.7","16.9","1.5"
"Lodolo, Nick",666157,2025,27,"15","85.0",352,320,76,50,14,1,11,74,18,21,5.1,".237",".391",".297","0.688","0.154",".274","35","37","0","0","255","5","5","2","1","0","3.71",,,"10","37","0","0","1","0","0","60","36","8","2","0","9","0","0","71","0","440","201","0","3","0","0","1","0","265","19","0","0","7","0","2","10","16","27","33","250","17","0","0","0","1","53","84","20","0","0","0","0","0","0","2","2","15","137","2","469","125","3","1","37","0","1347","4","878","139","0","0","0","0","4",".253",".438",".304",".326",".312",".185",".349",".381",".306",".328","-0.016","-0.047","-0.022","71.6",23.6,13.9,11.1,32.6,26,"7.4",20,10,-1.7,46.7,32.4,"89.5","11.9",32,20,8,8.4,22.4,24.8,32.8,2.8,41.6,"78.601195164","94.452209959",68.1,14.4,32.5,42.5,57.1,93,219,50,674,71.3,8,304,669,374,1347,85.2,66,458,50,673,42.3,570,23.5,50.3,37.2,36.8,26,250,67.6,44.4,111,28,70,21.6,54,6,15,"L","1347",15,"28.5","93.6","2291","17.4","-22.2","9.4","19.8","1.1",,,,,,,,,"22.6","87.8","1837","17.3","-34.5","1.2","17.5","1.1","27.8","81.9","2581","-8.8","-40.6","0.3","9.2","1.3","21.2","93.8","2304","18.2","-25.7","5.6","19.1","1.1",,,,,,,,,,,,,,,,,,,,,,,,,,,,,,,,,,,,,,,,,,,,,,,,,,,,,,,,,"49.7","93.7","2297","17.7","-23.7","7.8","19.5","1.1","27.8","81.9","2581","-8.8","-40.6","0.3","9.2","1.3","22.6","87.8","1837","17.3","-34.5","1.2","17.5","1.1"
"Peterson, David",656849,2025,29,"14","86.2",358,323,75,55,16,0,4,74,28,20.7,7.8,".232",".319",".301","0.620","0.087",".290","25","28","0","0","260","5","2","2","0","1","2.60",,,"0","23","0","0","1","0","0","69","25","0","0","0","9","0","0","71","0","434","243","1","1","0","0","1","0","229","7","0","0","11","0","1","4","5","36","34","251","17","0","0","1","0","29","110","31","1","0","0","0","0","0","2","0","14","125","3","460","103","1","1","23","0","1330","2","870","138","0","0","0","0","3",".268",".376",".280",".315",".334",".108",".311",".361",".301",".348","-0.036","-0.057","-0.035","72.3",28.6,18.1,14.3,35.9,28.4,"7.4",20,9.1,0.8,52.4,33.3,"90.3","4.2",30.3,13,5.2,5.6,31.1,15.9,37.1,4.4,44.2,"79.402977339","95.012581619",64.5,13.8,28.8,45.2,54.8,84,186,48.6,646,71.4,6.3,199,695,436,1330,85.7,61,441,51.4,684,45.3,603,23.1,47.1,43.4,32.3,24.3,251,63.4,58.2,146,13.5,34,25.9,65,2.4,6,"L","1330",40.7,"23.3","92.4","2125","5.1","-18.3","13.8","14.9","1.5","20.7","84.5","2311","-2.3","-38.8","-0.4","3.1","1.5","15","84","1555","14.6","-33.7","5.2","16","1.7","12.1","78.7","2342","-5.6","-52.7","-8.2","10.1","1.8","28.9","91.1","2124","14.8","-25.5","7.7","16.9","1.6",,,,,,,,,,,,,,,,,,,,,,,,,,,,,,,,,,,,,,,,,,,,,,,,,,,,,,,,,"52.3","91.7","2124","10.5","-22.3","10.5","16","1.7","32.8","82.3","2322","-3.5","-43.9","-3.2","5.7","3.4","15","84","1555","14.6","-33.7","5.2","16","1.7"
"Heaney, Andrew",571760,2025,34,"15","82.1",342,306,71,37,22,1,11,61,27,17.8,7.9,".232",".418",".297","0.715","0.186",".252","36","36","0","0","247","3","6","2","0","0","3.94",,,"5","2","1","0","0","0","0","54","36","4","1","0","6","0","0","55","1","434","208","0","0","0","0","0","0","241","15","0","0","6","0","0","3","18","14","39","251","14","0","0","0","0","46","86","28","1","0","0","0","0","0","2","4","15","114","0","458","128","0","0","3","0","1296","6","838","122","0","0","0","0","1",".277",".460",".312",".345",".339",".183",".342",".387",".285",".342","-0.045","-0.042","-0.033","72",27.8,16.4,12.9,36,28.3,"7.2",6,8.7,-0.9,44.4,32.3,"90.3","13.8",34.7,21,8.4,6.4,27.1,25.5,28.7,3.6,41.8,"79.689326532","94.709969595",67,16,28.8,36.1,63.9,65,180,48.1,624,70.9,7.9,229,714,266,1296,83.8,72,450,51.9,672,42.7,553,21.7,48.6,37.8,34.3,27.9,251,62.6,39.8,100,27.1,68,27.1,68,6,15,"L","1296",25.5,"45.1","90.1","2374","16.1","-21","13","20.8","1.1","16.1","80.5","2468","-3","-42.7","-0.4","3.9","1.4","17.7","81.9","2125","17.4","-35.6","5.5","18.4","1.3","11.1","75.3","2547","-10.1","-54.4","-5.8","12.1","2.6","10","89.5","2356","19.1","-30.6","3.9","19.6","1.3",,,,,,,,,,,,,,,,,,,,,,,,,,,,,,,,,,,,,,,,,,,,,,,,,,,,,,,,,"55.1","90","2371","16.6","-22.8","11.4","20.6","1.1","27.2","78.4","2500","-5.9","-47.5","-2.6","7.2","3.4","17.7","81.9","2125","17.4","-35.6","5.5","18.4","1.3"
"Parker, Mitchell",680730,2025,25,"15","80.1",344,304,75,47,17,2,9,58,31,16.9,9,".247",".405",".318","0.723","0.158",".273","41","45","0","0","241","4","8","2","0","0","4.59",,,"2","2","1","0","0","0","0","56","39","1","1","0","7","0","0","70","0","417","184","0","0","0","0","0","0","265","12","0","0","7","0","0","3","12","29","34","252","19","0","0","0","1","57","69","26","0","0","0","0","0","0","1","5","15","122","4","449","123","0","0","3","0","1300","6","851","130","0","0","0","0","0",".281",".479",".317",".359",".351",".198",".339",".397",".299",".344","-0.034","-0.074","-0.042","71.9",23.9,17.2,13.8,34.1,27.4,"7.3",14,9.4,-0.7,49.7,31.1,"91.5","15.5",32.9,20,7.9,9.9,24.6,27.4,26.2,3.2,50,"81.38267879","95.450463024",70.4,13.8,30.3,41.2,55.6,77,187,47.5,618,81.5,9.2,219,711,370,1300,86,66,480,52.5,682,45.8,595,21.4,51.3,37.7,33.7,28.6,252,59.6,38.9,98,29.4,74,23.8,60,7.9,20,"L","1300",60.8,"54.7","92.8","2168","5.1","-13.7","18.2","19","1.2","8.2","85","2249","-4.4","-34.9","2.7","6","1.3",,,,,,,,,"20.3","81.6","2251","0.1","-48","-7.1","7.3","1.3",,,,,,,,,,,,,,,,,"16.8","85.2","961","7","-28.4","9.2","12.4","1.2",,,,,,,,,,,,,,,,,,,,,,,,,,,,,,,,,,,,,,,,,"54.7","92.8","2168","5.1","-13.7","18.2","19","1.2","28.5","82.5","2251","-1.2","-44.2","-4.3","7","2.1","16.8","85.2","961","7","-28.4","9.2","12.4","1.2"
"Kikuchi, Yusei",579328,2025,34,"15","82.2",385,339,85,61,13,0,11,87,43,22.6,11.2,".251",".386",".335","0.721","0.135",".305","28","33","0","0","248","2","6","3","0","0","3.05",,,"4","22","3","0","1","0","0","74","30","4","0","0","6","0","0","60","3","506","240","0","2","0","0","0","0","263","14","0","0","12","0","0","1","12","33","34","237","17","0","0","3","1","54","62","20","0","0","0","0","0","0","0","2","15","132","5","530","119","2","1","25","0","1420","2","890","134","0","0","0","0","2",".255",".449",".319",".342",".340",".195",".368",".403",".335",".343","-0.004","-0.063","-0.023","72.4",31.9,16.4,12.5,32.9,25.2,"7.2",8,7.6,1.5,48.4,32.2,"91","16.4",32.3,27,10.6,5.9,24,28,26.8,4.3,40.9,"80.2198456","95.21089416",65.6,18,24.4,41.1,58.9,72,175,47.1,717,74.3,8.9,206,565,746,1523,81.9,95,529,52.9,806,45.1,687,23.7,46.2,37.8,35.8,26.4,254,63.2,39.8,101,28.7,73,22.8,58,8.7,22,"L","1523",33.9,"36.3","94.7","2190","10.5","-15.3","15.5","18.9","1.3","36.8","87.4","2235","-2","-30.5","5.4","6.3","1.8","13.5","85.5","1508","13.9","-31.8","5.6","15.1","1.9","12.2","80.4","2465","-5.7","-47.3","-4.9","7.9","2.2","0.8","92","2169","15.5","-23.5","9","18","1.6",,,,,,,,,,,,,,,,,,,,,,,,,"0.4","80.8","2389","-13.9","-39.7","2.7","14.3","1.4",,,,,,,,,,,,,,,,,,,,,,,,,"37.1","94.6","2190","10.7","-15.4","15.3","18.8","1.4","49.4","85.6","2293","-3","-34.7","2.8","6.8","3.9","13.5","85.5","1508","13.9","-31.8","5.6","15.1","1.9"
"Soriano, José",667755,2025,26,"15","86.1",369,322,86,71,12,0,3,70,40,19,10.8,".267",".332",".350","0.682","0.065",".331","34","37","0","0","259","4","5","3","0","0","3.54",,,"3","17","4","1","0","0","0","79","31","2","1","0","8","0","0","75","0","511","226","1","1","0","0","0","0","207","11","0","0","21","0","1","2","5","44","37","256","20","0","0","0","1","21","128","13","0","0","0","0","0","0","2","2","15","145","3","556","107","1","0","22","0","1413","4","857","154","0","0","0","0","3",".263",".382",".311",".326",".349",".119",".333",".355",".339",".337",".004","-0.050","-0.015","72.4",29.4,18.8,14.2,37.6,28.3,"7.4",14,9.9,0.1,51.3,33.5,"91","-3.6",24.6,19,7.4,3.5,24.6,8.2,51.6,4.3,46.5,"79.526982857","95.762388048",64.8,15,26,52.4,47.1,100,191,51.9,734,69.9,6.6,114,827,472,1413,84.8,66,440,48.1,679,42.6,602,26.3,44.7,35.5,45.3,19.1,256,57.7,67.2,172,10.9,28,19.5,50,2.3,6,"R","1413",37.4,"7.4","97.7","2190","-8.3","-15.2","13.6","16","1.3","7.5","89","2398","1.9","-35","-0.5","3.4","1.9",,,,,,,,,"25.9","85.2","2509","12.1","-47.9","-9.9","15.8","1.2","51.1","97","1910","-13.1","-25.9","3.1","13.6","1.3",,,,,,,,,"8.1","91.7","1437","-10.1","-32.9","-0.4","10.4","1.7",,,,,,,,,,,,,,,,,,,,,,,,,,,,,,,,,,,,,,,,,"58.5","97.1","1946","-12.5","-24.5","4.4","13.9","1.3","33.4","86.1","2484","9.8","-45","-7.8","13","2.2","8.1","91.7","1437","-10.1","-32.9","-0.4","10.4","1.7"
"Anderson, Tyler",542881,2025,35,"15","81.0",357,320,82,47,19,1,15,65,31,18.2,8.7,".256",".463",".325","0.788","0.207",".276","41","45","0","0","243","2","5","5","2","0","4.56",,,"8","27","6","0","0","0","0","64","41","5","3","0","5","0","0","73","0","460","207","0","0","1","0","0","0","267","14","0","0","3","0","1","3","23","12","46","258","18","0","0","3","0","59","68","22","1","0","0","0","0","0","0","3","15","157","4","501","148","1","0","33","0","1410","3","909","163","0","0","0","0","4",".259",".471",".339",".342",".330",".212",".382",".386",".318",".324","-0.003","-0.008","-0.003","72.1",26.8,14.5,11.1,32,24.5,"7.5",14,13.6,-6.4,51.9,32.1,"88.3","19.3",45.3,23,8.9,7.8,21.7,33.7,22.5,5.4,36.4,"77.125557442","93.923026498",70.6,17.3,30.5,42.2,57.8,94,223,51.9,732,81.2,7.2,475,892,43,1410,82.7,83,479,48.1,678,43.8,617,25.2,49.8,39.1,38.4,22.5,258,57.4,31,80,32.9,85,27.1,70,8.9,23,"L","1410",55.3,"37.7","88.9","2182","6.6","-15.3","19.6","20.7","1.3","2.7","79.6","2331","-3.8","-39.6","3.5","6.1","1.9","33.7","78.4","1913","13","-32.2","12.6","18.3","1.4","0.4","69.4","2046","-2.6","-67.3","-10.1","10.7","1.4","3.1","88","2127","16.3","-25.1","10.3","19.8","1.2","22.4","83.9","2291","-2.1","-25.5","13.2","13.5","1.6",,,,,,,,,,,,,,,,,,,,,,,,,,,,,,,,,,,,,,,,,,,,,,,,,"63.3","87.1","2218","4","-19.4","16.8","18.1","3","3","78.4","2298","-3.7","-42.8","1.9","6.6","3","33.7","78.4","1913","13","-32.2","12.6","18.3","1.4"
"Martinez, Nick",607259,2025,34,"15","83.0",345,318,87,47,26,1,13,62,19,18,5.5,".274",".484",".321","0.805","0.210",".302","42","43","0","0","249","4","8","5","0","0","4.55",,,"7","15","2","0","1","0","0","55","39","7","0","0","7","0","0","70","0","421","218","0","3","1","0","0","0","215","15","0","0","8","0","1","4","22","20","45","260","20","0","0","0","1","47","74","19","0","0","0","0","1","0","2","2","15","106","1","458","154","4","1","17","0","1279","4","821","110","0","0","0","0","2",".274",".455",".348",".337",".323",".181",".400",".386",".337",".340",".000",".029",".011","71.7",23.4,13.6,11,37,30.1,"7.4",9,11.1,-3.7,52.3,31.7,"88.8","18.9",36.9,23,8.8,4.6,26.9,30.4,25.4,3.1,36.9,"78.400967188","93.667918",66.4,14.4,23.7,43.1,56.9,59,137,45.1,577,79.4,8.4,255,728,295,1279,85.2,67,466,54.9,702,45.8,586,20.9,47.1,43.8,33.8,22.3,260,60.3,36.2,94,27.3,71,25,65,11.5,30,"R","1278",58.6,"22.9","92.4","2327","-5.3","-13.8","18.4","19.3","1.1","14.1","84.5","2425","0.5","-36.8","1.3","2.4","1.1","20","78.7","2028","-11.8","-38.3","5.8","13.3","1.5","9","79.6","2568","1.9","-60.9","-17.2","17.4","1.2","14.6","92.2","2322","-12.8","-17.2","15.1","20","1.3","19.4","88.5","2358","2.6","-23.7","11.1","11.5","1.1",,,,,,,,,,,,,,,,,,,,,,,,,,,,,,,,,,,,,,,,,,,,,,,,,"57","91","2336","-4.5","-18","15.1","16.8","2.3","23.1","82.6","2480","1.1","-46.2","-5.9","8.3","2.8","20","78.7","2028","-11.8","-38.3","5.8","13.3","1.5"
"Márquez, Germán",608566,2025,30,"15","73.2",341,308,97,63,25,2,7,50,24,14.7,7,".315",".477",".372","0.849","0.162",".356","50","56","0","0","221","3","8","4","0","0","6.11",,,"16","28","1","0","0","0","0","66","44","16","0","0","4","0","0","112","0","378","165","1","2","0","0","0","0","208","4","0","0","7","1","2","5","13","28","56","262","30","0","0","0","0","49","74","23","0","0","0","0","0","0","1","2","15","86","6","435","147","2","0","29","0","1184","3","749","109","0","0","0","0","3",".295",".463",".371",".354",".354",".167",".405",".384",".373",".350",".020",".014",".017","72.7",33,17.8,15,36.9,31,"7.3",15,9.7,-1.6,53.4,33.7,"91.1","13.2",35.6,20,7.7,6.5,28.7,26.1,29.5,1.5,47.1,"80.946151308","95.154741931",69.4,8.9,28.7,45.2,54.2,76,168,49.4,585,85.8,9,32,653,499,1184,90.9,37,416,50.6,599,41.2,488,19.3,49.3,43.3,33.7,23,261,59.5,39.5,103,24.5,64,30.3,79,6.1,16,"R","1184",40.2,"28.6","95.3","2207","-9.7","-16","14.2","17.3","1.2","12.6","89.2","2339","-0.1","-28.4","5.8","6.1","1.3","2.7","89.4","1667","-12.4","-25.2","9","15.5","1.6","29.6","86","2670","2","-38.5","-1.5","3.6","1.8","26.5","94.8","2154","-14.5","-19.7","10.8","18.2","1.3",,,,,,,,,,,,,,,,,,,,,,,,,,,,,,,,,,,,,,,,,,,,,,,,,,,,,,,,,"55.2","95","2181","-12","-17.7","12.6","17.7","1.2","42.1","87","2571","1.4","-35.5","0.6","4.3","2.3","2.7","89.4","1667","-12.4","-25.2","9","15.5","1.6"
"Taillon, Jameson",592791,2025,33,"15","86.2",345,326,73,39,14,2,18,67,17,19.4,4.9,".224",".445",".262","0.707","0.221",".228","37","38","0","0","260","7","4","0","0","0","3.84",,,"6","18","4","3","0","1","0","49","34","4","2","0","10","0","0","49","0","411","249","0","2","1","0","0","0","226","8","0","0","3","0","1","0","19","18","36","261","13","0","0","0","1","57","72","30","0","0","0","0","0","0","2","0","15","123","1","429","145","3","1","25","0","1305","2","876","128","0","0","0","0","1",".257",".469",".305",".326",".294",".212",".359",".386",".282",".324","-0.033","-0.024","-0.021","71.8",24.5,15.7,12.5,34,27.1,"7.4",14,11.7,-5.4,56.3,30.3,"88","19.9",35.2,27,10.3,4.6,22.2,33.3,25.3,3.8,39.1,"76.252906357","93.945214202",65.3,15.5,28,39.1,60.4,66,169,46.3,604,81.9,7.2,147,743,205,1305,84.1,71,458,53.7,701,45.4,592,21.9,48,40.6,32.2,27.2,261,69.3,34.5,90,29.1,76,25.3,66,11.1,29,"R","1305",46.2,"39.3","92.3","2319","-7.8","-14","18.3","20","0.9",,,,,,,,,"11.3","84.4","1725","-16","-30.7","7.9","18.1","1.1","15.7","79.8","2576","9.4","-52.3","-9.1","13.3","1.2","5.4","92.3","2204","-14","-17.8","14.4","20.1","1.1","12.2","86","2487","5.9","-27.4","9.4","11.5","1.3",,,,,,,,,,,,,,,,,"16.1","80.3","2702","15.5","-42.8","-0.1","15.8","1.2",,,,,,,,,,,,,,,,,,,,,,,,,"56.9","91","2344","-5.4","-17.2","16","18.2","3","31.8","80","2640","12.5","-47.5","-4.5","14.6","1.2","11.3","84.4","1725","-16","-30.7","7.9","18.1","1.1"
"Ober, Bailey",641927,2025,29,"15","79.1",348,322,90,54,22,0,14,62,21,17.8,6,".280",".478",".328","0.806","0.198",".306","40","41","0","0","238","4","4","1","2","0","4.54",,,"3","9","2","0","0","0","0","63","40","3","0","0","6","0","0","58","0","403","209","0","3","0","0","1","0","226","6","0","0","4","0","1","3","19","24","47","262","16","0","0","0","2","65","54","17","0","0","0","0","0","0","0","2","15","149","1","426","154","3","0","11","0","1288","2","862","156","0","0","0","0","3",".263",".459",".349",".332",".313",".196",".400",".377",".344",".324",".017",".019",".017","72.1",25.3,17.3,13.3,36.5,28.1,"7.5",8,13.8,-8.5,52.9,31.1,"89.8","23.3",34.4,26,9.9,6.9,23.7,37.4,17.9,4.2,40.8,"78.879060154","94.555330885",66.8,15.9,32.9,45.8,54.2,92,201,47.4,611,77.5,8.6,376,523,277,1288,83.8,72,452,52.6,677,44,567,25.1,50.7,46.6,29.4,24,262,66.7,29.8,78,32.8,86,24.4,64,13,34,"R","1288",33.6,"37.3","90.4","2278","-7.8","-16.3","17.3","19.1","1.2","17.3","83.4","2022","4.4","-33.9","5.3","7.3","1.5","29.2","83.3","1996","-18.2","-33.6","6.1","19.3","1.3","4.2","75.4","2098","6.8","-56.4","-8.1","10.8","1.5","3.3","90.6","2096","-14.2","-22.4","11","18","1.3",,,,,,,,,,,,,,,,,,,,,,,,,"8.7","79","2038","11.8","-42.7","1.6","12.2","1.4",,,,,,,,,,,,,,,,,,,,,,,,,"40.6","90.4","2264","-8.3","-16.8","16.8","19","1.2","30.2","81","2037","6.9","-39.5","2.4","9.2","3.5","29.2","83.3","1996","-18.2","-33.6","6.1","19.3","1.3"
"Springs, Jeffrey",605488,2025,32,"15","79.2",369,330,75,44,18,0,13,72,32,19.5,8.7,".227",".400",".293","0.693","0.173",".248","40","49","0","0","239","5","5","0","2","0","4.52",,,"16","22","2","0","1","0","0","56","42","12","5","0","7","0","0","71","0","486","219","0","1","0","0","0","0","209","12","0","2","4","0","0","1","16","16","40","245","17","0","0","0","0","54","63","33","0","0","0","0","0","0","1","5","13","149","9","496","125","1","1","24","0","1338","6","842","152","0","0","0","0","5",".250",".418",".304",".321",".317",".168",".338",".362",".285",".318","-0.023","-0.018","-0.017","71.2",20.3,15.7,11.6,38.5,28.5,"7.5",8,11.7,-4.9,54.1,30.8,"88.5","19.2",37.1,21,8,8,23.5,34.5,21.6,4.5,36.7,"77.620029771","93.804633015",65.6,18.6,29.3,43.9,54.8,97,221,52.4,755,75.9,7.8,376,650,366,1442,80.9,84,451,47.6,687,46.8,675,26.9,46.6,36.4,38.6,25,264,59.6,31.1,82,29.9,79,30.3,80,8.7,23,"L","1442",43.2,"41.8","90.4","2164","11.3","-17.7","16.1","19.8","1.3","25.4","83.4","2214","-4.2","-36.5","2.7","5.5","1.6","26.1","79.6","1393","12.8","-36.4","7","14.9","1.3",,,,,,,,,,,,,,,,,"3.3","86.4","2151","2.4","-26.8","10.1","10.5","1.7",,,,,,,,,,,,,,,,,"3.5","76.6","2310","-15.3","-45.3","1.7","15.9","1.6",,,,,,,,,,,,,,,,,,,,,,,,,"45.1","90.1","2163","10.6","-18.3","15.7","19.1","1.8","28.8","82.6","2225","-5.5","-37.6","2.6","6.8","2.9","26.1","79.6","1393","12.8","-36.4","7","14.9","1.3"
"Bassitt, Chris",605135,2025,36,"15","86.1",373,346,92,64,17,1,10,83,20,22.3,5.4,".266",".408",".316","0.724","0.142",".323","36","37","0","0","259","7","3","2","1","0","3.75",,,"9","9","2","1","0","0","0","73","30","9","0","0","5","0","0","81","0","457","235","0","1","0","0","0","0","269","15","0","0","5","0","0","6","17","27","47","264","17","0","0","0","2","37","94","16","0","1","0","0","0","0","0","1","15","133","1","480","141","1","0","12","1","1406","1","926","140","0","0","0","0","3",".254",".410",".319",".312",".306",".156",".382",".372",".348",".334",".012","-0.002",".007","71.2",21,14.3,11.5,29.7,23.8,"7.1",17,8,0.5,44.4,32.2,"86.8","10",32.2,21,8,3.8,25.4,23.1,33.3,6.1,34.1,"74.60935084","93.512848092",67.7,18.3,29.2,33.8,65.7,67,198,48.2,678,84.5,6,109,964,256,1406,81.7,90,493,51.8,728,45,632,22.7,49.1,40.5,35.2,24.2,264,60.9,45.8,121,20.8,55,23.9,63,9.5,25,"R","1406",32.7,"5.6","91.4","2157","-6.2","-20.4","12.5","14.1","1.4","1.7","81.5","2401","7.8","-42.5","-1.2","8.2","1.7","0.1","84","1976","-18.5","-30.2","8.9","20.5",,"16.5","71.1","2256","16.6","-67.3","-12.1","20.7","1.1","42.2","91.3","2106","-16.5","-28.1","5.1","17.4","1.1","20.8","88.1","2231","1.2","-26.9","8.4","8.9","1.9","7.7","83.4","1393","-14.9","-40","-0.3","15.3","1.3",,,,,,,,,"5.5","72.6","2323","19.8","-53.3","-0.5","19.9","1.2",,,,,,,,,,,,,,,,,,,,,,,,,"68.6","90.4","2148","-10.3","-27.1","6.7","14.6","2.2","23.7","72.2","2282","16.7","-62.3","-8.6","19.6","3.1","7.8","83.4","1399","-15","-39.9","-0.3","15.3","1.3"
"Kremer, Dean",665152,2025,29,"15","84.1",361,335,92,60,18,2,12,65,23,18,6.4,".275",".448",".321","0.769","0.173",".308","45","47","0","0","253","6","7","5","0","0","4.80",,,"3","19","0","0","0","0","0","59","44","3","0","0","3","0","0","75","0","439","234","0","0","0","0","0","0","265","9","0","1","6","0","1","1","16","25","51","272","20","0","0","0","0","57","81","17","0","0","0","0","1","0","0","2","14","119","2","470","150","0","0","19","0","1373","2","903","121","0","0","0","0","1",".275",".465",".335",".340",".323",".191",".383",".390",".338",".340",".000","-0.017","-0.005","71.5",23.3,14.9,12.1,33.8,27.5,"7.4",7,10.6,-2.1,50.5,32.3,"88.7","14.9",36.8,24,8.8,9.6,23.2,26.8,27.6,4,37.5,"77.535519338","94.054997904",66.6,12.2,29.3,37.1,62.9,72,194,48.1,661,77.9,6.9,274,882,216,1373,87.4,58,475,51.9,713,42.6,586,19.4,48.7,37.1,40.1,22.8,272,67.6,39,106,27.2,74,25.4,69,8.5,23,"R","1372",43.3,"25","93.5","2257","-7.8","-13.3","18.3","20","1.3","0.2","83.9","2471","2.4","-37.7","1","2.7","1.5",,,,,,,,,"15.5","78.7","2738","5.8","-56.2","-11.9","13.5","1.5","18.1","92.8","2197","-15.2","-19","12.9","20","1.5","21.2","87.2","2404","5.1","-29.5","6.4","8.4","1.4","20","82.2","1128","-11.1","-31","9.5","14.9","1.5",,,,,,,,,,,,,,,,,,,,,,,,,,,,,,,,,,,,,,,,,"64.3","91.2","2289","-5.6","-20.3","12.8","16.2","3.5","15.7","78.8","2735","5.8","-56","-11.7","13.3","1.6","20","82.2","1128","-11.1","-31","9.5","14.9","1.5"
"Schwellenbach, Spencer",680885,2025,25,"15","96.2",384,362,82,51,17,2,12,92,16,24,4.2,".227",".384",".261","0.645","0.157",".268","35","41","0","0","290","5","4","2","0","0","3.26",,,"2","23","0","0","1","0","0","58","38","2","0","0","11","0","0","58","0","405","231","0","2","0","0","1","0","247","18","0","0","8","0","1","2","18","21","42","274","17","0","0","1","1","35","111","29","0","0","0","0","0","0","1","3","15","180","6","435","139","2","1","23","0","1394","4","959","188","0","0","0","0","2",".267",".418",".280",".310",".301",".151",".348",".391",".300",".356","-0.040","-0.034","-0.030","71.5",22.7,16.9,12.4,36.2,26.6,"7.3",15,8.5,-0.4,46.6,32.2,"89.2","7.9",35,21,7.7,4,27.4,21.2,34.7,5.1,42,"77.611036861","94.569485055",66.8,19.6,34.5,49.3,50.7,107,217,45.1,629,76.7,9.5,203,791,400,1394,80.4,100,511,54.9,765,42,586,28.4,52.2,39.4,41.6,19,274,70.3,48.2,132,20.1,55,26.6,73,5.1,14,"R","1394",35.8,"36.2","97.1","2315","-5.5","-14.2","14.9","15.9","1.4","17.6","87.1","2346","2.5","-38.5","-2.5","3.9","1.4",,,,,,,,,"11","81.2","2296","8.1","-48.7","-7.1","10.9","1.7","8.5","95.5","2164","-15.2","-22.6","7.6","17.1","1.5","12","94.2","2295","0.3","-19.6","11.1","11.3","1.5","14.6","84.7","1360","-9.5","-37.8","0.2","9.9","1.2",,,,,,,,,,,,,,,,,,,,,,,,,,,,,,,,,,,,,,,,,"56.7","96.3","2288","-5.7","-16.6","13","15.1","1.9","28.7","84.8","2326","4.7","-42.4","-4.3","6.6","3.4","14.6","84.7","1360","-9.5","-37.8","0.2","9.9","1.2"
"Sugano, Tomoyuki",608372,2025,35,"14","80.0",348,326,84,56,13,1,14,50,17,14.4,4.9,".258",".433",".302","0.735","0.175",".266","30","31","0","0","240","5","4","1","0","0","3.38",,,"3","16","0","0","0","0","0","51","31","3","0","0","6","0","0","55","0","408","199","0","0","0","0","0","0","215","8","0","0","9","0","1","4","18","28","31","263","12","0","0","0","0","49","88","30","0","0","0","0","0","0","0","0","14","85","1","444","130","0","0","16","0","1222","0","778","91","0","0","0","0","0",".290",".495",".319",".357",".334",".205",".350",".397",".303",".344","-0.032","-0.062","-0.038","72.4",28,16.4,13.6,35.2,29.3,"7.4",4,10.2,-3.1,58,32.1,"89","13.6",37.2,28,10.1,4.7,26,25.6,30.7,2.9,37.2,"78.31287942","93.965264746",66.5,9,29.5,34.7,65.3,69,199,51.5,675,63.8,7.2,325,600,132,1311,90.5,38,423,48.5,636,42.9,562,17.2,47.4,36.5,37.9,25.6,277,59.5,43.7,121,26.4,73,23.1,64,6.9,19,"R","1311",40.9,"16.9","92.4","2377","-6.2","-15.2","17","18.2","1.2",,,,,,,,,,,,,,,,,"10.1","77.9","2661","8.9","-57.3","-12","15.1","1.5","13.3","92.3","2274","-14.5","-19.9","12.4","19.2","1.3","15.6","87.8","2467","1.5","-29.7","5.8","6.4","1.4","24.8","87","1617","-12.7","-29.7","6.4","14.5","1.3",,,,,,,,,"19.4","83.1","2580","10.9","-37.1","2.7","11.6","1.5",,,,,,,,,,,,,,,,,,,,,,,,,"45.8","90.8","2378","-6","-21.5","11.9","14.5","2.7","29.4","81.3","2608","10.2","-44","-2.3","12.8","3.1","24.8","87","1617","-12.7","-29.7","6.4","14.5","1.3"
"Severino, Luis",622663,2025,31,"16","95.2",416,376,98,68,23,0,7,66,30,15.9,7.2,".261",".378",".321","0.699","0.117",".297","47","50","0","0","287","2","7","1","0","0","4.42",,,"3","13","0","0","2","0","0","76","47","3","0","0","7","0","0","90","0","541","249","0","1","0","0","0","0","312","18","0","0","5","0","0","5","16","33","48","315","29","0","0","1","0","52","100","42","2","0","0","0","0","0","2","3","16","106","3","564","142","1","2","13","0","1566","5","1002","107","0","0","0","0","3",".282",".414",".309",".330",".342",".132",".332",".360",".313",".340","-0.021","-0.036","-0.021","71.2",18.9,16.1,13.5,33.8,28.3,"7.1",9,8.1,1.7,53,31,"88.6","12.6",34,14,4.4,8.3,26,26.3,30.2,4.8,42.2,"76.613979744","94.546781286",67.8,12,27.7,28.2,71.8,60,213,49.1,769,79.2,6.4,86,1035,66,1566,87.8,65,540,50.9,797,44.1,691,16.6,48.1,36.5,38.7,24.8,315,61.1,42.2,133,22.5,71,28.6,90,6.7,21,"R","1566",40.1,"25.1","95.8","2249","-7","-13.7","16.4","17.9","1.6","4.2","87","2442","6.4","-32.4","3.9","8.2","1.5","5.5","86.5","1629","-14.4","-30","6.8","16.4","1.5",,,,,,,,,"23.2","95.5","2112","-14","-17.9","12.2","18.6","1.4","17.8","92.9","2282","0.6","-23","8.8","9.2","1.7",,,,,,,,,,,,,,,,,"24.2","84.9","2521","14.9","-35.3","2.9","15.6","1.7",,,,,,,,,,,,,,,,,,,,,,,,,"66.1","94.9","2210","-7.4","-17.7","12.9","15.8","2.1","28.4","85.2","2509","13.7","-34.9","3","14.5","1.9","5.5","86.5","1629","-14.4","-30","6.8","16.4","1.5"