"last_name, first_name","player_id","team_name_alt","pitch_type","pitch_name","run_value_per_100","run_value","pitches","pitch_usage","pa","ba","slg","woba","whiff_percent","k_percent","put_away","est_ba","est_slg","est_woba","hard_hit_percent"
"Crawford, J.P.",641487,"SEA","FF","4-Seam Fastball",0,0,"758",40.6,"173","0.248","0.336","0.34",19.5,17.3,14,"0.228","0.338","0.333",22.9
"Lindor, Francisco",596019,"NYM","FF","4-Seam Fastball",0.6,4,"712",37.7,"168","0.241","0.517","0.363",17.2,14.9,12.5,"0.266","0.527","0.38",49.6
"Friedl, TJ",670770,"CIN","FF","4-Seam Fastball",1.1,7,"656",37.5,"165","0.313","0.47","0.41",7.3,5.5,6.8,"0.284","0.405","0.369",31.7
"Adames, Willy",642715,"SF","FF","4-Seam Fastball",1,6,"609",33.3,"163","0.257","0.5","0.362",15.3,12.3,12.5,"0.281","0.615","0.406",52
"Perdomo, Geraldo",672695,"AZ","FF","4-Seam Fastball",0.7,6,"809",41.8,"161","0.269","0.455","0.367",9.3,8.1,6.6,"0.283","0.463","0.37",28.8
"India, Jonathan",663697,"KC","FF","4-Seam Fastball",-0.8,-5,"604",34.5,"161","0.221","0.336","0.296",14.4,12.4,10.4,"0.273","0.456","0.36",40.5
"Raleigh, Cal",663728,"SEA","FF","4-Seam Fastball",1.8,12,"647",35,"160","0.236","0.593","0.388",24,26.9,20,"0.235","0.584","0.381",49
"Devers, Rafael",646240,"SF","FF","4-Seam Fastball",1.1,9,"801",39.8,"159","0.273","0.508","0.389",35.5,26.4,16.1,"0.287","0.588","0.421",64.8
"Duran, Jarren",680776,"BOS","FF","4-Seam Fastball",0.6,4,"670",37.2,"159","0.259","0.467","0.374",25.5,23.9,20.8,"0.262","0.455","0.371",55.1
"Butler, Lawrence",671732,"ATH","FF","4-Seam Fastball",0.5,3,"577",32.1,"158","0.255","0.46","0.354",28.9,28.5,23.8,"0.241","0.431","0.337",48.4
"Edwards, Xavier",669364,"MIA","FF","4-Seam Fastball",-0.6,-3,"589",41.2,"158","0.25","0.356","0.332",10,14.6,15.6,"0.27","0.345","0.334",39.1
"García, Adolis",666969,"TEX","FF","4-Seam Fastball",-0.4,-3,"670",41.2,"157","0.214","0.357","0.28",32.7,31.8,21.6,"0.232","0.443","0.318",53.8
"Tucker, Kyle",663656,"CHC","FF","4-Seam Fastball",2,11,"557",31.3,"156","0.256","0.52","0.406",12.8,11.5,13.4,"0.28","0.63","0.443",49.5
"Santana, Carlos",467793,"CLE","FF","4-Seam Fastball",-0.5,-3,"507",30.5,"152","0.232","0.341","0.297",16.7,13.8,14.6,"0.236","0.399","0.305",36.4
"Freeman, Freddie",518692,"LAD","FF","4-Seam Fastball",0.3,2,"491",32.6,"149","0.292","0.423","0.352",23,17.4,19.5,"0.283","0.475","0.357",45
"Arraez, Luis",650333,"SD","FF","4-Seam Fastball",0.7,4,"595",37.8,"149","0.348","0.522","0.39",4.4,2.7,2.9,"0.284","0.365","0.304",18.4
"Happ, Ian",664023,"CHC","FF","4-Seam Fastball",-0.4,-3,"719",39.9,"149","0.181","0.267","0.298",20.9,24.8,19.6,"0.213","0.344","0.332",46.3
"Larnach, Trevor",663616,"MIN","FF","4-Seam Fastball",-0.6,-3,"478",31.4,"148","0.222","0.415","0.309",17.9,15.5,18.4,"0.286","0.488","0.358",45.1
"Lowe, Nathaniel",663993,"WSH","FF","4-Seam Fastball",-0.8,-5,"696",37.6,"148","0.215","0.346","0.292",27.4,33.8,22.4,"0.236","0.376","0.315",44.4
"Yastrzemski, Mike",573262,"SF","FF","4-Seam Fastball",-1.7,-10,"568",38.6,"148","0.192","0.323","0.271",21.2,26.4,25.3,"0.194","0.37","0.287",46.2
"Semien, Marcus",543760,"TEX","FF","4-Seam Fastball",-0.3,-1,"504",29.1,"147","0.242","0.409","0.323",18.4,12.9,12.5,"0.234","0.413","0.316",37.7
"De La Cruz, Elly",682829,"CIN","FF","4-Seam Fastball",1.4,8,"563",32.2,"146","0.323","0.615","0.426",32.7,26,24.5,"0.279","0.583","0.398",62
"Pasquantino, Vinnie",686469,"KC","FF","4-Seam Fastball",0.9,5,"546",33.5,"145","0.265","0.515","0.392",11.4,12.4,13,"0.291","0.562","0.387",44.3
"Kwan, Steven",680757,"CLE","FF","4-Seam Fastball",-0.8,-5,"615",34.7,"145","0.256","0.372","0.326",6.9,4.1,3.9,"0.286","0.384","0.342",15.1
"Vargas, Miguel",678246,"CWS","FF","4-Seam Fastball",-0.1,0,"658",37.7,"144","0.21","0.46","0.338",20.3,19.4,14.1,"0.211","0.39","0.316",43.8
"Schwarber, Kyle",656941,"PHI","FF","4-Seam Fastball",3.4,19,"561",28.5,"143","0.291","0.709","0.473",24.4,22.4,20.9,"0.306","0.75","0.486",64.7
"Schanuel, Nolan",694384,"LAA","FF","4-Seam Fastball",1.1,6,"579",34.4,"142","0.33","0.461","0.41",10,9.2,9.6,"0.261","0.376","0.352",31.1
"Bogaerts, Xander",593428,"SD","FF","4-Seam Fastball",-1.2,-5,"465",29.1,"142","0.233","0.317","0.305",9.5,7.7,11.8,"0.299","0.476","0.385",49.5
"McMahon, Ryan",641857,"NYY","FF","4-Seam Fastball",1.2,8,"643",36.8,"141","0.274","0.521","0.393",25.2,21.3,14.1,"0.29","0.588","0.423",53.4
"Stowers, Kyle",669065,"MIA","FF","4-Seam Fastball",1.3,7,"552",38,"140","0.275","0.567","0.393",34.6,31.4,27.5,"0.269","0.58","0.401",51.3
"Trout, Mike",545361,"LAA","FF","4-Seam Fastball",2,14,"662",43.6,"139","0.255","0.591","0.416",26.3,28.1,18.7,"0.233","0.554","0.402",50
"Stott, Bryson",681082,"PHI","FF","4-Seam Fastball",-0.2,-1,"701",42.6,"139","0.261","0.437","0.352",16.1,18.7,11.5,"0.245","0.412","0.33",33.7
"Arozarena, Randy",668227,"SEA","FF","4-Seam Fastball",0.9,5,"596",32,"139","0.218","0.504","0.359",31.4,30.9,21.6,"0.263","0.579","0.408",67.5
"Gurriel Jr., Lourdes",666971,"AZ","FF","4-Seam Fastball",-0.8,-4,"498",33.5,"138","0.244","0.382","0.306",11.3,9.4,10.2,"0.245","0.393","0.31",40.2
"Frelick, Sal",686217,"MIL","FF","4-Seam Fastball",-0.3,-2,"524",34.8,"137","0.285","0.39","0.339",10,9.5,9.8,"0.273","0.364","0.316",28.8
"Lee, Jung Hoo",808982,"SF","FF","4-Seam Fastball",-0.5,-3,"559",35.1,"137","0.248","0.388","0.323",6.7,9.5,9.4,"0.3","0.437","0.361",33.3
"Olson, Matt",621566,"ATL","FF","4-Seam Fastball",1.5,10,"644",31.5,"137","0.273","0.6","0.426",27.7,22.6,14,"0.27","0.61","0.428",61.3
"Rooker, Brent",667670,"ATH","FF","4-Seam Fastball",-0.1,0,"488",28.5,"136","0.223","0.43","0.322",21.3,26.5,23.8,"0.268","0.537","0.379",50.6
"Flores, Wilmer",527038,"SF","FF","4-Seam Fastball",0.1,0,"495",31.9,"136","0.268","0.431","0.34",12.7,11.8,9.8,"0.229","0.365","0.292",27.8
"Torres, Gleyber",650402,"DET","FF","4-Seam Fastball",1.8,9,"533",32.3,"136","0.324","0.5","0.434",22.2,14,11,"0.357","0.662","0.476",52.2
"Greene, Riley",682985,"DET","FF","4-Seam Fastball",-0.1,-1,"622",34.6,"135","0.24","0.43","0.328",28.2,33.3,22.2,"0.21","0.419","0.31",38.2
"Volpe, Anthony",683011,"NYY","FF","4-Seam Fastball",0.3,2,"536",31.9,"135","0.228","0.439","0.336",31.2,23.7,19.4,"0.236","0.453","0.356",58.3
"Nootbaar, Lars",663457,"STL","FF","4-Seam Fastball",-0.5,-3,"533",33.6,"135","0.216","0.328","0.3",9.8,15.6,16.5,"0.252","0.43","0.347",54.7
"Donovan, Brendan",680977,"STL","FF","4-Seam Fastball",2.1,11,"518",32,"135","0.377","0.579","0.457",7.5,8.9,9.3,"0.317","0.525","0.412",38.2
"McKinstry, Zach",656716,"DET","FF","4-Seam Fastball",0.2,1,"523",36.7,"134","0.291","0.462","0.365",13.6,14.9,13.1,"0.292","0.427","0.358",34.7
"Ohtani, Shohei",660271,"LAD","FF","4-Seam Fastball",1.2,7,"536",28.4,"133","0.28","0.593","0.398",27.2,24.1,26,"0.298","0.687","0.444",70.1
"Bellinger, Cody",641355,"NYY","FF","4-Seam Fastball",0.4,2,"501",30.8,"133","0.25","0.552","0.373",17.9,15.8,14.6,"0.291","0.572","0.398",39.8
"Riley, Austin",663586,"ATL","FF","4-Seam Fastball",-0.6,-4,"600",35.6,"132","0.244","0.345","0.306",25.7,27.3,19.3,"0.256","0.474","0.347",54.2
"Contreras, Willson",575929,"STL","FF","4-Seam Fastball",1.9,10,"510",31.6,"132","0.287","0.515","0.418",25.4,27.3,22.8,"0.314","0.681","0.478",61.2
"Chourio, Jackson",694192,"MIL","FF","4-Seam Fastball",-1,-5,"526",33,"131","0.256","0.413","0.322",22.7,22.9,20.3,"0.243","0.384","0.3",44.6
"Witt Jr., Bobby",677951,"KC","FF","4-Seam Fastball",0.2,1,"551",33.3,"131","0.282","0.524","0.357",26.8,27.5,19.8,"0.305","0.579","0.389",61.8
"Story, Trevor",596115,"BOS","FF","4-Seam Fastball",-1.7,-9,"548",34.1,"131","0.197","0.246","0.236",22.6,27.5,20.5,"0.197","0.322","0.254",48.8
"Arenado, Nolan",571448,"STL","FF","4-Seam Fastball",-0.3,-1,"420",30.5,"130","0.212","0.415","0.323",10.7,4.6,5.8,"0.244","0.432","0.325",31.3
"Soto, Juan",665742,"NYM","FF","4-Seam Fastball",2.2,12,"552",28,"129","0.278","0.608","0.454",17.4,14,11.4,"0.346","0.799","0.528",70
"Swanson, Dansby",621020,"CHC","FF","4-Seam Fastball",-1.2,-5,"431",25.4,"129","0.248","0.43","0.308",29.6,27.1,26.7,"0.306","0.592","0.395",65.2
"Paredes, Isaac",670623,"HOU","FF","4-Seam Fastball",1.4,7,"511",28.3,"129","0.297","0.559","0.407",10.8,12.4,9.7,"0.291","0.507","0.387",34.4
"Bohm, Alec",664761,"PHI","FF","4-Seam Fastball",-0.5,-2,"451",33.1,"128","0.308","0.376","0.322",11,18.8,17.4,"0.29","0.423","0.342",51
"Turner, Trea",607208,"PHI","FF","4-Seam Fastball",0.7,4,"509",28.9,"127","0.348","0.5","0.409",17.9,16.5,14.8,"0.298","0.482","0.37",50
"Nimmo, Brandon",607043,"NYM","FF","4-Seam Fastball",-0.6,-4,"604",36.3,"127","0.245","0.427","0.331",19.3,17.3,12.4,"0.286","0.535","0.386",53.3
"Wilson, Jacob",805779,"ATH","SI","Sinker",-1,-4,"381",29.4,"127","0.287","0.361","0.31",3.7,4.7,9.8,"0.246","0.296","0.253",35.3
"Suárez, Eugenio",553993,"AZ","FF","4-Seam Fastball",1.7,9,"525",31.3,"127","0.269","0.639","0.421",27.9,25.2,20,"0.279","0.633","0.429",65.4
"Carroll, Corbin",682998,"AZ","FF","4-Seam Fastball",2.5,11,"442",28.7,"126","0.316","0.711","0.447",27.6,28.6,28.8,"0.3","0.657","0.423",62
"Abreu, Wilyer",677800,"BOS","FF","4-Seam Fastball",-0.1,0,"529",42.6,"126","0.182","0.445","0.304",23.4,27.8,19.9,"0.201","0.488","0.334",48.1
"Perez, Salvador",521692,"KC","FF","4-Seam Fastball",0.2,1,"409",28,"125","0.254","0.421","0.326",23.1,19.2,19.8,"0.281","0.545","0.379",50
"Steer, Spencer",668715,"CIN","FF","4-Seam Fastball",-0.2,-1,"528",34.7,"125","0.241","0.343","0.314",22.1,22.4,17.4,"0.215","0.318","0.292",36.3
"Betts, Mookie",605141,"LAD","FF","4-Seam Fastball",0.7,4,"505",32.9,"125","0.297","0.386","0.371",9.6,5.6,8.2,"0.323","0.495","0.411",33.7
"Albies, Ozzie",645277,"ATL","FF","4-Seam Fastball",-0.8,-3,"442",28,"125","0.174","0.321","0.282",23.7,20,21,"0.205","0.364","0.294",34.1
"Turang, Brice",668930,"MIL","FF","4-Seam Fastball",-0.7,-4,"654",37.3,"124","0.272","0.369","0.342",19.8,25.8,16.3,"0.282","0.412","0.358",57.5
"Castro, Willi",650489,"MIN","FF","4-Seam Fastball",1.8,10,"575",45,"123","0.238","0.465","0.366",22.9,24.4,16.9,"0.233","0.413","0.347",43.1
"Toglia, Michael",669911,"COL","FF","4-Seam Fastball",-2.5,-12,"470",36.4,"123","0.157","0.209","0.198",27.8,34.1,29.6,"0.225","0.344","0.269",36.5
"Rengifo, Luis",650859,"LAA","FF","4-Seam Fastball",-1.5,-6,"420",31.7,"122","0.227","0.336","0.281",16.8,14.8,15.1,"0.289","0.43","0.337",40
"Jones, Nolan",666134,"CLE","FF","4-Seam Fastball",-0.9,-5,"524",41.7,"122","0.208","0.307","0.288",21.3,23,17,"0.267","0.47","0.368",52.6
"Wood, James",695578,"WSH","FF","4-Seam Fastball",1.6,8,"503",26.1,"122","0.327","0.607","0.427",22.1,30.3,25,"0.332","0.678","0.452",70.4
"Grisham, Trent",663757,"NYY","FF","4-Seam Fastball",1.6,7,"461",32.6,"122","0.257","0.535","0.425",17.1,15.6,16.8,"0.266","0.581","0.415",52.4
"Torkelson, Spencer",679529,"DET","FF","4-Seam Fastball",2.5,11,"433",25.6,"122","0.314","0.667","0.446",19.8,16.4,14.5,"0.312","0.708","0.462",59.5
"Cronenworth, Jake",630105,"SD","FF","4-Seam Fastball",0.3,2,"527",41.1,"121","0.231","0.341","0.361",12.6,11.6,9,"0.256","0.408","0.381",41
"Crow-Armstrong, Pete",691718,"CHC","FF","4-Seam Fastball",0.8,4,"476",30.9,"121","0.214","0.527","0.328",33.1,33.1,22.9,"0.237","0.587","0.367",57.5
"Rodríguez, Julio",677594,"SEA","FF","4-Seam Fastball",2.1,10,"480",28.5,"121","0.259","0.491","0.382",32.5,33.1,21.5,"0.263","0.506","0.36",66.7
"Castellanos, Nick",592206,"PHI","FF","4-Seam Fastball",-0.4,-2,"413",26.8,"121","0.268","0.411","0.324",23,27.3,24.4,"0.262","0.49","0.342",51.2
"Ward, Taylor",621493,"LAA","FF","4-Seam Fastball",0.5,3,"500",26.5,"120","0.259","0.519","0.358",21.3,25.8,19.4,"0.288","0.619","0.407",55.1
"Guerrero Jr., Vladimir",665489,"TOR","FF","4-Seam Fastball",3.1,15,"489",28.7,"120","0.358","0.6","0.485",20.6,15.8,14.5,"0.36","0.602","0.47",60.5
"Alonso, Pete",624413,"NYM","FF","4-Seam Fastball",0.3,2,"548",29,"120","0.257","0.543","0.375",29.2,32.5,21.9,"0.243","0.578","0.381",62.7
"Collins, Isaac",686555,"MIL","FF","4-Seam Fastball",0.1,1,"482",44.5,"120","0.268","0.309","0.358",26,22.5,18.4,"0.222","0.273","0.306",31
"Henderson, Gunnar",683002,"BAL","FF","4-Seam Fastball",0.6,3,"481",30.7,"120","0.324","0.5","0.394",22.6,18.3,17.1,"0.329","0.46","0.378",65.5
"Pages, Andy",681624,"LAD","FF","4-Seam Fastball",1,4,"447",29.1,"120","0.28","0.495","0.365",19.6,23.3,17.1,"0.298","0.542","0.388",40
"Busch, Michael",683737,"CHC","FF","4-Seam Fastball",1.6,7,"450",29.9,"119","0.282","0.6","0.402",13.3,24.4,19.2,"0.287","0.643","0.412",58
"Garcia, Maikel",672580,"KC","FF","4-Seam Fastball",-0.8,-4,"479",30.1,"119","0.257","0.371","0.316",15.3,23.5,20.9,"0.286","0.438","0.349",49.4
"Hoerner, Nico",663538,"CHC","FF","4-Seam Fastball",-0.3,-1,"417",28.4,"119","0.309","0.364","0.325",5.6,5.9,6.4,"0.279","0.366","0.304",40.4
"Abrams, CJ",682928,"WSH","FF","4-Seam Fastball",0.3,2,"490",33.4,"119","0.271","0.467","0.369",17.8,8.4,9.1,"0.275","0.446","0.347",42.3
"Winn, Masyn",691026,"STL","FF","4-Seam Fastball",1,5,"559",33.3,"119","0.29","0.45","0.371",15.9,14.3,10.4,"0.277","0.441","0.361",43.5
"Walker, Christian",572233,"HOU","FF","4-Seam Fastball",0,0,"590",35.5,"119","0.25","0.463","0.339",29.6,33.6,19.5,"0.224","0.453","0.323",54.4
"Polanco, Jorge",593871,"SEA","FF","4-Seam Fastball",-1.7,-6,"355",28.9,"119","0.194","0.38","0.285",11.7,8.4,10.5,"0.28","0.502","0.365",48
"Suzuki, Seiya",673548,"CHC","FF","4-Seam Fastball",0.8,4,"524",28.5,"119","0.221","0.538","0.351",21.7,26.9,17.4,"0.294","0.616","0.411",62.2
"Holliday, Jackson",702616,"BAL","FF","4-Seam Fastball",-0.1,-1,"506",32.7,"117","0.28","0.449","0.354",22.6,21.4,18,"0.314","0.588","0.407",56.1
"Aranda, Jonathan",666018,"TB","FF","4-Seam Fastball",1.9,11,"576",36,"116","0.358","0.558","0.444",24.5,28.4,17.2,"0.283","0.536","0.415",57.1
"Sheets, Gavin",657757,"SD","FF","4-Seam Fastball",0.7,3,"434",26.9,"116","0.283","0.547","0.39",21.2,25,23,"0.281","0.527","0.372",55.1
"Smith, Josh",669701,"TEX","FF","4-Seam Fastball",0.3,1,"524",35.5,"115","0.33","0.39","0.375",12.2,12.2,9.1,"0.294","0.423","0.35",34.1
"Machado, Manny",592518,"SD","FF","4-Seam Fastball",1.4,7,"512",29.2,"115","0.274","0.632","0.42",21.6,20.9,14.7,"0.315","0.709","0.472",75.3
"Contreras, William",661388,"MIL","FF","4-Seam Fastball",0.3,2,"526",31.5,"115","0.261","0.38","0.378",21.8,24.3,20.1,"0.234","0.396","0.354",43.8
"Buxton, Byron",621439,"MIN","FF","4-Seam Fastball",-0.3,-1,"410",30,"115","0.243","0.447","0.33",24.8,29.6,27.6,"0.23","0.467","0.332",64.8
"Reynolds, Bryan",668804,"PIT","FF","4-Seam Fastball",-0.9,-4,"463",27.4,"115","0.252","0.402","0.303",19.4,24.3,20.6,"0.341","0.601","0.415",60
"Naylor, Josh",647304,"SEA","FF","4-Seam Fastball",1.3,5,"358",27.3,"114","0.303","0.485","0.38",12.9,7.9,10.5,"0.286","0.446","0.363",39.6
"Conforto, Michael",624424,"LAD","FF","4-Seam Fastball",0.8,4,"456",34.6,"114","0.245","0.457","0.368",24,19.3,17.6,"0.307","0.556","0.424",50
"Ramírez, José",608070,"CLE","FF","4-Seam Fastball",2.3,11,"456",27.2,"114","0.314","0.588","0.412",13,8.8,8.6,"0.314","0.563","0.396",42.1
"Ramos, Heliot",671218,"SF","FF","4-Seam Fastball",0.3,2,"588",33.6,"114","0.27","0.44","0.347",29,34.2,20.4,"0.246","0.423","0.329",58.1
"Adell, Jo",666176,"LAA","FF","4-Seam Fastball",1.1,5,"431",30.3,"114","0.248","0.495","0.351",25.2,25.4,19.1,"0.311","0.635","0.427",49.3
"Langford, Wyatt",694671,"TEX","FF","4-Seam Fastball",0,0,"455",31.2,"113","0.216","0.433","0.334",25.3,25.7,19.6,"0.223","0.482","0.352",47.1
"Meidroth, Chase",805367,"CWS","FF","4-Seam Fastball",0.2,1,"483",34.4,"112","0.3","0.411","0.384",6.4,7.1,6.5,"0.291","0.436","0.385",43.4
"McLain, Matt",680574,"CIN","FF","4-Seam Fastball",0,0,"496",31.3,"112","0.221","0.432","0.353",23.2,33,25.5,"0.229","0.446","0.345",52.5
"Baty, Brett",683146,"NYM","FF","4-Seam Fastball",-0.9,-4,"428",38.7,"112","0.204","0.327","0.303",27.7,25.9,21.5,"0.249","0.44","0.343",59.4
"Manzardo, Kyle",700932,"CLE","FF","4-Seam Fastball",0.6,2,"394",31.9,"111","0.245","0.469","0.344",27.8,26.1,22.3,"0.234","0.509","0.345",38
"Mullins, Cedric",656775,"BAL","FF","4-Seam Fastball",0.3,1,"502",34.8,"111","0.245","0.551","0.372",24.6,26.1,18.6,"0.192","0.37","0.288",37.1
"Doyle, Brenton",686668,"COL","FF","4-Seam Fastball",-1.6,-7,"428",33.8,"111","0.175","0.301","0.249",28.9,32.4,24.8,"0.21","0.386","0.284",56.7
"Kepler, Max",596146,"PHI","FF","4-Seam Fastball",0.5,2,"477",35.5,"111","0.233","0.5","0.375",16.1,15.3,12.6,"0.265","0.566","0.409",54.1
"Burleson, Alec",676475,"STL","FF","4-Seam Fastball",1.2,5,"392",31,"110","0.287","0.515","0.364",13.9,10.9,12.4,"0.304","0.567","0.402",51.1
"McCutchen, Andrew",457705,"PIT","FF","4-Seam Fastball",-2.5,-11,"425",27.5,"110","0.16","0.27","0.233",18.1,17.3,14.8,"0.265","0.458","0.336",50
"Chapman, Matt",656305,"SF","FF","4-Seam Fastball",0.1,1,"531",37,"110","0.22","0.44","0.35",27.7,25.5,18.4,"0.27","0.498","0.39",47.6
"Judge, Aaron",592450,"NYY","FF","4-Seam Fastball",3.6,17,"461",25.9,"110","0.367","0.898","0.543",29.8,28.2,22.3,"0.321","0.874","0.516",65.7
"Bell, Josh",605137,"WSH","FF","4-Seam Fastball",0.4,2,"411",29.9,"110","0.245","0.511","0.379",16.8,10.9,10.9,"0.302","0.569","0.417",56.1
"Beck, Jordan",687597,"COL","FF","4-Seam Fastball",1.7,8,"460",31,"109","0.309","0.546","0.401",27.6,31.2,22.1,"0.294","0.573","0.402",57.1
"Tatis Jr., Fernando",665487,"SD","FF","4-Seam Fastball",0.8,4,"451",26,"109","0.305","0.484","0.379",23.7,14.7,14.8,"0.297","0.548","0.403",63.7
"Benintendi, Andrew",643217,"CWS","FF","4-Seam Fastball",0.7,3,"344",30.4,"109","0.204","0.469","0.333",20.4,15.6,19.1,"0.237","0.563","0.37",48.8
"Díaz, Yandy",650490,"TB","SI","Sinker",-0.2,-1,"433",25.7,"109","0.276","0.439","0.341",12.7,8.3,11.7,"0.305","0.492","0.379",50.5
"Martínez, Angel",682657,"CLE","FF","4-Seam Fastball",0.1,0,"416",34.1,"108","0.289","0.412","0.35",17.4,9.3,8,"0.29","0.425","0.335",36.7
"Yelich, Christian",592885,"MIL","FF","4-Seam Fastball",1.2,6,"521",30.8,"108","0.319","0.511","0.401",25.6,21.3,15,"0.283","0.443","0.36",47.9
"Wagaman, Eric",676572,"MIA","FF","4-Seam Fastball",-1.1,-4,"404",28.7,"107","0.223","0.404","0.3",22.6,22.4,20.9,"0.269","0.499","0.353",46.6
"Heim, Jonah",641680,"TEX","FF","4-Seam Fastball",-1.7,-9,"488",41.3,"107","0.22","0.29","0.267",26.8,27.1,22.1,"0.218","0.335","0.263",34.7
"Goldschmidt, Paul",502671,"NYY","FF","4-Seam Fastball",0.2,1,"461",30.7,"107","0.296","0.469","0.355",15.3,10.3,8.9,"0.3","0.595","0.405",51.7
"Springer, George",543807,"TOR","FF","4-Seam Fastball",1,4,"429",27.1,"107","0.261","0.523","0.4",25.6,20.6,15.4,"0.288","0.647","0.446",56.1
"Keith, Colt",690993,"DET","FF","4-Seam Fastball",0.1,0,"409",31.6,"107","0.255","0.489","0.354",12,18.7,17.5,"0.292","0.576","0.401",61.3
"Scott II, Victor",687363,"STL","FF","4-Seam Fastball",0.3,1,"412",30.9,"106","0.261","0.409","0.351",23.4,18.9,15.3,"0.246","0.373","0.336",39.1
"Rooker, Brent",667670,"ATH","SI","Sinker",0.2,1,"305",17.8,"106","0.337","0.429","0.372",8.6,8.5,20.5,"0.365","0.503","0.398",48.3
"Guerrero Jr., Vladimir",665489,"TOR","SI","Sinker",2,7,"378",22.2,"106","0.356","0.437","0.429",11.1,8.5,16.1,"0.321","0.409","0.387",55.1
"Hoskins, Rhys",656555,"MIL","FF","4-Seam Fastball",0.5,2,"378",27.4,"105","0.221","0.535","0.37",21.1,24.8,21.8,"0.238","0.51","0.377",59.7
"Narváez, Carlos",665966,"BOS","FF","4-Seam Fastball",0.3,1,"425",33.9,"104","0.244","0.467","0.361",31.7,33.7,22.9,"0.212","0.434","0.336",61.8
"Rodríguez, Julio",677594,"SEA","SI","Sinker",1.2,3,"286",17,"104","0.371","0.505","0.409",13.2,8.7,17.6,"0.333","0.466","0.362",47.2
"Bichette, Bo",666182,"TOR","SI","Sinker",0.5,2,"350",20.7,"104","0.293","0.475","0.352",9.4,11.5,16.7,"0.316","0.467","0.351",47.7
"Harris II, Michael",671739,"ATL","FF","4-Seam Fastball",-2.1,-8,"398",28.9,"103","0.224","0.337","0.267",19.9,24.3,20.5,"0.272","0.436","0.315",50
"Caratini, Victor",605170,"HOU","FF","4-Seam Fastball",1.4,4,"308",31.5,"103","0.29","0.473","0.353",9,13.6,17.5,"0.273","0.496","0.351",45.7
"Goodman, Hunter",696100,"COL","FF","4-Seam Fastball",-0.7,-3,"420",30.5,"103","0.211","0.411","0.296",29.4,30.1,21.8,"0.244","0.529","0.353",54.7
"O'Hearn, Ryan",656811,"BAL","FF","4-Seam Fastball",1.9,8,"399",29.5,"103","0.337","0.596","0.45",11.5,9.7,9.8,"0.383","0.671","0.478",57.5
"Ozuna, Marcell",542303,"ATL","FF","4-Seam Fastball",1.1,5,"462",26.5,"103","0.265","0.47","0.381",19.7,18.4,12.5,"0.3","0.623","0.443",63.1
"Marsh, Brandon",669016,"PHI","FF","4-Seam Fastball",-1,-4,"408",39.7,"103","0.218","0.264","0.293",16.9,26.2,20.9,"0.209","0.337","0.302",50.8
"Jeffers, Ryan",680777,"MIN","FF","4-Seam Fastball",1.5,5,"356",28.4,"102","0.333","0.511","0.403",13.1,14.7,14.3,"0.311","0.53","0.397",56
"Edman, Tommy",669242,"LAD","FF","4-Seam Fastball",-0.7,-3,"345",30,"102","0.236","0.371","0.317",19.8,19.6,21.7,"0.265","0.429","0.344",30
"Wells, Austin",669224,"NYY","FF","4-Seam Fastball",1.1,5,"395",31.3,"102","0.253","0.529","0.359",23.5,23.5,18.6,"0.274","0.568","0.373",62.3
"Wade Jr., LaMonte",664774,"LAA","FF","4-Seam Fastball",-1.3,-6,"438",42.2,"101","0.15","0.225","0.278",20.3,14.9,11.5,"0.22","0.341","0.331",30.3
"Tatis Jr., Fernando",665487,"SD","SI","Sinker",2.9,10,"338",19.5,"101","0.379","0.529","0.464",10.1,10.9,20,"0.327","0.465","0.391",43.4
"Correa, Carlos",621043,"MIN","SI","Sinker",-0.2,-1,"325",23.7,"101","0.305","0.432","0.336",11.4,9.9,13.5,"0.3","0.465","0.346",48.8
"Walls, Taylor",670764,"TB","FF","4-Seam Fastball",-2.3,-9,"412",35.9,"101","0.198","0.253","0.242",23.5,24.8,18.9,"0.179","0.274","0.23",30.9
"Bichette, Bo",666182,"TOR","SL","Slider",0.4,1,"270",16,"101","0.287","0.426","0.337",23.1,17.8,17.6,"0.292","0.456","0.346",42.9
"Correa, Carlos",621043,"MIN","FF","4-Seam Fastball",0.1,0,"385",28.1,"100","0.27","0.461","0.367",18.1,20,19.2,"0.277","0.44","0.35",52.2
"Rafaela, Ceddanne",678882,"BOS","FF","4-Seam Fastball",1.3,5,"406",30,"100","0.303","0.584","0.404",22,23,17.6,"0.274","0.576","0.389",58.2
"Sánchez, Jesús",660821,"MIA","FF","4-Seam Fastball",-0.4,-2,"490",38.8,"100","0.244","0.422","0.319",25,22,15.7,"0.297","0.572","0.394",56.5
"Naylor, Bo",666310,"CLE","FF","4-Seam Fastball",-1.1,-4,"350",30.9,"100","0.163","0.395","0.299",19.4,17,13.3,"0.206","0.472","0.334",35.7
"Rutschman, Adley",668939,"BAL","FF","4-Seam Fastball",0.6,2,"386",33.5,"99","0.241","0.434","0.356",12,14.1,12.8,"0.287","0.531","0.4",50
"Neto, Zach",687263,"LAA","FF","4-Seam Fastball",-0.5,-2,"314",21.3,"99","0.228","0.522","0.341",17.7,22.2,19.6,"0.284","0.655","0.413",53.5
"Hayes, Ke'Bryan",663647,"PIT","FF","4-Seam Fastball",-2.3,-10,"444",31,"98","0.183","0.247","0.222",18.7,23.5,16.9,"0.218","0.337","0.26",51.4
"Lux, Gavin",666158,"CIN","FF","4-Seam Fastball",1.9,8,"430",30.6,"98","0.405","0.595","0.47",15.6,22.4,14.6,"0.303","0.418","0.366",51.6
"Realmuto, J.T.",592663,"PHI","FF","4-Seam Fastball",0.2,1,"398",27.9,"98","0.329","0.459","0.399",16.2,20.4,17.9,"0.299","0.488","0.383",55.4
"Merrill, Jackson",701538,"SD","FF","4-Seam Fastball",-0.8,-3,"337",32.2,"98","0.221","0.326","0.293",31.8,28.6,26.9,"0.238","0.418","0.33",44.8
"India, Jonathan",663697,"KC","SI","Sinker",-1,-3,"334",19.1,"97","0.237","0.263","0.306",14.4,10.3,15.4,"0.271","0.368","0.349",41.4
"Barger, Addison",680718,"TOR","FF","4-Seam Fastball",-0.6,-2,"363",31.3,"97","0.216","0.409","0.313",18.8,20.6,15.9,"0.25","0.462","0.338",47.1
"Lee, Brooks",686797,"MIN","FF","4-Seam Fastball",0,0,"314",25.8,"97","0.292","0.461","0.357",14.3,16.5,18.2,"0.266","0.461","0.341",52.7
"Ortiz, Joey",687401,"MIL","FF","4-Seam Fastball",0.3,1,"405",30.9,"97","0.247","0.459","0.341",18,19.6,18.1,"0.228","0.363","0.299",42.6
"Wallner, Matt",670242,"MIN","FF","4-Seam Fastball",0.7,3,"385",42,"97","0.221","0.465","0.327",37.5,27.8,22.3,"0.225","0.488","0.338",48.3
"Isbel, Kyle",664728,"KC","FF","4-Seam Fastball",-0.9,-3,"376",38,"97","0.291","0.43","0.329",16.1,18.6,17.5,"0.232","0.324","0.263",33.8
"Smith, Cam",701358,"HOU","FF","4-Seam Fastball",-0.5,-2,"425",28.7,"96","0.25","0.388","0.345",25.3,22.9,15.5,"0.284","0.498","0.393",36.2
"Smith, Will",669257,"LAD","FF","4-Seam Fastball",1.7,8,"459",31.8,"96","0.289","0.553","0.42",23,24,14.3,"0.269","0.586","0.422",61.1
"Myers, Dane",667472,"MIA","FF","4-Seam Fastball",-1.1,-3,"328",35.6,"95","0.247","0.393","0.302",22.8,24.2,23.7,"0.266","0.408","0.314",51.5
"Langeliers, Shea",669127,"ATH","FF","4-Seam Fastball",-0.2,-1,"432",36.6,"95","0.233","0.488","0.334",22.4,26.3,17.5,"0.234","0.422","0.318",47.5
"France, Ty",664034,"MIN","SI","Sinker",0.3,1,"317",21.8,"95","0.301","0.337","0.357",13.5,7.4,8.6,"0.306","0.403","0.354",42.9
"Moniak, Mickey",666160,"COL","FF","4-Seam Fastball",2.1,7,"345",35.7,"95","0.31","0.609","0.414",26.9,25.3,25.5,"0.255","0.508","0.353",58.7
"Harper, Bryce",547180,"PHI","FF","4-Seam Fastball",2.6,10,"380",29,"95","0.263","0.618","0.433",28.6,22.1,21.4,"0.285","0.665","0.457",60
"Sosa, Lenyn",672820,"CWS","FF","4-Seam Fastball",-0.6,-2,"421",34.5,"95","0.228","0.38","0.287",21.3,27.4,22.8,"0.245","0.446","0.305",50
"Altuve, Jose",514888,"HOU","FF","4-Seam Fastball",2.3,8,"369",24.1,"95","0.325","0.662","0.445",18.1,16.8,15,"0.289","0.564","0.406",43.9
"Ramírez, Agustín",682663,"MIA","FF","4-Seam Fastball",0.9,3,"324",26.8,"94","0.28","0.537","0.392",24.9,24.5,24.7,"0.298","0.588","0.407",58.3
"Soderstrom, Tyler",691016,"ATH","FF","4-Seam Fastball",1.2,4,"356",22.9,"94","0.313","0.554","0.408",19.1,22.3,23.3,"0.265","0.485","0.362",58.1
"Ozuna, Marcell",542303,"ATL","SI","Sinker",1.5,5,"337",19.3,"94","0.382","0.474","0.439",12,16,16.9,"0.324","0.466","0.409",49.2
"Díaz, Yandy",650490,"TB","FF","4-Seam Fastball",2.6,10,"404",23.9,"94","0.304","0.658","0.441",20.2,17,13.9,"0.339","0.741","0.49",60.9
"McNeil, Jeff",643446,"NYM","FF","4-Seam Fastball",2,6,"314",33.3,"94","0.304","0.646","0.435",9.6,8.5,8.4,"0.28","0.456","0.365",31.5
"Rice, Ben",700250,"NYY","FF","4-Seam Fastball",-0.8,-3,"341",27.7,"94","0.198","0.37","0.304",13.5,14.9,16.7,"0.308","0.638","0.439",62.7
"Alonso, Pete",624413,"NYM","SI","Sinker",2.1,8,"376",19.9,"93","0.367","0.557","0.437",14.7,8.6,9.3,"0.352","0.626","0.45",44.4
"Caminero, Junior",691406,"TB","SI","Sinker",0.9,3,"362",23.3,"93","0.31","0.563","0.412",14.4,17.2,28.6,"0.284","0.493","0.355",59.2
"Hayes, Ke'Bryan",663647,"PIT","SI","Sinker",-2.5,-7,"294",20.5,"93","0.225","0.258","0.277",4,11.8,22.9,"0.309","0.438","0.338",56.4
"Clemens, Kody",665019,"MIN","FF","4-Seam Fastball",-2,-7,"343",44.6,"93","0.143","0.357","0.249",26.9,30.1,25.9,"0.194","0.436","0.298",50.9
"Allen, Nick",669397,"ATL","FF","4-Seam Fastball",-1.2,-5,"403",33,"92","0.247","0.247","0.298",19.8,21.7,16,"0.197","0.234","0.259",20.3
"Muncy, Max",571970,"LAD","FF","4-Seam Fastball",2.8,11,"397",29.3,"92","0.323","0.662","0.49",17,19.6,14.5,"0.274","0.609","0.46",64.6
"Bader, Harrison",664056,"MIN","FF","4-Seam Fastball",0.5,2,"377",31.5,"91","0.256","0.423","0.359",27,30.8,23.3,"0.215","0.351","0.307",58
"Meyers, Jake",676694,"HOU","FF","4-Seam Fastball",0.7,2,"317",27.6,"91","0.325","0.442","0.396",13.6,13.2,14.5,"0.309","0.493","0.394",47
"Lopez, Otto",672640,"MIA","FF","4-Seam Fastball",0.6,2,"369",27.3,"91","0.266","0.532","0.401",9.3,11,13,"0.333","0.623","0.437",52.9
"Turner, Trea",607208,"PHI","SI","Sinker",1.7,5,"296",16.8,"91","0.361","0.53","0.44",13.1,7.7,13.7,"0.313","0.459","0.371",52.6
"Clement, Ernie",676391,"TOR","FF","4-Seam Fastball",-1.4,-4,"319",26,"91","0.256","0.39","0.304",9.4,8.8,10,"0.252","0.373","0.309",31.6
"Gorman, Nolan",669357,"STL","FF","4-Seam Fastball",-1.3,-5,"349",39.6,"91","0.195","0.312","0.284",31.1,29.7,25.2,"0.237","0.459","0.363",54.9
"Walker, Christian",572233,"HOU","SI","Sinker",0.7,2,"272",16.4,"91","0.338","0.45","0.397",17.6,17.6,28.6,"0.308","0.444","0.368",51.6
"Hoerner, Nico",663538,"CHC","SI","Sinker",-0.6,-2,"309",21.1,"91","0.28","0.354","0.34",3.1,6.6,12.5,"0.307","0.386","0.339",27.6
"Cruz, Oneil",665833,"PIT","FF","4-Seam Fastball",-0.1,0,"340",20.9,"91","0.205","0.5","0.356",22.6,28.6,26,"0.268","0.595","0.413",64.2
"Torkelson, Spencer",679529,"DET","SI","Sinker",0.1,0,"316",18.7,"90","0.237","0.434","0.342",12.6,14.4,20,"0.238","0.496","0.364",39.1
"Paredes, Isaac",670623,"HOU","SI","Sinker",1.8,6,"341",18.9,"90","0.307","0.493","0.405",6.3,17.8,18.8,"0.234","0.376","0.327",48.3
"Bichette, Bo",666182,"TOR","FF","4-Seam Fastball",0.2,1,"494",29.2,"90","0.316","0.481","0.387",16.3,16.7,12,"0.323","0.517","0.399",56.3
"Domínguez, Jasson",691176,"NYY","FF","4-Seam Fastball",-0.7,-3,"440",32.9,"90","0.218","0.295","0.287",22.8,31.1,22.4,"0.249","0.323","0.307",48
"Chisholm Jr., Jazz",665862,"NYY","FF","4-Seam Fastball",0.6,2,"328",25.8,"90","0.234","0.519","0.37",30.5,26.7,25,"0.269","0.72","0.452",56.6
"Machado, Manny",592518,"SD","SI","Sinker",1.7,5,"318",18.2,"90","0.383","0.531","0.438",14.3,10,13.4,"0.36","0.522","0.411",58.3
"Kiner-Falefa, Isiah",643396,"PIT","SI","Sinker",-1.4,-4,"277",23.8,"89","0.268","0.305","0.299",4.8,13.5,23.1,"0.268","0.333","0.295",22.9
"Quero, Edgar",700337,"CWS","FF","4-Seam Fastball",0.3,1,"386",41.8,"88","0.28","0.387","0.351",15.7,17,14.4,"0.266","0.397","0.345",48.3
"Simpson, Chandler",802415,"TB","FF","4-Seam Fastball",1.4,4,"262",33.7,"88","0.388","0.45","0.393",3,1.1,2,"0.37","0.436","0.385",18.8
"Benson, Will",666181,"CIN","FF","4-Seam Fastball",-2,-5,"281",41,"88","0.15","0.313","0.224",31.9,33,36.7,"0.238","0.501","0.346",66
"Devers, Rafael",646240,"SF","SI","Sinker",-1.8,-6,"312",15.5,"88","0.171","0.2","0.266",19.2,21.6,21.1,"0.22","0.279","0.318",50
"Kirk, Alejandro",672386,"TOR","FF","4-Seam Fastball",0.7,3,"387",28.8,"88","0.325","0.481","0.389",19.2,12.5,9.7,"0.347","0.6","0.432",55.2
"De La Cruz, Elly",682829,"CIN","CH","Changeup",0.6,2,"338",19.3,"87","0.25","0.412","0.337",30.2,16.1,14.6,"0.272","0.419","0.327",27.3
"Ramos, Heliot",671218,"SF","SI","Sinker",2.1,6,"294",16.8,"87","0.362","0.507","0.431",8.1,9.2,14.5,"0.296","0.46","0.399",48.4
"Ramos, Heliot",671218,"SF","SL","Slider",-0.8,-2,"276",15.8,"87","0.225","0.325","0.262",29.4,26.4,23.7,"0.22","0.393","0.287",49.2
"Hernández, Teoscar",606192,"LAD","FF","4-Seam Fastball",1.8,6,"344",25.5,"87","0.346","0.58","0.409",26.3,17.2,13.9,"0.338","0.646","0.443",55.2
"Contreras, William",661388,"MIL","SL","Slider",-0.8,-3,"323",19.3,"87","0.197","0.263","0.264",30.1,13.8,11.5,"0.228","0.305","0.289",32.8
"Pages, Andy",681624,"LAD","SL","Slider",1.5,4,"281",18.3,"87","0.31","0.536","0.372",20,12.6,12.4,"0.258","0.417","0.301",31.5
"Hicks, Liam",689414,"MIA","FF","4-Seam Fastball",1.2,3,"279",33.2,"87","0.28","0.467","0.364",14.2,13.8,17.9,"0.289","0.443","0.358",29.7
"Caballero, José",676609,"TB","FF","4-Seam Fastball",-1.8,-6,"319",29.3,"87","0.187","0.28","0.27",28.1,36.8,25.8,"0.213","0.306","0.288",30.2
"Bogaerts, Xander",593428,"SD","SI","Sinker",-2.3,-8,"332",20.8,"86","0.241","0.266","0.254",9.2,10.5,18.4,"0.312","0.392","0.333",30.6
"Vargas, Miguel",678246,"CWS","SI","Sinker",-0.9,-3,"289",16.6,"86","0.23","0.351","0.324",10.5,11.6,15.2,"0.339","0.607","0.443",62.5
"Lukes, Nathan",664770,"TOR","FF","4-Seam Fastball",-0.4,-1,"367",39,"86","0.278","0.389","0.34",13.3,14,12.1,"0.253","0.328","0.307",38.1
"Altuve, Jose",514888,"HOU","SL","Slider",0.5,1,"246",16.1,"86","0.272","0.407","0.324",22.1,14,16.9,"0.271","0.405","0.305",20
"Castellanos, Nick",592206,"PHI","SL","Slider",-0.5,-2,"355",23.1,"86","0.238","0.405","0.279",37.1,25.6,19.5,"0.228","0.385","0.263",27
"Kwan, Steven",680757,"CLE","SI","Sinker",1.5,4,"292",16.5,"86","0.32","0.453","0.385",4.4,9.3,12.9,"0.265","0.356","0.322",23.5
"Bailey, Patrick",672275,"SF","FF","4-Seam Fastball",-0.9,-3,"372",35,"86","0.229","0.329","0.307",21.3,26.7,21.9,"0.208","0.358","0.3",46.2
"Lowe, Brandon",664040,"TB","FF","4-Seam Fastball",2.8,10,"359",27,"85","0.303","0.566","0.422",34.7,35.3,25.6,"0.23","0.506","0.357",63
"Marte, Ketel",606466,"AZ","FF","4-Seam Fastball",2.5,9,"337",27.5,"85","0.329","0.7","0.485",17.2,11.8,13.5,"0.372","0.83","0.539",55
"Wilson, Jacob",805779,"ATH","FF","4-Seam Fastball",-0.4,-1,"328",25.3,"85","0.312","0.416","0.354",13.1,11.8,13,"0.303","0.39","0.337",29.9
"Suárez, Eugenio",553993,"AZ","SL","Slider",2.6,8,"308",18.3,"85","0.231","0.641","0.369",42,35.3,27.8,"0.183","0.432","0.279",40
"Dingler, Dillon",693307,"DET","FF","4-Seam Fastball",0.5,1,"319",30.8,"85","0.312","0.403","0.349",25.8,28.2,24,"0.306","0.522","0.384",54.7
"Smith, Pavin",656976,"AZ","FF","4-Seam Fastball",2.6,8,"315",27.6,"85","0.324","0.588","0.449",26.5,27.1,22.8,"0.256","0.522","0.401",51.1
"McLain, Matt",680574,"CIN","SI","Sinker",-1.1,-3,"275",17.3,"85","0.212","0.333","0.343",12.5,10.6,17,"0.264","0.436","0.386",46.6
"France, Ty",664034,"MIN","FF","4-Seam Fastball",-0.5,-2,"419",28.8,"85","0.239","0.338","0.329",16.3,17.6,12.7,"0.259","0.434","0.363",33.9
"Neto, Zach",687263,"LAA","SI","Sinker",0.9,3,"345",23.4,"85","0.347","0.486","0.414",15,12.9,19,"0.371","0.543","0.44",49.2
"Urías, Ramón",602104,"BAL","FF","4-Seam Fastball",-0.7,-3,"347",31.4,"85","0.233","0.384","0.309",30.7,27.1,19.2,"0.184","0.298","0.279",53.8
"Bregman, Alex",608324,"BOS","FF","4-Seam Fastball",0.2,1,"293",28.1,"85","0.26","0.468","0.345",10.4,15.3,14.9,"0.275","0.539","0.376",54.7
"Durbin, Caleb",702332,"MIL","FF","4-Seam Fastball",-0.3,-1,"307",28.5,"84","0.197","0.394","0.313",8.8,7.1,8.7,"0.226","0.401","0.316",26.9
"Ward, Taylor",621493,"LAA","SL","Slider",0.9,3,"381",20.2,"84","0.164","0.452","0.324",37.6,32.1,22.3,"0.17","0.371","0.283",31.9
"Beck, Jordan",687597,"COL","SL","Slider",0.7,2,"294",19.8,"84","0.263","0.4","0.316",37.6,31,23.9,"0.226","0.375","0.277",33.3
"Smith, Cam",701358,"HOU","SI","Sinker",-0.1,0,"243",16.4,"84","0.338","0.351","0.363",19.4,16.7,22.6,"0.307","0.393","0.337",50.8
"Volpe, Anthony",683011,"NYY","SL","Slider",-1.8,-5,"278",16.5,"84","0.158","0.316","0.24",20.9,22.6,24.7,"0.208","0.357","0.272",33.9
"Jung, Josh",673962,"TEX","FF","4-Seam Fastball",-0.4,-1,"346",29.3,"84","0.23","0.392","0.317",32.9,29.8,21.2,"0.253","0.526","0.371",61.2
"Semien, Marcus",543760,"TEX","SI","Sinker",1,3,"325",18.8,"84","0.304","0.435","0.391",10.5,9.5,13.6,"0.322","0.5","0.405",45.2
"Arozarena, Randy",668227,"SEA","SI","Sinker",1.1,4,"352",18.9,"84","0.318","0.47","0.434",23.9,14.3,18.5,"0.283","0.433","0.392",48.1
"Toro, Abraham",647351,"BOS","FF","4-Seam Fastball",0.9,3,"293",34.9,"84","0.273","0.468","0.369",17.4,15.5,16.9,"0.26","0.432","0.329",39.1
"Call, Alex",669743,"WSH","FF","4-Seam Fastball",-0.4,-2,"349",38.2,"84","0.277","0.415","0.369",15.2,14.3,13.6,"0.263","0.419","0.368",33.3
"Allen, Nick",669397,"ATL","SI","Sinker",-1.1,-3,"290",23.8,"84","0.292","0.347","0.333",10.9,16.7,25,"0.276","0.338","0.319",31.7
"Donovan, Brendan",680977,"STL","SI","Sinker",-2.8,-9,"309",19.1,"84","0.139","0.208","0.212",8,16.7,18.7,"0.219","0.32","0.295",40
"Chourio, Jackson",694192,"MIL","SI","Sinker",-1.3,-4,"284",17.8,"83","0.286","0.364","0.317",15.6,9.6,15.4,"0.314","0.479","0.359",48.6
"Diaz, Yainer",673237,"HOU","FF","4-Seam Fastball",0.8,2,"326",27,"83","0.289","0.474","0.352",17.4,14.5,12.2,"0.288","0.507","0.367",54.5
"Suzuki, Seiya",673548,"CHC","SL","Slider",-0.6,-2,"324",17.6,"83","0.203","0.354","0.261",36.8,31.3,22,"0.175","0.302","0.222",35.2
"Ward, Taylor",621493,"LAA","SI","Sinker",1.8,5,"304",16.1,"82","0.284","0.642","0.445",12.6,23.2,27.9,"0.301","0.582","0.425",51
"Báez, Javier",595879,"DET","FF","4-Seam Fastball",-0.6,-2,"339",30.9,"82","0.259","0.346","0.27",23.6,22,20.2,"0.295","0.503","0.343",50.8
"McLain, Matt",680574,"CIN","SL","Slider",-0.2,-1,"338",21.3,"82","0.228","0.354","0.268",35.8,31.7,24.1,"0.216","0.314","0.244",30.2
"Caminero, Junior",691406,"TB","FF","4-Seam Fastball",1.9,6,"303",19.5,"82","0.221","0.597","0.361",31.7,34.1,25.5,"0.219","0.534","0.332",62
"Springer, George",543807,"TOR","SI","Sinker",4.1,12,"287",18.1,"82","0.437","0.634","0.507",13.9,3.7,5.2,"0.415","0.744","0.518",52.9
"Taylor, Tyrone",621438,"NYM","FF","4-Seam Fastball",-0.5,-2,"329",30.5,"82","0.284","0.405","0.333",12.6,17.1,17.7,"0.266","0.355","0.305",27.9
"Carpenter, Kerry",681481,"DET","FF","4-Seam Fastball",-0.4,-1,"347",32.6,"82","0.218","0.487","0.316",22.8,17.1,15.9,"0.254","0.556","0.355",50.8
"Espinal, Santiago",669289,"CIN","FF","4-Seam Fastball",-2.2,-9,"385",33.2,"82","0.221","0.26","0.242",12.7,7.3,5.8,"0.265","0.333","0.285",28.2
"Schneemann, Daniel",682177,"CLE","FF","4-Seam Fastball",1,3,"313",30,"82","0.279","0.529","0.403",26.8,23.2,19.4,"0.319","0.642","0.454",61.2
"Horwitz, Spencer",687462,"PIT","FF","4-Seam Fastball",-0.4,-1,"311",33.5,"82","0.274","0.37","0.326",14.8,13.4,10.9,"0.27","0.393","0.33",43.5
"Pages, Andy",681624,"LAD","SI","Sinker",0.6,2,"291",19,"82","0.278","0.458","0.354",16.2,18.3,19.2,"0.265","0.458","0.349",49.2
"Jansen, Danny",643376,"TB","FF","4-Seam Fastball",0.4,1,"323",31.2,"82","0.209","0.388","0.335",25.9,26.8,22.7,"0.18","0.371","0.317",42.2
"Suzuki, Seiya",673548,"CHC","SI","Sinker",1.7,5,"281",15.3,"81","0.311","0.635","0.446",12.2,16,18.8,"0.355","0.716","0.472",59
"Peña, Jeremy",665161,"HOU","FF","4-Seam Fastball",3.5,8,"243",20.6,"81","0.375","0.681","0.488",16.5,12.3,17.5,"0.344","0.651","0.451",58.1
"Urías, Luis",649966,"ATH","SI","Sinker",-1.7,-5,"298",26.8,"81","0.167","0.227","0.272",13.1,9.9,17,"0.222","0.309","0.31",33.9
"Arraez, Luis",650333,"SD","SI","Sinker",-2.9,-8,"278",17.7,"81","0.167","0.194","0.195",3.8,1.2,1.7,"0.271","0.339","0.291",13.3
"Ortiz, Joey",687401,"MIL","SI","Sinker",-1.7,-5,"277",21.1,"81","0.222","0.25","0.256",9.8,17.3,22.2,"0.259","0.302","0.286",45
"Ramírez, José",608070,"CLE","CH","Changeup",1.3,4,"314",18.7,"81","0.289","0.474","0.35",19,11.1,10,"0.276","0.381","0.309",40.3
"Santander, Anthony",623993,"TOR","FF","4-Seam Fastball",-2.2,-8,"362",41.5,"81","0.153","0.222","0.214",26.6,30.9,23.6,"0.176","0.26","0.243",47.9
"Stephenson, Tyler",663886,"CIN","FF","4-Seam Fastball",-0.5,-2,"310",30.9,"80","0.197","0.409","0.327",22,32.5,24.8,"0.217","0.46","0.355",56.1
"Contreras, Willson",575929,"STL","SI","Sinker",-0.5,-1,"289",17.9,"80","0.288","0.384","0.349",9.2,10,12.7,"0.271","0.397","0.323",41.5
"Tatis Jr., Fernando",665487,"SD","SL","Slider",1.9,5,"276",15.9,"80","0.194","0.433","0.371",30.9,18.8,17.9,"0.311","0.64","0.449",48.1
"Langford, Wyatt",694671,"TEX","SI","Sinker",1.8,5,"262",18,"80","0.315","0.521","0.411",12.5,22.5,29,"0.292","0.528","0.378",56.4
"Harris II, Michael",671739,"ATL","SI","Sinker",-4.3,-12,"283",20.6,"80","0.167","0.208","0.21",13.7,7.5,12.8,"0.274","0.383","0.317",44.8
"Chourio, Jackson",694192,"MIL","SL","Slider",2.4,6,"259",16.2,"80","0.303","0.618","0.413",34,22.5,21.4,"0.247","0.461","0.319",27.6
"Frelick, Sal",686217,"MIL","SI","Sinker",-0.8,-2,"266",17.7,"80","0.271","0.329","0.306",9.6,10,14.5,"0.238","0.303","0.284",26.6
"Sanoja, Javier",691594,"MIA","FF","4-Seam Fastball",-0.2,-1,"273",35.5,"80","0.257","0.386","0.331",8.4,12.5,14.3,"0.274","0.386","0.323",50
"Wagaman, Eric",676572,"MIA","SI","Sinker",-2,-5,"257",18.3,"80","0.247","0.325","0.267",6.5,15,23.1,"0.275","0.414","0.31",56.9
"Swanson, Dansby",621020,"CHC","SI","Sinker",0.9,3,"284",16.7,"79","0.306","0.5","0.4",19.1,16.5,27.1,"0.332","0.597","0.42",47.5
"Rodríguez, Julio",677594,"SEA","SL","Slider",-1,-3,"255",15.2,"79","0.205","0.329","0.286",33.8,21.5,26.6,"0.226","0.4","0.308",39.3
"Seager, Corey",608369,"TEX","FF","4-Seam Fastball",1.4,5,"314",25.8,"79","0.262","0.492","0.406",31.8,24.1,19,"0.339","0.701","0.496",69
"Machado, Manny",592518,"SD","SL","Slider",2.2,6,"253",14.4,"78","0.319","0.5","0.382",29.6,16.7,16,"0.336","0.582","0.406",38.3
"Alonso, Pete",624413,"NYM","SL","Slider",0.7,2,"307",16.3,"78","0.246","0.492","0.366",33.1,25.6,19.2,"0.281","0.571","0.405",43.5
"Wood, James",695578,"WSH","SL","Slider",0.6,2,"299",15.5,"78","0.21","0.371","0.345",45.5,28.2,24.4,"0.258","0.503","0.399",47.5
"Olson, Matt",621566,"ATL","SI","Sinker",1.1,3,"294",14.4,"78","0.302","0.46","0.4",20.9,16.7,16,"0.354","0.579","0.455",64
"Goodman, Hunter",696100,"COL","SL","Slider",1.6,4,"258",18.7,"78","0.288","0.479","0.397",39.3,26.9,22.6,"0.245","0.41","0.307",50
"Hernández, Teoscar",606192,"LAD","SL","Slider",-0.9,-2,"266",19.7,"77","0.192","0.384","0.266",43.5,36.4,29.8,"0.227","0.382","0.282",42.2
"Nootbaar, Lars",663457,"STL","SI","Sinker",0.2,0,"270",17,"77","0.277","0.385","0.351",11.2,18.2,27.5,"0.266","0.422","0.357",51
"Sweeney, Trey",700242,"DET","FF","4-Seam Fastball",-1,-3,"313",33.5,"77","0.233","0.317","0.323",26.6,23.4,21.4,"0.219","0.283","0.308",43.2
"Kirk, Alejandro",672386,"TOR","SI","Sinker",-0.1,0,"284",21.2,"77","0.352","0.493","0.394",10.7,6.5,10.9,"0.321","0.506","0.38",65.2
"Dubón, Mauricio",643289,"HOU","FF","4-Seam Fastball",-1.6,-4,"267",33.4,"77","0.224","0.313","0.28",17.2,10.4,10.8,"0.255","0.323","0.295",27.9
"Naylor, Josh",647304,"SEA","SL","Slider",-1.6,-4,"237",18.1,"77","0.186","0.3","0.256",31.7,20.8,25,"0.202","0.339","0.27",27.3
"Lowe, Nathaniel",663993,"WSH","SI","Sinker",-0.5,-2,"298",16.1,"77","0.296","0.366","0.347",15.7,13,12,"0.272","0.367","0.31",41
"Betts, Mookie",605141,"LAD","SL","Slider",-2.4,-6,"265",17.3,"76","0.141","0.282","0.203",25.2,14.5,12,"0.199","0.312","0.241",31.1
"Pham, Tommy",502054,"PIT","FF","4-Seam Fastball",0.4,1,"275",26,"76","0.258","0.364","0.343",21.6,21.1,20,"0.285","0.417","0.355",46
"Murphy, Sean",669221,"ATL","FF","4-Seam Fastball",-0.6,-2,"271",26.7,"76","0.203","0.438","0.327",27,31.6,24.5,"0.22","0.445","0.344",48.8
"Judge, Aaron",592450,"NYY","SL","Slider",1.3,5,"350",19.7,"76","0.324","0.559","0.392",42.9,32.9,24.5,"0.257","0.494","0.346",51.1
"Vientos, Mark",668901,"NYM","FF","4-Seam Fastball",-0.4,-1,"283",26.5,"76","0.257","0.5","0.32",24.1,21.1,17.2,"0.234","0.387","0.268",47.5
"Altuve, Jose",514888,"HOU","SI","Sinker",0.5,2,"328",21.4,"76","0.308","0.492","0.386",10.4,9.2,11.3,"0.261","0.403","0.339",37.3
"Friedl, TJ",670770,"CIN","SI","Sinker",-2.1,-6,"287",16.4,"76","0.219","0.234","0.297",5.7,5.3,10,"0.21","0.247","0.26",22.2
"Lopez, Otto",672640,"MIA","SI","Sinker",-1.1,-3,"272",20.1,"76","0.242","0.318","0.341",4.2,5.3,8.2,"0.306","0.523","0.398",50
"Freeman, Tyler",671289,"COL","FF","4-Seam Fastball",1.9,5,"276",32.4,"76","0.397","0.492","0.425",6.1,9.2,8.4,"0.33","0.406","0.382",46.6
"McCutchen, Andrew",457705,"PIT","SI","Sinker",0.1,0,"290",18.8,"76","0.318","0.424","0.374",21.2,11.8,13.8,"0.382","0.569","0.445",64.9
"Duran, Jarren",680776,"BOS","SL","Slider",-1.2,-3,"255",14.2,"76","0.222","0.375","0.277",34.3,34.2,33.8,"0.229","0.353","0.272",50
"Young, Jacob",696285,"WSH","FF","4-Seam Fastball",-0.5,-1,"296",33.1,"76","0.274","0.323","0.337",11,14.5,13.3,"0.317","0.41","0.368",34.5
"Contreras, William",661388,"MIL","SI","Sinker",-0.6,-2,"269",16.1,"75","0.277","0.369","0.319",14.3,10.7,22.2,"0.298","0.431","0.353",55.9
"Vaughn, Andrew",683734,"MIL","FF","4-Seam Fastball",0.2,1,"270",29.2,"75","0.279","0.485","0.354",16.2,16,15.2,"0.288","0.579","0.394",62.1
"Wood, James",695578,"WSH","SI","Sinker",1,3,"308",16,"75","0.343","0.627","0.443",21.8,21.3,23.9,"0.302","0.572","0.403",56.9
"Schanuel, Nolan",694384,"LAA","SI","Sinker",1.3,4,"274",16.3,"75","0.318","0.515","0.443",8.8,12,14.8,"0.281","0.462","0.358",31
"Arias, Gabriel",672356,"CLE","FF","4-Seam Fastball",-0.1,0,"273",25.8,"75","0.185","0.431","0.296",40.6,42.7,30.5,"0.21","0.456","0.331",60
"Thomas, Alek",677950,"AZ","FF","4-Seam Fastball",-0.8,-2,"270",24.9,"75","0.227","0.409","0.315",22.6,30.7,29.5,"0.23","0.445","0.328",51.1
"Soto, Juan",665742,"NYM","SL","Slider",1.1,3,"292",14.8,"75","0.227","0.394","0.312",35.8,30.7,22.8,"0.223","0.393","0.309",43.2
"Peña, Jeremy",665161,"HOU","SI","Sinker",1.8,5,"271",22.9,"75","0.382","0.515","0.431",8.3,10.7,16,"0.34","0.487","0.388",51.7
"Turner, Trea",607208,"PHI","SL","Slider",0.5,1,"293",16.6,"75","0.232","0.42","0.313",34.5,24,16.2,"0.231","0.434","0.305",36.5
"Arozarena, Randy",668227,"SEA","SL","Slider",-0.2,-1,"272",14.6,"75","0.215","0.338","0.299",39.7,40,30.6,"0.216","0.306","0.288",37.1
"Rooker, Brent",667670,"ATH","SL","Slider",2.8,7,"268",15.6,"75","0.319","0.667","0.436",45,28,24.1,"0.269","0.606","0.393",45.8
"Garcia, Maikel",672580,"KC","SI","Sinker",0.7,2,"302",19,"75","0.353","0.529","0.41",7.6,10.7,14.5,"0.301","0.46","0.36",60
"Kiner-Falefa, Isiah",643396,"PIT","FF","4-Seam Fastball",0.3,1,"291",25,"75","0.354","0.446","0.379",14.8,17.3,16.3,"0.303","0.374","0.338",30.9
"Laureano, Ramón",657656,"BAL","FF","4-Seam Fastball",1.3,5,"345",30,"75","0.281","0.484","0.384",30.4,28,18.4,"0.298","0.608","0.418",59.1
"Baldwin, Brooks",681460,"CWS","FF","4-Seam Fastball",-1.4,-4,"307",43.1,"75","0.169","0.308","0.251",28,33.3,28.7,"0.18","0.353","0.271",39.5
"Happ, Ian",664023,"CHC","CH","Changeup",-2.1,-6,"286",15.9,"74","0.13","0.159","0.166",30,21.6,18.6,"0.208","0.274","0.242",32.1
"Abrams, CJ",682928,"WSH","SI","Sinker",1.6,3,"208",14.2,"74","0.297","0.5","0.379",11.8,13.5,19.6,"0.29","0.448","0.363",40
"Schwarber, Kyle",656941,"PHI","SI","Sinker",3.2,10,"310",15.8,"74","0.323","0.742","0.484",17.1,12.2,14.5,"0.358","0.8","0.517",66
"Goldschmidt, Paul",502671,"NYY","SI","Sinker",-0.3,-1,"236",15.7,"74","0.284","0.463","0.358",15.7,13.5,21.3,"0.253","0.42","0.318",41.4
"Kelly, Carson",608348,"CHC","FF","4-Seam Fastball",0.3,1,"268",25.1,"74","0.237","0.492","0.379",16.3,21.6,19.3,"0.212","0.377","0.322",40
"Butler, Lawrence",671732,"ATH","CH","Changeup",-1.8,-5,"276",15.4,"74","0.149","0.224","0.224",42.3,29.7,25,"0.168","0.223","0.219",28.9
"Herrera, Iván",671056,"STL","FF","4-Seam Fastball",1,3,"272",30.2,"74","0.297","0.375","0.345",12.2,16.2,11.8,"0.275","0.443","0.35",45.3
"Thaiss, Matt",642136,"TB","FF","4-Seam Fastball",0,0,"345",46.4,"74","0.185","0.241","0.333",31.9,20.3,13.8,"0.187","0.288","0.33",37.5
"Tauchman, Mike",643565,"CWS","FF","4-Seam Fastball",0.9,3,"349",37.5,"74","0.308","0.477","0.381",26.1,31.1,19.3,"0.292","0.469","0.369",66.7
"Robert Jr., Luis",673357,"CWS","FF","4-Seam Fastball",0.3,1,"283",24.1,"74","0.222","0.413","0.326",25.7,31.1,22.8,"0.216","0.463","0.327",45.2
"Durbin, Caleb",702332,"MIL","SI","Sinker",1.7,4,"232",21.5,"74","0.367","0.467","0.437",7.2,4.1,10.7,"0.286","0.351","0.353",32.8
"Crawford, J.P.",641487,"SEA","SI","Sinker",-0.8,-2,"282",15.1,"74","0.234","0.313","0.308",13.2,9.5,12.3,"0.279","0.407","0.344",44.8
"Ramírez, Agustín",682663,"MIA","SI","Sinker",-2.4,-5,"215",17.8,"74","0.2","0.371","0.267",12.6,10.8,27.6,"0.279","0.389","0.31",40.3
"Semien, Marcus",543760,"TEX","SL","Slider",-1.8,-5,"308",17.8,"74","0.141","0.25","0.228",37.2,29.7,24.7,"0.196","0.341","0.29",37.2
"Smith, Cam",701358,"HOU","SL","Slider",-2.1,-6,"290",19.6,"74","0.141","0.268","0.193",37.4,36.5,26.5,"0.174","0.306","0.222",31.8
"Raleigh, Cal",663728,"SEA","CH","Changeup",0.8,2,"291",15.8,"74","0.232","0.464","0.301",36.1,20.3,16,"0.231","0.424","0.293",39.3
"Adell, Jo",666176,"LAA","SI","Sinker",-1,-3,"247",17.4,"74","0.227","0.318","0.304",17.6,16.2,21.4,"0.292","0.471","0.366",51.9
"Adames, Willy",642715,"SF","SL","Slider",0.7,2,"323",17.7,"74","0.227","0.455","0.332",39.2,39.2,26.4,"0.222","0.488","0.34",48.6
"Adames, Willy",642715,"SF","SI","Sinker",0.6,2,"308",16.8,"74","0.233","0.35","0.349",19.2,18.9,20.3,"0.232","0.334","0.33",28.3
"Contreras, Willson",575929,"STL","SL","Slider",0.5,1,"268",16.6,"73","0.273","0.409","0.334",37,21.9,16.8,"0.261","0.498","0.357",37.3
"Ozuna, Marcell",542303,"ATL","SL","Slider",-0.3,-1,"320",18.4,"73","0.175","0.349","0.279",34.2,27.4,17.9,"0.222","0.44","0.318",44.4
"Clement, Ernie",676391,"TOR","SL","Slider",-1.4,-3,"220",17.9,"73","0.209","0.299","0.267",15.9,11,16.3,"0.213","0.293","0.238",19.4
"Ruiz, Keibert",660688,"WSH","FF","4-Seam Fastball",-1.3,-3,"243",27.4,"73","0.239","0.328","0.287",4.4,4.1,5.7,"0.272","0.375","0.305",29.2
"Díaz, Elias",553869,"SD","FF","4-Seam Fastball",-1.2,-3,"291",34.8,"73","0.207","0.345","0.326",36,32.9,27.9,"0.174","0.281","0.292",45.7
"Westburg, Jordan",676059,"BAL","FF","4-Seam Fastball",-0.9,-3,"284",33.3,"73","0.176","0.353","0.28",27,30.1,23.2,"0.201","0.374","0.274",50
"Peña, Jeremy",665161,"HOU","SL","Slider",0.9,2,"232",19.6,"73","0.304","0.449","0.365",35.4,21.9,25,"0.243","0.345","0.278",30.2
"Shaw, Matt",807713,"CHC","FF","4-Seam Fastball",-0.1,0,"293",29.4,"73","0.182","0.364","0.278",17.8,15.1,11.5,"0.259","0.433","0.327",35.7
"Diaz, Yainer",673237,"HOU","SL","Slider",-0.3,-1,"243",20.1,"72","0.2","0.343","0.27",30.8,22.2,22.5,"0.298","0.539","0.363",44.4
"Gurriel Jr., Lourdes",666971,"AZ","SL","Slider",0.5,1,"267",18,"72","0.262","0.446","0.353",32.6,25,20.2,"0.23","0.372","0.3",48.9
"Holliday, Jackson",702616,"BAL","SI","Sinker",1.3,3,"213",13.8,"72","0.317","0.429","0.385",22.8,22.2,30.2,"0.256","0.372","0.323",48.9
"Jung, Josh",673962,"TEX","SI","Sinker",-0.4,-1,"221",18.7,"72","0.279","0.382","0.324",10,13.9,24.4,"0.27","0.386","0.305",44.8
"Urías, Luis",649966,"ATH","FF","4-Seam Fastball",1.2,3,"291",26.1,"72","0.318","0.455","0.367",10.3,13.9,10.9,"0.262","0.402","0.319",33.9
"Neto, Zach",687263,"LAA","SL","Slider",-0.8,-2,"260",17.6,"72","0.246","0.362","0.272",35.3,30.6,22.4,"0.249","0.409","0.297",31.3
"Yelich, Christian",592885,"MIL","SL","Slider",-0.3,-1,"251",14.8,"72","0.246","0.406","0.31",42.4,40.3,32.6,"0.228","0.416","0.29",47.5
"Buxton, Byron",621439,"MIN","SI","Sinker",1.9,5,"248",18.1,"72","0.338","0.615","0.433",17.1,15.3,24.4,"0.259","0.482","0.351",48.1
"Albies, Ozzie",645277,"ATL","CH","Changeup",-1.3,-3,"222",14.1,"72","0.243","0.286","0.263",13.3,4.2,5.8,"0.255","0.342","0.265",25
"Frazier, Adam",624428,"KC","FF","4-Seam Fastball",-0.6,-2,"376",35,"72","0.279","0.361","0.347",17.4,20.8,12.5,"0.248","0.329","0.308",27.7
"Jeffers, Ryan",680777,"MIN","SI","Sinker",-2.8,-8,"278",22.2,"71","0.143","0.254","0.228",7.2,21.1,24.6,"0.198","0.347","0.283",50
"Rojas, Josh",668942,"CWS","FF","4-Seam Fastball",-1.9,-5,"262",36.8,"71","0.172","0.276","0.269",26.8,31,32.8,"0.201","0.304","0.291",44.7
"Meyers, Jake",676694,"HOU","SI","Sinker",-0.1,0,"210",18.3,"71","0.358","0.433","0.372",8.4,14.1,31.3,"0.284","0.387","0.31",48.3
"Perdomo, Geraldo",672695,"AZ","SL","Slider",3.2,8,"241",12.5,"71","0.333","0.474","0.399",14.2,11.3,10.1,"0.322","0.442","0.388",39.2
"Betts, Mookie",605141,"LAD","SI","Sinker",-0.4,-1,"246",16,"71","0.292","0.431","0.345",4.7,8.5,11.3,"0.291","0.423","0.339",40.7
"Williamson, Ben",810938,"SEA","FF","4-Seam Fastball",-1.4,-5,"360",30.8,"71","0.242","0.274","0.296",18,23.9,13.4,"0.22","0.308","0.282",47.8
"Norby, Connor",681393,"MIA","FF","4-Seam Fastball",-0.7,-2,"269",26.9,"71","0.209","0.358","0.293",27.5,26.8,23.2,"0.241","0.433","0.308",41.7
"Turang, Brice",668930,"MIL","SL","Slider",-1.3,-3,"234",13.3,"71","0.2","0.231","0.237",35.2,26.8,21.1,"0.205","0.282","0.251",43.5
"Nimmo, Brandon",607043,"NYM","SL","Slider",-0.4,-1,"224",13.5,"71","0.203","0.449","0.287",32.1,33.8,25,"0.215","0.374","0.253",45.7
"Realmuto, J.T.",592663,"PHI","SI","Sinker",-0.3,-1,"234",16.4,"71","0.304","0.435","0.331",14,11.3,21.6,"0.314","0.465","0.344",42.6
"Soler, Jorge",624585,"LAA","SL","Slider",1.9,5,"283",21.9,"70","0.231","0.554","0.365",39.2,31.4,24.2,"0.205","0.476","0.314",41.9
"Steer, Spencer",668715,"CIN","SI","Sinker",-1.5,-4,"290",19.1,"70","0.246","0.338","0.293",16,12.9,14.8,"0.284","0.389","0.318",26.3
"Winn, Masyn",691026,"STL","SI","Sinker",0.5,1,"259",15.4,"70","0.313","0.484","0.374",11.8,14.3,18.9,"0.298","0.449","0.353",42.6
"Massey, Michael",686681,"KC","FF","4-Seam Fastball",-3.1,-8,"273",36,"70","0.182","0.242","0.207",20.3,12.9,13.6,"0.225","0.333","0.259",34.5
"Witt Jr., Bobby",677951,"KC","SL","Slider",0.2,0,"253",15.3,"70","0.222","0.349","0.294",31.5,21.4,22.1,"0.263","0.517","0.367",46.9
"Carroll, Corbin",682998,"AZ","SL","Slider",-0.3,-1,"274",17.8,"70","0.21","0.403","0.318",29.8,22.9,20.8,"0.28","0.484","0.369",45.7
"Verdugo, Alex",657077,"ATL","FF","4-Seam Fastball",-1.1,-3,"306",34.8,"70","0.25","0.281","0.276",9.3,15.7,14.3,"0.241","0.315","0.278",39.6
"Waters, Drew",671221,"KC","FF","4-Seam Fastball",1,3,"273",34.3,"70","0.323","0.435","0.404",29.3,20,17.3,"0.298","0.427","0.356",27.1
"Clement, Ernie",676391,"TOR","SI","Sinker",1,2,"199",16.2,"70","0.371","0.452","0.387",1.1,1.4,4.2,"0.323","0.408","0.342",26.6
"Doyle, Brenton",686668,"COL","SL","Slider",-0.9,-2,"243",19.2,"70","0.203","0.344","0.254",41.2,34.3,30,"0.184","0.316","0.238",42.9
"Springer, George",543807,"TOR","SL","Slider",1.1,3,"272",17.2,"69","0.222","0.413","0.307",38.7,31.9,26.2,"0.222","0.437","0.315",39
"Campbell, Kristian",692225,"BOS","SI","Sinker",-0.8,-2,"214",20,"69","0.241","0.362","0.335",15.5,15.9,26.8,"0.234","0.29","0.303",34
"Perez, Salvador",521692,"KC","SI","Sinker",1.3,3,"225",15.4,"69","0.292","0.585","0.388",15,8.7,14.3,"0.351","0.674","0.446",52.5
"Schwarber, Kyle",656941,"PHI","SL","Slider",-1,-3,"339",17.2,"69","0.119","0.288","0.246",48.8,36.2,26.6,"0.194","0.391","0.312",58.8
"Bohm, Alec",664761,"PHI","SL","Slider",-0.5,-1,"242",17.8,"69","0.234","0.297","0.304",28.8,21.7,20.3,"0.249","0.372","0.308",38.8
"Bohm, Alec",664761,"PHI","SI","Sinker",-1.7,-4,"216",15.9,"69","0.219","0.406","0.301",4.9,7.2,15.2,"0.308","0.507","0.373",52.5
"O'Hoppe, Logan",681351,"LAA","SI","Sinker",-0.9,-2,"234",18.7,"69","0.333","0.444","0.372",18.1,20.3,26.9,"0.275","0.402","0.325",46.9
"Vázquez, Christian",543877,"MIN","FF","4-Seam Fastball",-2.4,-6,"255",36.1,"69","0.161","0.21","0.243",17.6,23.2,20.5,"0.182","0.267","0.244",21.7
"Story, Trevor",596115,"BOS","SI","Sinker",0.2,0,"244",15.2,"69","0.344","0.469","0.375",15.2,10.1,21.2,"0.349","0.52","0.392",62.1
"Story, Trevor",596115,"BOS","SL","Slider",1.4,4,"258",16.1,"69","0.254","0.556","0.37",36.2,24.6,22.4,"0.269","0.504","0.358",39.1
"Soto, Juan",665742,"NYM","SI","Sinker",-0.5,-2,"330",16.8,"69","0.158","0.228","0.304",14.9,14.5,14.5,"0.24","0.454","0.365",40.4
"Suárez, Eugenio",553993,"AZ","SI","Sinker",1.3,3,"265",15.8,"69","0.267","0.45","0.394",19.2,17.4,21.8,"0.289","0.506","0.395",52.1
"Winn, Masyn",691026,"STL","SL","Slider",0.3,1,"272",16.2,"69","0.269","0.373","0.304",18.8,11.6,8,"0.294","0.378","0.303",32.2
"Albies, Ozzie",645277,"ATL","SI","Sinker",-1.1,-2,"216",13.7,"68","0.236","0.273","0.306",18.3,10.3,13.2,"0.243","0.312","0.323",44.9
"Taylor, Michael A.",572191,"CWS","FF","4-Seam Fastball",-0.5,-1,"274",32.3,"68","0.226","0.403","0.28",33.3,33.8,25.3,"0.261","0.632","0.391",63.4
"Cruz, Oneil",665833,"PIT","SI","Sinker",1,3,"246",15.1,"68","0.291","0.418","0.385",20.2,23.5,24.2,"0.229","0.326","0.318",52.5
"Kirk, Alejandro",672386,"TOR","SL","Slider",-0.8,-2,"262",19.5,"68","0.222","0.27","0.252",20,11.8,9.8,"0.228","0.328","0.273",38.2
"Misner, Kameron",670224,"TB","FF","4-Seam Fastball",-0.2,-1,"268",29.3,"68","0.283","0.483","0.355",28.9,25,19.5,"0.229","0.397","0.3",42.2
"Giménez, Andrés",665926,"TOR","FF","4-Seam Fastball",0.1,0,"328",35.9,"68","0.233","0.417","0.326",25.1,22.1,14.7,"0.25","0.398","0.327",35.6
"Butler, Lawrence",671732,"ATH","SI","Sinker",2,5,"241",13.4,"68","0.339","0.613","0.429",18.8,20.6,28,"0.255","0.426","0.326",43.8
"Kurtz, Nick",701762,"ATH","FF","4-Seam Fastball",1.8,5,"282",25.8,"68","0.327","0.782","0.496",29,25,23.9,"0.305","0.747","0.484",61.5
"Iglesias, Jose",578428,"SD","FF","4-Seam Fastball",-1.7,-5,"317",33.5,"68","0.242","0.306","0.268",14.1,19.1,14,"0.246","0.288","0.262",23.5
"Wilson, Jacob",805779,"ATH","SL","Slider",5.1,11,"212",16.4,"68","0.375","0.672","0.471",10.9,5.9,7.8,"0.329","0.492","0.368",23
"Crawford, J.P.",641487,"SEA","SL","Slider",0.9,2,"226",12.1,"68","0.246","0.361","0.345",21,23.5,20.3,"0.308","0.467","0.375",43.5
"Aranda, Jonathan",666018,"TB","SI","Sinker",-0.4,-1,"240",15,"68","0.271","0.339","0.325",17.3,22.1,22.4,"0.322","0.496","0.396",63.6
"Realmuto, J.T.",592663,"PHI","SL","Slider",0.6,2,"287",20.1,"68","0.27","0.365","0.308",32,30.9,19.8,"0.251","0.366","0.296",45.2
"Soler, Jorge",624585,"LAA","FF","4-Seam Fastball",1,3,"279",21.6,"67","0.283","0.467","0.35",31.7,37.3,25,"0.248","0.511","0.349",47.2
"Swanson, Dansby",621020,"CHC","SL","Slider",0.1,0,"336",19.8,"67","0.226","0.355","0.284",34.9,25.4,15.2,"0.217","0.317","0.264",24.4
"Farmer, Kyle",571657,"COL","FF","4-Seam Fastball",-1,-3,"281",34.2,"67","0.262","0.377","0.304",22.5,22.4,19.5,"0.256","0.358","0.31",38.3
"Riley, Austin",663586,"ATL","SL","Slider",-2.5,-7,"271",16.1,"67","0.169","0.231","0.19",40.9,34.3,25.6,"0.2","0.329","0.239",45.2
"Mastrobuoni, Miles",670156,"SEA","FF","4-Seam Fastball",-1.1,-2,"215",33.6,"67","0.293","0.379","0.328",8.2,10.4,18.4,"0.334","0.463","0.371",50
"Torres, Gleyber",650402,"DET","SI","Sinker",2.3,5,"209",12.7,"67","0.364","0.636","0.475",6.3,4.5,8.1,"0.332","0.581","0.443",55.8
"Rafaela, Ceddanne",678882,"BOS","SL","Slider",1.1,3,"227",16.8,"67","0.288","0.53","0.351",27.7,14.9,12.2,"0.297","0.561","0.367",35.7
"Turang, Brice",668930,"MIL","SI","Sinker",-0.1,0,"234",13.3,"66","0.291","0.364","0.359",8.7,6.1,8.7,"0.284","0.398","0.35",44.2
"Henderson, Gunnar",683002,"BAL","SI","Sinker",-0.6,-1,"245",15.6,"66","0.286","0.321","0.348",10.8,13.6,16.1,"0.299","0.415","0.366",46.8
"Ohtani, Shohei",660271,"LAD","CH","Changeup",0.8,2,"250",13.3,"66","0.186","0.475","0.318",40,33.3,25,"0.254","0.561","0.379",48.6
"Burger, Jake",669394,"TEX","SI","Sinker",-1.5,-3,"198",19.7,"66","0.246","0.361","0.31",11.6,13.6,20.5,"0.322","0.513","0.382",55.8
"Arenado, Nolan",571448,"STL","SL","Slider",-1.4,-4,"261",19,"66","0.175","0.333","0.27",30,15.2,13.2,"0.238","0.379","0.315",33.3
"Campbell, Kristian",692225,"BOS","FF","4-Seam Fastball",1.2,3,"262",24.5,"66","0.283","0.5","0.38",17.7,33.3,24.2,"0.235","0.382","0.303",57.9
"Judge, Aaron",592450,"NYY","SI","Sinker",5.4,12,"230",12.9,"66","0.484","0.79","0.57",13.5,12.1,17.4,"0.444","0.904","0.576",61.1
"Bart, Joey",663698,"PIT","FF","4-Seam Fastball",1.7,4,"255",27.2,"66","0.315","0.444","0.397",22.9,21.2,20.3,"0.292","0.515","0.406",47.5
"Carter, Evan",694497,"TEX","FF","4-Seam Fastball",-0.1,0,"212",32.4,"66","0.246","0.421","0.341",17.9,15.2,17.5,"0.235","0.394","0.327",38.3
"Lowe, Brandon",664040,"TB","CH","Changeup",1.9,4,"198",14.9,"66","0.302","0.556","0.383",31.5,18.2,21.8,"0.298","0.517","0.352",36.5
"García, Adolis",666969,"TEX","SI","Sinker",0.5,1,"276",17,"66","0.322","0.593","0.414",15,6.1,8.9,"0.376","0.751","0.495",63.2
"Kepler, Max",596146,"PHI","SL","Slider",0.1,0,"208",15.5,"66","0.175","0.421","0.309",31.3,22.7,22.1,"0.223","0.407","0.326",47.6
"Soler, Jorge",624585,"LAA","SI","Sinker",0.3,1,"256",19.8,"66","0.189","0.34","0.348",14.7,19.7,28.9,"0.24","0.367","0.347",46.3
"Tucker, Kyle",663656,"CHC","SL","Slider",-0.5,-1,"252",14.2,"66","0.23","0.426","0.299",27.6,21.2,17.7,"0.248","0.397","0.297",25
"Torres, Gleyber",650402,"DET","SL","Slider",-2,-5,"270",16.4,"65","0.148","0.23","0.208",21.9,20,14.8,"0.191","0.295","0.236",29.2
"Caminero, Junior",691406,"TB","SL","Slider",2.3,6,"253",16.3,"65","0.311","0.557","0.395",24.2,24.6,21.6,"0.254","0.457","0.315",51.1
"Soderstrom, Tyler",691016,"ATH","SI","Sinker",-0.3,-1,"246",15.8,"65","0.305","0.458","0.352",18.4,20,22,"0.277","0.458","0.345",55.3
"Pasquantino, Vinnie",686469,"KC","CH","Changeup",0.5,1,"221",13.6,"65","0.242","0.355","0.279",29.7,20,16.5,"0.239","0.385","0.285",34.7
"Marte, Starling",516782,"NYM","FF","4-Seam Fastball",0.6,1,"251",33.1,"65","0.304","0.411","0.374",11.3,13.8,12,"0.26","0.371","0.336",43.8
"Soderstrom, Tyler",691016,"ATH","CH","Changeup",0.7,2,"242",15.6,"65","0.2","0.383","0.282",22.4,13.8,12.7,"0.246","0.444","0.324",39.2
"Acuña Jr., Ronald",660670,"ATL","FF","4-Seam Fastball",2.6,7,"256",26,"65","0.245","0.509","0.388",40.4,36.9,27.6,"0.208","0.519","0.375",58.6
"Straw, Myles",664702,"TOR","FF","4-Seam Fastball",-0.9,-2,"253",33,"65","0.224","0.328","0.285",19.8,21.5,18.7,"0.23","0.422","0.305",34.8
"Hayes, Ke'Bryan",663647,"PIT","SL","Slider",1.1,2,"222",15.5,"65","0.276","0.431","0.347",35.1,20,20,"0.28","0.388","0.332",51.1
"Sheets, Gavin",657757,"SD","SL","Slider",-1.9,-5,"290",18,"65","0.167","0.233","0.193",28.4,23.1,15.2,"0.265","0.408","0.306",42.6
"Olson, Matt",621566,"ATL","SL","Slider",1.5,5,"302",14.8,"65","0.262","0.508","0.348",27.3,27.7,17.8,"0.255","0.534","0.354",53.5
"Grisham, Trent",663757,"NYY","SI","Sinker",-0.7,-2,"248",17.6,"64","0.208","0.226","0.323",11.5,15.6,18.2,"0.306","0.466","0.394",39.5
"Lindor, Francisco",596019,"NYM","CH","Changeup",-1.3,-3,"258",13.7,"64","0.206","0.254","0.213",19,12.5,10,"0.233","0.356","0.259",34.5
"García Jr., Luis",671277,"WSH","FF","4-Seam Fastball",-0.3,-1,"317",24.9,"64","0.273","0.436","0.348",17.1,10.9,8.2,"0.326","0.581","0.426",59.2
"Castellanos, Nick",592206,"PHI","SI","Sinker",1.7,3,"188",12.2,"64","0.339","0.525","0.405",8.6,7.8,15.2,"0.379","0.597","0.44",40.7
"Williamson, Ben",810938,"SEA","SL","Slider",-3.9,-8,"206",17.7,"64","0.127","0.143","0.129",32.1,25,18.6,"0.208","0.28","0.218",34
"Guerrero Jr., Vladimir",665489,"TOR","SL","Slider",2.2,5,"236",13.8,"64","0.3","0.483","0.373",23.8,12.5,14.5,"0.322","0.583","0.405",48.1
"Taveras, Leody",665750,"SEA","FF","4-Seam Fastball",-2.3,-7,"281",40.5,"64","0.234","0.328","0.245",26.1,34.4,25,"0.179","0.326","0.213",38.1
"Naylor, Josh",647304,"SEA","SI","Sinker",2.2,4,"182",13.9,"64","0.339","0.464","0.397",16.2,15.6,27,"0.297","0.491","0.372",51.1
"Chapman, Matt",656305,"SF","SI","Sinker",1.9,4,"223",15.6,"64","0.333","0.481","0.408",10.1,12.5,18.2,"0.285","0.449","0.373",65.2
"Polanco, Jorge",593871,"SEA","CH","Changeup",0.4,1,"222",18.1,"64","0.207","0.397","0.275",35.5,15.6,13.3,"0.246","0.42","0.313",26
"Torrens, Luis",620443,"NYM","FF","4-Seam Fastball",-1.8,-5,"270",31.9,"64","0.22","0.288","0.273",14.6,21.9,18.7,"0.287","0.512","0.367",62.2
"García Jr., Luis",671277,"WSH","SI","Sinker",-0.8,-1,"178",14,"64","0.281","0.474","0.331",10.7,9.4,17.1,"0.304","0.522","0.367",51.9
"Donovan, Brendan",680977,"STL","SL","Slider",-1.2,-2,"212",13.1,"64","0.25","0.3","0.253",18.8,18.8,16.7,"0.269","0.39","0.296",42
"Trout, Mike",545361,"LAA","SI","Sinker",0,0,"227",14.9,"63","0.286","0.464","0.364",8.8,20.6,31.7,"0.297","0.45","0.362",46.5
"McCutchen, Andrew",457705,"PIT","SL","Slider",0.1,0,"288",18.6,"63","0.192","0.327","0.306",40.2,27,17.5,"0.249","0.411","0.354",31.4
"Rice, Ben",700250,"NYY","SL","Slider",-0.2,0,"215",17.5,"63","0.185","0.352","0.309",41,38.1,36.9,"0.195","0.38","0.308",46.7
"Perdomo, Geraldo",672695,"AZ","SI","Sinker",0,0,"227",11.7,"63","0.302","0.396","0.368",11.3,17.5,21.2,"0.214","0.289","0.294",50
"Reynolds, Bryan",668804,"PIT","SL","Slider",-1.4,-3,"237",14,"63","0.183","0.383","0.248",35.1,38.1,26.4,"0.248","0.56","0.345",51.4
"Bleday, JJ",668709,"ATH","FF","4-Seam Fastball",0.8,2,"240",27.2,"63","0.278","0.519","0.378",8.3,20.6,22,"0.21","0.369","0.307",47.6
"Ohtani, Shohei",660271,"LAD","SL","Slider",4.1,12,"298",15.8,"63","0.364","0.836","0.526",43,23.8,16.3,"0.338","0.833","0.508",63.4
"O'Hoppe, Logan",681351,"LAA","FF","4-Seam Fastball",-0.8,-2,"313",25,"63","0.237","0.39","0.297",25.5,36.5,23.2,"0.258","0.503","0.344",55.6
"Nimmo, Brandon",607043,"NYM","SI","Sinker",1.7,4,"224",13.5,"63","0.309","0.509","0.395",11.5,11.1,11.3,"0.332","0.544","0.415",50
"Ramírez, Agustín",682663,"MIA","SL","Slider",-2,-5,"239",19.8,"63","0.194","0.323","0.228",31.1,22.2,21.2,"0.209","0.337","0.239",37.5
"Baldwin, Drake",686948,"ATL","SI","Sinker",-0.9,-2,"229",22.7,"63","0.231","0.269","0.319",8.7,11.1,12.5,"0.279","0.383","0.358",46.7
"Paredes, Isaac",670623,"HOU","SL","Slider",-0.8,-3,"332",18.4,"62","0.182","0.255","0.248",21.1,12.9,7.7,"0.248","0.33","0.3",27.7
"Witt Jr., Bobby",677951,"KC","SI","Sinker",-0.5,-1,"215",13,"62","0.278","0.481","0.349",14.7,9.7,16.2,"0.321","0.546","0.424",62
"Higashioka, Kyle",543309,"TEX","FF","4-Seam Fastball",-1.4,-3,"221",29,"62","0.267","0.383","0.284",7,14.5,15,"0.274","0.441","0.306",42.3
"Pagés, Pedro",686780,"STL","SI","Sinker",-1.5,-4,"241",23,"62","0.218","0.291","0.296",13.9,9.7,14.6,"0.237","0.371","0.31",38.8
"Garcia, Maikel",672580,"KC","SL","Slider",-0.6,-1,"249",15.7,"62","0.293","0.362","0.304",23,11.3,13,"0.292","0.419","0.318",38.5
"Kjerstad, Heston",677008,"BAL","FF","4-Seam Fastball",-1,-2,"238",38.3,"62","0.218","0.345","0.294",20.3,22.6,20,"0.305","0.563","0.406",46.3
"Crow-Armstrong, Pete",691718,"CHC","SL","Slider",1,2,"216",14,"62","0.268","0.482","0.318",35.4,29,23.1,"0.186","0.334","0.242",34.1
"Espinal, Santiago",669289,"CIN","SI","Sinker",0.9,2,"206",17.8,"62","0.385","0.404","0.429",7.3,4.8,7.9,"0.3","0.371","0.345",31.4
"Cruz, Oneil",665833,"PIT","CU","Curveball",-1,-3,"278",17.1,"62","0.145","0.2","0.193",44.1,43.5,26.2,"0.151","0.281","0.23",46.7
"Busch, Michael",683737,"CHC","SL","Slider",1.7,4,"238",15.8,"62","0.188","0.375","0.371",41.1,33.9,23.3,"0.199","0.43","0.363",40.7
"Ortiz, Joey",687401,"MIL","SL","Slider",-1.2,-3,"223",17,"62","0.211","0.228","0.243",21.4,12.9,10.1,"0.275","0.333","0.292",26
"Robert Jr., Luis",673357,"CWS","SL","Slider",-1.8,-4,"201",17.1,"62","0.172","0.259","0.223",40,32.3,31.3,"0.234","0.401","0.297",34.2
"Arenado, Nolan",571448,"STL","SI","Sinker",-2.1,-5,"245",17.8,"62","0.254","0.288","0.256",5,4.8,8.3,"0.287","0.381","0.3",47.4
"Young, Jacob",696285,"WSH","SI","Sinker",-1.4,-2,"170",19,"62","0.327","0.382","0.355",3.7,8.1,17.2,"0.298","0.348","0.311",37.7
"Harper, Bryce",547180,"PHI","SL","Slider",-0.2,-1,"245",18.7,"61","0.2","0.436","0.324",46.3,29.5,21.4,"0.219","0.406","0.308",43.2
"Bader, Harrison",664056,"MIN","SI","Sinker",3,6,"206",17.2,"61","0.4","0.564","0.462",3.4,3.3,4.9,"0.32","0.488","0.382",39.6
"Smith, Will",669257,"LAD","SI","Sinker",-0.7,-2,"234",16.2,"61","0.321","0.429","0.335",9.9,11.5,13.2,"0.355","0.544","0.388",56.9
"Riley, Austin",663586,"ATL","SI","Sinker",2.6,7,"265",15.7,"61","0.393","0.679","0.48",21.5,16.4,18.2,"0.326","0.613","0.438",57.4
"Burleson, Alec",676475,"STL","SI","Sinker",-1.7,-3,"201",15.9,"61","0.291","0.382","0.349",10.5,3.3,4.3,"0.273","0.422","0.33",35.2
"Pham, Tommy",502054,"PIT","SI","Sinker",0.2,0,"240",22.7,"61","0.291","0.345","0.358",10.5,13.1,15.1,"0.269","0.333","0.306",59.6
"Greene, Riley",682985,"DET","SI","Sinker",-0.5,-1,"273",15.2,"61","0.281","0.368","0.326",13.8,18,13.9,"0.218","0.3","0.254",41.3
"Torkelson, Spencer",679529,"DET","SL","Slider",1,3,"262",15.5,"61","0.259","0.517","0.345",35.7,36.1,26.8,"0.232","0.432","0.3",50
"Rafaela, Ceddanne",678882,"BOS","SI","Sinker",-1.6,-4,"223",16.5,"61","0.268","0.304","0.298",17.1,9.8,14.6,"0.272","0.382","0.31",49
"Young, Cole",702284,"SEA","FF","4-Seam Fastball",-2.2,-5,"236",40.3,"61","0.214","0.25","0.246",26.7,19.7,21.8,"0.213","0.332","0.27",29.5
"Pagés, Pedro",686780,"STL","FF","4-Seam Fastball",-2.4,-7,"303",28.9,"61","0.161","0.232","0.205",15.1,23,15.1,"0.202","0.307","0.248",48.8
"Beck, Jordan",687597,"COL","SI","Sinker",-0.5,-1,"250",16.8,"61","0.304","0.411","0.357",13.3,18,22.4,"0.273","0.372","0.311",44.4
"Lopez, Otto",672640,"MIA","SL","Slider",0.1,0,"246",18.2,"61","0.259","0.414","0.339",33.3,18,17.5,"0.283","0.489","0.346",34
"Carroll, Corbin",682998,"AZ","SI","Sinker",0,0,"212",13.8,"61","0.231","0.442","0.344",19,23,27.5,"0.22","0.317","0.3",44.7
"Rocchio, Brayan",677587,"CLE","FF","4-Seam Fastball",-1.5,-4,"245",38.2,"61","0.176","0.255","0.263",17.2,14.8,15,"0.225","0.348","0.313",41.9
"Edwards, Xavier",669364,"MIA","SI","Sinker",-1,-2,"197",13.8,"61","0.293","0.31","0.289",6.3,14.8,22,"0.236","0.3","0.247",34
"Walker, Christian",572233,"HOU","SL","Slider",-0.5,-1,"262",15.8,"61","0.207","0.345","0.274",37.1,27.9,18.3,"0.263","0.507","0.343",51.2
"Meidroth, Chase",805367,"CWS","SI","Sinker",-0.1,0,"304",21.7,"61","0.321","0.411","0.358",13,8.2,8.9,"0.323","0.394","0.345",52.9
"Smith, Will",669257,"LAD","SL","Slider",4.4,11,"255",17.7,"60","0.404","0.66","0.498",24.5,16.7,13.7,"0.285","0.539","0.413",39.5
"Bellinger, Cody",641355,"NYY","SI","Sinker",0.3,1,"220",13.5,"60","0.353","0.49","0.404",10,5,7.3,"0.345","0.488","0.397",49
"Smith, Josh",669701,"TEX","CH","Changeup",-0.6,-1,"177",12,"60","0.161","0.304","0.244",19.3,11.7,12.7,"0.235","0.34","0.276",26.5
"Burger, Jake",669394,"TEX","FF","4-Seam Fastball",-2.4,-5,"228",22.7,"60","0.158","0.298","0.222",27.2,33.3,24.7,"0.231","0.487","0.31",55.3
"Moore, Dylan",664238,"SEA","FF","4-Seam Fastball",-1.3,-4,"278",34.2,"60","0.083","0.208","0.225",48.6,43.3,26.8,"0.108","0.269","0.254",26.1
"Andujar, Miguel",609280,"ATH","FF","4-Seam Fastball",1.4,3,"175",23,"60","0.333","0.444","0.379",10.1,5,6,"0.267","0.428","0.331",44.2
"Soderstrom, Tyler",691016,"ATH","SL","Slider",0.8,2,"221",14.2,"60","0.214","0.446","0.311",26.9,23.3,22.2,"0.275","0.594","0.387",35.7
"Yelich, Christian",592885,"MIL","SI","Sinker",-0.4,-1,"263",15.5,"60","0.2","0.34","0.314",22.8,20,18.5,"0.267","0.417","0.361",52.6
"Ohtani, Shohei",660271,"LAD","SI","Sinker",2.1,5,"262",13.9,"60","0.296","0.611","0.413",20.8,28.3,29.3,"0.256","0.553","0.375",40.5
"Tucker, Kyle",663656,"CHC","SI","Sinker",1.2,2,"208",11.7,"60","0.358","0.547","0.415",8.7,5,8.1,"0.38","0.646","0.457",52.9
"France, Ty",664034,"MIN","SL","Slider",-0.6,-1,"217",14.9,"60","0.22","0.424","0.279",27.6,21.7,15.1,"0.296","0.661","0.405",58.7
"Garver, Mitch",641598,"SEA","FF","4-Seam Fastball",-1.9,-4,"221",28.3,"60","0.158","0.316","0.224",21.1,31.7,25,"0.204","0.456","0.298",50
"Scott II, Victor",687363,"STL","SL","Slider",-0.9,-2,"205",15.4,"60","0.222","0.315","0.266",37.5,33.3,28.6,"0.23","0.307","0.264",16.7
"Holliday, Jackson",702616,"BAL","SL","Slider",1.5,3,"206",13.3,"60","0.281","0.561","0.372",31.3,25,19.2,"0.262","0.474","0.33",50
"Steer, Spencer",668715,"CIN","SL","Slider",0,0,"238",15.6,"60","0.237","0.407","0.297",35.8,26.7,18.2,"0.226","0.358","0.257",37.2
"Fermin, Freddy",666023,"KC","FF","4-Seam Fastball",-1.1,-3,"249",30,"59","0.291","0.345","0.303",21.4,22,12.5,"0.271","0.331","0.283",39.5
"Mountcastle, Ryan",663624,"BAL","FF","4-Seam Fastball",-1.2,-3,"255",33.3,"59","0.196","0.255","0.272",21.7,22,16,"0.291","0.501","0.368",57.5
"Meyers, Jake",676694,"HOU","SL","Slider",-1,-2,"189",16.4,"59","0.255","0.382","0.303",36.5,27.1,30.8,"0.27","0.378","0.309",22.5
"Ohtani, Shohei",660271,"LAD","CU","Curveball",4.6,9,"195",10.3,"59","0.292","0.667","0.456",41.2,35.6,28,"0.272","0.644","0.44",59.3
"Meidroth, Chase",805367,"CWS","SL","Slider",-1.3,-3,"215",15.3,"59","0.226","0.264","0.254",28.1,18.6,15.7,"0.235","0.291","0.271",25.6
"Freeman, Tyler",671289,"COL","SI","Sinker",0.7,1,"174",20.4,"59","0.308","0.385","0.366",4.9,6.8,10.8,"0.279","0.363","0.328",33.3
"Reynolds, Bryan",668804,"PIT","CH","Changeup",-0.2,-1,"262",15.5,"59","0.259","0.315","0.291",28.8,8.5,8.8,"0.238","0.306","0.275",22.4
"Morel, Christopher",666624,"TB","FF","4-Seam Fastball",0.4,1,"211",27.7,"59","0.196","0.392","0.308",36,35.6,28.8,"0.228","0.605","0.394",56.7
"O'Hearn, Ryan",656811,"BAL","SI","Sinker",0,0,"182",13.5,"59","0.277","0.319","0.353",8.5,10.2,11.8,"0.325","0.422","0.4",48.8
"Fraley, Jake",641584,"CIN","FF","4-Seam Fastball",0.4,1,"203",31.2,"58","0.298","0.426","0.387",13.7,13.8,14.8,"0.3","0.425","0.385",38.5
"Pérez, Wenceel",672761,"DET","FF","4-Seam Fastball",-0.1,0,"236",34.9,"58","0.25","0.5","0.343",20.6,15.5,12,"0.284","0.507","0.361",45.5
"Chapman, Matt",656305,"SF","SL","Slider",1.4,4,"244",17,"58","0.22","0.52","0.373",31.3,25.9,18.1,"0.261","0.59","0.416",51.4
"Refsnyder, Rob",608701,"BOS","FF","4-Seam Fastball",0.7,1,"194",32.2,"58","0.271","0.438","0.359",28.3,29.3,20,"0.252","0.409","0.342",62.5
"De La Cruz, Elly",682829,"CIN","SL","Slider",-0.4,-1,"213",12.2,"58","0.245","0.358","0.287",29.2,27.6,22.5,"0.248","0.343","0.289",47.4
"Doyle, Brenton",686668,"COL","SI","Sinker",0.1,0,"200",15.8,"58","0.321","0.396","0.364",7.2,10.3,19.4,"0.32","0.515","0.386",48.9
"Maldonado, Martín",455117,"SD","FF","4-Seam Fastball",-0.8,-2,"192",34.7,"58","0.208","0.358","0.266",33.7,39.7,41.1,"0.233","0.469","0.319",37.5
"Arraez, Luis",650333,"SD","SL","Slider",0.1,0,"209",13.3,"58","0.302","0.415","0.339",8.3,1.7,1.5,"0.26","0.34","0.281",9.3
"Muncy, Max",691777,"ATH","FF","4-Seam Fastball",2.3,5,"201",25.2,"58","0.296","0.611","0.403",26.2,34.5,27.8,"0.241","0.503","0.338",44.1
"Rengifo, Luis",650859,"LAA","SL","Slider",-3,-6,"212",16,"58","0.132","0.151","0.191",23.7,25.9,21.1,"0.195","0.273","0.244",23.7
"O'Hoppe, Logan",681351,"LAA","SL","Slider",-3.2,-8,"252",20.1,"58","0.127","0.182","0.152",46,43.1,29.4,"0.168","0.281","0.217",51.6
"Perez, Salvador",521692,"KC","SL","Slider",-1.5,-3,"232",15.9,"58","0.207","0.431","0.267",36.6,24.1,15.6,"0.269","0.537","0.339",47.7
"Baldwin, Drake",686948,"ATL","FF","4-Seam Fastball",1.6,4,"241",23.9,"58","0.36","0.52","0.426",18.2,12.1,11.5,"0.304","0.472","0.382",60.5
"Abrams, CJ",682928,"WSH","SL","Slider",0.7,2,"237",16.2,"58","0.278","0.5","0.355",30.2,20.7,16.2,"0.274","0.449","0.335",35.7
"Perdomo, Geraldo",672695,"AZ","CH","Changeup",1.1,2,"164",8.5,"58","0.229","0.396","0.322",16.9,10.3,9.2,"0.203","0.339","0.299",38.6
"Crow-Armstrong, Pete",691718,"CHC","CH","Changeup",1.8,3,"172",11.2,"58","0.293","0.466","0.356",20.3,8.6,9.1,"0.326","0.55","0.371",47.2
"Triolo, Jared",669707,"PIT","FF","4-Seam Fastball",-2,-4,"199",33.1,"58","0.196","0.333","0.271",14.5,17.2,16.9,"0.246","0.421","0.322",42.9
"Greene, Riley",682985,"DET","CH","Changeup",1.6,4,"220",12.2,"58","0.304","0.536","0.369",38.5,27.6,22.2,"0.267","0.515","0.341",52.5
"Reynolds, Bryan",668804,"PIT","CU","Curveball",-1.7,-4,"206",12.2,"57","0.145","0.218","0.192",39.8,43.9,34.7,"0.162","0.263","0.198",30
"McKinstry, Zach",656716,"DET","SI","Sinker",1.2,2,"177",12.4,"57","0.277","0.426","0.387",12.5,10.5,15.8,"0.257","0.308","0.326",29.3
"Fitzgerald, Tyler",666149,"SF","FF","4-Seam Fastball",-2.7,-6,"228",26.8,"57","0.167","0.208","0.241",22.3,24.6,17.9,"0.23","0.351","0.298",37.8
"Devers, Rafael",646240,"SF","SL","Slider",3.2,7,"213",10.6,"57","0.277","0.638","0.448",30.1,24.6,14.6,"0.259","0.555","0.408",50
"Lowe, Josh",666139,"TB","FF","4-Seam Fastball",1.1,3,"296",29.3,"57","0.292","0.521","0.389",21.8,17.5,10.1,"0.323","0.53","0.418",48.7
"Gurriel Jr., Lourdes",666971,"AZ","SI","Sinker",1.1,2,"214",14.4,"57","0.309","0.527","0.384",5.3,1.8,2.7,"0.354","0.545","0.394",50
"Mangum, Jake",663968,"TB","FF","4-Seam Fastball",1.9,5,"257",30.3,"57","0.429","0.51","0.467",20.3,17.5,11.6,"0.347","0.438","0.388",40
"Muncy, Max",571970,"LAD","SL","Slider",-1.2,-3,"221",16.3,"57","0.16","0.26","0.244",30.2,35.1,27.8,"0.202","0.404","0.31",60
"Grichuk, Randal",545341,"KC","FF","4-Seam Fastball",0.1,0,"212",30.4,"57","0.26","0.5","0.354",17.1,15.8,16.1,"0.295","0.6","0.405",47.6
"García Jr., Luis",671277,"WSH","CU","Curveball",-0.9,-2,"182",14.3,"57","0.218","0.345","0.261",22.4,10.5,8.8,"0.267","0.426","0.306",34
"Larnach, Trevor",663616,"MIN","SI","Sinker",0.8,2,"218",14.3,"57","0.306","0.408","0.397",16.9,14,16.7,"0.263","0.352","0.328",58.5
"Freeman, Freddie",518692,"LAD","SI","Sinker",1.5,3,"179",11.9,"57","0.294","0.51","0.383",24.2,19.3,22.9,"0.317","0.525","0.397",58.5
"Seager, Corey",608369,"TEX","SL","Slider",3.4,8,"218",17.9,"57","0.309","0.727","0.44",34.9,26.3,23.8,"0.325","0.761","0.462",67.5
"Hoerner, Nico",663538,"CHC","SL","Slider",-0.6,-1,"242",16.5,"57","0.25","0.308","0.289",22.8,12.3,9.2,"0.269","0.325","0.284",17.4
"Yelich, Christian",592885,"MIL","FC","Cutter",1.3,3,"206",12.2,"57","0.298","0.532","0.414",25,10.5,12.5,"0.322","0.584","0.439",43.9
"Robert Jr., Luis",673357,"CWS","SI","Sinker",-0.8,-2,"229",19.5,"57","0.2","0.244","0.339",13.3,10.5,15.4,"0.295","0.415","0.391",43.6
"Marte, Ketel",606466,"AZ","SL","Slider",1.5,3,"207",16.9,"57","0.208","0.458","0.345",22.5,17.5,15.9,"0.298","0.614","0.433",47.4
"Ramírez, José",608070,"CLE","SI","Sinker",5.3,10,"190",11.3,"57","0.346","0.788","0.509",5.6,5.3,7.9,"0.318","0.577","0.407",49
"Langeliers, Shea",669127,"ATH","SL","Slider",0.7,1,"210",17.8,"57","0.264","0.509","0.341",26.2,14,12.5,"0.263","0.438","0.322",37
"Goldschmidt, Paul",502671,"NYY","SL","Slider",0.2,0,"238",15.9,"57","0.255","0.382","0.279",28.1,29.8,24.3,"0.305","0.458","0.34",39.5
"Urías, Ramón",602104,"BAL","SI","Sinker",-0.8,-2,"206",18.6,"56","0.327","0.408","0.346",9.3,5.4,8.3,"0.302","0.441","0.345",45.8
"Murphy, Sean",669221,"ATL","SI","Sinker",2.6,5,"210",20.7,"56","0.37","0.565","0.481",12,12.5,13.7,"0.288","0.48","0.393",33.3
"Taylor, Tyrone",621438,"NYM","SL","Slider",-0.3,-1,"196",18.2,"56","0.264","0.358","0.297",36.3,26.8,25.4,"0.311","0.452","0.339",43.6
"Olson, Matt",621566,"ATL","CH","Changeup",2.1,4,"187",9.2,"56","0.265","0.367","0.329",22.9,19.6,16.2,"0.252","0.451","0.348",52.6
"Sosa, Lenyn",672820,"CWS","SI","Sinker",-2.1,-4,"185",15.2,"56","0.269","0.327","0.31",10.8,12.5,18.4,"0.299","0.414","0.334",57.8
"Trevino, Jose",624431,"CIN","FF","4-Seam Fastball",-2.2,-5,"226",32.6,"56","0.216","0.314","0.259",10.3,10.7,12.5,"0.231","0.412","0.3",43.5
"Herrera, Jose",645444,"AZ","FF","4-Seam Fastball",0.5,1,"258",35.8,"56","0.237","0.421","0.352",12.1,12.5,10.9,"0.202","0.292","0.318",30.8
"Norby, Connor",681393,"MIA","SI","Sinker",-0.7,-1,"183",18.3,"56","0.32","0.38","0.384",12.1,8.9,12.8,"0.321","0.49","0.385",35.6
"Díaz, Yandy",650490,"TB","SL","Slider",1.3,3,"231",13.7,"56","0.321","0.528","0.397",18.8,10.7,10.3,"0.332","0.52","0.382",57.4
"Lee, Jung Hoo",808982,"SF","CH","Changeup",0.2,0,"172",10.8,"56","0.283","0.434","0.304",21.3,10.7,10.9,"0.273","0.387","0.283",26.5
"Holliday, Jackson",702616,"BAL","CH","Changeup",-0.9,-2,"214",13.8,"56","0.208","0.34","0.259",30.2,26.8,22.4,"0.232","0.36","0.277",36.8
"Pasquantino, Vinnie",686469,"KC","SI","Sinker",-0.6,-1,"177",10.9,"56","0.245","0.388","0.313",10,12.5,17.5,"0.248","0.42","0.33",51.2
"Langeliers, Shea",669127,"ATH","SI","Sinker",1.8,3,"175",14.8,"55","0.3","0.66","0.428",12.6,9.1,23.8,"0.324","0.641","0.433",62.2
"Crow-Armstrong, Pete",691718,"CHC","CU","Curveball",4.2,8,"180",11.7,"55","0.34","0.811","0.468",28.7,27.3,27.3,"0.246","0.532","0.322",30
"Wagaman, Eric",676572,"MIA","SL","Slider",0.1,0,"215",15.3,"55","0.26","0.34","0.318",36.9,21.8,19,"0.272","0.357","0.311",44.7
"Adell, Jo",666176,"LAA","SL","Slider",3.4,8,"244",17.2,"55","0.327","0.769","0.468",38,23.6,16,"0.324","0.715","0.449",51.3
"Scott II, Victor",687363,"STL","SI","Sinker",-0.8,-2,"198",14.8,"55","0.267","0.289","0.326",18.8,16.4,23.7,"0.284","0.355","0.333",23.1
"Soderstrom, Tyler",691016,"ATH","CU","Curveball",0.7,1,"178",11.5,"55","0.224","0.429","0.31",43.7,38.2,32.3,"0.255","0.461","0.336",65.5
"Manzardo, Kyle",700932,"CLE","SI","Sinker",0.4,1,"163",13.2,"55","0.163","0.469","0.306",16,25.5,40,"0.2","0.385","0.297",45.7
"Bellinger, Cody",641355,"NYY","SL","Slider",0.2,1,"245",15,"55","0.241","0.463","0.294",27.3,18.2,13.7,"0.236","0.459","0.299",38.6
"Lux, Gavin",666158,"CIN","SL","Slider",-2.8,-6,"221",15.8,"55","0.16","0.18","0.201",34.6,29.1,21.1,"0.164","0.196","0.205",26.5
"Harris II, Michael",671739,"ATL","SL","Slider",-2.7,-5,"179",13,"55","0.135","0.327","0.196",35.5,29.1,25.8,"0.221","0.488","0.307",39.5
"Lee, Jung Hoo",808982,"SF","SI","Sinker",0.6,1,"217",13.6,"55","0.347","0.531","0.4",13.5,9.1,11.6,"0.237","0.318","0.284",37.8
"Lux, Gavin",666158,"CIN","SI","Sinker",1,2,"171",12.2,"55","0.292","0.396","0.351",9.1,23.6,25,"0.27","0.371","0.33",54.3
"Vientos, Mark",668901,"NYM","SI","Sinker",-1.6,-3,"179",16.8,"55","0.208","0.271","0.272",17.6,10.9,15.8,"0.272","0.384","0.336",50
"Hernández, Teoscar",606192,"LAD","SI","Sinker",-0.4,-1,"244",18.1,"55","0.26","0.52","0.363",9.4,7.3,10,"0.337","0.554","0.409",50
"Mullins, Cedric",656775,"BAL","SI","Sinker",-1.6,-3,"212",14.7,"55","0.229","0.333","0.289",14.9,21.8,21.4,"0.246","0.346","0.307",32.4
"Walker, Jordan",691023,"STL","FF","4-Seam Fastball",0.3,1,"198",21.3,"55","0.234","0.532","0.374",23.6,32.7,27.7,"0.235","0.558","0.384",41.4
"Kiner-Falefa, Isiah",643396,"PIT","SL","Slider",-1.3,-2,"186",16,"55","0.222","0.278","0.253",14.7,10.9,12,"0.236","0.286","0.228",20.4
"Lindor, Francisco",596019,"NYM","SL","Slider",0.5,1,"166",8.8,"55","0.261","0.391","0.331",28.3,25.5,22.6,"0.287","0.481","0.379",47.1
"Davis, Henry",680779,"PIT","FF","4-Seam Fastball",-1,-2,"188",29.7,"55","0.191","0.319","0.281",33.9,25.5,19.7,"0.258","0.492","0.367",41.2
"Hoskins, Rhys",656555,"MIL","SL","Slider",0.5,1,"272",19.7,"55","0.286","0.367","0.309",40.4,30.9,21,"0.231","0.302","0.257",37.1
"Haggerty, Sam",664059,"TEX","FF","4-Seam Fastball",0.5,1,"180",34.4,"55","0.255","0.319","0.366",27.4,23.6,23.2,"0.258","0.376","0.333",44.1
"Volpe, Anthony",683011,"NYY","SI","Sinker",-1.2,-3,"271",16.1,"55","0.292","0.417","0.324",22.3,16.4,18,"0.327","0.484","0.362",50
"Hoskins, Rhys",656555,"MIL","SI","Sinker",1.9,4,"204",14.8,"55","0.409","0.614","0.481",9.1,9.1,13.2,"0.357","0.578","0.453",47.5
"d'Arnaud, Travis",518595,"LAA","FF","4-Seam Fastball",0,0,"192",31.3,"55","0.229","0.417","0.315",23.9,30.9,27.4,"0.276","0.611","0.411",56.3
"Machado, Manny",592518,"SD","CH","Changeup",-2.5,-4,"176",10,"55","0.189","0.226","0.202",34.5,23.6,20,"0.242","0.414","0.295",45
"Smith, Josh",669701,"TEX","SL","Slider",0.4,1,"198",13.4,"54","0.235","0.471","0.319",27.8,22.2,18.2,"0.227","0.409","0.294",33.3
"Tena, José",677588,"WSH","FF","4-Seam Fastball",-0.2,0,"214",34.1,"54","0.283","0.413","0.37",13,16.7,13.2,"0.272","0.449","0.36",52.6
"Bregman, Alex",608324,"BOS","SI","Sinker",1.5,3,"219",21,"54","0.354","0.604","0.442",9,16.7,22.5,"0.26","0.443","0.342",53.8
"Flores, Wilmer",527038,"SF","SL","Slider",-0.4,-1,"261",16.8,"54","0.226","0.358","0.277",28.7,25.9,15.4,"0.213","0.268","0.217",15.4
"Henderson, Gunnar",683002,"BAL","CH","Changeup",1,2,"195",12.4,"54","0.269","0.442","0.319",33.7,33.3,27.7,"0.256","0.388","0.291",44.1
"Turner, Justin",457759,"CHC","FF","4-Seam Fastball",-2.2,-6,"301",49,"54","0.149","0.234","0.221",17.9,24.1,13.3,"0.179","0.349","0.276",31.4
"Williamson, Ben",810938,"SEA","SI","Sinker",-0.1,0,"223",19.1,"54","0.314","0.431","0.363",9,11.1,11.5,"0.304","0.426","0.331",56.5
"Arias, Gabriel",672356,"CLE","SI","Sinker",0.1,0,"178",16.8,"53","0.311","0.4","0.371",30.4,11.3,15.8,"0.285","0.517","0.394",43.6
"O'Hearn, Ryan",656811,"BAL","SL","Slider",-0.9,-2,"206",15.2,"53","0.2","0.311","0.292",43.8,37.7,27,"0.171","0.293","0.273",44
"Friedl, TJ",670770,"CIN","SL","Slider",2.8,6,"201",11.5,"53","0.333","0.533","0.408",26,24.5,18.8,"0.258","0.386","0.326",45.5
"Hays, Austin",669720,"CIN","FF","4-Seam Fastball",2.8,6,"208",23.9,"53","0.38","0.86","0.537",17,17,14.8,"0.311","0.751","0.457",46.3
"Correa, Carlos",621043,"MIN","SL","Slider",-1.8,-4,"237",17.3,"53","0.18","0.24","0.212",40.7,34,21.2,"0.222","0.344","0.267",40.6
"McMahon, Ryan",641857,"NYY","SL","Slider",-1,-2,"234",13.4,"53","0.167","0.375","0.271",52.1,47.2,30.9,"0.208","0.452","0.316",47.8
"McMahon, Ryan",641857,"NYY","SI","Sinker",-0.3,-1,"205",11.7,"53","0.306","0.449","0.355",15.7,17,25,"0.314","0.553","0.393",60
"Cruz, Oneil",665833,"PIT","SL","Slider",-0.6,-1,"250",15.3,"53","0.146","0.396","0.268",47.6,39.6,25.6,"0.227","0.567","0.364",51.9
"Raley, Luke",670042,"SEA","FF","4-Seam Fastball",-0.1,0,"194",30,"53","0.214","0.31","0.336",33,24.5,19.7,"0.24","0.421","0.36",36.7
"Nootbaar, Lars",663457,"STL","SL","Slider",0.6,1,"226",14.2,"53","0.174","0.348","0.257",38.6,35.8,26.4,"0.188","0.311","0.256",51.7
"Aranda, Jonathan",666018,"TB","SL","Slider",1.3,3,"205",12.8,"53","0.292","0.479","0.359",29.7,30.2,22.2,"0.29","0.585","0.394",60.6
"Pederson, Joc",592626,"TEX","FF","4-Seam Fastball",-2,-4,"179",29.7,"53","0.149","0.362","0.271",16.5,9.4,11.1,"0.271","0.538","0.382",54.8
"García, Adolis",666969,"TEX","SL","Slider",-1.1,-2,"210",12.9,"53","0.22","0.3","0.254",37.7,28.3,23.1,"0.194","0.312","0.244",31.4
"Tellez, Rowdy",642133,"TEX","FF","4-Seam Fastball",4.2,9,"214",26.6,"53","0.356","0.822","0.495",17.4,20.8,18.6,"0.355","0.81","0.508",61.1
"Lowe, Nathaniel",663993,"WSH","SL","Slider",-0.4,-1,"221",11.9,"53","0.184","0.367","0.267",32,32.1,20.5,"0.155","0.282","0.223",37.5
"Stott, Bryson",681082,"PHI","SI","Sinker",-2.6,-6,"221",13.4,"52","0.156","0.178","0.213",7.9,5.8,6.4,"0.264","0.395","0.329",27.9
"Burger, Jake",669394,"TEX","SL","Slider",-0.1,0,"194",19.3,"52","0.255","0.373","0.293",40.7,34.6,26.1,"0.199","0.337","0.25",39.4
"Shaw, Matt",807713,"CHC","SI","Sinker",-1.3,-3,"195",19.6,"52","0.227","0.25","0.305",11.6,11.5,16.7,"0.297","0.371","0.353",23.7
"Bauers, Jake",641343,"MIL","FF","4-Seam Fastball",-2.6,-5,"190",31.3,"52","0.116","0.209","0.226",24.4,26.9,28,"0.208","0.467","0.354",43.3
"Lewis, Royce",668904,"MIN","FF","4-Seam Fastball",0.2,0,"226",33.2,"52","0.267","0.467","0.351",25.7,13.5,12.7,"0.328","0.587","0.416",59
"Judge, Aaron",592450,"NYY","CH","Changeup",3.6,7,"189",10.6,"52","0.262","0.571","0.415",42,25,20.3,"0.243","0.575","0.411",41.4
"Kwan, Steven",680757,"CLE","SL","Slider",-1.3,-3,"214",12.1,"52","0.216","0.275","0.211",15.8,11.5,8.2,"0.251","0.357","0.258",30.4
"India, Jonathan",663697,"KC","SL","Slider",-1.3,-3,"261",14.9,"52","0.224","0.388","0.273",30.6,25,15.7,"0.246","0.367","0.274",24.3
"Moreno, Gabriel",672515,"AZ","FF","4-Seam Fastball",0.5,1,"272",34.6,"52","0.277","0.532","0.375",20.2,19.2,12.8,"0.285","0.581","0.396",51.4
"Marte, Ketel",606466,"AZ","CH","Changeup",2.7,6,"207",16.9,"52","0.3","0.56","0.377",29.3,19.2,16.9,"0.269","0.44","0.317",40
"Martínez, Angel",682657,"CLE","CH","Changeup",0.2,0,"167",13.7,"52","0.255","0.451","0.3",22.3,9.6,10.2,"0.27","0.377","0.279",21.3
"Carlson, Dylan",666185,"BAL","FF","4-Seam Fastball",-1,-2,"229",43,"52","0.208","0.375","0.317",22.8,25,15.3,"0.202","0.361","0.273",28.6
"Smith, Josh",669701,"TEX","SI","Sinker",2.7,5,"191",12.9,"52","0.381","0.667","0.491",14.9,15.4,18.2,"0.335","0.521","0.425",34.3
"Flores, Wilmer",527038,"SF","SI","Sinker",0.7,2,"218",14.1,"52","0.319","0.489","0.4",5.9,7.7,6.8,"0.271","0.393","0.325",30.2
"Jansen, Danny",643376,"TB","SI","Sinker",-0.9,-2,"204",19.7,"52","0.2","0.356","0.299",13.3,17.3,21.4,"0.238","0.319","0.303",44.4
"Reynolds, Bryan",668804,"PIT","SI","Sinker",0.3,1,"196",11.6,"52","0.304","0.478","0.373",20.9,23.1,23.5,"0.303","0.538","0.399",62.9
"Vargas, Miguel",678246,"CWS","SL","Slider",0.9,2,"252",14.4,"52","0.286","0.449","0.337",27.5,25,14.6,"0.266","0.375","0.3",41.7
"Campbell, Kristian",692225,"BOS","SL","Slider",-1.9,-4,"209",19.5,"52","0.167","0.25","0.22",42.5,30.8,20.5,"0.183","0.283","0.238",31.3
"Edman, Tommy",669242,"LAD","CH","Changeup",1,2,"209",18.2,"52","0.16","0.4","0.289",21.7,13.5,11.5,"0.224","0.346","0.26",39.5
"Duran, Jarren",680776,"BOS","CH","Changeup",0.3,0,"171",9.5,"52","0.255","0.333","0.283",31.8,23.1,23.1,"0.238","0.361","0.264",38.5
"Call, Alex",669743,"WSH","SI","Sinker",0.3,1,"204",22.3,"51","0.268","0.39","0.36",14.3,9.8,12.2,"0.263","0.358","0.345",29.7
"Guerrero Jr., Vladimir",665489,"TOR","CH","Changeup",0.2,0,"194",11.4,"51","0.239","0.348","0.298",25.9,17.6,14.3,"0.298","0.389","0.337",40.5
"Clarke, Denzel",672016,"ATH","FF","4-Seam Fastball",0.2,0,"205",32.5,"51","0.25","0.477","0.346",29.6,33.3,28.8,"0.222","0.415","0.312",55.2
"Lowe, Brandon",664040,"TB","SL","Slider",-2.3,-4,"193",14.5,"51","0.167","0.25","0.215",37,27.5,22.2,"0.208","0.338","0.261",44.1
"Tatis Jr., Fernando",665487,"SD","CH","Changeup",-1.4,-3,"202",11.6,"51","0.13","0.174","0.206",52.9,33.3,27.9,"0.232","0.382","0.304",55.2
"Lee, Brooks",686797,"MIN","SI","Sinker",-0.2,0,"163",13.4,"51","0.304","0.391","0.344",13.3,13.7,22.6,"0.286","0.409","0.339",56.4
"Ramírez, José",608070,"CLE","SL","Slider",-1.7,-3,"190",11.3,"51","0.188","0.354","0.262",20.6,15.7,13.6,"0.246","0.385","0.293",27.5
"Crow-Armstrong, Pete",691718,"CHC","SI","Sinker",0.9,2,"186",12.1,"51","0.279","0.558","0.384",23.4,13.7,17.1,"0.309","0.638","0.441",37.8
"Happ, Ian",664023,"CHC","CU","Curveball",2.2,4,"175",9.7,"51","0.313","0.521","0.394",27.4,23.5,16,"0.311","0.543","0.383",36.1
"McKinstry, Zach",656716,"DET","SL","Slider",-0.9,-2,"186",13,"51","0.244","0.289","0.276",39.1,37.3,28.4,"0.207","0.266","0.25",22.2
"Stephenson, Tyler",663886,"CIN","SI","Sinker",1,2,"196",19.5,"51","0.311","0.556","0.394",15.9,23.5,24.5,"0.312","0.549","0.395",61.8
"Keith, Colt",690993,"DET","CH","Changeup",1.6,3,"190",14.7,"51","0.273","0.455","0.35",33.3,15.7,11.9,"0.24","0.406","0.321",32.4
"Tucker, Kyle",663656,"CHC","FC","Cutter",-0.3,-1,"178",10,"50","0.225","0.35","0.356",19.8,18,23.7,"0.299","0.464","0.401",41.9
"Rice, Ben",700250,"NYY","SI","Sinker",5.3,9,"167",13.6,"50","0.381","0.667","0.473",14.7,18,23.1,"0.363","0.652","0.491",64.7
"Walls, Taylor",670764,"TB","SI","Sinker",-0.9,-1,"163",14.2,"50","0.244","0.317","0.343",12.7,8,10.3,"0.28","0.363","0.342",28.2
"Toglia, Michael",669911,"COL","CH","Changeup",-0.6,-1,"188",14.6,"50","0.205","0.295","0.28",54.7,44,40.7,"0.164","0.273","0.249",40.9
"Herrera, Iván",671056,"STL","SI","Sinker",2,4,"180",20,"50","0.356","0.511","0.436",17.4,12,15.8,"0.322","0.465","0.376",41
"Lindor, Francisco",596019,"NYM","CU","Curveball",-0.7,-2,"226",12,"50","0.156","0.311","0.233",29.1,26,16.7,"0.165","0.282","0.228",30.3
"Schanuel, Nolan",694384,"LAA","SL","Slider",-0.1,0,"192",11.4,"50","0.265","0.388","0.291",23.5,24,22.2,"0.319","0.479","0.349",29.7
"Santana, Carlos",467793,"CLE","SI","Sinker",0.1,0,"217",13,"50","0.275","0.375","0.353",16.3,14,12.3,"0.27","0.386","0.359",61.8
"Bogaerts, Xander",593428,"SD","CH","Changeup",3,5,"177",11.1,"50","0.348","0.565","0.433",36.6,32,23.2,"0.203","0.311","0.258",33.3
"Turner, Trea",607208,"PHI","CU","Curveball",-0.8,-2,"205",11.6,"50","0.196","0.261","0.24",35.8,24,14.1,"0.214","0.281","0.253",20.6
"Vientos, Mark",668901,"NYM","SL","Slider",-1.6,-3,"202",18.9,"50","0.136","0.205","0.231",36.1,28,21.2,"0.222","0.357","0.3",50
"Caminero, Junior",691406,"TB","ST","Sweeper",2.2,4,"165",10.6,"50","0.326","0.565","0.41",23,14,12.3,"0.332","0.513","0.381",32.5
"Taylor, Tyrone",621438,"NYM","SI","Sinker",-1.6,-3,"166",15.4,"50","0.222","0.356","0.303",5.3,10,20,"0.267","0.397","0.318",43.9
"Duran, Jarren",680776,"BOS","SI","Sinker",-0.5,-1,"221",12.3,"50","0.273","0.386","0.328",19.5,14,16.3,"0.302","0.457","0.364",44.7
"Lile, Daylen",695734,"WSH","FF","4-Seam Fastball",-1.2,-3,"215",37.9,"50","0.143","0.286","0.264",12.1,8,7.3,"0.309","0.486","0.398",52.6
"Caballero, José",676609,"TB","SI","Sinker",1.5,2,"167",15.4,"50","0.3","0.475","0.413",13,22,32.4,"0.225","0.413","0.341",41.9
"Frelick, Sal",686217,"MIL","SL","Slider",1,2,"174",11.6,"50","0.283","0.457","0.347",12.6,16,13.6,"0.335","0.46","0.371",31.6
"Lindor, Francisco",596019,"NYM","SI","Sinker",1.3,2,"187",9.9,"49","0.364","0.545","0.409",14.3,10.2,15.6,"0.341","0.494","0.383",47.5
"Sosa, Lenyn",672820,"CWS","SL","Slider",0.3,1,"181",14.8,"49","0.283","0.435","0.325",33,24.5,22.2,"0.253","0.374","0.287",28.6
"Altuve, Jose",514888,"HOU","ST","Sweeper",0.2,0,"169",11,"49","0.239","0.37","0.289",28.6,26.5,18.8,"0.188","0.231","0.213",9.1
"Greene, Riley",682985,"DET","SL","Slider",1.5,3,"216",12,"49","0.267","0.6","0.36",45.9,40.8,26.3,"0.257","0.591","0.359",44.4
"Stott, Bryson",681082,"PHI","SL","Slider",0.3,1,"176",10.7,"49","0.205","0.364","0.28",25.7,22.4,16.2,"0.239","0.492","0.341",29.4
"Henderson, Gunnar",683002,"BAL","SL","Slider",-0.5,-1,"218",13.9,"49","0.239","0.435","0.311",26.2,22.4,19.3,"0.276","0.431","0.328",45.7
"Jung, Josh",673962,"TEX","SL","Slider",0.9,2,"219",18.5,"49","0.289","0.422","0.347",28.2,22.4,17.2,"0.301","0.422","0.343",29.4
"Acuña, Luisangel",682668,"NYM","FF","4-Seam Fastball",-3.2,-6,"182",29.3,"49","0.163","0.233","0.211",17,18.4,22,"0.27","0.402","0.324",52.8
"Narváez, Carlos",665966,"BOS","SL","Slider",0.9,2,"197",15.7,"49","0.295","0.477","0.355",37.9,24.5,19.7,"0.261","0.452","0.335",48.5
"Langford, Wyatt",694671,"TEX","SL","Slider",-0.3,-1,"204",14,"49","0.2","0.3","0.281",30.2,22.4,17.5,"0.237","0.409","0.368",34.4
"Harper, Bryce",547180,"PHI","CU","Curveball",0.8,2,"204",15.6,"49","0.304","0.435","0.329",43.8,26.5,16.7,"0.286","0.458","0.332",50
"Cronenworth, Jake",630105,"SD","SI","Sinker",-0.7,-1,"180",14,"49","0.238","0.333","0.324",6.7,12.2,15.4,"0.285","0.396","0.344",37.8
"Durbin, Caleb",702332,"MIL","SL","Slider",0,0,"176",16.3,"49","0.289","0.311","0.295",27.6,18.4,17,"0.286","0.342","0.301",18.9
"Hernández, Enrique",571771,"LAD","FF","4-Seam Fastball",-0.2,0,"200",27.4,"49","0.214","0.405","0.317",27.7,24.5,23.5,"0.264","0.546","0.381",51.6
"Friedl, TJ",670770,"CIN","CH","Changeup",0.8,1,"179",10.2,"49","0.289","0.356","0.317",25,24.5,19.7,"0.251","0.329","0.287",24.2
"Walker, Jordan",691023,"STL","SI","Sinker",-0.3,-1,"208",22.4,"49","0.289","0.311","0.326",20.9,24.5,23.5,"0.27","0.308","0.284",55.9
"Trout, Mike",545361,"LAA","SL","Slider",-2.5,-5,"218",14.3,"49","0.163","0.186","0.207",40.5,32.7,23.2,"0.26","0.507","0.365",46.4
"Thomas, Lane",657041,"CLE","FF","4-Seam Fastball",-2.9,-5,"185",33.3,"49","0.095","0.167","0.196",30.2,30.6,25.9,"0.088","0.156","0.188",14.8
"Kwan, Steven",680757,"CLE","CH","Changeup",1.4,3,"182",10.3,"49","0.255","0.426","0.308",12,6.1,4.2,"0.271","0.388","0.3",22.7
"Shaw, Matt",807713,"CHC","SL","Slider",1.2,2,"165",16.6,"48","0.311","0.422","0.344",27.3,20.8,18.5,"0.266","0.396","0.311",25.7
"Kelly, Carson",608348,"CHC","SI","Sinker",0.8,2,"214",20.1,"48","0.316","0.474","0.434",7.7,0,0,"0.305","0.477","0.411",42.1
"Schwarber, Kyle",656941,"PHI","CH","Changeup",3.1,5,"176",9,"48","0.302","0.651","0.43",28.6,22.9,21.6,"0.309","0.676","0.442",50
"Suzuki, Seiya",673548,"CHC","ST","Sweeper",-0.7,-1,"188",10.2,"48","0.186","0.349","0.247",38.2,35.4,26.2,"0.212","0.436","0.294",39.3
"Espinal, Santiago",669289,"CIN","SL","Slider",-0.5,-1,"191",16.5,"48","0.25","0.333","0.254",21.4,16.7,12.5,"0.236","0.297","0.231",25
"Kurtz, Nick",701762,"ATH","SI","Sinker",4,7,"178",16.3,"48","0.413","0.696","0.502",23.7,29.2,38.9,"0.289","0.509","0.353",50
"Nimmo, Brandon",607043,"NYM","CU","Curveball",0.8,1,"197",11.8,"48","0.244","0.356","0.306",24.7,29.2,18.2,"0.198","0.315","0.25",41.9
"Garcia, Maikel",672580,"KC","FC","Cutter",-1.8,-3,"169",10.6,"48","0.171","0.341","0.293",14.1,4.2,8,"0.254","0.404","0.343",30.8
"Anthony, Roman",701350,"BOS","FF","4-Seam Fastball",0.9,2,"201",30.4,"48","0.282","0.436","0.382",21.3,16.7,18.6,"0.264","0.404","0.362",61.3
"Hamilton, David",666152,"BOS","FF","4-Seam Fastball",-1.3,-2,"164",33.8,"48","0.25","0.409","0.31",15.1,18.8,24.3,"0.232","0.358","0.28",27.8
"Benintendi, Andrew",643217,"CWS","CH","Changeup",1.9,3,"162",14.3,"48","0.311","0.467","0.359",22.2,12.5,13.3,"0.285","0.471","0.345",28.2
"Laureano, Ramón",657656,"BAL","SI","Sinker",0.8,2,"203",17.6,"48","0.4","0.6","0.453",13.7,6.3,8.1,"0.359","0.58","0.405",44.2
"O'Hoppe, Logan",681351,"LAA","ST","Sweeper",2.5,4,"163",13,"48","0.217","0.565","0.356",42.5,31.3,22.7,"0.217","0.506","0.318",58.1
"McMahon, Ryan",641857,"NYY","CU","Curveball",-0.9,-2,"173",9.9,"48","0.159","0.364","0.257",60,58.3,35.4,"0.149","0.37","0.255",62.5
"Paris, Kyren",677347,"LAA","FF","4-Seam Fastball",3.2,6,"190",34.7,"48","0.3","0.675","0.484",34.1,31.3,23.1,"0.223","0.48","0.364",60
"Springer, George",543807,"TOR","CH","Changeup",-0.1,0,"202",12.7,"48","0.143","0.343","0.293",27.9,25,17.4,"0.192","0.36","0.334",34.6
"Schanuel, Nolan",694384,"LAA","CU","Curveball",-1,-2,"168",10,"48","0.227","0.318","0.261",16.9,10.4,9.4,"0.289","0.441","0.332",30
"Albies, Ozzie",645277,"ATL","CU","Curveball",-2.5,-5,"218",13.8,"48","0.065","0.152","0.129",23.8,27.1,20.6,"0.111","0.15","0.152",12.1
"Devers, Rafael",646240,"SF","CH","Changeup",-1.1,-2,"179",8.9,"48","0.205","0.273","0.249",41.2,27.1,25,"0.231","0.401","0.305",54.8
"Martini, Nick",605361,"COL","FF","4-Seam Fastball",-2.1,-4,"194",44.9,"48","0.171","0.22","0.248",15.6,22.9,20.4,"0.217","0.308","0.294",36.7
"Swanson, Dansby",621020,"CHC","CH","Changeup",-1.4,-3,"181",10.7,"47","0.098","0.146","0.204",39.3,38.3,29,"0.14","0.286","0.238",33.3
"Lee, Brooks",686797,"MIN","CH","Changeup",-0.8,-2,"187",15.4,"47","0.277","0.277","0.249",31.2,12.8,10.3,"0.292","0.368","0.286",22
"Harper, Bryce",547180,"PHI","SI","Sinker",-2.3,-4,"161",12.3,"47","0.162","0.243","0.305",15.4,10.6,13.2,"0.276","0.455","0.393",53.1
"Bailey, Patrick",672275,"SF","CH","Changeup",-3.1,-5,"166",15.6,"47","0.178","0.2","0.164",38.2,29.8,23.7,"0.208","0.304","0.213",27.3
"Díaz, Yandy",650490,"TB","FC","Cutter",-1.9,-3,"185",11,"47","0.19","0.238","0.243",13.6,10.6,13.9,"0.244","0.298","0.286",48.6
"Santana, Carlos",467793,"CLE","SL","Slider",0.1,0,"183",11,"47","0.184","0.289","0.299",41,36.2,30.9,"0.177","0.297","0.297",38.1
"Hays, Austin",669720,"CIN","SL","Slider",-0.6,-1,"170",19.6,"47","0.244","0.366","0.304",41.8,25.5,27.3,"0.196","0.359","0.283",36.7
"Wade, Tyler",642180,"SD","FF","4-Seam Fastball",-0.7,-1,"187",37.7,"47","0.222","0.25","0.328",13.6,10.6,10.6,"0.235","0.306","0.327",24.2
"Wood, James",695578,"WSH","CU","Curveball",0.6,2,"236",12.3,"47","0.195","0.317","0.3",50.8,46.8,27.2,"0.134","0.235","0.226",31.6
"Buxton, Byron",621439,"MIN","SL","Slider",3.2,8,"239",17.5,"47","0.295","0.636","0.418",46.8,29.8,17.9,"0.287","0.64","0.408",56.7
"Benintendi, Andrew",643217,"CWS","SI","Sinker",0.7,1,"161",14.2,"47","0.27","0.514","0.397",7.8,6.4,10.3,"0.288","0.535","0.427",38.9
"Solano, Donovan",456781,"SEA","FF","4-Seam Fastball",-1.8,-4,"210",32.2,"47","0.238","0.357","0.289",21,21.3,16.9,"0.199","0.328","0.259",45.5
"Urías, Luis",649966,"ATH","SL","Slider",1.5,2,"165",14.8,"47","0.231","0.41","0.365",22.4,19.1,16.4,"0.239","0.428","0.354",33.3
"Bichette, Bo",666182,"TOR","FC","Cutter",0,0,"159",9.4,"47","0.333","0.4","0.359",14.7,4.3,5.9,"0.344","0.536","0.389",60.5
"Lowe, Brandon",664040,"TB","SI","Sinker",0,0,"163",12.2,"47","0.279","0.535","0.374",21.8,12.8,22.2,"0.36","0.749","0.486",62.2
"Sheets, Gavin",657757,"SD","CU","Curveball",-0.1,0,"206",12.8,"47","0.256","0.326","0.293",29.6,31.9,20.3,"0.257","0.393","0.314",57.1
"White, Eli",642201,"ATL","FF","4-Seam Fastball",1.6,3,"195",27.7,"47","0.372","0.558","0.445",26.3,27.7,21,"0.285","0.436","0.343",43.3
"Bell, Josh",605137,"WSH","CH","Changeup",-1.9,-4,"210",15.3,"47","0.152","0.239","0.18",39.3,27.7,22.4,"0.208","0.345","0.245",24.2
"Manzardo, Kyle",700932,"CLE","CH","Changeup",0.3,1,"188",15.2,"47","0.279","0.442","0.343",27.2,14.9,14,"0.256","0.421","0.324",36.1
"García Jr., Luis",671277,"WSH","SL","Slider",0,0,"191",15,"47","0.318","0.364","0.313",35.8,23.4,17.2,"0.315","0.453","0.345",55.9
"Fitzgerald, Tyler",666149,"SF","SL","Slider",-0.7,-1,"174",20.4,"46","0.205","0.333","0.267",40.2,26.1,18.5,"0.17","0.242","0.222",10
"Castellanos, Nick",592206,"PHI","CU","Curveball",1,2,"160",10.4,"46","0.214","0.405","0.3",38,21.7,17.2,"0.244","0.432","0.322",28.1
"Bart, Joey",663698,"PIT","SI","Sinker",-0.5,-1,"193",20.6,"46","0.256","0.333","0.345",22.1,26.1,38.7,"0.221","0.414","0.335",40.7
"Domínguez, Jasson",691176,"NYY","SL","Slider",1.4,3,"185",13.8,"46","0.275","0.525","0.385",35.8,32.6,21.1,"0.284","0.504","0.381",60
"Sheets, Gavin",657757,"SD","CH","Changeup",0.8,2,"215",13.3,"46","0.195","0.341","0.293",30.3,13,10.3,"0.272","0.538","0.383",45.7
"Jeffers, Ryan",680777,"MIN","SL","Slider",0.3,1,"216",17.2,"46","0.238","0.429","0.318",34.9,19.6,15,"0.29","0.505","0.369",42.4
"Bader, Harrison",664056,"MIN","SL","Slider",0.8,2,"212",17.7,"46","0.22","0.659","0.365",36.3,34.8,23.9,"0.224","0.574","0.343",29.6
"Stowers, Kyle",669065,"MIA","SI","Sinker",1.7,3,"162",11.1,"46","0.378","0.514","0.45",21.2,15.2,25.9,"0.303","0.476","0.406",40
"Conforto, Michael",624424,"LAD","SL","Slider",-0.1,0,"170",12.9,"46","0.162","0.27","0.286",26.7,23.9,14.7,"0.225","0.367","0.34",34.6
"Rojas, Miguel",500743,"LAD","FF","4-Seam Fastball",0.4,1,"194",31.5,"46","0.263","0.447","0.372",9.5,10.9,10.6,"0.252","0.392","0.348",27.3
"Pasquantino, Vinnie",686469,"KC","SL","Slider",1.3,3,"205",12.6,"46","0.333","0.5","0.39",16.8,19.6,13.2,"0.293","0.443","0.348",42.4
"Witt Jr., Bobby",677951,"KC","FC","Cutter",-1.6,-3,"189",11.4,"46","0.262","0.333","0.268",26.5,4.3,4.9,"0.28","0.386","0.325",35.7
"De La Cruz, Elly",682829,"CIN","CU","Curveball",1.3,3,"194",11.1,"46","0.293","0.512","0.383",32.4,32.6,22.1,"0.27","0.541","0.381",42.3
"Seager, Corey",608369,"TEX","CH","Changeup",0,0,"177",14.6,"46","0.194","0.333","0.313",26.8,10.9,12.5,"0.317","0.455","0.4",37.5
"Gonzalez, Romy",663853,"BOS","FF","4-Seam Fastball",-0.8,-1,"170",27.2,"46","0.256","0.465","0.33",17,26.1,26.7,"0.312","0.654","0.426",71
"Bregman, Alex",608324,"BOS","SL","Slider",0.7,1,"162",15.6,"46","0.225","0.45","0.342",28.4,21.7,21.3,"0.185","0.345","0.281",35.5
"Clase, Jonatan",682729,"TOR","FF","4-Seam Fastball",-2.6,-5,"197",44.9,"46","0.163","0.326","0.243",22.4,30.4,26.4,"0.237","0.415","0.304",48.3
"Perdomo, Geraldo",672695,"AZ","CU","Curveball",0.2,1,"223",11.5,"46","0.194","0.222","0.316",16.9,13,9.7,"0.249","0.296","0.338",12.9
"Alvarez, Francisco",682626,"NYM","FF","4-Seam Fastball",0.4,1,"185",29.3,"45","0.293","0.439","0.35",35.2,37.8,23.9,"0.233","0.494","0.339",62.5
"Happ, Ian",664023,"CHC","SI","Sinker",2.7,4,"166",9.2,"45","0.316","0.737","0.478",11,11.1,13.5,"0.336","0.665","0.465",48.5
"Tawa, Tim",694374,"AZ","FF","4-Seam Fastball",-1.5,-3,"199",30.3,"45","0.205","0.282","0.247",30.6,26.7,22.2,"0.22","0.342","0.287",44.8
"Rodríguez, Julio",677594,"SEA","CH","Changeup",0.9,2,"176",10.5,"45","0.214","0.429","0.299",36.4,28.9,19.1,"0.262","0.516","0.352",37.9
"Raleigh, Cal",663728,"SEA","SL","Slider",1.3,3,"219",11.9,"45","0.256","0.615","0.427",41,40,23.1,"0.213","0.518","0.357",57.1
"Wells, Austin",669224,"NYY","SL","Slider",-1.7,-3,"199",15.7,"45","0.105","0.263","0.221",40,37.8,26.6,"0.167","0.288","0.258",36.4
"Mullins, Cedric",656775,"BAL","CH","Changeup",1.4,2,"170",11.8,"45","0.286","0.476","0.351",28.6,24.4,15.3,"0.246","0.4","0.304",45.2
"Chisholm Jr., Jazz",665862,"NYY","SI","Sinker",1.4,2,"173",13.6,"45","0.293","0.634","0.42",20,31.1,31.8,"0.283","0.524","0.363",53.6
"Narváez, Carlos",665966,"BOS","SI","Sinker",-0.1,0,"194",15.5,"45","0.282","0.41","0.373",13.4,17.8,16.3,"0.203","0.293","0.278",35.5
"Bogaerts, Xander",593428,"SD","SL","Slider",2.6,6,"226",14.1,"45","0.316","0.579","0.454",28.9,15.6,10.8,"0.33","0.495","0.393",37.5
"Arozarena, Randy",668227,"SEA","ST","Sweeper",1.2,2,"173",9.3,"45","0.195","0.463","0.331",30.8,26.7,18.5,"0.26","0.554","0.373",48.3
"Mervis, Matt",670223,"MIA","FF","4-Seam Fastball",-1.1,-2,"193",36,"45","0.146","0.341","0.267",36.9,44.4,28.6,"0.141","0.294","0.229",42.9
"Torkelson, Spencer",679529,"DET","CH","Changeup",2.3,4,"177",10.5,"45","0.243","0.676","0.419",35.4,28.9,18.1,"0.197","0.563","0.373",44
"Larnach, Trevor",663616,"MIN","CH","Changeup",3.1,6,"177",11.6,"45","0.243","0.568","0.39",36.8,26.7,23.5,"0.284","0.513","0.371",29.6
"Yelich, Christian",592885,"MIL","CU","Curveball",0.6,1,"168",9.9,"45","0.182","0.386","0.253",44.4,46.7,31.3,"0.196","0.421","0.256",50
"Tucker, Kyle",663656,"CHC","CU","Curveball",0.8,2,"188",10.6,"45","0.25","0.5","0.341",30.7,20,16.7,"0.215","0.41","0.299",43.8
"Lux, Gavin",666158,"CIN","CH","Changeup",0.8,1,"178",12.7,"45","0.286","0.31","0.294",18.1,20,13.4,"0.252","0.31","0.275",21.2
"Chisholm Jr., Jazz",665862,"NYY","SL","Slider",-0.6,-1,"186",14.7,"45","0.179","0.41","0.307",41.6,24.4,21.6,"0.238","0.548","0.377",35.7
"Muncy, Max",691777,"ATH","SI","Sinker",-3.4,-6,"176",22.1,"45","0.175","0.175","0.223",19,15.6,20,"0.168","0.222","0.229",27.3
"Canario, Alexander",672744,"PIT","FF","4-Seam Fastball",0.8,1,"162",25.4,"45","0.243","0.459","0.389",32.3,22.2,20.4,"0.243","0.47","0.37",55.6
"Allen, Nick",669397,"ATL","SL","Slider",-1.4,-3,"191",15.7,"45","0.19","0.19","0.207",26.4,26.7,17.9,"0.232","0.26","0.248",6.7
"Verdugo, Alex",657077,"ATL","SI","Sinker",-0.4,-1,"171",19.4,"45","0.317","0.415","0.361",6.3,6.7,8.3,"0.361","0.466","0.389",55.3
"Yastrzemski, Mike",573262,"SF","SI","Sinker",-0.6,-1,"191",13,"45","0.222","0.333","0.351",17.7,22.2,17.9,"0.259","0.398","0.364",50
"Burleson, Alec",676475,"STL","CH","Changeup",2.2,4,"163",12.9,"45","0.293","0.463","0.351",18.8,17.8,17.4,"0.264","0.429","0.33",38.2
"Pasquantino, Vinnie",686469,"KC","CU","Curveball",-1.4,-2,"172",10.6,"45","0.171","0.268","0.234",27.6,24.4,20.4,"0.245","0.382","0.306",56.7
"Ramos, Heliot",671218,"SF","ST","Sweeper",2.6,4,"160",9.1,"45","0.317","0.683","0.412",20,22.2,18.2,"0.29","0.674","0.401",45.5
"Domínguez, Jasson",691176,"NYY","CH","Changeup",0.9,2,"172",12.9,"45","0.268","0.366","0.299",30.2,17.8,12.1,"0.257","0.451","0.325",35.3
"Ward, Taylor",621493,"LAA","FC","Cutter",-1.8,-3,"191",10.1,"45","0.238","0.286","0.247",13.3,8.9,13.8,"0.267","0.341","0.28",23.1
"Lee, Jung Hoo",808982,"SF","SL","Slider",0.4,1,"166",10.4,"45","0.2","0.35","0.286",16.2,8.9,6,"0.25","0.454","0.343",30.6
"Edwards, Xavier",669364,"MIA","CH","Changeup",1,2,"171",12,"44","0.326","0.372","0.302",12,11.4,7.7,"0.269","0.317","0.261",15.4
"Semien, Marcus",543760,"TEX","FC","Cutter",-2,-3,"170",9.8,"44","0.229","0.343","0.298",28.6,9.1,9.8,"0.261","0.406","0.349",35.3
"Grichuk, Randal",545341,"KC","SL","Slider",-2.5,-4,"161",23.1,"44","0.116","0.326","0.198",25.6,25,21.2,"0.204","0.395","0.246",39.4
"Bell, Josh",605137,"WSH","SI","Sinker",-0.9,-2,"175",12.7,"44","0.237","0.316","0.303",17.5,18.2,19,"0.265","0.428","0.351",53.3
"Devers, Rafael",646240,"SF","FC","Cutter",2.2,4,"198",9.8,"44","0.278","0.583","0.443",27.6,15.9,17.5,"0.286","0.564","0.42",51.7
"Bart, Joey",663698,"PIT","SL","Slider",-3.9,-7,"175",18.6,"44","0.14","0.14","0.139",35.3,29.5,27.7,"0.178","0.308","0.218",43.3
"Conforto, Michael",624424,"LAD","SI","Sinker",-3.1,-5,"172",13.1,"44","0.132","0.237","0.236",15.2,20.5,22,"0.235","0.387","0.326",37.9
"Tovar, Ezequiel",678662,"COL","FF","4-Seam Fastball",-1.4,-3,"199",31.7,"44","0.195","0.366","0.268",25.2,25,16.4,"0.259","0.465","0.332",50
"Kelly, Carson",608348,"CHC","SL","Slider",0.4,1,"171",16,"44","0.179","0.333","0.277",29.9,18.2,14.5,"0.191","0.341","0.268",34.4
"Norby, Connor",681393,"MIA","SL","Slider",-2.2,-4,"176",17.6,"44","0.163","0.209","0.175",32.6,27.3,20,"0.205","0.366","0.253",38.7
"Thomas, Alek",677950,"AZ","SL","Slider",-0.3,-1,"163",15,"44","0.256","0.333","0.3",26.5,13.6,14.6,"0.291","0.443","0.35",44.1
"O'Neill, Tyler",641933,"BAL","FF","4-Seam Fastball",-1.5,-3,"175",31.3,"44","0.2","0.45","0.309",25,22.7,18.2,"0.246","0.688","0.415",43.3
"Schwarber, Kyle",656941,"PHI","CU","Curveball",0.1,0,"219",11.1,"44","0.125","0.35","0.241",44.3,52.3,30.3,"0.159","0.362","0.261",47.1
"Acuña Jr., Ronald",660670,"ATL","SI","Sinker",2.1,4,"214",21.8,"44","0.385","0.667","0.476",19.8,18.2,17.4,"0.324","0.618","0.431",48.4
"Arias, Gabriel",672356,"CLE","SL","Slider",-1.7,-3,"176",16.6,"44","0.19","0.286","0.227",48.4,31.8,24.6,"0.203","0.365","0.262",35.7
"Larnach, Trevor",663616,"MIN","SL","Slider",0.2,0,"223",14.6,"44","0.3","0.375","0.353",46.7,36.4,25.8,"0.229","0.296","0.27",41.7
"Grisham, Trent",663757,"NYY","SL","Slider",0,0,"221",15.6,"43","0.162","0.27","0.257",35.7,46.5,25,"0.163","0.248","0.249",35.3
"India, Jonathan",663697,"KC","FC","Cutter",-0.3,-1,"179",10.2,"43","0.256","0.333","0.289",21.1,18.6,18.2,"0.331","0.461","0.367",43.8
"Butler, Lawrence",671732,"ATH","SL","Slider",0.7,2,"223",12.4,"43","0.256","0.564","0.374",38.5,27.9,16,"0.228","0.486","0.337",40.7
"Busch, Michael",683737,"CHC","SI","Sinker",-1.1,-2,"189",12.6,"43","0.243","0.324","0.319",14.3,16.3,13,"0.254","0.437","0.351",30
"Bleday, JJ",668709,"ATH","CH","Changeup",-3.6,-6,"170",19.3,"43","0.073","0.098","0.103",44.7,30.2,29.5,"0.128","0.216","0.172",32.1
"Sheets, Gavin",657757,"SD","SI","Sinker",-2.4,-4,"163",10.1,"43","0.268","0.268","0.263",6.6,7,11.1,"0.301","0.377","0.313",52.6
"Díaz, Elias",553869,"SD","SL","Slider",-2,-3,"163",19.5,"43","0.186","0.326","0.228",41.6,30.2,22.4,"0.172","0.241","0.177",23.3
"Mayer, Marcelo",691785,"BOS","FF","4-Seam Fastball",-0.1,0,"161",31.6,"43","0.31","0.548","0.372",11.6,16.3,14.6,"0.254","0.435","0.301",54.3
"Alonso, Pete",624413,"NYM","CU","Curveball",0.6,1,"172",9.1,"43","0.184","0.316","0.274",37.5,34.9,25.4,"0.276","0.426","0.33",58.3
"O'Hearn, Ryan",656811,"BAL","CH","Changeup",-1.4,-2,"173",12.8,"43","0.171","0.268","0.213",26.8,18.6,16,"0.225","0.315","0.255",45.5
"Stallings, Jacob",607732,"BAL","FF","4-Seam Fastball",-2.2,-4,"176",36.7,"43","0.135","0.216","0.227",33.3,30.2,24.5,"0.15","0.22","0.233",33.3
"Mullins, Cedric",656775,"BAL","SL","Slider",-1.1,-2,"183",12.7,"43","0.171","0.341","0.238",20.8,23.3,14.5,"0.241","0.413","0.298",41.9
"Pham, Tommy",502054,"PIT","SL","Slider",0.2,0,"201",19,"43","0.289","0.421","0.358",37.2,25.6,17.5,"0.221","0.345","0.29",46.4
"Cowser, Colton",681297,"BAL","FF","4-Seam Fastball",1.3,2,"186",26.3,"43","0.268","0.634","0.39",25,25.6,22.4,"0.229","0.499","0.323",60
"McMahon, Ryan",641857,"NYY","CH","Changeup",0.2,0,"164",9.4,"43","0.175","0.425","0.28",39,39.5,31.5,"0.235","0.529","0.345",39.1
"Olson, Matt",621566,"ATL","CU","Curveball",-1.1,-2,"202",9.9,"43","0.167","0.278","0.257",24.1,30.2,18.1,"0.23","0.548","0.376",50
"Olson, Matt",621566,"ATL","FC","Cutter",1.1,2,"178",8.7,"43","0.35","0.525","0.4",18.2,18.6,15.4,"0.289","0.533","0.371",34.4
"Rooker, Brent",667670,"ATH","CH","Changeup",2.6,5,"191",11.2,"43","0.324","0.588","0.452",44,14,13,"0.305","0.58","0.442",39.3
"Urshela, Gio",570482,"ATH","FF","4-Seam Fastball",0.4,1,"169",29.7,"42","0.278","0.444","0.339",27.2,16.7,13.5,"0.268","0.427","0.329",41.9
"Ward, Taylor",621493,"LAA","ST","Sweeper",0.8,2,"209",11.1,"42","0.263","0.526","0.335",25,33.3,19.2,"0.178","0.282","0.212",26.9
"Wood, James",695578,"WSH","CH","Changeup",-0.1,0,"200",10.4,"42","0.2","0.371","0.285",30.3,23.8,16.1,"0.242","0.427","0.327",44.4
"Cruz, Oneil",665833,"PIT","CH","Changeup",1,2,"216",13.3,"42","0.194","0.444","0.354",37.2,21.4,16.7,"0.222","0.387","0.34",53.6
"Rojas, Johan",679032,"PHI","FF","4-Seam Fastball",-2.7,-5,"202",33.1,"42","0.2","0.229","0.248",25.7,35.7,25.4,"0.214","0.249","0.259",31.8
"Turner, Trea",607208,"PHI","CH","Changeup",-0.1,0,"159",9,"42","0.175","0.25","0.252",22.1,7.1,5.6,"0.274","0.385","0.303",48.6
"Palacios, Joshua",641943,"CWS","FF","4-Seam Fastball",-0.5,-1,"200",35.8,"42","0.256","0.41","0.317",19.4,19,12.3,"0.248","0.425","0.314",41.9
"Iglesias, Jose",578428,"SD","SI","Sinker",-0.2,0,"186",19.6,"42","0.278","0.306","0.365",11,9.5,12.1,"0.263","0.306","0.313",37.5
"Freeman, Freddie",518692,"LAD","SL","Slider",1,2,"210",14,"42","0.222","0.528","0.367",39,28.6,23.5,"0.22","0.501","0.359",37.5
"Santana, Carlos",467793,"CLE","CH","Changeup",0.1,0,"210",12.6,"42","0.243","0.351","0.311",33,21.4,14.8,"0.203","0.326","0.283",46.4
"Soto, Juan",665742,"NYM","CH","Changeup",2.9,6,"190",9.6,"41","0.257","0.6","0.407",19.4,22,16.7,"0.321","0.693","0.465",46.2
"Crawford, J.P.",641487,"SEA","FC","Cutter",0.2,0,"165",8.8,"41","0.368","0.395","0.359",17.1,17.1,22.6,"0.318","0.39","0.33",25
"Schanuel, Nolan",694384,"LAA","CH","Changeup",-0.1,0,"184",10.9,"41","0.2","0.225","0.201",20.3,9.8,7.1,"0.205","0.239","0.206",13.9
"Urías, Ramón",602104,"BAL","SL","Slider",-0.7,-1,"187",16.9,"41","0.237","0.395","0.274",35.6,24.4,16.4,"0.244","0.371","0.262",23.3
"Happ, Ian",664023,"CHC","SL","Slider",-2.8,-5,"167",9.3,"41","0.15","0.35","0.22",35.2,34.1,25,"0.198","0.497","0.298",30.8
"Meadows, Parker",678009,"DET","FF","4-Seam Fastball",-0.2,0,"178",31.9,"41","0.278","0.444","0.357",27.5,24.4,16.7,"0.309","0.566","0.411",42.3
"Raleigh, Cal",663728,"SEA","CU","Curveball",1.5,3,"195",10.6,"41","0.222","0.528","0.359",42.9,34.1,21.9,"0.159","0.42","0.295",40.9
"Carroll, Corbin",682998,"AZ","CU","Curveball",2.8,5,"164",10.7,"41","0.282","0.744","0.473",27.9,26.8,19.6,"0.336","0.774","0.493",50
"Crews, Dylan",686611,"WSH","FF","4-Seam Fastball",-0.5,-1,"165",26.6,"41","0.167","0.444","0.327",33.8,29.3,34.3,"0.269","0.559","0.39",58.3
"Arcia, Orlando",606115,"COL","FF","4-Seam Fastball",-4.3,-7,"166",32.2,"41","0.081","0.135","0.151",20.2,22,17.3,"0.166","0.277","0.238",32.1
"Perez, Salvador",521692,"KC","ST","Sweeper",1.2,2,"170",11.6,"41","0.325","0.5","0.363",34,31.7,21,"0.297","0.497","0.348",29.6
"Sosa, Edmundo",624641,"PHI","FF","4-Seam Fastball",-0.7,-1,"172",29.1,"41","0.286","0.371","0.321",23.6,22,20.9,"0.32","0.427","0.352",42.9
"Barger, Addison",680718,"TOR","SL","Slider",1.1,2,"171",14.7,"40","0.316","0.553","0.386",39.3,32.5,26,"0.286","0.452","0.336",64
"Bellinger, Cody",641355,"NYY","CH","Changeup",2.7,5,"181",11.1,"40","0.368","0.474","0.409",17.5,17.5,12.3,"0.209","0.27","0.232",29
"Myers, Dane",667472,"MIA","SI","Sinker",-1.8,-3,"179",19.4,"40","0.278","0.278","0.295",17.1,12.5,18.5,"0.243","0.386","0.311",38.7
"Adams, Riley",656180,"WSH","FF","4-Seam Fastball",0.4,1,"160",30.1,"40","0.184","0.447","0.284",46.4,65,41.3,"0.14","0.358","0.232",50
"Wells, Austin",669224,"NYY","SI","Sinker",0.7,1,"163",12.9,"40","0.297","0.541","0.381",16.3,12.5,13.5,"0.262","0.441","0.33",59.4
"Schneemann, Daniel",682177,"CLE","CH","Changeup",-1.6,-3,"161",15.4,"40","0.083","0.083","0.183",33.8,32.5,28.3,"0.176","0.309","0.255",30.4
"Mead, Curtis",678554,"TB","FF","4-Seam Fastball",-0.8,-1,"160",30,"40","0.273","0.364","0.351",18.9,22.5,18.8,"0.295","0.428","0.378",41.7
"Soto, Juan",665742,"NYM","FC","Cutter",3.6,6,"159",8.1,"40","0.421","0.842","0.54",20,15,18.2,"0.409","0.88","0.549",62.5
"Rodríguez, Julio",677594,"SEA","ST","Sweeper",1,2,"167",9.9,"40","0.263","0.5","0.341",33.3,5,2.9,"0.282","0.554","0.368",36.1
"Burleson, Alec",676475,"STL","SL","Slider",2.5,4,"163",12.9,"40","0.314","0.629","0.456",22.1,17.5,12.1,"0.295","0.472","0.373",53.6
"Slater, Austin",596103,"CWS","FF","4-Seam Fastball",-0.4,-1,"159",30.6,"40","0.216","0.459","0.304",21.7,32.5,24.1,"0.321","0.54","0.383",52
"Stephenson, Tyler",663886,"CIN","SL","Slider",-0.1,0,"189",18.8,"40","0.3","0.4","0.328",42.9,50,27.4,"0.216","0.387","0.254",50
"Tucker, Kyle",663656,"CHC","CH","Changeup",2.5,6,"219",12.3,"40","0.303","0.515","0.411",31.5,17.5,10,"0.277","0.454","0.381",30.8
"Nootbaar, Lars",663457,"STL","CH","Changeup",3.1,5,"171",10.8,"39","0.278","0.556","0.401",28.8,23.1,13.6,"0.242","0.44","0.32",44.4
"Tellez, Rowdy",642133,"TEX","CH","Changeup",-2.8,-5,"162",20.1,"39","0.105","0.105","0.11",38.5,28.2,20.8,"0.201","0.266","0.213",33.3
"Suárez, Eugenio",553993,"AZ","ST","Sweeper",-0.3,0,"163",9.7,"39","0.212","0.455","0.326",32.9,23.1,14.3,"0.207","0.346","0.293",36
"Soto, Juan",665742,"NYM","CU","Curveball",2.8,5,"197",10,"39","0.172","0.379","0.379",24,17.9,11.7,"0.271","0.549","0.461",65.2
"Langford, Wyatt",694671,"TEX","CH","Changeup",-2.1,-4,"171",11.7,"39","0.083","0.139","0.141",52.9,61.5,34.8,"0.112","0.154","0.16",58.3
"Caballero, José",676609,"TB","SL","Slider",-0.1,0,"185",17,"39","0.27","0.351","0.294",32.6,28.2,18.6,"0.219","0.279","0.241",30.8
"Alvarez, Yordan",670541,"HOU","FF","4-Seam Fastball",-1.7,-3,"169",34.5,"39","0.147","0.265","0.188",11.7,12.8,9.3,"0.253","0.505","0.354",43.8
"Laureano, Ramón",657656,"BAL","SL","Slider",1.3,2,"162",14.1,"38","0.265","0.618","0.401",32.4,28.9,21.2,"0.278","0.604","0.404",60.9
"Ramírez, José",608070,"CLE","FC","Cutter",0.2,0,"169",10.1,"38","0.294","0.412","0.33",16.1,15.8,14.3,"0.255","0.378","0.302",48.3
"Torrens, Luis",620443,"NYM","SL","Slider",-0.6,-1,"160",18.9,"38","0.171","0.286","0.236",25,21.1,12.3,"0.333","0.516","0.391",55.6
"Kepler, Max",596146,"PHI","SI","Sinker",-1.6,-3,"164",12.2,"38","0.176","0.265","0.255",12.9,15.8,16.7,"0.229","0.291","0.263",37.9
"Flores, Wilmer",527038,"SF","CH","Changeup",-0.1,0,"169",10.9,"38","0.206","0.294","0.292",28.2,15.8,9.4,"0.283","0.399","0.336",28.6
"Alonso, Pete",624413,"NYM","ST","Sweeper",-2,-3,"176",9.3,"37","0.194","0.278","0.218",27.1,32.4,24.5,"0.249","0.429","0.299",58.3
"Ohtani, Shohei",660271,"LAD","FC","Cutter",1.7,3,"160",8.5,"37","0.3","0.7","0.47",26.3,13.5,16.1,"0.35","0.823","0.53",76
"Winn, Masyn",691026,"STL","CH","Changeup",-0.9,-1,"165",9.8,"37","0.297","0.324","0.277",15.1,13.5,9.3,"0.275","0.329","0.261",21.9
"Thomas, Alek",677950,"AZ","SI","Sinker",-1,-2,"160",14.8,"37","0.265","0.412","0.323",25.3,27,31.3,"0.205","0.266","0.232",40
"Marsh, Brandon",669016,"PHI","SL","Slider",-0.5,-1,"161",15.7,"37","0.273","0.273","0.276",26.8,24.3,15.5,"0.265","0.34","0.292",28
"Peraza, Oswald",672724,"NYY","FF","4-Seam Fastball",-1,-2,"184",30.1,"37","0.172","0.172","0.306",31.4,24.3,17.6,"0.225","0.32","0.34",45
"Goodman, Hunter",696100,"COL","SI","Sinker",1.3,2,"168",12.2,"37","0.364","0.697","0.455",15.5,13.5,22.7,"0.345","0.579","0.408",62.1
"Saggese, Thomas",695336,"STL","FF","4-Seam Fastball",-0.8,-1,"177",47.2,"37","0.257","0.343","0.309",31.9,32.4,18.2,"0.215","0.313","0.252",47.8
"Freeman, Freddie",518692,"LAD","CU","Curveball",0.5,1,"169",11.2,"37","0.222","0.389","0.277",35,40.5,21.1,"0.205","0.315","0.227",45.5
"Kim, Hyeseong",808975,"LAD","FF","4-Seam Fastball",-0.8,-2,"182",32.6,"37","0.235","0.471","0.33",27.9,35.1,23.6,"0.237","0.432","0.317",42.9
"Ramírez, José",608070,"CLE","CU","Curveball",2.7,5,"177",10.5,"36","0.3","0.467","0.397",15.4,5.6,3.5,"0.332","0.505","0.397",34.5
"McMahon, Ryan",641857,"NYY","FC","Cutter",0,0,"170",9.7,"36","0.259","0.296","0.36",32.3,27.8,23.8,"0.183","0.232","0.309",23.5
"Busch, Michael",683737,"CHC","CU","Curveball",1.9,3,"170",11.3,"36","0.25","0.531","0.368",28.8,25,15.8,"0.236","0.492","0.351",30.4
"Wagner, Will",695238,"TOR","FF","4-Seam Fastball",0.3,1,"191",37.5,"35","0.321","0.393","0.417",17.3,25.7,12.5,"0.276","0.328","0.351",36.8
"Suzuki, Seiya",673548,"CHC","FC","Cutter",-0.4,-1,"164",8.9,"34","0.344","0.531","0.396",20,20.6,21.2,"0.272","0.515","0.353",48
"Murphy, Sean",669221,"ATL","SL","Slider",2,4,"175",17.2,"34","0.226","0.645","0.387",36.7,38.2,18.8,"0.227","0.611","0.376",50
"Acuña Jr., Ronald",660670,"ATL","SL","Slider",0.6,1,"167",17,"34","0.241","0.379","0.331",27.5,23.5,13.8,"0.222","0.402","0.329",28.6
"Keith, Colt",690993,"DET","SL","Slider",0.9,2,"167",12.9,"33","0.179","0.393","0.336",31.3,30.3,16.1,"0.23","0.507","0.367",33.3
"Donovan, Brendan",680977,"STL","CU","Curveball",-1.1,-2,"169",10.4,"33","0.179","0.214","0.232",16.1,12.1,8.7,"0.272","0.423","0.349",40
"Swanson, Dansby",621020,"CHC","ST","Sweeper",-0.4,-1,"167",9.8,"32","0.207","0.379","0.269",27.4,18.8,12.2,"0.23","0.337","0.286",33.3
"Muncy, Max",571970,"LAD","CU","Curveball",-0.8,-1,"187",13.8,"32","0.179","0.214","0.217",27.1,25,12.1,"0.245","0.391","0.307",47.6
"Larnach, Trevor",663616,"MIN","CU","Curveball",-1.2,-2,"162",10.6,"31","0.172","0.31","0.244",48.6,41.9,23.6,"0.158","0.255","0.189",47.1
"Judge, Aaron",592450,"NYY","ST","Sweeper",4.9,8,"165",9.3,"31","0.44","1","0.597",45.9,29,15.5,"0.345","0.765","0.487",41.2
"Torkelson, Spencer",679529,"DET","ST","Sweeper",-2.3,-4,"161",9.5,"31","0.1","0.233","0.156",35.6,45.2,21.9,"0.11","0.211","0.154",12.5
"Vaughn, Andrew",683734,"MIL","SL","Slider",0.2,0,"175",18.9,"31","0.267","0.5","0.337",37,22.6,15.6,"0.303","0.544","0.369",52.2
"Torres, Gleyber",650402,"DET","ST","Sweeper",-0.5,-1,"166",10.1,"31","0.233","0.267","0.215",21.3,35.5,17.7,"0.23","0.354","0.245",25
"Santana, Carlos",467793,"CLE","CU","Curveball",-1.9,-4,"202",12.1,"30","0.077","0.077","0.153",35.5,40,21.1,"0.104","0.115","0.177",14.3
"Freeman, Freddie",518692,"LAD","CH","Changeup",0.4,1,"164",10.9,"30","0.269","0.385","0.338",29.3,23.3,14,"0.242","0.345","0.311",21.1
"Suzuki, Seiya",673548,"CHC","CU","Curveball",0.5,1,"174",9.5,"29","0.2","0.32","0.29",18.9,24.1,11.9,"0.245","0.451","0.349",33.3
"Flores, Wilmer",527038,"SF","ST","Sweeper",1.4,2,"163",10.5,"29","0.308","0.423","0.39",31.1,27.6,15.1,"0.194","0.3","0.262",22.2
"Rutschman, Adley",668939,"BAL","CH","Changeup",-0.2,0,"159",13.8,"29","0.192","0.308","0.266",21,24.1,14.3,"0.252","0.452","0.34",42.1
"Smith, Pavin",656976,"AZ","CU","Curveball",0.5,1,"165",14.4,"29","0.208","0.25","0.288",44.9,37.9,18.6,"0.201","0.242","0.28",30.8
"Smith, Pavin",656976,"AZ","SL","Slider",-1.4,-2,"164",14.3,"29","0.16","0.24","0.221",36.5,34.5,21.7,"0.185","0.234","0.229",31.3
"Turang, Brice",668930,"MIL","CU","Curveball",0.4,1,"186",10.6,"28","0.222","0.222","0.218",29.8,39.3,16.7,"0.168","0.224","0.187",31.3
"Manzardo, Kyle",700932,"CLE","CU","Curveball",-0.3,0,"161",13,"23","0.2","0.25","0.263",20,34.8,15.1,"0.194","0.343","0.289",25
"Polanco, Jorge",593871,"SEA","CU","Curveball",0.9,2,"166",13.5,"20","0.188","0.25","0.338",32.5,25,12.8,"0.22","0.277","0.312",36.4