timestamp,player_name,current_odds,previous_odds,opening_odds,movement_from_previous,previous_delta,total_runs,trend_direction
2025-06-14T09:23:55.264736,Matt Olson,+210,+210,+210,NEW,0,1,none
2025-06-14T09:23:55.264736,Shohei Ohtani,+215,+215,+215,NEW,0,1,none
2025-06-14T09:23:55.264736,Ronald Acuna Jr.,+245,+245,+245,NEW,0,1,none
2025-06-14T09:23:55.264736,Corbin Carroll,+250,+250,+250,NEW,0,1,none
2025-06-14T09:23:55.264736,Aaron Judge,+265,+265,+265,NEW,0,1,none
2025-06-14T09:23:55.264736,Marcell Ozuna,+270,+270,+270,NEW,0,1,none
2025-06-14T09:23:55.264736,Kyle Schwarber,+270,+270,+270,NEW,0,1,none
2025-06-14T09:23:55.264736,Heliot Ramos,+285,+285,+285,NEW,0,1,none
2025-06-14T09:23:55.264736,Cal Raleigh,+300,+300,+300,NEW,0,1,none
2025-06-14T09:23:55.264736,Austin Riley,+300,+300,+300,NEW,0,1,none
2025-06-14T09:23:55.264736,Corey Seager,+320,+320,+320,NEW,0,1,none
2025-06-14T09:23:55.264736,Brent Rooker,+330,+330,+330,NEW,0,1,none
2025-06-14T09:23:55.264736,Drake Baldwin,+340,+340,+340,NEW,0,1,none
2025-06-14T09:23:55.264736,Agustin Ramirez,+340,+340,+340,NEW,0,1,none
2025-06-14T09:23:55.264736,Bobby Witt Jr.,+350,+350,+350,NEW,0,1,none
2025-06-14T09:23:55.264736,Jake Burger,+350,+350,+350,NEW,0,1,none
2025-06-14T09:23:55.264736,Pete Alonso,+360,+360,+360,NEW,0,1,none
2025-06-14T09:23:55.264736,Kerry Carpenter,+360,+360,+360,NEW,0,1,none
2025-06-14T09:23:55.264736,Seiya Suzuki,+360,+360,+360,NEW,0,1,none
2025-06-14T09:23:55.264736,Ben Rice,+370,+370,+370,NEW,0,1,none
2025-06-14T09:23:55.264736,Salvador Perez,+370,+370,+370,NEW,0,1,none
2025-06-14T09:23:55.264736,Otto Lopez,+370,+370,+370,NEW,0,1,none
2025-06-14T09:23:55.264736,Christian Walker,+370,+370,+370,NEW,0,1,none
2025-06-14T09:23:55.264736,Eugenio Suarez,+380,+380,+380,NEW,0,1,none
2025-06-14T09:23:55.264736,Paul Goldschmidt,+380,+380,+380,NEW,0,1,none
2025-06-14T09:23:55.264736,Ketel Marte,+390,+390,+390,NEW,0,1,none
2025-06-14T09:23:55.264736,Mike Trout,+390,+390,+390,NEW,0,1,none
2025-06-14T09:23:55.264736,Ozzie Albies,+390,+390,+390,NEW,0,1,none
2025-06-14T09:23:55.264736,Michael Harris,+390,+390,+390,NEW,0,1,none
2025-06-14T09:23:55.264736,Jesus Sanchez,+400,+400,+400,NEW,0,1,none
2025-06-14T09:23:55.264736,Gunnar Henderson,+400,+400,+400,NEW,0,1,none
2025-06-14T09:23:55.264736,Jose Ramirez,+400,+400,+400,NEW,0,1,none
2025-06-14T09:23:55.264736,Wyatt Langford,+400,+400,+400,NEW,0,1,none
2025-06-14T09:23:55.264736,Max Muncy (LAD),+425,+425,+425,NEW,0,1,none
2025-06-14T09:23:55.264736,Willy Adames,+425,+425,+425,NEW,0,1,none
2025-06-14T09:23:55.264736,Junior Caminero,+425,+425,+425,NEW,0,1,none
2025-06-14T09:23:55.264736,Wilmer Flores (SF),+425,+425,+425,NEW,0,1,none
2025-06-14T09:23:55.264736,Jordan Westburg,+425,+425,+425,NEW,0,1,none
2025-06-14T09:23:55.264736,Kyle Tucker,+425,+425,+425,NEW,0,1,none
2025-06-14T09:23:55.264736,Christian Encarnacion-Strand,+425,+425,+425,NEW,0,1,none
2025-06-14T09:23:55.264736,Andy Pages,+425,+425,+425,NEW,0,1,none
2025-06-14T09:23:55.264736,Michael Busch,+450,+450,+450,NEW,0,1,none
2025-06-14T09:23:55.264736,Spencer Torkelson,+450,+450,+450,NEW,0,1,none
2025-06-14T09:23:55.264736,Trea Turner,+450,+450,+450,NEW,0,1,none
2025-06-14T09:23:55.264736,Manny Machado,+450,+450,+450,NEW,0,1,none
2025-06-14T09:23:55.264736,Julio Rodriguez,+450,+450,+450,NEW,0,1,none
2025-06-14T09:23:55.264736,Max Kepler,+450,+450,+450,NEW,0,1,none
2025-06-14T09:23:55.264736,Riley Greene,+450,+450,+450,NEW,0,1,none
2025-06-14T09:23:55.264736,Pete Crow-Armstrong,+450,+450,+450,NEW,0,1,none
2025-06-14T09:23:55.264736,Matt Wallner,+450,+450,+450,NEW,0,1,none
2025-06-14T09:23:55.264736,Byron Buxton,+450,+450,+450,NEW,0,1,none
2025-06-14T09:23:55.264736,Rafael Devers,+475,+475,+475,NEW,0,1,none
2025-06-14T09:23:55.264736,Adolis Garcia,+475,+475,+475,NEW,0,1,none
2025-06-14T09:23:55.264736,Sam Hilliard,+475,+475,+475,NEW,0,1,none
2025-06-14T09:23:55.264736,Juan Soto,+475,+475,+475,NEW,0,1,none
2025-06-14T09:23:55.264736,Willson Contreras,+475,+475,+475,NEW,0,1,none
2025-06-14T09:23:55.264736,Francisco Lindor,+475,+475,+475,NEW,0,1,none
2025-06-14T09:23:55.264736,Josh Naylor,+475,+475,+475,NEW,0,1,none
2025-06-14T09:23:55.264736,Nick Castellanos,+475,+475,+475,NEW,0,1,none
2025-06-14T09:23:55.264736,Freddie Freeman,+475,+475,+475,NEW,0,1,none
2025-06-14T09:23:55.264736,Jerar Encarnacion,+475,+475,+475,NEW,0,1,none
2025-06-14T09:23:55.264736,Ian Happ,+475,+475,+475,NEW,0,1,none
2025-06-14T09:23:55.264736,Kyle Manzardo,+475,+475,+475,NEW,0,1,none
2025-06-14T09:23:55.264736,Austin Wells,+475,+475,+475,NEW,0,1,none
2025-06-14T09:23:55.264736,Jackson Merrill,+475,+475,+475,NEW,0,1,none
2025-06-14T09:23:55.264736,Jazz Chisholm,+500,+500,+500,NEW,0,1,none
2025-06-14T09:23:55.264736,Teoscar Hernandez,+500,+500,+500,NEW,0,1,none
2025-06-14T09:23:55.264736,Will Smith (LAD),+500,+500,+500,NEW,0,1,none
2025-06-14T09:23:55.264736,Casey Schmitt,+500,+500,+500,NEW,0,1,none
2025-06-14T09:23:55.264736,Ramon Laureano,+500,+500,+500,NEW,0,1,none
2025-06-14T09:23:55.264736,Mookie Betts,+500,+500,+500,NEW,0,1,none
2025-06-14T09:23:55.264736,Rowdy Tellez,+500,+500,+500,NEW,0,1,none
2025-06-14T09:23:55.264736,Daniel Schneemann,+500,+500,+500,NEW,0,1,none
2025-06-14T09:23:55.264736,J.T. Realmuto,+500,+500,+500,NEW,0,1,none
2025-06-14T09:23:55.264736,Jorge Polanco,+500,+500,+500,NEW,0,1,none
2025-06-14T09:23:55.264736,Marcus Semien,+500,+500,+500,NEW,0,1,none
2025-06-14T09:23:55.264736,Bo Naylor,+500,+500,+500,NEW,0,1,none
2025-06-14T09:23:55.264736,Fernando Tatis Jr.,+500,+500,+500,NEW,0,1,none
2025-06-14T09:23:55.264736,Ryan McMahon,+500,+500,+500,NEW,0,1,none
2025-06-14T09:23:55.264736,Brandon Nimmo,+500,+500,+500,NEW,0,1,none
2025-06-14T09:23:55.264736,Connor Norby,+500,+500,+500,NEW,0,1,none
2025-06-14T09:23:55.264736,Hunter Goodman,+500,+500,+500,NEW,0,1,none
2025-06-14T09:23:55.264736,Kyle Stowers,+500,+500,+500,NEW,0,1,none
2025-06-14T09:23:55.264736,Michael Conforto,+500,+500,+500,NEW,0,1,none
2025-06-14T09:23:55.264736,Brandon Lowe,+500,+500,+500,NEW,0,1,none
2025-06-14T09:23:55.264736,Jonathan Aranda,+500,+500,+500,NEW,0,1,none
2025-06-14T09:23:55.264736,Rhys Hoskins,+550,+550,+550,NEW,0,1,none
2025-06-14T09:23:55.264736,Yainer Diaz,+550,+550,+550,NEW,0,1,none
2025-06-14T09:23:55.264736,Tyler Soderstrom,+550,+550,+550,NEW,0,1,none
2025-06-14T09:23:55.264736,Logan O'Hoppe,+550,+550,+550,NEW,0,1,none
2025-06-14T09:23:55.264736,Nolan Gorman,+550,+550,+550,NEW,0,1,none
2025-06-14T09:23:55.264736,Brandon Marsh,+550,+550,+550,NEW,0,1,none
2025-06-14T09:23:55.264736,Cody Bellinger,+550,+550,+550,NEW,0,1,none
2025-06-14T09:23:55.264736,Lars Nootbaar,+550,+550,+550,NEW,0,1,none
2025-06-14T09:23:55.264736,Randy Arozarena,+550,+550,+550,NEW,0,1,none
2025-06-14T09:23:55.264736,Yandy Diaz,+550,+550,+550,NEW,0,1,none
2025-06-14T09:23:55.264736,Jordan Beck,+550,+550,+550,NEW,0,1,none
2025-06-14T09:23:55.264736,Masyn Winn,+550,+550,+550,NEW,0,1,none
2025-06-14T09:23:55.264736,Dominic Canzone,+550,+550,+550,NEW,0,1,none
2025-06-14T09:23:55.264736,Alec Bohm,+550,+550,+550,NEW,0,1,none
2025-06-14T09:23:55.264736,Taylor Ward,+550,+550,+550,NEW,0,1,none
2025-06-14T09:23:55.264736,Carson Kelly,+550,+550,+550,NEW,0,1,none
2025-06-14T09:23:55.264736,Dansby Swanson,+550,+550,+550,NEW,0,1,none
2025-06-14T09:23:55.264736,Andrew Knizner,+600,+600,+600,NEW,0,1,none
2025-06-14T09:23:55.264736,Elly De La Cruz,+600,+600,+600,NEW,0,1,none
2025-06-14T09:23:55.264736,Parker Meadows,+600,+600,+600,NEW,0,1,none
2025-06-14T09:23:55.264736,Vinnie Pasquantino,+600,+600,+600,NEW,0,1,none
2025-06-14T09:23:55.264736,Josh Jung,+600,+600,+600,NEW,0,1,none
2025-06-14T09:23:55.264736,George Springer,+600,+600,+600,NEW,0,1,none
2025-06-14T09:23:55.264736,Ivan Herrera,+600,+600,+600,NEW,0,1,none
2025-06-14T09:23:55.264736,Lourdes Gurriel Jr.,+600,+600,+600,NEW,0,1,none
2025-06-14T09:23:55.264736,Nolan Arenado,+600,+600,+600,NEW,0,1,none
2025-06-14T09:23:55.264736,Miguel Vargas,+600,+600,+600,NEW,0,1,none
2025-06-14T09:23:55.264736,Josh Lowe,+600,+600,+600,NEW,0,1,none
2025-06-14T09:23:55.264736,Lawrence Butler,+600,+600,+600,NEW,0,1,none
2025-06-14T09:23:55.264736,Carlos Santana,+600,+600,+600,NEW,0,1,none
2025-06-14T09:23:55.264736,Thairo Estrada,+600,+600,+600,NEW,0,1,none
2025-06-14T09:23:55.264736,Brenton Doyle,+600,+600,+600,NEW,0,1,none
2025-06-14T09:23:55.264736,Tyler Fitzgerald,+600,+600,+600,NEW,0,1,none
2025-06-14T09:23:55.264736,Colton Cowser,+600,+600,+600,NEW,0,1,none
2025-06-14T09:23:55.264736,Andrew Benintendi,+600,+600,+600,NEW,0,1,none
2025-06-14T09:23:55.264736,Keston Hiura,+600,+600,+600,NEW,0,1,none
2025-06-14T09:23:55.264736,Shay Whitcomb,+600,+600,+600,NEW,0,1,none
2025-06-14T09:23:55.264736,Kody Clemens,+600,+600,+600,NEW,0,1,none
2025-06-14T09:23:55.264736,Josh Smith,+650,+650,+650,NEW,0,1,none
2025-06-14T09:23:55.264736,Yohel Pozo,+650,+650,+650,NEW,0,1,none
2025-06-14T09:23:55.264736,J.P. Crawford,+650,+650,+650,NEW,0,1,none
2025-06-14T09:23:55.264736,Steven Kwan,+650,+650,+650,NEW,0,1,none
2025-06-14T09:23:55.264736,Liam Hicks,+650,+650,+650,NEW,0,1,none
2025-06-14T09:23:55.264736,Trent Grisham,+650,+650,+650,NEW,0,1,none
2025-06-14T09:23:55.264736,Luis Urias,+650,+650,+650,NEW,0,1,none
2025-06-14T09:23:55.264736,Luis Robert,+650,+650,+650,NEW,0,1,none
2025-06-14T09:23:55.264736,Mike Yastrzemski,+650,+650,+650,NEW,0,1,none
2025-06-14T09:23:55.264736,Vladimir Guerrero Jr.,+650,+650,+650,NEW,0,1,none
2025-06-14T09:23:55.264736,Pavin Smith,+650,+650,+650,NEW,0,1,none
2025-06-14T09:23:55.264736,William Contreras,+650,+650,+650,NEW,0,1,none
2025-06-14T09:23:55.264736,Cole Young,+650,+650,+650,NEW,0,1,none
2025-06-14T09:23:55.264736,Victor Caratini,+650,+650,+650,NEW,0,1,none
2025-06-14T09:23:55.264736,Carlos Narvaez,+650,+650,+650,NEW,0,1,none
2025-06-14T09:23:55.264736,Angel Martinez,+650,+650,+650,NEW,0,1,none
2025-06-14T09:23:55.264736,Zach Neto,+650,+650,+650,NEW,0,1,none
2025-06-14T09:23:55.264736,Dane Myers,+650,+650,+650,NEW,0,1,none
2025-06-14T09:23:55.264736,Oneil Cruz,+650,+650,+650,NEW,0,1,none
2025-06-14T09:23:55.264736,Tyler Stephenson,+650,+650,+650,NEW,0,1,none
2025-06-14T09:23:55.264736,Jeremy Pena,+650,+650,+650,NEW,0,1,none
2025-06-14T09:23:55.264736,Roman Anthony,+650,+650,+650,NEW,0,1,none
2025-06-14T09:23:55.264736,Trevor Story,+650,+650,+650,NEW,0,1,none
2025-06-14T09:23:55.264736,Otto Kemp,+700,+700,+700,NEW,0,1,none
2025-06-14T09:23:55.264736,Dillon Dingler,+700,+700,+700,NEW,0,1,none
2025-06-14T09:23:55.264736,Jackson Holliday,+700,+700,+700,NEW,0,1,none
2025-06-14T09:23:55.264736,Matt Shaw,+700,+700,+700,NEW,0,1,none
2025-06-14T09:23:55.264736,Alec Burleson,+700,+700,+700,NEW,0,1,none
2025-06-14T09:23:55.264736,Bryan Reynolds,+700,+700,+700,NEW,0,1,none
2025-06-14T09:23:55.264736,Jo Adell,+700,+700,+700,NEW,0,1,none
2025-06-14T09:23:55.264736,Coby Mayo,+700,+700,+700,NEW,0,1,none
2025-06-14T09:23:55.264736,Romy Gonzalez,+700,+700,+700,NEW,0,1,none
2025-06-14T09:23:55.264736,Evan Carter,+700,+700,+700,NEW,0,1,none
2025-06-14T09:23:55.264736,Trevor Larnach,+700,+700,+700,NEW,0,1,none
2025-06-14T09:23:55.264736,Andrew McCutchen,+700,+700,+700,NEW,0,1,none
2025-06-14T09:23:55.264736,Jarren Duran,+700,+700,+700,NEW,0,1,none
2025-06-14T09:23:55.264736,Edgar Quero,+700,+700,+700,NEW,0,1,none
2025-06-14T09:23:55.264736,Jared Young,+700,+700,+700,NEW,0,1,none
2025-06-14T09:23:55.264736,Gavin Sheets,+700,+700,+700,NEW,0,1,none
2025-06-14T09:23:55.264736,Eric Wagaman,+700,+700,+700,NEW,0,1,none
2025-06-14T09:23:55.264736,Bo Bichette,+700,+700,+700,NEW,0,1,none
2025-06-14T09:23:55.264736,Jose Altuve,+700,+700,+700,NEW,0,1,none
2025-06-14T09:23:55.264736,Adley Rutschman,+700,+700,+700,NEW,0,1,none
2025-06-14T09:23:55.264736,Rob Refsnyder,+700,+700,+700,NEW,0,1,none
2025-06-14T09:23:55.264736,Cam Smith,+700,+700,+700,NEW,0,1,none
2025-06-14T09:23:55.264736,Jackson Chourio,+700,+700,+700,NEW,0,1,none
2025-06-14T09:23:55.264736,Jonah Heim,+700,+700,+700,NEW,0,1,none
2025-06-14T09:23:55.264736,Matt McLain,+700,+700,+700,NEW,0,1,none
2025-06-14T09:23:55.264736,Nick Kurtz,+750,+750,+750,NEW,0,1,none
2025-06-14T09:23:55.264736,Anthony Volpe,+750,+750,+750,NEW,0,1,none
2025-06-14T09:23:55.264736,Gleyber Torres,+750,+750,+750,NEW,0,1,none
2025-06-14T09:23:55.264736,Jorge Soler,+750,+750,+750,NEW,0,1,none
2025-06-14T09:23:55.264736,Geraldo Perdomo,+750,+750,+750,NEW,0,1,none
2025-06-14T09:23:55.264736,Jake Meyers,+750,+750,+750,NEW,0,1,none
2025-06-14T09:23:55.264736,Henry Davis,+750,+750,+750,NEW,0,1,none
2025-06-14T09:23:55.264736,Maikel Garcia,+750,+750,+750,NEW,0,1,none
2025-06-14T09:23:55.264736,Jung Hoo Lee,+750,+750,+750,NEW,0,1,none
2025-06-14T09:23:55.264736,Nick Allen,+750,+750,+750,NEW,0,1,none
2025-06-14T09:23:55.264736,Ryan O'Hearn,+750,+750,+750,NEW,0,1,none
2025-06-14T09:23:55.264736,Mike Tauchman,+750,+750,+750,NEW,0,1,none
2025-06-14T09:23:55.264736,Will Benson,+750,+750,+750,NEW,0,1,none
2025-06-14T09:23:55.264736,Nick Gonzales,+750,+750,+750,NEW,0,1,none
2025-06-14T09:23:55.264736,Alex Verdugo,+750,+750,+750,NEW,0,1,none
2025-06-14T09:23:55.264736,Christian Yelich,+750,+750,+750,NEW,0,1,none
2025-06-14T09:23:55.264736,Mark Canha,+750,+750,+750,NEW,0,1,none
2025-06-14T09:23:55.264736,Javier Baez,+800,+800,+800,NEW,0,1,none
2025-06-14T09:23:55.264736,Carlos Correa,+800,+800,+800,NEW,0,1,none
2025-06-14T09:23:55.264736,Abraham Toro,+800,+800,+800,NEW,0,1,none
2025-06-14T09:23:55.264736,Jeff McNeil,+800,+800,+800,NEW,0,1,none
2025-06-14T09:23:55.264736,Bryson Stott,+800,+800,+800,NEW,0,1,none
2025-06-14T09:23:55.264736,Max Muncy (ATH),+800,+800,+800,NEW,0,1,none
2025-06-14T09:23:55.264736,Colt Keith,+800,+800,+800,NEW,0,1,none
2025-06-14T09:23:55.264736,Gabriel Arias,+800,+800,+800,NEW,0,1,none
2025-06-14T09:23:55.264736,Kyle Teel,+800,+800,+800,NEW,0,1,none
2025-06-14T09:23:55.264736,Ryan Ritter,+800,+800,+800,NEW,0,1,none
2025-06-14T09:23:55.264736,Ke'Bryan Hayes,+800,+800,+800,NEW,0,1,none
2025-06-14T09:23:55.264736,Dylan Carlson,+800,+800,+800,NEW,0,1,none
2025-06-14T09:23:55.264736,Jake Cronenworth,+800,+800,+800,NEW,0,1,none
2025-06-14T09:23:55.264736,Xavier Edwards,+800,+800,+800,NEW,0,1,none
2025-06-14T09:23:55.264736,Alejandro Kirk,+800,+800,+800,NEW,0,1,none
2025-06-14T09:23:55.264736,Gabriel Moreno,+800,+800,+800,NEW,0,1,none
2025-06-14T09:23:55.264736,Drew Waters,+850,+850,+850,NEW,0,1,none
2025-06-14T09:23:55.264736,Spencer Steer,+850,+850,+850,NEW,0,1,none
2025-06-14T09:23:55.264736,Alexander Canario,+850,+850,+850,NEW,0,1,none
2025-06-14T09:23:55.264736,Jac Caglianone,+850,+850,+850,NEW,0,1,none
2025-06-14T09:23:55.264736,Ronny Mauricio,+850,+850,+850,NEW,0,1,none
2025-06-14T09:23:55.264736,Davis Schneider,+850,+850,+850,NEW,0,1,none
2025-06-14T09:23:55.264736,Ty France,+850,+850,+850,NEW,0,1,none
2025-06-14T09:23:55.264736,Freddy Fermin,+850,+850,+850,NEW,0,1,none
2025-06-14T09:23:55.264736,Kameron Misner,+900,+900,+900,NEW,0,1,none
2025-06-14T09:23:55.264736,Tim Elko,+900,+900,+900,NEW,0,1,none
2025-06-14T09:23:55.264736,Brooks Lee,+900,+900,+900,NEW,0,1,none
2025-06-14T09:23:55.264736,Tommy Edman,+900,+900,+900,NEW,0,1,none
2025-06-14T09:23:55.264736,Luis Torrens,+900,+900,+900,NEW,0,1,none
2025-06-14T09:23:55.264736,Nolan Jones,+900,+900,+900,NEW,0,1,none
2025-06-14T09:23:55.264736,Alek Thomas,+900,+900,+900,NEW,0,1,none
2025-06-14T09:23:55.264736,Willie MacIver,+900,+900,+900,NEW,0,1,none
2025-06-14T09:23:55.264736,Kristian Campbell,+900,+900,+900,NEW,0,1,none
2025-06-14T09:23:55.264736,Elias Diaz,+950,+950,+950,NEW,0,1,none
2025-06-14T09:23:55.264736,Addison Barger,+950,+950,+950,NEW,0,1,none
2025-06-14T09:23:55.264736,Denzel Clarke,+950,+950,+950,NEW,0,1,none
2025-06-14T09:23:55.264736,Ernie Clement,+950,+950,+950,NEW,0,1,none
2025-06-14T09:23:55.264736,Willi Castro,+950,+950,+950,NEW,0,1,none
2025-06-14T09:23:55.264736,TJ Friedl,+1000,+1000,+1000,NEW,0,1,none
2025-06-14T09:23:55.264736,Tyler Freeman,+1000,+1000,+1000,NEW,0,1,none
2025-06-14T09:23:55.264736,Xander Bogaerts,+1000,+1000,+1000,NEW,0,1,none
2025-06-14T09:23:55.264736,Nolan Schanuel,+1000,+1000,+1000,NEW,0,1,none
2025-06-14T09:23:55.264736,Matt Thaiss,+1000,+1000,+1000,NEW,0,1,none
2025-06-14T09:23:55.264736,Ben Williamson,+1000,+1000,+1000,NEW,0,1,none
2025-06-14T09:23:55.264736,Brett Baty,+1000,+1000,+1000,NEW,0,1,none
2025-06-14T09:23:55.264736,Zach McKinstry,+1000,+1000,+1000,NEW,0,1,none
2025-06-14T09:23:55.264736,DJ LeMahieu,+1100,+1100,+1100,NEW,0,1,none
2025-06-14T09:23:55.264736,Gavin Lux,+1100,+1100,+1100,NEW,0,1,none
2025-06-14T09:23:55.264736,Jared Triolo,+1100,+1100,+1100,NEW,0,1,none
2025-06-14T09:23:55.264736,Caleb Durbin,+1200,+1200,+1200,NEW,0,1,none
2025-06-14T09:23:55.264736,Chase Meidroth,+1200,+1200,+1200,NEW,0,1,none
2025-06-14T09:23:55.264736,Josh Rojas,+1200,+1200,+1200,NEW,0,1,none
2025-06-14T09:23:55.264736,Jacob Wilson,+1200,+1200,+1200,NEW,0,1,none
2025-06-14T09:23:55.264736,Nico Hoerner,+1300,+1300,+1300,NEW,0,1,none
2025-06-14T09:23:55.264736,Isiah Kiner-Falefa,+1300,+1300,+1300,NEW,0,1,none
2025-06-14T09:23:55.264736,Brice Turang,+1300,+1300,+1300,NEW,0,1,none
2025-06-14T09:23:55.264736,Christian Moore,+1300,+1300,+1300,NEW,0,1,none
2025-06-14T09:23:55.264736,Isaac Collins,+1300,+1300,+1300,NEW,0,1,none
2025-06-14T09:23:55.264736,Mauricio Dubon,+1300,+1300,+1300,NEW,0,1,none
2025-06-14T09:23:55.264736,Luis Arraez,+1400,+1400,+1400,NEW,0,1,none
2025-06-14T09:23:55.264736,Jake Fraley,+1400,+1400,+1400,NEW,0,1,none
2025-06-14T09:23:55.264736,Luis Rengifo,+1400,+1400,+1400,NEW,0,1,none
2025-06-14T09:23:55.264736,Christian Vazquez,+1400,+1400,+1400,NEW,0,1,none
2025-06-14T09:23:55.264736,Taylor Walls,+1500,+1500,+1500,NEW,0,1,none
2025-06-14T09:23:55.264736,Jake Mangum,+1500,+1500,+1500,NEW,0,1,none
2025-06-14T09:23:55.264736,Sal Frelick,+1600,+1600,+1600,NEW,0,1,none
2025-06-14T09:23:55.264736,Victor Scott II,+1600,+1600,+1600,NEW,0,1,none
2025-06-14T09:23:55.264736,Joey Ortiz,+1700,+1700,+1700,NEW,0,1,none
2025-06-14T09:23:55.264736,Andres Gimenez,+1900,+1900,+1900,NEW,0,1,none
2025-06-14T09:23:55.264736,Kyle Isbel,+2500,+2500,+2500,NEW,0,1,none
2025-06-14T09:23:55.264736,Myles Straw,+4000,+4000,+4000,NEW,0,1,none
2025-06-14T09:23:55.264736,Tyler Wade,+5500,+5500,+5500,NEW,0,1,none
2025-06-15T08:25:58.224330,Aaron Judge,+200,+265,+265,NEW,0,2,bearish
2025-06-15T08:25:58.224330,Shohei Ohtani,+205,+215,+215,NEW,0,2,stable
2025-06-15T08:25:58.224330,Cal Raleigh,+220,+300,+300,NEW,0,2,bearish
2025-06-15T08:25:58.224330,Austin Riley,+250,+300,+300,NEW,0,2,bearish
2025-06-15T08:25:58.224330,Ronald Acuna Jr.,+255,+245,+245,NEW,0,2,stable
2025-06-15T08:25:58.224330,James Wood,+265,+265,+265,NEW,0,1,none
2025-06-15T08:25:58.224330,Christian Walker,+270,+370,+370,NEW,0,2,bearish
2025-06-15T08:25:58.224330,Kyle Schwarber,+275,+270,+270,NEW,0,2,stable
2025-06-15T08:25:58.224330,Corey Seager,+280,+320,+320,NEW,0,2,bearish
2025-06-15T08:25:58.224330,CJ Abrams,+280,+280,+280,NEW,0,1,none
2025-06-15T08:25:58.224330,Corbin Carroll,+300,+250,+250,NEW,0,2,bullish
2025-06-15T08:25:58.224330,Pete Alonso,+300,+360,+360,NEW,0,2,bearish
2025-06-15T08:25:58.224330,Matt Olson,+300,+210,+210,NEW,0,2,bullish
2025-06-15T08:25:58.224330,Marcell Ozuna,+310,+270,+270,NEW,0,2,bullish
2025-06-15T08:25:58.224330,Brent Rooker,+330,+330,+330,NEW,0,2,stable
2025-06-15T08:25:58.224330,Jake Burger,+340,+350,+350,NEW,0,2,stable
2025-06-15T08:25:58.224330,Teoscar Hernandez,+340,+500,+500,NEW,0,2,bearish
2025-06-15T08:25:58.224330,Nathaniel Lowe,+350,+350,+350,NEW,0,1,none
2025-06-15T08:25:58.224330,Spencer Torkelson,+350,+450,+450,NEW,0,2,bearish
2025-06-15T08:25:58.224330,Wyatt Langford,+360,+400,+400,NEW,0,2,bearish
2025-06-15T08:25:58.224330,Bobby Witt Jr.,+380,+350,+350,NEW,0,2,bullish
2025-06-15T08:25:58.224330,Junior Caminero,+380,+425,+425,NEW,0,2,bearish
2025-06-15T08:25:58.224330,Salvador Perez,+380,+370,+370,NEW,0,2,stable
2025-06-15T08:25:58.224330,Eugenio Suarez,+380,+380,+380,NEW,0,2,stable
2025-06-15T08:25:58.224330,Will Smith (LAD),+390,+500,+500,NEW,0,2,bearish
2025-06-15T08:25:58.224330,Sean Murphy,+390,+390,+390,NEW,0,1,none
2025-06-15T08:25:58.224330,Mike Trout,+400,+390,+390,NEW,0,2,stable
2025-06-15T08:25:58.224330,Yainer Diaz,+400,+550,+550,NEW,0,2,bearish
2025-06-15T08:25:58.224330,Ozzie Albies,+400,+390,+390,NEW,0,2,stable
2025-06-15T08:25:58.224330,Oneil Cruz,+400,+650,+650,NEW,0,2,bearish
2025-06-15T08:25:58.224330,Seiya Suzuki,+400,+360,+360,NEW,0,2,bullish
2025-06-15T08:25:58.224330,Addison Barger,+400,+950,+950,NEW,0,2,bearish
2025-06-15T08:25:58.224330,Pete Crow-Armstrong,+400,+450,+450,NEW,0,2,bearish
2025-06-15T08:25:58.224330,Jorge Soler,+425,+750,+750,NEW,0,2,bearish
2025-06-15T08:25:58.224330,Christian Yelich,+425,+750,+750,NEW,0,2,bearish
2025-06-15T08:25:58.224330,Mookie Betts,+425,+500,+500,NEW,0,2,bearish
2025-06-15T08:25:58.224330,Adolis Garcia,+425,+475,+475,NEW,0,2,bearish
2025-06-15T08:25:58.224330,Josh Bell,+425,+425,+425,NEW,0,1,none
2025-06-15T08:25:58.224330,Andy Pages,+425,+425,+425,NEW,0,2,stable
2025-06-15T08:25:58.224330,Willy Adames,+425,+425,+425,NEW,0,2,stable
2025-06-15T08:25:58.224330,Hunter Goodman,+425,+500,+500,NEW,0,2,bearish
2025-06-15T08:25:58.224330,Michael Harris,+425,+390,+390,NEW,0,2,bullish
2025-06-15T08:25:58.224330,Kyle Manzardo,+425,+475,+475,NEW,0,2,bearish
2025-06-15T08:25:58.224330,Heliot Ramos,+450,+285,+285,NEW,0,2,bullish
2025-06-15T08:25:58.224330,Christian Encarnacion-Strand,+450,+425,+425,NEW,0,2,bullish
2025-06-15T08:25:58.224330,Ryan Jeffers,+450,+450,+450,NEW,0,1,none
2025-06-15T08:25:58.224330,Kyle Tucker,+450,+425,+425,NEW,0,2,bullish
2025-06-15T08:25:58.224330,Ben Rice,+450,+370,+370,NEW,0,2,bullish
2025-06-15T08:25:58.224330,Rhys Hoskins,+450,+550,+550,NEW,0,2,bearish
2025-06-15T08:25:58.224330,Francisco Lindor,+450,+475,+475,NEW,0,2,bearish
2025-06-15T08:25:58.224330,Freddie Freeman,+450,+475,+475,NEW,0,2,bearish
2025-06-15T08:25:58.224330,Jorge Polanco,+450,+500,+500,NEW,0,2,bearish
2025-06-15T08:25:58.224330,Brandon Lowe,+450,+500,+500,NEW,0,2,bearish
2025-06-15T08:25:58.224330,Miguel Vargas,+475,+600,+600,NEW,0,2,bearish
2025-06-15T08:25:58.224330,Michael Busch,+475,+450,+450,NEW,0,2,bullish
2025-06-15T08:25:58.224330,Bo Naylor,+475,+500,+500,NEW,0,2,bearish
2025-06-15T08:25:58.224330,Tommy Edman,+475,+900,+900,NEW,0,2,bearish
2025-06-15T08:25:58.224330,Luis Robert,+475,+650,+650,NEW,0,2,bearish
2025-06-15T08:25:58.224330,Matt Wallner,+475,+450,+450,NEW,0,2,bullish
2025-06-15T08:25:58.224330,William Contreras,+475,+650,+650,NEW,0,2,bearish
2025-06-15T08:25:58.224330,Carlos Correa,+475,+800,+800,NEW,0,2,bearish
2025-06-15T08:25:58.224330,Jeremy Pena,+475,+650,+650,NEW,0,2,bearish
2025-06-15T08:25:58.224330,Bryan Reynolds,+475,+700,+700,NEW,0,2,bearish
2025-06-15T08:25:58.224330,Ian Happ,+475,+475,+475,NEW,0,2,stable
2025-06-15T08:25:58.224330,Juan Soto,+475,+475,+475,NEW,0,2,stable
2025-06-15T08:25:58.224330,Jonathan Aranda,+475,+500,+500,NEW,0,2,bearish
2025-06-15T08:25:58.224330,Marcus Semien,+475,+500,+500,NEW,0,2,bearish
2025-06-15T08:25:58.224330,Brandon Nimmo,+475,+500,+500,NEW,0,2,bearish
2025-06-15T08:25:58.224330,Manny Machado,+475,+450,+450,NEW,0,2,bullish
2025-06-15T08:25:58.224330,Andrew Benintendi,+500,+600,+600,NEW,0,2,bearish
2025-06-15T08:25:58.224330,Gunnar Henderson,+500,+400,+400,NEW,0,2,bullish
2025-06-15T08:25:58.224330,Kike Hernandez,+500,+500,+500,NEW,0,1,none
2025-06-15T08:25:58.224330,Zach Neto,+500,+650,+650,NEW,0,2,bearish
2025-06-15T08:25:58.224330,Jo Adell,+500,+700,+700,NEW,0,2,bearish
2025-06-15T08:25:58.224330,Jackson Chourio,+500,+700,+700,NEW,0,2,bearish
2025-06-15T08:25:58.224330,Jazz Chisholm,+500,+500,+500,NEW,0,2,stable
2025-06-15T08:25:58.224330,Austin Wells,+500,+475,+475,NEW,0,2,bullish
2025-06-15T08:25:58.224330,Julio Rodriguez,+500,+450,+450,NEW,0,2,bullish
2025-06-15T08:25:58.224330,Fernando Tatis Jr.,+500,+500,+500,NEW,0,2,stable
2025-06-15T08:25:58.224330,Agustin Ramirez,+500,+340,+340,NEW,0,2,bullish
2025-06-15T08:25:58.224330,Ketel Marte,+500,+390,+390,NEW,0,2,bullish
2025-06-15T08:25:58.224330,Luis Garcia (WAS),+500,+500,+500,NEW,0,1,none
2025-06-15T08:25:58.224330,Dansby Swanson,+500,+550,+550,NEW,0,2,bearish
2025-06-15T08:25:58.224330,Max Kepler,+500,+450,+450,NEW,0,2,bullish
2025-06-15T08:25:58.224330,Randy Arozarena,+500,+550,+550,NEW,0,2,bearish
2025-06-15T08:25:58.224330,Trent Grisham,+500,+650,+650,NEW,0,2,bearish
2025-06-15T08:25:58.224330,Jose Ramirez,+500,+400,+400,NEW,0,2,bullish
2025-06-15T08:25:58.224330,Lane Thomas,+550,+550,+550,NEW,0,1,none
2025-06-15T08:25:58.224330,Eli White,+550,+550,+550,NEW,0,1,none
2025-06-15T08:25:58.224330,Taylor Ward,+550,+550,+550,NEW,0,2,stable
2025-06-15T08:25:58.224330,Andrew McCutchen,+550,+700,+700,NEW,0,2,bearish
2025-06-15T08:25:58.224330,Victor Caratini,+550,+650,+650,NEW,0,2,bearish
2025-06-15T08:25:58.224330,Josh Smith,+550,+650,+650,NEW,0,2,bearish
2025-06-15T08:25:58.224330,Elly De La Cruz,+550,+600,+600,NEW,0,2,bearish
2025-06-15T08:25:58.224330,Jose Altuve,+550,+700,+700,NEW,0,2,bearish
2025-06-15T08:25:58.224330,Jordan Westburg,+550,+425,+425,NEW,0,2,bullish
2025-06-15T08:25:58.224330,Mike Tauchman,+550,+750,+750,NEW,0,2,bearish
2025-06-15T08:25:58.224330,Josh Naylor,+550,+475,+475,NEW,0,2,bullish
2025-06-15T08:25:58.224330,Michael Conforto,+550,+500,+500,NEW,0,2,bullish
2025-06-15T08:25:58.224330,Riley Greene,+550,+450,+450,NEW,0,2,bullish
2025-06-15T08:25:58.224330,Dillon Dingler,+550,+700,+700,NEW,0,2,bearish
2025-06-15T08:25:58.224330,Carlos Santana,+550,+600,+600,NEW,0,2,bearish
2025-06-15T08:25:58.224330,Trea Turner,+550,+450,+450,NEW,0,2,bullish
2025-06-15T08:25:58.224330,Josh Jung,+550,+600,+600,NEW,0,2,bearish
2025-06-15T08:25:58.224330,Luis Urias,+550,+650,+650,NEW,0,2,bearish
2025-06-15T08:25:58.224330,Harrison Bader,+600,+600,+600,NEW,0,1,none
2025-06-15T08:25:58.224330,Jake Meyers,+600,+750,+750,NEW,0,2,bearish
2025-06-15T08:25:58.224330,Ty France,+600,+850,+850,NEW,0,2,bearish
2025-06-15T08:25:58.224330,Alec Burleson,+600,+700,+700,NEW,0,2,bearish
2025-06-15T08:25:58.224330,Kyle Teel,+600,+800,+800,NEW,0,2,bearish
2025-06-15T08:25:58.224330,Tyler Stephenson,+600,+650,+650,NEW,0,2,bearish
2025-06-15T08:25:58.224330,Yandy Diaz,+600,+550,+550,NEW,0,2,bullish
2025-06-15T08:25:58.224330,Nick Castellanos,+600,+475,+475,NEW,0,2,bullish
2025-06-15T08:25:58.224330,Willson Contreras,+600,+475,+475,NEW,0,2,bullish
2025-06-15T08:25:58.224330,Carson Kelly,+600,+550,+550,NEW,0,2,bullish
2025-06-15T08:25:58.224330,Cam Smith,+600,+700,+700,NEW,0,2,bearish
2025-06-15T08:25:58.224330,Cody Bellinger,+600,+550,+550,NEW,0,2,bullish
2025-06-15T08:25:58.224330,Ryan McMahon,+600,+500,+500,NEW,0,2,bullish
2025-06-15T08:25:58.224330,Will Benson,+600,+750,+750,NEW,0,2,bearish
2025-06-15T08:25:58.224330,J.T. Realmuto,+600,+500,+500,NEW,0,2,bullish
2025-06-15T08:25:58.224330,Rowdy Tellez,+600,+500,+500,NEW,0,2,bullish
2025-06-15T08:25:58.224330,Max Muncy (ATH),+600,+800,+800,NEW,0,2,bearish
2025-06-15T08:25:58.224330,Travis d'Arnaud,+650,+650,+650,NEW,0,1,none
2025-06-15T08:25:58.224330,Kyle Higashioka,+650,+650,+650,NEW,0,1,none
2025-06-15T08:25:58.224330,Matt McLain,+650,+700,+700,NEW,0,2,bearish
2025-06-15T08:25:58.224330,Bo Bichette,+650,+700,+700,NEW,0,2,bearish
2025-06-15T08:25:58.224330,Vinnie Pasquantino,+650,+600,+600,NEW,0,2,bullish
2025-06-15T08:25:58.224330,George Springer,+650,+600,+600,NEW,0,2,bullish
2025-06-15T08:25:58.224330,Rafael Devers,+650,+475,+475,NEW,0,2,bullish
2025-06-15T08:25:58.224330,Eric Wagaman,+650,+700,+700,NEW,0,2,bearish
2025-06-15T08:25:58.224330,Rob Refsnyder,+650,+700,+700,NEW,0,2,bearish
2025-06-15T08:25:58.224330,Jackson Holliday,+650,+700,+700,NEW,0,2,bearish
2025-06-15T08:25:58.224330,Ramon Laureano,+650,+500,+500,NEW,0,2,bullish
2025-06-15T08:25:58.224330,Gleyber Torres,+650,+750,+750,NEW,0,2,bearish
2025-06-15T08:25:58.224330,Connor Norby,+650,+500,+500,NEW,0,2,bullish
2025-06-15T08:25:58.224330,Jahmai Jones,+650,+650,+650,NEW,0,1,none
2025-06-15T08:25:58.224330,Paul Goldschmidt,+650,+380,+380,NEW,0,2,bullish
2025-06-15T08:25:58.224330,Josh Lowe,+650,+600,+600,NEW,0,2,bullish
2025-06-15T08:25:58.224330,Casey Schmitt,+650,+500,+500,NEW,0,2,bullish
2025-06-15T08:25:58.224330,Dane Myers,+650,+650,+650,NEW,0,2,stable
2025-06-15T08:25:58.224330,Brenton Doyle,+650,+600,+600,NEW,0,2,bullish
2025-06-15T08:25:58.224330,Mike Yastrzemski,+650,+650,+650,NEW,0,2,stable
2025-06-15T08:25:58.224330,Gavin Sheets,+650,+700,+700,NEW,0,2,bearish
2025-06-15T08:25:58.224330,Alec Bohm,+650,+550,+550,NEW,0,2,bullish
2025-06-15T08:25:58.224330,Lourdes Gurriel Jr.,+650,+600,+600,NEW,0,2,bullish
2025-06-15T08:25:58.224330,Jared Young,+650,+700,+700,NEW,0,2,bearish
2025-06-15T08:25:58.224330,Francisco Alvarez,+700,+700,+700,NEW,0,1,none
2025-06-15T08:25:58.224330,Christian Vazquez,+700,+1400,+1400,NEW,0,2,bearish
2025-06-15T08:25:58.224330,Tyler Soderstrom,+700,+550,+550,NEW,0,2,bullish
2025-06-15T08:25:58.224330,Brendan Donovan,+700,+700,+700,NEW,0,1,none
2025-06-15T08:25:58.224330,Cedric Mullins,+700,+700,+700,NEW,0,1,none
2025-06-15T08:25:58.224330,Cesar Salazar,+700,+700,+700,NEW,0,1,none
2025-06-15T08:25:58.224330,Sam Hilliard,+700,+475,+475,NEW,0,2,bullish
2025-06-15T08:25:58.224330,Spencer Horwitz,+700,+700,+700,NEW,0,1,none
2025-06-15T08:25:58.224330,Daniel Schneemann,+700,+500,+500,NEW,0,2,bullish
2025-06-15T08:25:58.224330,Jordan Beck,+700,+550,+550,NEW,0,2,bullish
2025-06-15T08:25:58.224330,Dominic Smith,+750,+750,+750,NEW,0,1,none
2025-06-15T08:25:58.224330,Nick Fortes,+750,+750,+750,NEW,0,1,none
2025-06-15T08:25:58.224330,Willi Castro,+750,+950,+950,NEW,0,2,bearish
2025-06-15T08:25:58.224330,Lawrence Butler,+750,+600,+600,NEW,0,2,bullish
2025-06-15T08:25:58.224330,Jake Cronenworth,+750,+800,+800,NEW,0,2,bearish
2025-06-15T08:25:58.224330,Jonathan India,+750,+750,+750,NEW,0,1,none
2025-06-15T08:25:58.224330,Nick Allen,+750,+750,+750,NEW,0,2,stable
2025-06-15T08:25:58.224330,Willie MacIver,+750,+900,+900,NEW,0,2,bearish
2025-06-15T08:25:58.224330,Danny Jansen,+750,+750,+750,NEW,0,1,none
2025-06-15T08:25:58.224330,Colton Cowser,+750,+600,+600,NEW,0,2,bullish
2025-06-15T08:25:58.224330,Vladimir Guerrero Jr.,+750,+650,+650,NEW,0,2,bullish
2025-06-15T08:25:58.224330,Javier Baez,+750,+800,+800,NEW,0,2,bearish
2025-06-15T08:25:58.224330,Ivan Herrera,+750,+600,+600,NEW,0,2,bullish
2025-06-15T08:25:58.224330,Kyle Stowers,+750,+500,+500,NEW,0,2,bullish
2025-06-15T08:25:58.224330,Pavin Smith,+750,+650,+650,NEW,0,2,bullish
2025-06-15T08:25:58.224330,Brandon Marsh,+750,+550,+550,NEW,0,2,bullish
2025-06-15T08:25:58.224330,Otto Kemp,+800,+700,+700,NEW,0,2,bullish
2025-06-15T08:25:58.224330,Jeff McNeil,+800,+800,+800,NEW,0,2,stable
2025-06-15T08:25:58.224330,Spencer Steer,+800,+850,+850,NEW,0,2,bearish
2025-06-15T08:25:58.224330,Jacob Wilson,+800,+1200,+1200,NEW,0,2,bearish
2025-06-15T08:25:58.224330,Logan Porter,+800,+800,+800,NEW,0,1,none
2025-06-15T08:25:58.224330,Nolan Jones,+800,+900,+900,NEW,0,2,bearish
2025-06-15T08:25:58.224330,Gabriel Arias,+800,+800,+800,NEW,0,2,stable
2025-06-15T08:25:58.224330,Maikel Garcia,+800,+750,+750,NEW,0,2,bullish
2025-06-15T08:25:58.224330,Ramon Urias,+800,+800,+800,NEW,0,1,none
2025-06-15T08:25:58.224330,Jose Tena,+800,+800,+800,NEW,0,1,none
2025-06-15T08:25:58.224330,Keibert Ruiz,+800,+800,+800,NEW,0,1,none
2025-06-15T08:25:58.224330,Otto Lopez,+800,+370,+370,NEW,0,2,bullish
2025-06-15T08:25:58.224330,Adley Rutschman,+800,+700,+700,NEW,0,2,bullish
2025-06-15T08:25:58.224330,Alejandro Kirk,+800,+800,+800,NEW,0,2,stable
2025-06-15T08:25:58.224330,Masyn Winn,+800,+550,+550,NEW,0,2,bullish
2025-06-15T08:25:58.224330,Jung Hoo Lee,+800,+750,+750,NEW,0,2,bullish
2025-06-15T08:25:58.224330,Wenceel Perez,+800,+800,+800,NEW,0,1,none
2025-06-15T08:25:58.224330,Anthony Volpe,+800,+750,+750,NEW,0,2,bullish
2025-06-15T08:25:58.224330,Wilmer Flores (SF),+800,+425,+425,NEW,0,2,bullish
2025-06-15T08:25:58.224330,Michael A. Taylor,+800,+800,+800,NEW,0,1,none
2025-06-15T08:25:58.224330,Kameron Misner,+850,+900,+900,NEW,0,2,bearish
2025-06-15T08:25:58.224330,Geraldo Perdomo,+850,+750,+750,NEW,0,2,bullish
2025-06-15T08:25:58.224330,Nolan Arenado,+850,+600,+600,NEW,0,2,bullish
2025-06-15T08:25:58.224330,Carlos Narvaez,+850,+650,+650,NEW,0,2,bullish
2025-06-15T08:25:58.224330,Alex Call,+850,+850,+850,NEW,0,1,none
2025-06-15T08:25:58.224330,J.P. Crawford,+850,+650,+650,NEW,0,2,bullish
2025-06-15T08:25:58.224330,Josh Rojas,+850,+1200,+1200,NEW,0,2,bearish
2025-06-15T08:25:58.224330,Brice Turang,+850,+1300,+1300,NEW,0,2,bearish
2025-06-15T08:25:58.224330,Heriberto Hernandez,+850,+850,+850,NEW,0,1,none
2025-06-15T08:25:58.224330,Isaac Collins,+900,+1300,+1300,NEW,0,2,bearish
2025-06-15T08:25:58.224330,Coby Mayo,+900,+700,+700,NEW,0,2,bullish
2025-06-15T08:25:58.224330,Luis Rengifo,+900,+1400,+1400,NEW,0,2,bearish
2025-06-15T08:25:58.224330,Freddy Fermin,+900,+850,+850,NEW,0,2,bullish
2025-06-15T08:25:58.224330,Nick Kurtz,+900,+750,+750,NEW,0,2,bullish
2025-06-15T08:25:58.224330,Matt Shaw,+900,+700,+700,NEW,0,2,bullish
2025-06-15T08:25:58.224330,Denzel Clarke,+900,+950,+950,NEW,0,2,bearish
2025-06-15T08:25:58.224330,Alek Thomas,+900,+900,+900,NEW,0,2,stable
2025-06-15T08:25:58.224330,TJ Friedl,+900,+1000,+1000,NEW,0,2,bearish
2025-06-15T08:25:58.224330,Sal Frelick,+900,+1600,+1600,NEW,0,2,bearish
2025-06-15T08:25:58.224330,Pedro Pages,+900,+900,+900,NEW,0,1,none
2025-06-15T08:25:58.224330,Nick Gonzales,+900,+750,+750,NEW,0,2,bullish
2025-06-15T08:25:58.224330,Thairo Estrada,+950,+600,+600,NEW,0,2,bullish
2025-06-15T08:25:58.224330,Keston Hiura,+950,+600,+600,NEW,0,2,bullish
2025-06-15T08:25:58.224330,Brooks Lee,+950,+900,+900,NEW,0,2,bullish
2025-06-15T08:25:58.224330,Bryson Stott,+950,+800,+800,NEW,0,2,bullish
2025-06-15T08:25:58.224330,Mark Canha,+950,+750,+750,NEW,0,2,bullish
2025-06-15T08:25:58.224330,Drew Waters,+950,+850,+850,NEW,0,2,bullish
2025-06-15T08:25:58.224330,Chase Meidroth,+950,+1200,+1200,NEW,0,2,bearish
2025-06-15T08:25:58.224330,Tyrone Taylor,+950,+950,+950,NEW,0,1,none
2025-06-15T08:25:58.224330,Xander Bogaerts,+1000,+1000,+1000,NEW,0,2,stable
2025-06-15T08:25:58.224330,Caleb Durbin,+1000,+1200,+1200,NEW,0,2,bearish
2025-06-15T08:25:58.224330,Romy Gonzalez,+1000,+700,+700,NEW,0,2,bullish
2025-06-15T08:25:58.224330,Trevor Story,+1000,+650,+650,NEW,0,2,bullish
2025-06-15T08:25:58.224330,Jake Fraley,+1000,+1400,+1400,NEW,0,2,bearish
2025-06-15T08:25:58.224330,Ernie Clement,+1000,+950,+950,NEW,0,2,bullish
2025-06-15T08:25:58.224330,Gavin Lux,+1000,+1100,+1100,NEW,0,2,bearish
2025-06-15T08:25:58.224330,Nolan Schanuel,+1000,+1000,+1000,NEW,0,2,stable
2025-06-15T08:25:58.224330,Parker Meadows,+1000,+600,+600,NEW,0,2,bullish
2025-06-15T08:25:58.224330,Robert Hassell,+1000,+1000,+1000,NEW,0,1,none
2025-06-15T08:25:58.224330,Steven Kwan,+1000,+650,+650,NEW,0,2,bullish
2025-06-15T08:25:58.224330,Tyler Fitzgerald,+1000,+600,+600,NEW,0,2,bullish
2025-06-15T08:25:58.224330,Brett Baty,+1000,+1000,+1000,NEW,0,2,stable
2025-06-15T08:25:58.224330,Andres Gimenez,+1100,+1900,+1900,NEW,0,2,bearish
2025-06-15T08:25:58.224330,Jonah Bride,+1100,+1100,+1100,NEW,0,1,none
2025-06-15T08:25:58.224330,Mauricio Dubon,+1100,+1300,+1300,NEW,0,2,bearish
2025-06-15T08:25:58.224330,Jac Caglianone,+1100,+850,+850,NEW,0,2,bullish
2025-06-15T08:25:58.224330,Ke'Bryan Hayes,+1100,+800,+800,NEW,0,2,bullish
2025-06-15T08:25:58.224330,Ryan Ritter,+1100,+800,+800,NEW,0,2,bullish
2025-06-15T08:25:58.224330,Jarren Duran,+1100,+700,+700,NEW,0,2,bullish
2025-06-15T08:25:58.224330,Abraham Toro,+1100,+800,+800,NEW,0,2,bullish
2025-06-15T08:25:58.224330,Ceddanne Rafaela,+1200,+1200,+1200,NEW,0,1,none
2025-06-15T08:25:58.224330,Jake Mangum,+1200,+1500,+1500,NEW,0,2,bearish
2025-06-15T08:25:58.224330,Brett Sullivan,+1200,+1200,+1200,NEW,0,1,none
2025-06-15T08:25:58.224330,Alan Roden,+1200,+1200,+1200,NEW,0,1,none
2025-06-15T08:25:58.224330,Sam Haggerty,+1200,+1200,+1200,NEW,0,1,none
2025-06-15T08:25:58.224330,Adam Frazier,+1200,+1200,+1200,NEW,0,1,none
2025-06-15T08:25:58.224330,Ben Williamson,+1200,+1000,+1000,NEW,0,2,bullish
2025-06-15T08:25:58.224330,Elias Diaz,+1200,+950,+950,NEW,0,2,bullish
2025-06-15T08:25:58.224330,Tyler Freeman,+1200,+1000,+1000,NEW,0,2,bullish
2025-06-15T08:25:58.224330,DJ LeMahieu,+1300,+1100,+1100,NEW,0,2,bullish
2025-06-15T08:25:58.224330,Vinny Capra,+1300,+1300,+1300,NEW,0,1,none
2025-06-15T08:25:58.224330,Cole Young,+1300,+650,+650,NEW,0,2,bullish
2025-06-15T08:25:58.224330,Joey Ortiz,+1300,+1700,+1700,NEW,0,2,bearish
2025-06-15T08:25:58.224330,Taylor Walls,+1300,+1500,+1500,NEW,0,2,bearish
2025-06-15T08:25:58.224330,Kristian Campbell,+1300,+900,+900,NEW,0,2,bullish
2025-06-15T08:25:58.224330,Isiah Kiner-Falefa,+1300,+1300,+1300,NEW,0,2,stable
2025-06-15T08:25:58.224330,Jonatan Clase,+1400,+1400,+1400,NEW,0,1,none
2025-06-15T08:25:58.224330,Nico Hoerner,+1400,+1300,+1300,NEW,0,2,bullish
2025-06-15T08:25:58.224330,Luis Arraez,+1400,+1400,+1400,NEW,0,2,stable
2025-06-15T08:25:58.224330,Zach McKinstry,+1500,+1000,+1000,NEW,0,2,bullish
2025-06-15T08:25:58.224330,Victor Scott II,+1500,+1600,+1600,NEW,0,2,bearish
2025-06-15T08:25:58.224330,Xavier Edwards,+1600,+800,+800,NEW,0,2,bullish
2025-06-15T08:25:58.224330,Miles Mastrobuoni,+1600,+1600,+1600,NEW,0,1,none
2025-06-15T08:25:58.224330,Kevin Newman,+2200,+2200,+2200,NEW,0,1,none
2025-06-15T08:25:58.224330,Jose Herrera,+2200,+2200,+2200,NEW,0,1,none
2025-06-15T08:25:58.224330,Jose Iglesias,+2200,+2200,+2200,NEW,0,1,none
2025-06-15T08:25:58.224330,Tyler Wade,+4000,+5500,+5500,NEW,0,2,bearish
2025-06-16T08:40:41.332917,Cal Raleigh,+240,+240,+240,NEW,0,1,none
2025-06-16T08:40:41.332917,Brent Rooker,+295,+295,+295,NEW,0,1,none
2025-06-16T08:40:41.332917,Kyle Schwarber,+295,+295,+295,NEW,0,1,none
2025-06-16T08:40:41.332917,Christian Walker,+300,+300,+300,NEW,0,1,none
2025-06-16T08:40:41.332917,Gunnar Henderson,+310,+310,+310,NEW,0,1,none
2025-06-16T08:40:41.332917,Hunter Goodman,+320,+320,+320,NEW,0,1,none
2025-06-16T08:40:41.332917,Manny Machado,+330,+330,+330,NEW,0,1,none
2025-06-16T08:40:41.332917,Mike Trout,+330,+330,+330,NEW,0,1,none
2025-06-16T08:40:41.332917,Ryan McMahon,+360,+360,+360,NEW,0,1,none
2025-06-16T08:40:41.332917,James Wood,+370,+370,+370,NEW,0,1,none
2025-06-16T08:40:41.332917,Yainer Diaz,+370,+370,+370,NEW,0,1,none
2025-06-16T08:40:41.332917,Junior Caminero,+380,+380,+380,NEW,0,1,none
2025-06-16T08:40:41.332917,Josh Bell,+400,+400,+400,NEW,0,1,none
2025-06-16T08:40:41.332917,Andy Pages,+400,+400,+400,NEW,0,1,none
2025-06-16T08:40:41.332917,Aaron Judge,+400,+400,+400,NEW,0,1,none
2025-06-16T08:40:41.332917,Jesus Sanchez,+400,+400,+400,NEW,0,1,none
2025-06-16T08:40:41.332917,Fernando Tatis Jr.,+400,+400,+400,NEW,0,1,none
2025-06-16T08:40:41.332917,Jordan Westburg,+400,+400,+400,NEW,0,1,none
2025-06-16T08:40:41.332917,Jonathan Aranda,+400,+400,+400,NEW,0,1,none
2025-06-16T08:40:41.332917,CJ Abrams,+425,+425,+425,NEW,0,1,none
2025-06-16T08:40:41.332917,Freddie Freeman,+425,+425,+425,NEW,0,1,none
2025-06-16T08:40:41.332917,Brandon Lowe,+425,+425,+425,NEW,0,1,none
2025-06-16T08:40:41.332917,Mookie Betts,+425,+425,+425,NEW,0,1,none
2025-06-16T08:40:41.332917,Kyle Stowers,+425,+425,+425,NEW,0,1,none
2025-06-16T08:40:41.332917,Max Muncy (LAD),+425,+425,+425,NEW,0,1,none
2025-06-16T08:40:41.332917,Jorge Polanco,+450,+450,+450,NEW,0,1,none
2025-06-16T08:40:41.332917,Tyler Soderstrom,+450,+450,+450,NEW,0,1,none
2025-06-16T08:40:41.332917,Amed Rosario,+450,+450,+450,NEW,0,1,none
2025-06-16T08:40:41.332917,Agustin Ramirez,+475,+475,+475,NEW,0,1,none
2025-06-16T08:40:41.332917,Will Smith (LAD),+475,+475,+475,NEW,0,1,none
2025-06-16T08:40:41.332917,Colton Cowser,+475,+475,+475,NEW,0,1,none
2025-06-16T08:40:41.332917,Josh Lowe,+475,+475,+475,NEW,0,1,none
2025-06-16T08:40:41.332917,Randy Arozarena,+500,+500,+500,NEW,0,1,none
2025-06-16T08:40:41.332917,Jarren Duran,+500,+500,+500,NEW,0,1,none
2025-06-16T08:40:41.332917,Dominic Canzone,+500,+500,+500,NEW,0,1,none
2025-06-16T08:40:41.332917,Cedric Mullins,+500,+500,+500,NEW,0,1,none
2025-06-16T08:40:41.332917,Teoscar Hernandez,+500,+500,+500,NEW,0,1,none
2025-06-16T08:40:41.332917,Ramon Laureano,+500,+500,+500,NEW,0,1,none
2025-06-16T08:40:41.332917,Julio Rodriguez,+500,+500,+500,NEW,0,1,none
2025-06-16T08:40:41.332917,Max Kepler,+500,+500,+500,NEW,0,1,none
2025-06-16T08:40:41.332917,Ben Rice,+500,+500,+500,NEW,0,1,none
2025-06-16T08:40:41.332917,Zach Neto,+500,+500,+500,NEW,0,1,none
2025-06-16T08:40:41.332917,Michael Conforto,+500,+500,+500,NEW,0,1,none
2025-06-16T08:40:41.332917,Adley Rutschman,+500,+500,+500,NEW,0,1,none
2025-06-16T08:40:41.332917,Jose Altuve,+500,+500,+500,NEW,0,1,none
2025-06-16T08:40:41.332917,Cam Smith,+500,+500,+500,NEW,0,1,none
2025-06-16T08:40:41.332917,Mickey Moniak,+550,+550,+550,NEW,0,1,none
2025-06-16T08:40:41.332917,Brady House,+550,+550,+550,NEW,0,1,none
2025-06-16T08:40:41.332917,Taylor Ward,+550,+550,+550,NEW,0,1,none
2025-06-16T08:40:41.332917,Logan O'Hoppe,+550,+550,+550,NEW,0,1,none
2025-06-16T08:40:41.332917,Jo Adell,+550,+550,+550,NEW,0,1,none
2025-06-16T08:40:41.332917,Ryan O'Hearn,+550,+550,+550,NEW,0,1,none
2025-06-16T08:40:41.332917,Jake Meyers,+550,+550,+550,NEW,0,1,none
2025-06-16T08:40:41.332917,Lawrence Butler,+550,+550,+550,NEW,0,1,none
2025-06-16T08:40:41.332917,Gavin Sheets,+550,+550,+550,NEW,0,1,none
2025-06-16T08:40:41.332917,Victor Caratini,+550,+550,+550,NEW,0,1,none
2025-06-16T08:40:41.332917,Jackson Holliday,+550,+550,+550,NEW,0,1,none
2025-06-16T08:40:41.332917,Jordan Beck,+550,+550,+550,NEW,0,1,none
2025-06-16T08:40:41.332917,Yandy Diaz,+550,+550,+550,NEW,0,1,none
2025-06-16T08:40:41.332917,Austin Wells,+600,+600,+600,NEW,0,1,none
2025-06-16T08:40:41.332917,Jeremy Pena,+600,+600,+600,NEW,0,1,none
2025-06-16T08:40:41.332917,Nathaniel Lowe,+600,+600,+600,NEW,0,1,none
2025-06-16T08:40:41.332917,Rowdy Tellez,+600,+600,+600,NEW,0,1,none
2025-06-16T08:40:41.332917,Nick Kurtz,+600,+600,+600,NEW,0,1,none
2025-06-16T08:40:41.332917,Connor Norby,+600,+600,+600,NEW,0,1,none
2025-06-16T08:40:41.332917,Cody Bellinger,+650,+650,+650,NEW,0,1,none
2025-06-16T08:40:41.332917,Alex Call,+650,+650,+650,NEW,0,1,none
2025-06-16T08:40:41.332917,Trent Grisham,+650,+650,+650,NEW,0,1,none
2025-06-16T08:40:41.332917,Brenton Doyle,+650,+650,+650,NEW,0,1,none
2025-06-16T08:40:41.332917,Jorge Soler,+650,+650,+650,NEW,0,1,none
2025-06-16T08:40:41.332917,Jake Cronenworth,+650,+650,+650,NEW,0,1,none
2025-06-16T08:40:41.332917,Otto Lopez,+700,+700,+700,NEW,0,1,none
2025-06-16T08:40:41.332917,Carlos Narvaez,+700,+700,+700,NEW,0,1,none
2025-06-16T08:40:41.332917,Tommy Edman,+700,+700,+700,NEW,0,1,none
2025-06-16T08:40:41.332917,Ramon Urias,+700,+700,+700,NEW,0,1,none
2025-06-16T08:40:41.332917,Trenton Brooks,+700,+700,+700,NEW,0,1,none
2025-06-16T08:40:41.332917,Nick Castellanos,+700,+700,+700,NEW,0,1,none
2025-06-16T08:40:41.332917,Brandon Marsh,+700,+700,+700,NEW,0,1,none
2025-06-16T08:40:41.332917,Abraham Toro,+700,+700,+700,NEW,0,1,none
2025-06-16T08:40:41.332917,Roman Anthony,+750,+750,+750,NEW,0,1,none
2025-06-16T08:40:41.332917,Luis Urias,+750,+750,+750,NEW,0,1,none
2025-06-16T08:40:41.332917,Xander Bogaerts,+750,+750,+750,NEW,0,1,none
2025-06-16T08:40:41.332917,Trevor Story,+750,+750,+750,NEW,0,1,none
2025-06-16T08:40:41.332917,Kameron Misner,+750,+750,+750,NEW,0,1,none
2025-06-16T08:40:41.332917,Dane Myers,+750,+750,+750,NEW,0,1,none
2025-06-16T08:40:41.332917,J.T. Realmuto,+750,+750,+750,NEW,0,1,none
2025-06-16T08:40:41.332917,Trea Turner,+750,+750,+750,NEW,0,1,none
2025-06-16T08:40:41.332917,J.P. Crawford,+750,+750,+750,NEW,0,1,none
2025-06-16T08:40:41.332917,Paul Goldschmidt,+800,+800,+800,NEW,0,1,none
2025-06-16T08:40:41.332917,Jazz Chisholm,+800,+800,+800,NEW,0,1,none
2025-06-16T08:40:41.332917,Elias Diaz,+800,+800,+800,NEW,0,1,none
2025-06-16T08:40:41.332917,Eric Wagaman,+800,+800,+800,NEW,0,1,none
2025-06-16T08:40:41.332917,Marcelo Mayer,+800,+800,+800,NEW,0,1,none
2025-06-16T08:40:41.332917,Max Muncy (ATH),+800,+800,+800,NEW,0,1,none
2025-06-16T08:40:41.332917,Keibert Ruiz,+800,+800,+800,NEW,0,1,none
2025-06-16T08:40:41.332917,Matt Thaiss,+800,+800,+800,NEW,0,1,none
2025-06-16T08:40:41.332917,Alec Bohm,+850,+850,+850,NEW,0,1,none
2025-06-16T08:40:41.332917,Orlando Arcia,+900,+900,+900,NEW,0,1,none
2025-06-16T08:40:41.332917,Nolan Schanuel,+950,+950,+950,NEW,0,1,none
2025-06-16T08:40:41.332917,Bryson Stott,+1000,+1000,+1000,NEW,0,1,none
2025-06-16T08:40:41.332917,Connor Wong,+1000,+1000,+1000,NEW,0,1,none
2025-06-16T08:40:41.332917,Liam Hicks,+1000,+1000,+1000,NEW,0,1,none
2025-06-16T08:40:41.332917,Anthony Volpe,+1000,+1000,+1000,NEW,0,1,none
2025-06-16T08:40:41.332917,Cooper Hummel,+1000,+1000,+1000,NEW,0,1,none
2025-06-16T08:40:41.332917,Jacob Wilson,+1000,+1000,+1000,NEW,0,1,none
2025-06-16T08:40:41.332917,Ryan Ritter,+1000,+1000,+1000,NEW,0,1,none
2025-06-16T08:40:41.332917,Luis Arraez,+1000,+1000,+1000,NEW,0,1,none
2025-06-16T08:40:41.332917,Mauricio Dubon,+1000,+1000,+1000,NEW,0,1,none
2025-06-16T08:40:41.332917,Denzel Clarke,+1000,+1000,+1000,NEW,0,1,none
2025-06-16T08:40:41.332917,Thairo Estrada,+1000,+1000,+1000,NEW,0,1,none
2025-06-16T08:40:41.332917,Christian Moore,+1100,+1100,+1100,NEW,0,1,none
2025-06-16T08:40:41.332917,Ceddanne Rafaela,+1100,+1100,+1100,NEW,0,1,none
2025-06-16T08:40:41.332917,Austin Wynns,+1100,+1100,+1100,NEW,0,1,none
2025-06-16T08:40:41.332917,Taylor Walls,+1100,+1100,+1100,NEW,0,1,none
2025-06-16T08:40:41.332917,Robert Hassell,+1100,+1100,+1100,NEW,0,1,none
2025-06-16T08:40:41.332917,Otto Kemp,+1200,+1200,+1200,NEW,0,1,none
2025-06-16T08:40:41.332917,Kristian Campbell,+1200,+1200,+1200,NEW,0,1,none
2025-06-16T08:40:41.332917,Ben Williamson,+1300,+1300,+1300,NEW,0,1,none
2025-06-16T08:40:41.332917,DJ LeMahieu,+1400,+1400,+1400,NEW,0,1,none
2025-06-16T08:40:41.332917,Jake Mangum,+1400,+1400,+1400,NEW,0,1,none
2025-06-16T08:40:41.332917,Cole Young,+1500,+1500,+1500,NEW,0,1,none
2025-06-16T08:40:41.332917,Luis Rengifo,+1600,+1600,+1600,NEW,0,1,none
2025-06-16T08:40:41.332917,Xavier Edwards,+2200,+2200,+2200,NEW,0,1,none
2025-06-16T08:40:41.332917,Tyler Wade,+3500,+3500,+3500,NEW,0,1,none
2025-06-17T08:10:15.400755,Shohei Ohtani,+165,+165,+165,NEW,0,1,none
2025-06-17T08:10:15.400755,Aaron Judge,+200,+400,+400,NEW,0,2,bearish
2025-06-17T08:10:15.400755,Giancarlo Stanton,+210,+210,+210,NEW,0,1,none
2025-06-17T08:10:15.400755,Gunnar Henderson,+220,+310,+310,NEW,0,2,bearish
2025-06-17T08:10:15.400755,Byron Buxton,+250,+250,+250,NEW,0,1,none
2025-06-17T08:10:15.400755,Cal Raleigh,+260,+240,+240,NEW,0,2,stable
2025-06-17T08:10:15.400755,Manny Machado,+265,+330,+330,NEW,0,2,bearish
2025-06-17T08:10:15.400755,Brandon Lowe,+280,+425,+425,NEW,0,2,bearish
2025-06-17T08:10:15.400755,Kyle Schwarber,+280,+295,+295,NEW,0,2,stable
2025-06-17T08:10:15.400755,Hunter Goodman,+280,+320,+320,NEW,0,2,bearish
2025-06-17T08:10:15.400755,Junior Caminero,+290,+380,+380,NEW,0,2,bearish
2025-06-17T08:10:15.400755,Kyle Tucker,+295,+295,+295,NEW,0,1,none
2025-06-17T08:10:15.400755,Ian Happ,+300,+300,+300,NEW,0,1,none
2025-06-17T08:10:15.400755,Seiya Suzuki,+300,+300,+300,NEW,0,1,none
2025-06-17T08:10:15.400755,Christian Walker,+300,+300,+300,NEW,0,2,stable
2025-06-17T08:10:15.400755,Pete Crow-Armstrong,+300,+300,+300,NEW,0,1,none
2025-06-17T08:10:15.400755,Spencer Torkelson,+300,+300,+300,NEW,0,1,none
2025-06-17T08:10:15.400755,Jonathan Aranda,+310,+400,+400,NEW,0,2,bearish
2025-06-17T08:10:15.400755,Christian Encarnacion-Strand,+310,+310,+310,NEW,0,1,none
2025-06-17T08:10:15.400755,Fernando Tatis Jr.,+310,+400,+400,NEW,0,2,bearish
2025-06-17T08:10:15.400755,Ryan Jeffers,+310,+310,+310,NEW,0,1,none
2025-06-17T08:10:15.400755,Pete Alonso,+310,+310,+310,NEW,0,1,none
2025-06-17T08:10:15.400755,Rafael Devers,+320,+320,+320,NEW,0,1,none
2025-06-17T08:10:15.400755,Bobby Witt Jr.,+320,+320,+320,NEW,0,1,none
2025-06-17T08:10:15.400755,Lawrence Butler,+320,+550,+550,NEW,0,2,bearish
2025-06-17T08:10:15.400755,Austin Riley,+320,+320,+320,NEW,0,1,none
2025-06-17T08:10:15.400755,Mike Trout,+320,+330,+330,NEW,0,2,stable
2025-06-17T08:10:15.400755,Willson Contreras,+330,+330,+330,NEW,0,1,none
2025-06-17T08:10:15.400755,Elly De La Cruz,+330,+330,+330,NEW,0,1,none
2025-06-17T08:10:15.400755,Corbin Carroll,+330,+330,+330,NEW,0,1,none
2025-06-17T08:10:15.400755,Trent Grisham,+330,+650,+650,NEW,0,2,bearish
2025-06-17T08:10:15.400755,Corey Seager,+330,+330,+330,NEW,0,1,none
2025-06-17T08:10:15.400755,Brent Rooker,+340,+295,+295,NEW,0,2,bullish
2025-06-17T08:10:15.400755,Max Muncy (LAD),+340,+425,+425,NEW,0,2,bearish
2025-06-17T08:10:15.400755,Adley Rutschman,+340,+500,+500,NEW,0,2,bearish
2025-06-17T08:10:15.400755,Nolan Gorman,+340,+340,+340,NEW,0,1,none
2025-06-17T08:10:15.400755,Jordan Westburg,+340,+400,+400,NEW,0,2,bearish
2025-06-17T08:10:15.400755,Freddie Freeman,+350,+425,+425,NEW,0,2,bearish
2025-06-17T08:10:15.400755,Juan Soto,+350,+350,+350,NEW,0,1,none
2025-06-17T08:10:15.400755,Tyler Soderstrom,+360,+450,+450,NEW,0,2,bearish
2025-06-17T08:10:15.400755,Michael Busch,+360,+360,+360,NEW,0,1,none
2025-06-17T08:10:15.400755,Matt Wallner,+360,+360,+360,NEW,0,1,none
2025-06-17T08:10:15.400755,Jake Burger,+360,+360,+360,NEW,0,1,none
2025-06-17T08:10:15.400755,Yainer Diaz,+360,+370,+370,NEW,0,2,stable
2025-06-17T08:10:15.400755,Andy Pages,+360,+400,+400,NEW,0,2,bearish
2025-06-17T08:10:15.400755,Austin Wells,+360,+600,+600,NEW,0,2,bearish
2025-06-17T08:10:15.400755,Colton Cowser,+360,+475,+475,NEW,0,2,bearish
2025-06-17T08:10:15.400755,Cedric Mullins,+370,+500,+500,NEW,0,2,bearish
2025-06-17T08:10:15.400755,Matt Olson,+370,+370,+370,NEW,0,1,none
2025-06-17T08:10:15.400755,Miguel Vargas,+370,+370,+370,NEW,0,1,none
2025-06-17T08:10:15.400755,Christian Yelich,+370,+370,+370,NEW,0,1,none
2025-06-17T08:10:15.400755,Carlos Correa,+370,+370,+370,NEW,0,1,none
2025-06-17T08:10:15.400755,Rhys Hoskins,+370,+370,+370,NEW,0,1,none
2025-06-17T08:10:15.400755,Francisco Lindor,+380,+380,+380,NEW,0,1,none
2025-06-17T08:10:15.400755,Wyatt Langford,+380,+380,+380,NEW,0,1,none
2025-06-17T08:10:15.400755,Cody Bellinger,+380,+650,+650,NEW,0,2,bearish
2025-06-17T08:10:15.400755,Jose Ramirez,+380,+380,+380,NEW,0,1,none
2025-06-17T08:10:15.400755,Adolis Garcia,+390,+390,+390,NEW,0,1,none
2025-06-17T08:10:15.400755,James Wood,+390,+370,+370,NEW,0,2,stable
2025-06-17T08:10:15.400755,Luis Robert,+400,+400,+400,NEW,0,1,none
2025-06-17T08:10:15.400755,Ronald Acuna Jr.,+400,+400,+400,NEW,0,1,none
2025-06-17T08:10:15.400755,Teoscar Hernandez,+400,+500,+500,NEW,0,2,bearish
2025-06-17T08:10:15.400755,Brandon Nimmo,+400,+400,+400,NEW,0,1,none
2025-06-17T08:10:15.400755,Oneil Cruz,+400,+400,+400,NEW,0,1,none
2025-06-17T08:10:15.400755,Dansby Swanson,+400,+400,+400,NEW,0,1,none
2025-06-17T08:10:15.400755,Ramon Laureano,+400,+500,+500,NEW,0,2,bearish
2025-06-17T08:10:15.400755,Ryan O'Hearn,+400,+550,+550,NEW,0,2,bearish
2025-06-17T08:10:15.400755,Tyler Stephenson,+400,+400,+400,NEW,0,1,none
2025-06-17T08:10:15.400755,Paul Goldschmidt,+400,+800,+800,NEW,0,2,bearish
2025-06-17T08:10:15.400755,Jarren Duran,+425,+500,+500,NEW,0,2,bearish
2025-06-17T08:10:15.400755,Randy Arozarena,+425,+500,+500,NEW,0,2,bearish
2025-06-17T08:10:15.400755,Max Kepler,+425,+500,+500,NEW,0,2,bearish
2025-06-17T08:10:15.400755,Addison Barger,+425,+425,+425,NEW,0,1,none
2025-06-17T08:10:15.400755,Mookie Betts,+425,+425,+425,NEW,0,2,stable
2025-06-17T08:10:15.400755,Ivan Herrera,+425,+425,+425,NEW,0,1,none
2025-06-17T08:10:15.400755,Will Benson,+425,+425,+425,NEW,0,1,none
2025-06-17T08:10:15.400755,Ryan McMahon,+425,+360,+360,NEW,0,2,bullish
2025-06-17T08:10:15.400755,Jazz Chisholm,+425,+800,+800,NEW,0,2,bearish
2025-06-17T08:10:15.400755,William Contreras,+425,+425,+425,NEW,0,1,none
2025-06-17T08:10:15.400755,Will Smith (LAD),+425,+475,+475,NEW,0,2,bearish
2025-06-17T08:10:15.400755,Vinnie Pasquantino,+425,+425,+425,NEW,0,1,none
2025-06-17T08:10:15.400755,Marcus Semien,+450,+450,+450,NEW,0,1,none
2025-06-17T08:10:15.400755,Matt McLain,+450,+450,+450,NEW,0,1,none
2025-06-17T08:10:15.400755,Nick Kurtz,+450,+600,+600,NEW,0,2,bearish
2025-06-17T08:10:15.400755,Josh Lowe,+450,+475,+475,NEW,0,2,bearish
2025-06-17T08:10:15.400755,Julio Rodriguez,+450,+500,+500,NEW,0,2,bearish
2025-06-17T08:10:15.400755,Isaac Paredes,+450,+450,+450,NEW,0,1,none
2025-06-17T08:10:15.400755,Michael Conforto,+450,+500,+500,NEW,0,2,bearish
2025-06-17T08:10:15.400755,Nolan Arenado,+450,+450,+450,NEW,0,1,none
2025-06-17T08:10:15.400755,Evan Carter,+450,+450,+450,NEW,0,1,none
2025-06-17T08:10:15.400755,Dillon Dingler,+450,+450,+450,NEW,0,1,none
2025-06-17T08:10:15.400755,Jonathan India,+450,+450,+450,NEW,0,1,none
2025-06-17T08:10:15.400755,Alec Burleson,+450,+450,+450,NEW,0,1,none
2025-06-17T08:10:15.400755,Jose Altuve,+450,+500,+500,NEW,0,2,bearish
2025-06-17T08:10:15.400755,Jackson Holliday,+450,+550,+550,NEW,0,2,bearish
2025-06-17T08:10:15.400755,Zach Neto,+450,+500,+500,NEW,0,2,bearish
2025-06-17T08:10:15.400755,Taylor Ward,+450,+550,+550,NEW,0,2,bearish
2025-06-17T08:10:15.400755,Logan O'Hoppe,+450,+550,+550,NEW,0,2,bearish
2025-06-17T08:10:15.400755,George Springer,+475,+475,+475,NEW,0,1,none
2025-06-17T08:10:15.400755,Gavin Sheets,+475,+550,+550,NEW,0,2,bearish
2025-06-17T08:10:15.400755,Eugenio Suarez,+475,+475,+475,NEW,0,1,none
2025-06-17T08:10:15.400755,Yandy Diaz,+475,+550,+550,NEW,0,2,bearish
2025-06-17T08:10:15.400755,Riley Greene,+475,+475,+475,NEW,0,1,none
2025-06-17T08:10:15.400755,Harrison Bader,+475,+475,+475,NEW,0,1,none
2025-06-17T08:10:15.400755,Jackson Chourio,+475,+475,+475,NEW,0,1,none
2025-06-17T08:10:15.400755,Josh Bell,+475,+400,+400,NEW,0,2,bullish
2025-06-17T08:10:15.400755,Salvador Perez,+475,+475,+475,NEW,0,1,none
2025-06-17T08:10:15.400755,Michael A. Taylor,+500,+500,+500,NEW,0,1,none
2025-06-17T08:10:15.400755,Bo Bichette,+500,+500,+500,NEW,0,1,none
2025-06-17T08:10:15.400755,Heliot Ramos,+500,+500,+500,NEW,0,1,none
2025-06-17T08:10:15.400755,Ty France,+500,+500,+500,NEW,0,1,none
2025-06-17T08:10:15.400755,TJ Friedl,+500,+500,+500,NEW,0,1,none
2025-06-17T08:10:15.400755,CJ Abrams,+500,+425,+425,NEW,0,2,bullish
2025-06-17T08:10:15.400755,Mike Yastrzemski,+500,+500,+500,NEW,0,1,none
2025-06-17T08:10:15.400755,Ketel Marte,+500,+500,+500,NEW,0,1,none
2025-06-17T08:10:15.400755,Spencer Steer,+500,+500,+500,NEW,0,1,none
2025-06-17T08:10:15.400755,Wenceel Perez,+500,+500,+500,NEW,0,1,none
2025-06-17T08:10:15.400755,Michael Toglia,+500,+500,+500,NEW,0,1,none
2025-06-17T08:10:15.400755,Jordan Beck,+500,+550,+550,NEW,0,2,bearish
2025-06-17T08:10:15.400755,Gleyber Torres,+500,+500,+500,NEW,0,1,none
2025-06-17T08:10:15.400755,Anthony Volpe,+500,+1000,+1000,NEW,0,2,bearish
2025-06-17T08:10:15.400755,Cam Smith,+500,+500,+500,NEW,0,2,stable
2025-06-17T08:10:15.400755,Marcell Ozuna,+500,+500,+500,NEW,0,1,none
2025-06-17T08:10:15.400755,Jorge Polanco,+500,+450,+450,NEW,0,2,bullish
2025-06-17T08:10:15.400755,Sean Murphy,+500,+500,+500,NEW,0,1,none
2025-06-17T08:10:15.400755,Jo Adell,+500,+550,+550,NEW,0,2,bearish
2025-06-17T08:10:15.400755,Jake Cronenworth,+550,+650,+650,NEW,0,2,bearish
2025-06-17T08:10:15.400755,Bryan Reynolds,+550,+550,+550,NEW,0,1,none
2025-06-17T08:10:15.400755,Parker Meadows,+550,+550,+550,NEW,0,1,none
2025-06-17T08:10:15.400755,Josh Naylor,+550,+550,+550,NEW,0,1,none
2025-06-17T08:10:15.400755,Carson Kelly,+550,+550,+550,NEW,0,1,none
2025-06-17T08:10:15.400755,Edgar Quero,+550,+550,+550,NEW,0,1,none
2025-06-17T08:10:15.400755,Lane Thomas,+550,+550,+550,NEW,0,1,none
2025-06-17T08:10:15.400755,Nathaniel Lowe,+550,+600,+600,NEW,0,2,bearish
2025-06-17T08:10:15.400755,Dominic Canzone,+550,+500,+500,NEW,0,2,bullish
2025-06-17T08:10:15.400755,Brendan Donovan,+550,+550,+550,NEW,0,1,none
2025-06-17T08:10:15.400755,Willy Adames,+550,+550,+550,NEW,0,1,none
2025-06-17T08:10:15.400755,Josh Jung,+550,+550,+550,NEW,0,1,none
2025-06-17T08:10:15.400755,Victor Caratini,+550,+550,+550,NEW,0,2,stable
2025-06-17T08:10:15.400755,David Fry,+550,+550,+550,NEW,0,1,none
2025-06-17T08:10:15.400755,Javier Baez,+550,+550,+550,NEW,0,1,none
2025-06-17T08:10:15.400755,Vladimir Guerrero Jr.,+550,+550,+550,NEW,0,1,none
2025-06-17T08:10:15.400755,Masyn Winn,+550,+550,+550,NEW,0,1,none
2025-06-17T08:10:15.400755,Willi Castro,+600,+600,+600,NEW,0,1,none
2025-06-17T08:10:15.400755,Trevor Story,+600,+750,+750,NEW,0,2,bearish
2025-06-17T08:10:15.400755,Jake Meyers,+600,+550,+550,NEW,0,2,bullish
2025-06-17T08:10:15.400755,Austin Slater,+600,+600,+600,NEW,0,1,none
2025-06-17T08:10:15.400755,Brooks Lee,+600,+600,+600,NEW,0,1,none
2025-06-17T08:10:15.400755,Gavin Lux,+600,+600,+600,NEW,0,1,none
2025-06-17T08:10:15.400755,Carlos Santana,+600,+600,+600,NEW,0,1,none
2025-06-17T08:10:15.400755,Kameron Misner,+600,+750,+750,NEW,0,2,bearish
2025-06-17T08:10:15.400755,Josh Smith,+600,+600,+600,NEW,0,1,none
2025-06-17T08:10:15.400755,J.T. Realmuto,+600,+750,+750,NEW,0,2,bearish
2025-06-17T08:10:15.400755,Ronny Mauricio,+600,+600,+600,NEW,0,1,none
2025-06-17T08:10:15.400755,Rowdy Tellez,+600,+600,+600,NEW,0,2,stable
2025-06-17T08:10:15.400755,Dylan Carlson,+600,+600,+600,NEW,0,1,none
2025-06-17T08:10:15.400755,Roman Anthony,+600,+750,+750,NEW,0,2,bearish
2025-06-17T08:10:15.400755,Carlos Narvaez,+600,+700,+700,NEW,0,2,bearish
2025-06-17T08:10:15.400755,Brenton Doyle,+600,+650,+650,NEW,0,2,bearish
2025-06-17T08:10:15.400755,Jeff McNeil,+600,+600,+600,NEW,0,1,none
2025-06-17T08:10:15.400755,Casey Schmitt,+650,+650,+650,NEW,0,1,none
2025-06-17T08:10:15.400755,Xander Bogaerts,+650,+750,+750,NEW,0,2,bearish
2025-06-17T08:10:15.400755,John Rave,+650,+650,+650,NEW,0,1,none
2025-06-17T08:10:15.400755,Chase Meidroth,+650,+650,+650,NEW,0,1,none
2025-06-17T08:10:15.400755,Agustin Ramirez,+650,+475,+475,NEW,0,2,bullish
2025-06-17T08:10:15.400755,Alejandro Kirk,+650,+650,+650,NEW,0,1,none
2025-06-17T08:10:15.400755,Jorge Soler,+650,+650,+650,NEW,0,2,stable
2025-06-17T08:10:15.400755,Bo Naylor,+650,+650,+650,NEW,0,1,none
2025-06-17T08:10:15.400755,Trea Turner,+650,+750,+750,NEW,0,2,bearish
2025-06-17T08:10:15.400755,Jung Hoo Lee,+650,+650,+650,NEW,0,1,none
2025-06-17T08:10:15.400755,Connor Norby,+650,+600,+600,NEW,0,2,bullish
2025-06-17T08:10:15.400755,Luis Garcia (WAS),+650,+650,+650,NEW,0,1,none
2025-06-17T08:10:15.400755,Mickey Moniak,+650,+550,+550,NEW,0,2,bullish
2025-06-17T08:10:15.400755,Tommy Edman,+650,+700,+700,NEW,0,2,bearish
2025-06-17T08:10:15.400755,Nick Castellanos,+650,+700,+700,NEW,0,2,bearish
2025-06-17T08:10:15.400755,Brady House,+650,+550,+550,NEW,0,2,bullish
2025-06-17T08:10:15.400755,Christian Vazquez,+650,+650,+650,NEW,0,1,none
2025-06-17T08:10:15.400755,Marcelo Mayer,+650,+800,+800,NEW,0,2,bearish
2025-06-17T08:10:15.400755,Francisco Alvarez,+650,+650,+650,NEW,0,1,none
2025-06-17T08:10:15.400755,Jac Caglianone,+650,+650,+650,NEW,0,1,none
2025-06-17T08:10:15.400755,Jeremy Pena,+650,+600,+600,NEW,0,2,bullish
2025-06-17T08:10:15.400755,Brandon Marsh,+650,+700,+700,NEW,0,2,bearish
2025-06-17T08:10:15.400755,Jake Fraley,+650,+650,+650,NEW,0,1,none
2025-06-17T08:10:15.400755,Zach McKinstry,+700,+700,+700,NEW,0,1,none
2025-06-17T08:10:15.400755,Tyler Fitzgerald,+700,+700,+700,NEW,0,1,none
2025-06-17T08:10:15.400755,Eric Wagaman,+700,+800,+800,NEW,0,2,bearish
2025-06-17T08:10:15.400755,Abraham Toro,+700,+700,+700,NEW,0,2,stable
2025-06-17T08:10:15.400755,Alec Bohm,+700,+850,+850,NEW,0,2,bearish
2025-06-17T08:10:15.400755,Jahmai Jones,+700,+700,+700,NEW,0,1,none
2025-06-17T08:10:15.400755,Jonah Heim,+700,+700,+700,NEW,0,1,none
2025-06-17T08:10:15.400755,Andrew McCutchen,+700,+700,+700,NEW,0,1,none
2025-06-17T08:10:15.400755,Ozzie Albies,+700,+700,+700,NEW,0,1,none
2025-06-17T08:10:15.400755,Maikel Garcia,+700,+700,+700,NEW,0,1,none
2025-06-17T08:10:15.400755,Luis Urias,+700,+750,+750,NEW,0,2,bearish
2025-06-17T08:10:15.400755,Vinny Capra,+750,+750,+750,NEW,0,1,none
2025-06-17T08:10:15.400755,Max Muncy (ATH),+750,+800,+800,NEW,0,2,bearish
2025-06-17T08:10:15.400755,Gabriel Arias,+750,+750,+750,NEW,0,1,none
2025-06-17T08:10:15.400755,Michael Harris,+750,+750,+750,NEW,0,1,none
2025-06-17T08:10:15.400755,Matt Thaiss,+750,+800,+800,NEW,0,2,bearish
2025-06-17T08:10:15.400755,Kyle Stowers,+750,+425,+425,NEW,0,2,bullish
2025-06-17T08:10:15.400755,Henry Davis,+750,+750,+750,NEW,0,1,none
2025-06-17T08:10:15.400755,Tyler Freeman,+750,+750,+750,NEW,0,1,none
2025-06-17T08:10:15.400755,Nick Loftin,+750,+750,+750,NEW,0,1,none
2025-06-17T08:10:15.400755,Dominic Smith,+750,+750,+750,NEW,0,1,none
2025-06-17T08:10:15.400755,Lourdes Gurriel Jr.,+800,+800,+800,NEW,0,1,none
2025-06-17T08:10:15.400755,Pavin Smith,+800,+800,+800,NEW,0,1,none
2025-06-17T08:10:15.400755,Heriberto Hernandez,+800,+800,+800,NEW,0,1,none
2025-06-17T08:10:15.400755,J.P. Crawford,+800,+750,+750,NEW,0,2,bullish
2025-06-17T08:10:15.400755,Geraldo Perdomo,+800,+800,+800,NEW,0,1,none
2025-06-17T08:10:15.400755,Ernie Clement,+850,+850,+850,NEW,0,1,none
2025-06-17T08:10:15.400755,Matt Shaw,+850,+850,+850,NEW,0,1,none
2025-06-17T08:10:15.400755,Trenton Brooks,+850,+700,+700,NEW,0,2,bullish
2025-06-17T08:10:15.400755,Alex Call,+850,+650,+650,NEW,0,2,bullish
2025-06-17T08:10:15.400755,Bryson Stott,+850,+1000,+1000,NEW,0,2,bearish
2025-06-17T08:10:15.400755,Isaac Collins,+850,+850,+850,NEW,0,1,none
2025-06-17T08:10:15.400755,Brice Turang,+850,+850,+850,NEW,0,1,none
2025-06-17T08:10:15.400755,Oswald Peraza,+850,+850,+850,NEW,0,1,none
2025-06-17T08:10:15.400755,Starling Marte,+900,+900,+900,NEW,0,1,none
2025-06-17T08:10:15.400755,Sal Frelick,+900,+900,+900,NEW,0,1,none
2025-06-17T08:10:15.400755,Gabriel Moreno,+900,+900,+900,NEW,0,1,none
2025-06-17T08:10:15.400755,Andrew Knizner,+900,+900,+900,NEW,0,1,none
2025-06-17T08:10:15.400755,Ceddanne Rafaela,+900,+1100,+1100,NEW,0,2,bearish
2025-06-17T08:10:15.400755,Thairo Estrada,+900,+1000,+1000,NEW,0,2,bearish
2025-06-17T08:10:15.400755,Luis Arraez,+900,+1000,+1000,NEW,0,2,bearish
2025-06-17T08:10:15.400755,Otto Kemp,+900,+1200,+1200,NEW,0,2,bearish
2025-06-17T08:10:15.400755,Angel Martinez,+900,+900,+900,NEW,0,1,none
2025-06-17T08:10:15.400755,Keibert Ruiz,+900,+800,+800,NEW,0,2,bullish
2025-06-17T08:10:15.400755,Andrew Benintendi,+900,+900,+900,NEW,0,1,none
2025-06-17T08:10:15.400755,Nolan Schanuel,+900,+950,+950,NEW,0,2,bearish
2025-06-17T08:10:15.400755,Victor Scott II,+900,+900,+900,NEW,0,1,none
2025-06-17T08:10:15.400755,Eli White,+950,+950,+950,NEW,0,1,none
2025-06-17T08:10:15.400755,Jake Mangum,+950,+1400,+1400,NEW,0,2,bearish
2025-06-17T08:10:15.400755,Denzel Clarke,+950,+1000,+1000,NEW,0,2,bearish
2025-06-17T08:10:15.400755,Tyrone Taylor,+950,+950,+950,NEW,0,1,none
2025-06-17T08:10:15.400755,Ryan Ritter,+950,+1000,+1000,NEW,0,2,bearish
2025-06-17T08:10:15.400755,Spencer Horwitz,+950,+950,+950,NEW,0,1,none
2025-06-17T08:10:15.400755,Caleb Durbin,+950,+950,+950,NEW,0,1,none
2025-06-17T08:10:15.400755,Taylor Walls,+1000,+1100,+1100,NEW,0,2,bearish
2025-06-17T08:10:15.400755,Jacob Wilson,+1000,+1000,+1000,NEW,0,2,stable
2025-06-17T08:10:15.400755,Andres Gimenez,+1000,+1000,+1000,NEW,0,1,none
2025-06-17T08:10:15.400755,Christian Moore,+1000,+1100,+1100,NEW,0,2,bearish
2025-06-17T08:10:15.400755,Austin Wynns,+1000,+1100,+1100,NEW,0,2,bearish
2025-06-17T08:10:15.400755,Johnathan Rodriguez,+1000,+1000,+1000,NEW,0,1,none
2025-06-17T08:10:15.400755,Mauricio Dubon,+1000,+1000,+1000,NEW,0,2,stable
2025-06-17T08:10:15.400755,Kristian Campbell,+1000,+1200,+1200,NEW,0,2,bearish
2025-06-17T08:10:15.400755,Nick Gonzales,+1000,+1000,+1000,NEW,0,1,none
2025-06-17T08:10:15.400755,Romy Gonzalez,+1000,+1000,+1000,NEW,0,1,none
2025-06-17T08:10:15.400755,Alek Thomas,+1100,+1100,+1100,NEW,0,1,none
2025-06-17T08:10:15.400755,Steven Kwan,+1100,+1100,+1100,NEW,0,1,none
2025-06-17T08:10:15.400755,Otto Lopez,+1100,+700,+700,NEW,0,2,bullish
2025-06-17T08:10:15.400755,Jonatan Clase,+1100,+1100,+1100,NEW,0,1,none
2025-06-17T08:10:15.400755,Alan Roden,+1100,+1100,+1100,NEW,0,1,none
2025-06-17T08:10:15.400755,Daylen Lile,+1100,+1100,+1100,NEW,0,1,none
2025-06-17T08:10:15.400755,Joey Ortiz,+1100,+1100,+1100,NEW,0,1,none
2025-06-17T08:10:15.400755,Ke'Bryan Hayes,+1100,+1100,+1100,NEW,0,1,none
2025-06-17T08:10:15.400755,Ben Williamson,+1100,+1300,+1300,NEW,0,2,bearish
2025-06-17T08:10:15.400755,Kyle Isbel,+1100,+1100,+1100,NEW,0,1,none
2025-06-17T08:10:15.400755,Adam Frazier,+1100,+1100,+1100,NEW,0,1,none
2025-06-17T08:10:15.400755,Luis Rengifo,+1200,+1600,+1600,NEW,0,2,bearish
2025-06-17T08:10:15.400755,Isiah Kiner-Falefa,+1300,+1300,+1300,NEW,0,1,none
2025-06-17T08:10:15.400755,Martin Maldonado,+1400,+1400,+1400,NEW,0,1,none
2025-06-17T08:10:15.400755,Nick Allen,+1400,+1400,+1400,NEW,0,1,none
2025-06-17T08:10:15.400755,Cole Young,+1400,+1500,+1500,NEW,0,2,bearish
2025-06-17T08:10:15.400755,Nico Hoerner,+1500,+1500,+1500,NEW,0,1,none
2025-06-17T08:10:15.400755,Nick Fortes,+1500,+1500,+1500,NEW,0,1,none
2025-06-17T08:10:15.400755,Javier Sanoja,+2000,+2000,+2000,NEW,0,1,none
2025-06-17T08:10:15.400755,Xavier Edwards,+2000,+2200,+2200,NEW,0,2,bearish
2025-06-17T08:10:15.400755,Tyler Wade,+2800,+3500,+3500,NEW,0,2,bearish
2025-06-18T07:27:36.093116,Shohei Ohtani,+190,+165,+165,NEW,0,2,bullish
2025-06-18T07:27:36.093116,Aaron Judge,+200,+200,+200,NEW,0,1,none
2025-06-18T07:27:36.093116,Christian Encarnacion-Strand,+230,+230,+230,NEW,0,1,none
2025-06-18T07:27:36.093116,Byron Buxton,+235,+235,+235,NEW,0,1,none
2025-06-18T07:27:36.093116,Tyler Stephenson,+240,+240,+240,NEW,0,1,none
2025-06-18T07:27:36.093116,Willson Contreras,+250,+250,+250,NEW,0,1,none
2025-06-18T07:27:36.093116,Gunnar Henderson,+255,+255,+255,NEW,0,1,none
2025-06-18T07:27:36.093116,Spencer Torkelson,+260,+260,+260,NEW,0,1,none
2025-06-18T07:27:36.093116,Giancarlo Stanton,+265,+265,+265,NEW,0,1,none
2025-06-18T07:27:36.093116,Manny Machado,+270,+270,+270,NEW,0,1,none
2025-06-18T07:27:36.093116,Ketel Marte,+285,+285,+285,NEW,0,1,none
2025-06-18T07:27:36.093116,Kyle Schwarber,+285,+285,+285,NEW,0,1,none
2025-06-18T07:27:36.093116,Elly De La Cruz,+290,+290,+290,NEW,0,1,none
2025-06-18T07:27:36.093116,Eugenio Suarez,+295,+295,+295,NEW,0,1,none
2025-06-18T07:27:36.093116,Lars Nootbaar,+295,+295,+295,NEW,0,1,none
2025-06-18T07:27:36.093116,Hunter Goodman,+295,+295,+295,NEW,0,1,none
2025-06-18T07:27:36.093116,Fernando Tatis Jr.,+300,+300,+300,NEW,0,1,none
2025-06-18T07:27:36.093116,Matt Olson,+300,+300,+300,NEW,0,1,none
2025-06-18T07:27:36.093116,Ivan Herrera,+310,+310,+310,NEW,0,1,none
2025-06-18T07:27:36.093116,Will Benson,+320,+320,+320,NEW,0,1,none
2025-06-18T07:27:36.093116,Matt McLain,+320,+320,+320,NEW,0,1,none
2025-06-18T07:27:36.093116,Yandy Diaz,+320,+320,+320,NEW,0,1,none
2025-06-18T07:27:36.093116,Junior Caminero,+320,+320,+320,NEW,0,1,none
2025-06-18T07:27:36.093116,Ben Rice,+330,+330,+330,NEW,0,1,none
2025-06-18T07:27:36.093116,Trent Grisham,+330,+330,+330,NEW,0,1,none
2025-06-18T07:27:36.093116,Bobby Witt Jr.,+330,+330,+330,NEW,0,1,none
2025-06-18T07:27:36.093116,Nolan Gorman,+330,+330,+330,NEW,0,1,none
2025-06-18T07:27:36.093116,James Wood,+340,+340,+340,NEW,0,1,none
2025-06-18T07:27:36.093116,Jordan Westburg,+350,+350,+350,NEW,0,1,none
2025-06-18T07:27:36.093116,Jake Burger,+350,+350,+350,NEW,0,1,none
2025-06-18T07:27:36.093116,Corey Seager,+350,+350,+350,NEW,0,1,none
2025-06-18T07:27:36.093116,Christian Walker,+350,+350,+350,NEW,0,1,none
2025-06-18T07:27:36.093116,Ronald Acuna Jr.,+360,+360,+360,NEW,0,1,none
2025-06-18T07:27:36.093116,Austin Wells,+360,+360,+360,NEW,0,1,none
2025-06-18T07:27:36.093116,Masyn Winn,+370,+370,+370,NEW,0,1,none
2025-06-18T07:27:36.093116,Pete Alonso,+370,+370,+370,NEW,0,1,none
2025-06-18T07:27:36.093116,Spencer Steer,+370,+370,+370,NEW,0,1,none
2025-06-18T07:27:36.093116,Austin Riley,+370,+370,+370,NEW,0,1,none
2025-06-18T07:27:36.093116,Salvador Perez,+370,+370,+370,NEW,0,1,none
2025-06-18T07:27:36.093116,Cal Raleigh,+380,+380,+380,NEW,0,1,none
2025-06-18T07:27:36.093116,Mike Trout,+380,+380,+380,NEW,0,1,none
2025-06-18T07:27:36.093116,Jordan Beck,+380,+380,+380,NEW,0,1,none
2025-06-18T07:27:36.093116,Luis Robert,+380,+380,+380,NEW,0,1,none
2025-06-18T07:27:36.093116,Cody Bellinger,+380,+380,+380,NEW,0,1,none
2025-06-18T07:27:36.093116,Wyatt Langford,+380,+380,+380,NEW,0,1,none
2025-06-18T07:27:36.093116,Michael Toglia,+380,+380,+380,NEW,0,1,none
2025-06-18T07:27:36.093116,Brendan Donovan,+390,+390,+390,NEW,0,1,none
2025-06-18T07:27:36.093116,Riley Greene,+390,+390,+390,NEW,0,1,none
2025-06-18T07:27:36.093116,Carlos Correa,+400,+400,+400,NEW,0,1,none
2025-06-18T07:27:36.093116,Lourdes Gurriel Jr.,+400,+400,+400,NEW,0,1,none
2025-06-18T07:27:36.093116,Andy Pages,+400,+400,+400,NEW,0,1,none
2025-06-18T07:27:36.093116,Alec Burleson,+400,+400,+400,NEW,0,1,none
2025-06-18T07:27:36.093116,Jorge Soler,+400,+400,+400,NEW,0,1,none
2025-06-18T07:27:36.093116,Ryan O'Hearn,+425,+425,+425,NEW,0,1,none
2025-06-18T07:27:36.093116,Max Muncy (LAD),+425,+425,+425,NEW,0,1,none
2025-06-18T07:27:36.093116,Randal Grichuk,+425,+425,+425,NEW,0,1,none
2025-06-18T07:27:36.093116,Cedric Mullins,+425,+425,+425,NEW,0,1,none
2025-06-18T07:27:36.093116,Brent Rooker,+425,+425,+425,NEW,0,1,none
2025-06-18T07:27:36.093116,Heliot Ramos,+425,+425,+425,NEW,0,1,none
2025-06-18T07:27:36.093116,Christopher Morel,+425,+425,+425,NEW,0,1,none
2025-06-18T07:27:36.093116,Rafael Devers,+425,+425,+425,NEW,0,1,none
2025-06-18T07:27:36.093116,Francisco Lindor,+425,+425,+425,NEW,0,1,none
2025-06-18T07:27:36.093116,Gleyber Torres,+425,+425,+425,NEW,0,1,none
2025-06-18T07:27:36.093116,Vladimir Guerrero Jr.,+425,+425,+425,NEW,0,1,none
2025-06-18T07:27:36.093116,Ramon Laureano,+425,+425,+425,NEW,0,1,none
2025-06-18T07:27:36.093116,Jazz Chisholm,+425,+425,+425,NEW,0,1,none
2025-06-18T07:27:36.093116,Jackson Holliday,+425,+425,+425,NEW,0,1,none
2025-06-18T07:27:36.093116,Adley Rutschman,+425,+425,+425,NEW,0,1,none
2025-06-18T07:27:36.093116,Isaac Paredes,+425,+425,+425,NEW,0,1,none
2025-06-18T07:27:36.093116,Jose Ramirez,+425,+425,+425,NEW,0,1,none
2025-06-18T07:27:36.093116,Brandon Lowe,+425,+425,+425,NEW,0,1,none
2025-06-18T07:27:36.093116,Josh Jung,+425,+425,+425,NEW,0,1,none
2025-06-18T07:27:36.093116,Zach Neto,+425,+425,+425,NEW,0,1,none
2025-06-18T07:27:36.093116,Adolis Garcia,+450,+450,+450,NEW,0,1,none
2025-06-18T07:27:36.093116,CJ Abrams,+450,+450,+450,NEW,0,1,none
2025-06-18T07:27:36.093116,Tim Tawa,+450,+450,+450,NEW,0,1,none
2025-06-18T07:27:36.093116,Brenton Doyle,+450,+450,+450,NEW,0,1,none
2025-06-18T07:27:36.093116,Max Kepler,+450,+450,+450,NEW,0,1,none
2025-06-18T07:27:36.093116,Teoscar Hernandez,+450,+450,+450,NEW,0,1,none
2025-06-18T07:27:36.093116,Bo Bichette,+450,+450,+450,NEW,0,1,none
2025-06-18T07:27:36.093116,George Springer,+450,+450,+450,NEW,0,1,none
2025-06-18T07:27:36.093116,Willy Adames,+450,+450,+450,NEW,0,1,none
2025-06-18T07:27:36.093116,Miguel Vargas,+450,+450,+450,NEW,0,1,none
2025-06-18T07:27:36.093116,Vinnie Pasquantino,+450,+450,+450,NEW,0,1,none
2025-06-18T07:27:36.093116,TJ Friedl,+450,+450,+450,NEW,0,1,none
2025-06-18T07:27:36.093116,Marcell Ozuna,+450,+450,+450,NEW,0,1,none
2025-06-18T07:27:36.093116,Taylor Ward,+450,+450,+450,NEW,0,1,none
2025-06-18T07:27:36.093116,Will Smith (LAD),+450,+450,+450,NEW,0,1,none
2025-06-18T07:27:36.093116,Colton Cowser,+450,+450,+450,NEW,0,1,none
2025-06-18T07:27:36.093116,Logan O'Hoppe,+475,+475,+475,NEW,0,1,none
2025-06-18T07:27:36.093116,Bo Naylor,+475,+475,+475,NEW,0,1,none
2025-06-18T07:27:36.093116,Kyle Manzardo,+475,+475,+475,NEW,0,1,none
2025-06-18T07:27:36.093116,Nolan Arenado,+475,+475,+475,NEW,0,1,none
2025-06-18T07:27:36.093116,Freddie Freeman,+475,+475,+475,NEW,0,1,none
2025-06-18T07:27:36.093116,Jo Adell,+475,+475,+475,NEW,0,1,none
2025-06-18T07:27:36.093116,Jarren Duran,+475,+475,+475,NEW,0,1,none
2025-06-18T07:27:36.093116,Harrison Bader,+475,+475,+475,NEW,0,1,none
2025-06-18T07:27:36.093116,Juan Soto,+475,+475,+475,NEW,0,1,none
2025-06-18T07:27:36.093116,Danny Jansen,+475,+475,+475,NEW,0,1,none
2025-06-18T07:27:36.093116,Jonah Heim,+500,+500,+500,NEW,0,1,none
2025-06-18T07:27:36.093116,Drake Baldwin,+500,+500,+500,NEW,0,1,none
2025-06-18T07:27:36.093116,Carlos Narvaez,+500,+500,+500,NEW,0,1,none
2025-06-18T07:27:36.093116,Corbin Carroll,+500,+500,+500,NEW,0,1,none
2025-06-18T07:27:36.093116,Mike Tauchman,+500,+500,+500,NEW,0,1,none
2025-06-18T07:27:36.093116,Ty France,+500,+500,+500,NEW,0,1,none
2025-06-18T07:27:36.093116,Mookie Betts,+500,+500,+500,NEW,0,1,none
2025-06-18T07:27:36.093116,Marcus Semien,+500,+500,+500,NEW,0,1,none
2025-06-18T07:27:36.093116,Josh Bell,+500,+500,+500,NEW,0,1,none
2025-06-18T07:27:36.093116,Trevor Story,+500,+500,+500,NEW,0,1,none
2025-06-18T07:27:36.093116,Jahmai Jones,+500,+500,+500,NEW,0,1,none
2025-06-18T07:27:36.093116,Ozzie Albies,+500,+500,+500,NEW,0,1,none
2025-06-18T07:27:36.093116,Michael Harris,+550,+550,+550,NEW,0,1,none
2025-06-18T07:27:36.093116,Willi Castro,+550,+550,+550,NEW,0,1,none
2025-06-18T07:27:36.093116,Kyle Tucker,+550,+550,+550,NEW,0,1,none
2025-06-18T07:27:36.093116,Gabriel Moreno,+550,+550,+550,NEW,0,1,none
2025-06-18T07:27:36.093116,Francisco Alvarez,+550,+550,+550,NEW,0,1,none
2025-06-18T07:27:36.093116,Casey Schmitt,+550,+550,+550,NEW,0,1,none
2025-06-18T07:27:36.093116,Brooks Lee,+550,+550,+550,NEW,0,1,none
2025-06-18T07:27:36.093116,Gavin Lux,+550,+550,+550,NEW,0,1,none
2025-06-18T07:27:36.093116,Michael Conforto,+550,+550,+550,NEW,0,1,none
2025-06-18T07:27:36.093116,Jonathan India,+550,+550,+550,NEW,0,1,none
2025-06-18T07:27:36.093116,Kyle Farmer,+550,+550,+550,NEW,0,1,none
2025-06-18T07:27:36.093116,Gavin Sheets,+550,+550,+550,NEW,0,1,none
2025-06-18T07:27:36.093116,Yainer Diaz,+550,+550,+550,NEW,0,1,none
2025-06-18T07:27:36.093116,Jake Fraley,+550,+550,+550,NEW,0,1,none
2025-06-18T07:27:36.093116,Ian Happ,+550,+550,+550,NEW,0,1,none
2025-06-18T07:27:36.093116,Carlos Santana,+550,+550,+550,NEW,0,1,none
2025-06-18T07:27:36.093116,Seiya Suzuki,+550,+550,+550,NEW,0,1,none
2025-06-18T07:27:36.093116,Sam Haggerty,+550,+550,+550,NEW,0,1,none
2025-06-18T07:27:36.093116,Nathaniel Lowe,+550,+550,+550,NEW,0,1,none
2025-06-18T07:27:36.093116,Ryan McMahon,+550,+550,+550,NEW,0,1,none
2025-06-18T07:27:36.093116,Victor Caratini,+600,+600,+600,NEW,0,1,none
2025-06-18T07:27:36.093116,Curtis Mead,+600,+600,+600,NEW,0,1,none
2025-06-18T07:27:36.093116,Ryan Ritter,+600,+600,+600,NEW,0,1,none
2025-06-18T07:27:36.093116,Rhys Hoskins,+600,+600,+600,NEW,0,1,none
2025-06-18T07:27:36.093116,Pete Crow-Armstrong,+600,+600,+600,NEW,0,1,none
2025-06-18T07:27:36.093116,Wilmer Flores (SF),+600,+600,+600,NEW,0,1,none
2025-06-18T07:27:36.093116,Andrew Benintendi,+600,+600,+600,NEW,0,1,none
2025-06-18T07:27:36.093116,Chase Meidroth,+600,+600,+600,NEW,0,1,none
2025-06-18T07:27:36.093116,Christian Yelich,+600,+600,+600,NEW,0,1,none
2025-06-18T07:27:36.093116,Javier Baez,+600,+600,+600,NEW,0,1,none
2025-06-18T07:27:36.093116,Dillon Dingler,+600,+600,+600,NEW,0,1,none
2025-06-18T07:27:36.093116,Anthony Volpe,+600,+600,+600,NEW,0,1,none
2025-06-18T07:27:36.093116,Lane Thomas,+600,+600,+600,NEW,0,1,none
2025-06-18T07:27:36.093116,Jake Cronenworth,+600,+600,+600,NEW,0,1,none
2025-06-18T07:27:36.093116,Xander Bogaerts,+600,+600,+600,NEW,0,1,none
2025-06-18T07:27:36.093116,Julio Rodriguez,+600,+600,+600,NEW,0,1,none
2025-06-18T07:27:36.093116,Christian Vazquez,+600,+600,+600,NEW,0,1,none
2025-06-18T07:27:36.093116,Mike Yastrzemski,+600,+600,+600,NEW,0,1,none
2025-06-18T07:27:36.093116,Jonah Bride,+600,+600,+600,NEW,0,1,none
2025-06-18T07:27:36.093116,Luis Garcia (WAS),+600,+600,+600,NEW,0,1,none
2025-06-18T07:27:36.093116,Michael A. Taylor,+600,+600,+600,NEW,0,1,none
2025-06-18T07:27:36.093116,Randy Arozarena,+600,+600,+600,NEW,0,1,none
2025-06-18T07:27:36.093116,Trevor Larnach,+650,+650,+650,NEW,0,1,none
2025-06-18T07:27:36.093116,Jac Caglianone,+650,+650,+650,NEW,0,1,none
2025-06-18T07:27:36.093116,Nick Castellanos,+650,+650,+650,NEW,0,1,none
2025-06-18T07:27:36.093116,Tyrone Taylor,+650,+650,+650,NEW,0,1,none
2025-06-18T07:27:36.093116,William Contreras,+650,+650,+650,NEW,0,1,none
2025-06-18T07:27:36.093116,Andrew Knizner,+650,+650,+650,NEW,0,1,none
2025-06-18T07:27:36.093116,Jeremy Pena,+650,+650,+650,NEW,0,1,none
2025-06-18T07:27:36.093116,Maikel Garcia,+650,+650,+650,NEW,0,1,none
2025-06-18T07:27:36.093116,Alejandro Kirk,+650,+650,+650,NEW,0,1,none
2025-06-18T07:27:36.093116,Trea Turner,+650,+650,+650,NEW,0,1,none
2025-06-18T07:27:36.093116,Daniel Schneemann,+650,+650,+650,NEW,0,1,none
2025-06-18T07:27:36.093116,Wenceel Perez,+650,+650,+650,NEW,0,1,none
2025-06-18T07:27:36.093116,Jose Altuve,+650,+650,+650,NEW,0,1,none
2025-06-18T07:27:36.093116,Kyle Teel,+650,+650,+650,NEW,0,1,none
2025-06-18T07:27:36.093116,Michael Busch,+650,+650,+650,NEW,0,1,none
2025-06-18T07:27:36.093116,Oneil Cruz,+650,+650,+650,NEW,0,1,none
2025-06-18T07:27:36.093116,Roman Anthony,+650,+650,+650,NEW,0,1,none
2025-06-18T07:27:36.093116,Agustin Ramirez,+700,+700,+700,NEW,0,1,none
2025-06-18T07:27:36.093116,Cam Smith,+700,+700,+700,NEW,0,1,none
2025-06-18T07:27:36.093116,Tyler Fitzgerald,+700,+700,+700,NEW,0,1,none
2025-06-18T07:27:36.093116,Brandon Marsh,+700,+700,+700,NEW,0,1,none
2025-06-18T07:27:36.093116,Marcelo Mayer,+700,+700,+700,NEW,0,1,none
2025-06-18T07:27:36.093116,J.T. Realmuto,+700,+700,+700,NEW,0,1,none
2025-06-18T07:27:36.093116,Tyler Soderstrom,+700,+700,+700,NEW,0,1,none
2025-06-18T07:27:36.093116,Tommy Edman,+700,+700,+700,NEW,0,1,none
2025-06-18T07:27:36.093116,Zach McKinstry,+700,+700,+700,NEW,0,1,none
2025-06-18T07:27:36.093116,Andrew McCutchen,+700,+700,+700,NEW,0,1,none
2025-06-18T07:27:36.093116,Victor Scott II,+700,+700,+700,NEW,0,1,none
2025-06-18T07:27:36.093116,Elias Diaz,+700,+700,+700,NEW,0,1,none
2025-06-18T07:27:36.093116,Mark Canha,+700,+700,+700,NEW,0,1,none
2025-06-18T07:27:36.093116,Trenton Brooks,+700,+700,+700,NEW,0,1,none
2025-06-18T07:27:36.093116,Parker Meadows,+700,+700,+700,NEW,0,1,none
2025-06-18T07:27:36.093116,Abraham Toro,+700,+700,+700,NEW,0,1,none
2025-06-18T07:27:36.093116,Mitch Garver,+700,+700,+700,NEW,0,1,none
2025-06-18T07:27:36.093116,Orlando Arcia,+700,+700,+700,NEW,0,1,none
2025-06-18T07:27:36.093116,Dylan Carlson,+700,+700,+700,NEW,0,1,none
2025-06-18T07:27:36.093116,Brandon Nimmo,+700,+700,+700,NEW,0,1,none
2025-06-18T07:27:36.093116,Nick Kurtz,+750,+750,+750,NEW,0,1,none
2025-06-18T07:27:36.093116,Ceddanne Rafaela,+750,+750,+750,NEW,0,1,none
2025-06-18T07:27:36.093116,Drew Waters,+750,+750,+750,NEW,0,1,none
2025-06-18T07:27:36.093116,Lawrence Butler,+750,+750,+750,NEW,0,1,none
2025-06-18T07:27:36.093116,Jackson Chourio,+750,+750,+750,NEW,0,1,none
2025-06-18T07:27:36.093116,Jose Caballero,+750,+750,+750,NEW,0,1,none
2025-06-18T07:27:36.093116,Jung Hoo Lee,+750,+750,+750,NEW,0,1,none
2025-06-18T07:27:36.093116,Connor Norby,+750,+750,+750,NEW,0,1,none
2025-06-18T07:27:36.093116,Edgar Quero,+750,+750,+750,NEW,0,1,none
2025-06-18T07:27:36.093116,Ezequiel Duran,+750,+750,+750,NEW,0,1,none
2025-06-18T07:27:36.093116,Ernie Clement,+750,+750,+750,NEW,0,1,none
2025-06-18T07:27:36.093116,Dansby Swanson,+750,+750,+750,NEW,0,1,none
2025-06-18T07:27:36.093116,Brady House,+750,+750,+750,NEW,0,1,none
2025-06-18T07:27:36.093116,Starling Marte,+750,+750,+750,NEW,0,1,none
2025-06-18T07:27:36.093116,Steven Kwan,+800,+800,+800,NEW,0,1,none
2025-06-18T07:27:36.093116,Eric Wagaman,+800,+800,+800,NEW,0,1,none
2025-06-18T07:27:36.093116,Carson Kelly,+800,+800,+800,NEW,0,1,none
2025-06-18T07:27:36.093116,Josh Lowe,+800,+800,+800,NEW,0,1,none
2025-06-18T07:27:36.093116,Josh Naylor,+800,+800,+800,NEW,0,1,none
2025-06-18T07:27:36.093116,Bryson Stott,+800,+800,+800,NEW,0,1,none
2025-06-18T07:27:36.093116,Josh Rojas,+800,+800,+800,NEW,0,1,none
2025-06-18T07:27:36.093116,Kyle Stowers,+800,+800,+800,NEW,0,1,none
2025-06-18T07:27:36.093116,Addison Barger,+800,+800,+800,NEW,0,1,none
2025-06-18T07:27:36.093116,Jake Meyers,+800,+800,+800,NEW,0,1,none
2025-06-18T07:27:36.093116,Ronny Mauricio,+800,+800,+800,NEW,0,1,none
2025-06-18T07:27:36.093116,Christian Moore,+850,+850,+850,NEW,0,1,none
2025-06-18T07:27:36.093116,Max Muncy (ATH),+850,+850,+850,NEW,0,1,none
2025-06-18T07:27:36.093116,Kristian Campbell,+850,+850,+850,NEW,0,1,none
2025-06-18T07:27:36.093116,Tyler Freeman,+850,+850,+850,NEW,0,1,none
2025-06-18T07:27:36.093116,Keibert Ruiz,+850,+850,+850,NEW,0,1,none
2025-06-18T07:27:36.093116,Alec Bohm,+850,+850,+850,NEW,0,1,none
2025-06-18T07:27:36.093116,Luis Rengifo,+900,+900,+900,NEW,0,1,none
2025-06-18T07:27:36.093116,Heriberto Hernandez,+900,+900,+900,NEW,0,1,none
2025-06-18T07:27:36.093116,Will Robertson,+900,+900,+900,NEW,0,1,none
2025-06-18T07:27:36.093116,Jorge Polanco,+900,+900,+900,NEW,0,1,none
2025-06-18T07:27:36.093116,Jeff McNeil,+900,+900,+900,NEW,0,1,none
2025-06-18T07:27:36.093116,Alex Verdugo,+900,+900,+900,NEW,0,1,none
2025-06-18T07:27:36.093116,Alexander Canario,+900,+900,+900,NEW,0,1,none
2025-06-18T07:27:36.093116,Joey Bart,+900,+900,+900,NEW,0,1,none
2025-06-18T07:27:36.093116,Jacob Wilson,+950,+950,+950,NEW,0,1,none
2025-06-18T07:27:36.093116,Ke'Bryan Hayes,+950,+950,+950,NEW,0,1,none
2025-06-18T07:27:36.093116,Nolan Schanuel,+950,+950,+950,NEW,0,1,none
2025-06-18T07:27:36.093116,Nick Allen,+950,+950,+950,NEW,0,1,none
2025-06-18T07:27:36.093116,Geraldo Perdomo,+1000,+1000,+1000,NEW,0,1,none
2025-06-18T07:27:36.093116,Willie MacIver,+1000,+1000,+1000,NEW,0,1,none
2025-06-18T07:27:36.093116,Luis Arraez,+1000,+1000,+1000,NEW,0,1,none
2025-06-18T07:27:36.093116,Nick Gonzales,+1000,+1000,+1000,NEW,0,1,none
2025-06-18T07:27:36.093116,Nolan Jones,+1000,+1000,+1000,NEW,0,1,none
2025-06-18T07:27:36.093116,J.P. Crawford,+1000,+1000,+1000,NEW,0,1,none
2025-06-18T07:27:36.093116,DJ LeMahieu,+1000,+1000,+1000,NEW,0,1,none
2025-06-18T07:27:36.093116,Otto Kemp,+1000,+1000,+1000,NEW,0,1,none
2025-06-18T07:27:36.093116,Romy Gonzalez,+1000,+1000,+1000,NEW,0,1,none
2025-06-18T07:27:36.093116,Gabriel Arias,+1000,+1000,+1000,NEW,0,1,none
2025-06-18T07:27:36.093116,Jake Mangum,+1000,+1000,+1000,NEW,0,1,none
2025-06-18T07:27:36.093116,Spencer Horwitz,+1000,+1000,+1000,NEW,0,1,none
2025-06-18T07:27:36.093116,Bryce Johnson,+1100,+1100,+1100,NEW,0,1,none
2025-06-18T07:27:36.093116,Dylan Moore,+1100,+1100,+1100,NEW,0,1,none
2025-06-18T07:27:36.093116,Daylen Lile,+1100,+1100,+1100,NEW,0,1,none
2025-06-18T07:27:36.093116,Denzel Clarke,+1200,+1200,+1200,NEW,0,1,none
2025-06-18T07:27:36.093116,Matt Shaw,+1200,+1200,+1200,NEW,0,1,none
2025-06-18T07:27:36.093116,Nick Fortes,+1200,+1200,+1200,NEW,0,1,none
2025-06-18T07:27:36.093116,Otto Lopez,+1200,+1200,+1200,NEW,0,1,none
2025-06-18T07:27:36.093116,Isaac Collins,+1200,+1200,+1200,NEW,0,1,none
2025-06-18T07:27:36.093116,Gio Urshela,+1300,+1300,+1300,NEW,0,1,none
2025-06-18T07:27:36.093116,Alan Roden,+1300,+1300,+1300,NEW,0,1,none
2025-06-18T07:27:36.093116,Mauricio Dubon,+1400,+1400,+1400,NEW,0,1,none
2025-06-18T07:27:36.093116,Adam Frazier,+1400,+1400,+1400,NEW,0,1,none
2025-06-18T07:27:36.093116,Caleb Durbin,+1500,+1500,+1500,NEW,0,1,none
2025-06-18T07:27:36.093116,Ben Williamson,+1500,+1500,+1500,NEW,0,1,none
2025-06-18T07:27:36.093116,Andres Gimenez,+1500,+1500,+1500,NEW,0,1,none
2025-06-18T07:27:36.093116,Sal Frelick,+1500,+1500,+1500,NEW,0,1,none
2025-06-18T07:27:36.093116,Donovan Solano,+1500,+1500,+1500,NEW,0,1,none
2025-06-18T07:27:36.093116,Isiah Kiner-Falefa,+1600,+1600,+1600,NEW,0,1,none
2025-06-18T07:27:36.093116,Joey Ortiz,+1800,+1800,+1800,NEW,0,1,none
2025-06-18T07:27:36.093116,Javier Sanoja,+2200,+2200,+2200,NEW,0,1,none
2025-06-18T07:27:36.093116,Nico Hoerner,+2500,+2500,+2500,NEW,0,1,none
2025-06-18T07:27:36.093116,Xavier Edwards,+2500,+2500,+2500,NEW,0,1,none
2025-06-19T09:28:44.312292,Shohei Ohtani,+145,+145,+145,NEW,0,1,none
2025-06-19T09:28:44.312292,Aaron Judge,+165,+165,+165,NEW,0,1,none
2025-06-19T09:28:44.312292,Giancarlo Stanton,+200,+200,+200,NEW,0,1,none
2025-06-19T09:28:44.312292,Hunter Goodman,+210,+210,+210,NEW,0,1,none
2025-06-19T09:28:44.312292,Matt Wallner,+225,+225,+225,NEW,0,1,none
2025-06-19T09:28:44.312292,Byron Buxton,+225,+225,+225,NEW,0,1,none
2025-06-19T09:28:44.312292,Elly De La Cruz,+255,+255,+255,NEW,0,1,none
2025-06-19T09:28:44.312292,Brent Rooker,+260,+260,+260,NEW,0,1,none
2025-06-19T09:28:44.312292,Spencer Torkelson,+270,+270,+270,NEW,0,1,none
2025-06-19T09:28:44.312292,Christian Encarnacion-Strand,+285,+285,+285,NEW,0,1,none
2025-06-19T09:28:44.312292,Pete Alonso,+295,+295,+295,NEW,0,1,none
2025-06-19T09:28:44.312292,Francisco Lindor,+295,+295,+295,NEW,0,1,none
2025-06-19T09:28:44.312292,Ryan McMahon,+295,+295,+295,NEW,0,1,none
2025-06-19T09:28:44.312292,Juan Soto,+300,+300,+300,NEW,0,1,none
2025-06-19T09:28:44.312292,Freddie Freeman,+300,+300,+300,NEW,0,1,none
2025-06-19T09:28:44.312292,Corey Seager,+300,+300,+300,NEW,0,1,none
2025-06-19T09:28:44.312292,Andy Pages,+300,+300,+300,NEW,0,1,none
2025-06-19T09:28:44.312292,James Wood,+310,+310,+310,NEW,0,1,none
2025-06-19T09:28:44.312292,Max Muncy (LAD),+320,+320,+320,NEW,0,1,none
2025-06-19T09:28:44.312292,Brandon Nimmo,+330,+330,+330,NEW,0,1,none
2025-06-19T09:28:44.312292,Kyle Schwarber,+340,+340,+340,NEW,0,1,none
2025-06-19T09:28:44.312292,Paul Goldschmidt,+340,+340,+340,NEW,0,1,none
2025-06-19T09:28:44.312292,Michael Toglia,+340,+340,+340,NEW,0,1,none
2025-06-19T09:28:44.312292,Jordan Beck,+340,+340,+340,NEW,0,1,none
2025-06-19T09:28:44.312292,Will Smith (LAD),+340,+340,+340,NEW,0,1,none
2025-06-19T09:28:44.312292,Manny Machado,+350,+350,+350,NEW,0,1,none
2025-06-19T09:28:44.312292,Junior Caminero,+350,+350,+350,NEW,0,1,none
2025-06-19T09:28:44.312292,Adolis Garcia,+350,+350,+350,NEW,0,1,none
2025-06-19T09:28:44.312292,Cody Bellinger,+350,+350,+350,NEW,0,1,none
2025-06-19T09:28:44.312292,Brandon Lowe,+350,+350,+350,NEW,0,1,none
2025-06-19T09:28:44.312292,Teoscar Hernandez,+350,+350,+350,NEW,0,1,none
2025-06-19T09:28:44.312292,Nolan Gorman,+360,+360,+360,NEW,0,1,none
2025-06-19T09:28:44.312292,Luis Robert,+360,+360,+360,NEW,0,1,none
2025-06-19T09:28:44.312292,Tyler Stephenson,+360,+360,+360,NEW,0,1,none
2025-06-19T09:28:44.312292,Mike Trout,+360,+360,+360,NEW,0,1,none
2025-06-19T09:28:44.312292,Christian Walker,+360,+360,+360,NEW,0,1,none
2025-06-19T09:28:44.312292,Gunnar Henderson,+360,+360,+360,NEW,0,1,none
2025-06-19T09:28:44.312292,Mookie Betts,+360,+360,+360,NEW,0,1,none
2025-06-19T09:28:44.312292,Willy Adames,+370,+370,+370,NEW,0,1,none
2025-06-19T09:28:44.312292,Willson Contreras,+370,+370,+370,NEW,0,1,none
2025-06-19T09:28:44.312292,Alec Burleson,+370,+370,+370,NEW,0,1,none
2025-06-19T09:28:44.312292,Addison Barger,+370,+370,+370,NEW,0,1,none
2025-06-19T09:28:44.312292,Nolan Arenado,+380,+380,+380,NEW,0,1,none
2025-06-19T09:28:44.312292,Fernando Tatis Jr.,+380,+380,+380,NEW,0,1,none
2025-06-19T09:28:44.312292,Matt Olson,+380,+380,+380,NEW,0,1,none
2025-06-19T09:28:44.312292,Jake Burger,+380,+380,+380,NEW,0,1,none
2025-06-19T09:28:44.312292,Austin Wells,+380,+380,+380,NEW,0,1,none
2025-06-19T09:28:44.312292,Ivan Herrera,+380,+380,+380,NEW,0,1,none
2025-06-19T09:28:44.312292,Jonathan Aranda,+380,+380,+380,NEW,0,1,none
2025-06-19T09:28:44.312292,Rafael Devers,+380,+380,+380,NEW,0,1,none
2025-06-19T09:28:44.312292,Jordan Westburg,+380,+380,+380,NEW,0,1,none
2025-06-19T09:28:44.312292,Ronald Acuna Jr.,+390,+390,+390,NEW,0,1,none
2025-06-19T09:28:44.312292,Josh Bell,+390,+390,+390,NEW,0,1,none
2025-06-19T09:28:44.312292,Will Benson,+390,+390,+390,NEW,0,1,none
2025-06-19T09:28:44.312292,CJ Abrams,+390,+390,+390,NEW,0,1,none
2025-06-19T09:28:44.312292,Marcus Semien,+390,+390,+390,NEW,0,1,none
2025-06-19T09:28:44.312292,Yainer Diaz,+400,+400,+400,NEW,0,1,none
2025-06-19T09:28:44.312292,Wyatt Langford,+400,+400,+400,NEW,0,1,none
2025-06-19T09:28:44.312292,Evan Carter,+400,+400,+400,NEW,0,1,none
2025-06-19T09:28:44.312292,Jasson Dominguez,+400,+400,+400,NEW,0,1,none
2025-06-19T09:28:44.312292,Gleyber Torres,+400,+400,+400,NEW,0,1,none
2025-06-19T09:28:44.312292,Carlos Correa,+400,+400,+400,NEW,0,1,none
2025-06-19T09:28:44.312292,Matt McLain,+425,+425,+425,NEW,0,1,none
2025-06-19T09:28:44.312292,Josh Lowe,+425,+425,+425,NEW,0,1,none
2025-06-19T09:28:44.312292,Wenceel Perez,+425,+425,+425,NEW,0,1,none
2025-06-19T09:28:44.312292,Colton Cowser,+425,+425,+425,NEW,0,1,none
2025-06-19T09:28:44.312292,Mike Yastrzemski,+425,+425,+425,NEW,0,1,none
2025-06-19T09:28:44.312292,Mickey Moniak,+425,+425,+425,NEW,0,1,none
2025-06-19T09:28:44.312292,Spencer Steer,+450,+450,+450,NEW,0,1,none
2025-06-19T09:28:44.312292,Pedro Pages,+450,+450,+450,NEW,0,1,none
2025-06-19T09:28:44.312292,Austin Riley,+450,+450,+450,NEW,0,1,none
2025-06-19T09:28:44.312292,Nathaniel Lowe,+450,+450,+450,NEW,0,1,none
2025-06-19T09:28:44.312292,Tyler Soderstrom,+450,+450,+450,NEW,0,1,none
2025-06-19T09:28:44.312292,Yandy Diaz,+450,+450,+450,NEW,0,1,none
2025-06-19T09:28:44.312292,Cedric Mullins,+450,+450,+450,NEW,0,1,none
2025-06-19T09:28:44.312292,Max Muncy (ATH),+450,+450,+450,NEW,0,1,none
2025-06-19T09:28:44.312292,Vladimir Guerrero Jr.,+450,+450,+450,NEW,0,1,none
2025-06-19T09:28:44.312292,Lawrence Butler,+450,+450,+450,NEW,0,1,none
2025-06-19T09:28:44.312292,Luis Urias,+450,+450,+450,NEW,0,1,none
2025-06-19T09:28:44.312292,Miguel Vargas,+450,+450,+450,NEW,0,1,none
2025-06-19T09:28:44.312292,Brendan Donovan,+450,+450,+450,NEW,0,1,none
2025-06-19T09:28:44.312292,George Springer,+450,+450,+450,NEW,0,1,none
2025-06-19T09:28:44.312292,Zach Neto,+450,+450,+450,NEW,0,1,none
2025-06-19T09:28:44.312292,Bo Bichette,+450,+450,+450,NEW,0,1,none
2025-06-19T09:28:44.312292,TJ Friedl,+475,+475,+475,NEW,0,1,none
2025-06-19T09:28:44.312292,Jo Adell,+475,+475,+475,NEW,0,1,none
2025-06-19T09:28:44.312292,Luis Garcia (WAS),+475,+475,+475,NEW,0,1,none
2025-06-19T09:28:44.312292,Jackson Holliday,+475,+475,+475,NEW,0,1,none
2025-06-19T09:28:44.312292,Masyn Winn,+475,+475,+475,NEW,0,1,none
2025-06-19T09:28:44.312292,Jazz Chisholm,+475,+475,+475,NEW,0,1,none
2025-06-19T09:28:44.312292,Andrew Benintendi,+475,+475,+475,NEW,0,1,none
2025-06-19T09:28:44.312292,Taylor Ward,+475,+475,+475,NEW,0,1,none
2025-06-19T09:28:44.312292,Brenton Doyle,+475,+475,+475,NEW,0,1,none
2025-06-19T09:28:44.312292,Jahmai Jones,+500,+500,+500,NEW,0,1,none
2025-06-19T09:28:44.312292,William Contreras,+500,+500,+500,NEW,0,1,none
2025-06-19T09:28:44.312292,Gavin Lux,+500,+500,+500,NEW,0,1,none
2025-06-19T09:28:44.312292,Marcell Ozuna,+500,+500,+500,NEW,0,1,none
2025-06-19T09:28:44.312292,Trevor Larnach,+500,+500,+500,NEW,0,1,none
2025-06-19T09:28:44.312292,Ryan Noda,+500,+500,+500,NEW,0,1,none
2025-06-19T09:28:44.312292,Travis d'Arnaud,+500,+500,+500,NEW,0,1,none
2025-06-19T09:28:44.312292,Ramon Laureano,+500,+500,+500,NEW,0,1,none
2025-06-19T09:28:44.312292,Max Kepler,+500,+500,+500,NEW,0,1,none
2025-06-19T09:28:44.312292,Ty France,+500,+500,+500,NEW,0,1,none
2025-06-19T09:28:44.312292,Isaac Paredes,+500,+500,+500,NEW,0,1,none
2025-06-19T09:28:44.312292,Riley Greene,+500,+500,+500,NEW,0,1,none
2025-06-19T09:28:44.312292,Dillon Dingler,+500,+500,+500,NEW,0,1,none
2025-06-19T09:28:44.312292,Ryan O'Hearn,+500,+500,+500,NEW,0,1,none
2025-06-19T09:28:44.312292,Brooks Lee,+500,+500,+500,NEW,0,1,none
2025-06-19T09:28:44.312292,Jose Ramirez,+500,+500,+500,NEW,0,1,none
2025-06-19T09:28:44.312292,Jake Fraley,+550,+550,+550,NEW,0,1,none
2025-06-19T09:28:44.312292,Francisco Alvarez,+550,+550,+550,NEW,0,1,none
2025-06-19T09:28:44.312292,Victor Caratini,+550,+550,+550,NEW,0,1,none
2025-06-19T09:28:44.312292,Nick Kurtz,+550,+550,+550,NEW,0,1,none
2025-06-19T09:28:44.312292,Kyle Teel,+550,+550,+550,NEW,0,1,none
2025-06-19T09:28:44.312292,Anthony Volpe,+550,+550,+550,NEW,0,1,none
2025-06-19T09:28:44.312292,Javier Baez,+550,+550,+550,NEW,0,1,none
2025-06-19T09:28:44.312292,Jose Altuve,+550,+550,+550,NEW,0,1,none
2025-06-19T09:28:44.312292,Adley Rutschman,+550,+550,+550,NEW,0,1,none
2025-06-19T09:28:44.312292,Mike Tauchman,+550,+550,+550,NEW,0,1,none
2025-06-19T09:28:44.312292,Christian Yelich,+550,+550,+550,NEW,0,1,none
2025-06-19T09:28:44.312292,Jonah Heim,+550,+550,+550,NEW,0,1,none
2025-06-19T09:28:44.312292,Josh Jung,+550,+550,+550,NEW,0,1,none
2025-06-19T09:28:44.312292,Casey Schmitt,+550,+550,+550,NEW,0,1,none
2025-06-19T09:28:44.312292,Tyler Freeman,+600,+600,+600,NEW,0,1,none
2025-06-19T09:28:44.312292,Cam Smith,+600,+600,+600,NEW,0,1,none
2025-06-19T09:28:44.312292,Brett Baty,+600,+600,+600,NEW,0,1,none
2025-06-19T09:28:44.312292,Willie MacIver,+600,+600,+600,NEW,0,1,none
2025-06-19T09:28:44.312292,Jacob Wilson,+600,+600,+600,NEW,0,1,none
2025-06-19T09:28:44.312292,Ronny Mauricio,+600,+600,+600,NEW,0,1,none
2025-06-19T09:28:44.312292,Jackson Chourio,+600,+600,+600,NEW,0,1,none
2025-06-19T09:28:44.312292,Kameron Misner,+600,+600,+600,NEW,0,1,none
2025-06-19T09:28:44.312292,Heliot Ramos,+600,+600,+600,NEW,0,1,none
2025-06-19T09:28:44.312292,Tyler Fitzgerald,+600,+600,+600,NEW,0,1,none
2025-06-19T09:28:44.312292,Bo Naylor,+600,+600,+600,NEW,0,1,none
2025-06-19T09:28:44.312292,Jeff McNeil,+600,+600,+600,NEW,0,1,none
2025-06-19T09:28:44.312292,Alejandro Kirk,+600,+600,+600,NEW,0,1,none
2025-06-19T09:28:44.312292,Tommy Edman,+650,+650,+650,NEW,0,1,none
2025-06-19T09:28:44.312292,Brady House,+650,+650,+650,NEW,0,1,none
2025-06-19T09:28:44.312292,Chase Meidroth,+650,+650,+650,NEW,0,1,none
2025-06-19T09:28:44.312292,Willi Castro,+650,+650,+650,NEW,0,1,none
2025-06-19T09:28:44.312292,Parker Meadows,+650,+650,+650,NEW,0,1,none
2025-06-19T09:28:44.312292,Carlos Santana,+650,+650,+650,NEW,0,1,none
2025-06-19T09:28:44.312292,Denzel Clarke,+650,+650,+650,NEW,0,1,none
2025-06-19T09:28:44.312292,Jake Meyers,+650,+650,+650,NEW,0,1,none
2025-06-19T09:28:44.312292,Jeremy Pena,+650,+650,+650,NEW,0,1,none
2025-06-19T09:28:44.312292,Kyle Manzardo,+650,+650,+650,NEW,0,1,none
2025-06-19T09:28:44.312292,Andrew McCutchen,+650,+650,+650,NEW,0,1,none
2025-06-19T09:28:44.312292,Tyrone Taylor,+650,+650,+650,NEW,0,1,none
2025-06-19T09:28:44.312292,Sean Murphy,+650,+650,+650,NEW,0,1,none
2025-06-19T09:28:44.312292,Keibert Ruiz,+700,+700,+700,NEW,0,1,none
2025-06-19T09:28:44.312292,Michael A. Taylor,+700,+700,+700,NEW,0,1,none
2025-06-19T09:28:44.312292,Danny Jansen,+700,+700,+700,NEW,0,1,none
2025-06-19T09:28:44.312292,Ryan Ritter,+700,+700,+700,NEW,0,1,none
2025-06-19T09:28:44.312292,J.T. Realmuto,+700,+700,+700,NEW,0,1,none
2025-06-19T09:28:44.312292,DJ LeMahieu,+700,+700,+700,NEW,0,1,none
2025-06-19T09:28:44.312292,Nick Castellanos,+700,+700,+700,NEW,0,1,none
2025-06-19T09:28:44.312292,Dominic Smith,+700,+700,+700,NEW,0,1,none
2025-06-19T09:28:44.312292,Alexander Canario,+700,+700,+700,NEW,0,1,none
2025-06-19T09:28:44.312292,Michael Harris,+700,+700,+700,NEW,0,1,none
2025-06-19T09:28:44.312292,Coby Mayo,+700,+700,+700,NEW,0,1,none
2025-06-19T09:28:44.312292,Jake Bauers,+700,+700,+700,NEW,0,1,none
2025-06-19T09:28:44.312292,Jung Hoo Lee,+700,+700,+700,NEW,0,1,none
2025-06-19T09:28:44.312292,Davis Schneider,+700,+700,+700,NEW,0,1,none
2025-06-19T09:28:44.312292,Gavin Sheets,+750,+750,+750,NEW,0,1,none
2025-06-19T09:28:44.312292,Xander Bogaerts,+750,+750,+750,NEW,0,1,none
2025-06-19T09:28:44.312292,Agustin Ramirez,+750,+750,+750,NEW,0,1,none
2025-06-19T09:28:44.312292,Ozzie Albies,+750,+750,+750,NEW,0,1,none
2025-06-19T09:28:44.312292,Oneil Cruz,+750,+750,+750,NEW,0,1,none
2025-06-19T09:28:44.312292,Trea Turner,+750,+750,+750,NEW,0,1,none
2025-06-19T09:28:44.312292,Daniel Schneemann,+750,+750,+750,NEW,0,1,none
2025-06-19T09:28:44.312292,Taylor Walls,+800,+800,+800,NEW,0,1,none
2025-06-19T09:28:44.312292,Brandon Marsh,+800,+800,+800,NEW,0,1,none
2025-06-19T09:28:44.312292,Victor Scott II,+800,+800,+800,NEW,0,1,none
2025-06-19T09:28:44.312292,Jake Cronenworth,+800,+800,+800,NEW,0,1,none
2025-06-19T09:28:44.312292,Jake Mangum,+800,+800,+800,NEW,0,1,none
2025-06-19T09:28:44.312292,Josh Rojas,+800,+800,+800,NEW,0,1,none
2025-06-19T09:28:44.312292,Luis Rengifo,+800,+800,+800,NEW,0,1,none
2025-06-19T09:28:44.312292,Nolan Schanuel,+800,+800,+800,NEW,0,1,none
2025-06-19T09:28:44.312292,Andrew Knizner,+800,+800,+800,NEW,0,1,none
2025-06-19T09:28:44.312292,Lane Thomas,+800,+800,+800,NEW,0,1,none
2025-06-19T09:28:44.312292,Christian Vazquez,+800,+800,+800,NEW,0,1,none
2025-06-19T09:28:44.312292,Ernie Clement,+850,+850,+850,NEW,0,1,none
2025-06-19T09:28:44.312292,Trenton Brooks,+850,+850,+850,NEW,0,1,none
2025-06-19T09:28:44.312292,Dane Myers,+850,+850,+850,NEW,0,1,none
2025-06-19T09:28:44.312292,Daylen Lile,+850,+850,+850,NEW,0,1,none
2025-06-19T09:28:44.312292,Scott Kingery,+850,+850,+850,NEW,0,1,none
2025-06-19T09:28:44.312292,Nick Gonzales,+850,+850,+850,NEW,0,1,none
2025-06-19T09:28:44.312292,Alec Bohm,+900,+900,+900,NEW,0,1,none
2025-06-19T09:28:44.312292,Eric Wagaman,+900,+900,+900,NEW,0,1,none
2025-06-19T09:28:44.312292,Connor Norby,+900,+900,+900,NEW,0,1,none
2025-06-19T09:28:44.312292,Hyeseong Kim,+950,+950,+950,NEW,0,1,none
2025-06-19T09:28:44.312292,Kyle Farmer,+950,+950,+950,NEW,0,1,none
2025-06-19T09:28:44.312292,Alex Verdugo,+950,+950,+950,NEW,0,1,none
2025-06-19T09:28:44.312292,Joey Bart,+950,+950,+950,NEW,0,1,none
2025-06-19T09:28:44.312292,Ke'Bryan Hayes,+950,+950,+950,NEW,0,1,none
2025-06-19T09:28:44.312292,Gabriel Arias,+950,+950,+950,NEW,0,1,none
2025-06-19T09:28:44.312292,Heriberto Hernandez,+1000,+1000,+1000,NEW,0,1,none
2025-06-19T09:28:44.312292,Zach McKinstry,+1000,+1000,+1000,NEW,0,1,none
2025-06-19T09:28:44.312292,Angel Martinez,+1000,+1000,+1000,NEW,0,1,none
2025-06-19T09:28:44.312292,Mauricio Dubon,+1000,+1000,+1000,NEW,0,1,none
2025-06-19T09:28:44.312292,Bryson Stott,+1000,+1000,+1000,NEW,0,1,none
2025-06-19T09:28:44.312292,Kyle Stowers,+1000,+1000,+1000,NEW,0,1,none
2025-06-19T09:28:44.312292,Martin Maldonado,+1000,+1000,+1000,NEW,0,1,none
2025-06-19T09:28:44.312292,Steven Kwan,+1000,+1000,+1000,NEW,0,1,none
2025-06-19T09:28:44.312292,Isaac Collins,+1000,+1000,+1000,NEW,0,1,none
2025-06-19T09:28:44.312292,Spencer Horwitz,+1100,+1100,+1100,NEW,0,1,none
2025-06-19T09:28:44.312292,Caleb Durbin,+1100,+1100,+1100,NEW,0,1,none
2025-06-19T09:28:44.312292,Brice Turang,+1100,+1100,+1100,NEW,0,1,none
2025-06-19T09:28:44.312292,Andres Gimenez,+1100,+1100,+1100,NEW,0,1,none
2025-06-19T09:28:44.312292,Ezequiel Duran,+1100,+1100,+1100,NEW,0,1,none
2025-06-19T09:28:44.312292,Sal Frelick,+1200,+1200,+1200,NEW,0,1,none
2025-06-19T09:28:44.312292,Otto Lopez,+1300,+1300,+1300,NEW,0,1,none
2025-06-19T09:28:44.312292,Edmundo Sosa,+1400,+1400,+1400,NEW,0,1,none
2025-06-19T09:28:44.312292,Adam Frazier,+1400,+1400,+1400,NEW,0,1,none
2025-06-19T09:28:44.312292,Luis Arraez,+1500,+1500,+1500,NEW,0,1,none
2025-06-19T09:28:44.312292,Joey Ortiz,+1500,+1500,+1500,NEW,0,1,none
2025-06-19T09:28:44.312292,Isiah Kiner-Falefa,+1500,+1500,+1500,NEW,0,1,none
2025-06-19T09:28:44.312292,Nick Allen,+1700,+1700,+1700,NEW,0,1,none
2025-06-19T09:28:44.312292,Nick Fortes,+1800,+1800,+1800,NEW,0,1,none
2025-06-19T09:28:44.312292,Kevin Newman,+1900,+1900,+1900,NEW,0,1,none
2025-06-19T09:28:44.312292,Jacob Young,+2000,+2000,+2000,NEW,0,1,none
2025-06-19T09:28:44.312292,Xavier Edwards,+2500,+2500,+2500,NEW,0,1,none
2025-06-19T09:28:44.312292,Myles Straw,+2500,+2500,+2500,NEW,0,1,none
2025-06-19T09:28:44.312292,Tyler Wade,+4000,+4000,+4000,NEW,0,1,none
2025-06-20T09:11:33.632069,Aaron Judge,+165,+165,+165,NEW,0,2,stable
2025-06-20T09:11:33.632069,Cal Raleigh,+210,+210,+210,NEW,0,1,none
2025-06-20T09:11:33.632069,Giancarlo Stanton,+210,+200,+200,NEW,0,2,stable
2025-06-20T09:11:33.632069,Eugenio Suarez,+220,+220,+220,NEW,0,1,none
2025-06-20T09:11:33.632069,Ketel Marte,+230,+230,+230,NEW,0,1,none
2025-06-20T09:11:33.632069,Shohei Ohtani,+230,+145,+145,NEW,0,2,bullish
2025-06-20T09:11:33.632069,Hunter Goodman,+240,+210,+210,NEW,0,2,bullish
2025-06-20T09:11:33.632069,Kyle Schwarber,+250,+340,+340,NEW,0,2,bearish
2025-06-20T09:11:33.632069,Matt Olson,+275,+380,+380,NEW,0,2,bearish
2025-06-20T09:11:33.632069,Cody Bellinger,+275,+350,+350,NEW,0,2,bearish
2025-06-20T09:11:33.632069,Kyle Tucker,+280,+280,+280,NEW,0,1,none
2025-06-20T09:11:33.632069,Jose Ramirez,+290,+500,+500,NEW,0,2,bearish
2025-06-20T09:11:33.632069,Rafael Devers,+295,+380,+380,NEW,0,2,bearish
2025-06-20T09:11:33.632069,Fernando Tatis Jr.,+295,+380,+380,NEW,0,2,bearish
2025-06-20T09:11:33.632069,Paul Goldschmidt,+300,+340,+340,NEW,0,2,bearish
2025-06-20T09:11:33.632069,Corbin Carroll,+300,+300,+300,NEW,0,1,none
2025-06-20T09:11:33.632069,Juan Soto,+300,+300,+300,NEW,0,2,stable
2025-06-20T09:11:33.632069,Seiya Suzuki,+300,+300,+300,NEW,0,1,none
2025-06-20T09:11:33.632069,Ronald Acuna Jr.,+310,+390,+390,NEW,0,2,bearish
2025-06-20T09:11:33.632069,Michael Busch,+310,+310,+310,NEW,0,1,none
2025-06-20T09:11:33.632069,Ian Happ,+310,+310,+310,NEW,0,1,none
2025-06-20T09:11:33.632069,Randy Arozarena,+310,+310,+310,NEW,0,1,none
2025-06-20T09:11:33.632069,Trent Grisham,+310,+310,+310,NEW,0,1,none
2025-06-20T09:11:33.632069,Francisco Lindor,+310,+295,+295,NEW,0,2,stable
2025-06-20T09:11:33.632069,Randal Grichuk,+320,+320,+320,NEW,0,1,none
2025-06-20T09:11:33.632069,Oneil Cruz,+330,+750,+750,NEW,0,2,bearish
2025-06-20T09:11:33.632069,Manny Machado,+330,+350,+350,NEW,0,2,stable
2025-06-20T09:11:33.632069,Pete Crow-Armstrong,+330,+330,+330,NEW,0,1,none
2025-06-20T09:11:33.632069,Corey Seager,+330,+300,+300,NEW,0,2,bullish
2025-06-20T09:11:33.632069,Mike Trout,+330,+360,+360,NEW,0,2,bearish
2025-06-20T09:11:33.632069,Pete Alonso,+330,+295,+295,NEW,0,2,bullish
2025-06-20T09:11:33.632069,Jazz Chisholm,+330,+475,+475,NEW,0,2,bearish
2025-06-20T09:11:33.632069,Brent Rooker,+330,+260,+260,NEW,0,2,bullish
2025-06-20T09:11:33.632069,Austin Riley,+330,+450,+450,NEW,0,2,bearish
2025-06-20T09:11:33.632069,Brandon Lowe,+330,+350,+350,NEW,0,2,stable
2025-06-20T09:11:33.632069,Brandon Nimmo,+340,+330,+330,NEW,0,2,stable
2025-06-20T09:11:33.632069,Austin Wells,+350,+380,+380,NEW,0,2,bearish
2025-06-20T09:11:33.632069,Tim Tawa,+350,+350,+350,NEW,0,1,none
2025-06-20T09:11:33.632069,Mitch Garver,+350,+350,+350,NEW,0,1,none
2025-06-20T09:11:33.632069,Lourdes Gurriel Jr.,+350,+350,+350,NEW,0,1,none
2025-06-20T09:11:33.632069,Ryan McMahon,+360,+295,+295,NEW,0,2,bullish
2025-06-20T09:11:33.632069,Jordan Beck,+360,+340,+340,NEW,0,2,stable
2025-06-20T09:11:33.632069,Bobby Witt Jr.,+360,+360,+360,NEW,0,1,none
2025-06-20T09:11:33.632069,Junior Caminero,+360,+350,+350,NEW,0,2,stable
2025-06-20T09:11:33.632069,Max Kepler,+370,+500,+500,NEW,0,2,bearish
2025-06-20T09:11:33.632069,Christian Encarnacion-Strand,+370,+285,+285,NEW,0,2,bullish
2025-06-20T09:11:33.632069,Gavin Sheets,+370,+750,+750,NEW,0,2,bearish
2025-06-20T09:11:33.632069,Wilyer Abreu,+390,+390,+390,NEW,0,1,none
2025-06-20T09:11:33.632069,Nick Kurtz,+390,+550,+550,NEW,0,2,bearish
2025-06-20T09:11:33.632069,Tyler Soderstrom,+390,+450,+450,NEW,0,2,bearish
2025-06-20T09:11:33.632069,Julio Rodriguez,+390,+390,+390,NEW,0,1,none
2025-06-20T09:11:33.632069,Dansby Swanson,+390,+390,+390,NEW,0,1,none
2025-06-20T09:11:33.632069,Lars Nootbaar,+400,+400,+400,NEW,0,1,none
2025-06-20T09:11:33.632069,Danny Jansen,+400,+700,+700,NEW,0,2,bearish
2025-06-20T09:11:33.632069,Jorge Polanco,+400,+400,+400,NEW,0,1,none
2025-06-20T09:11:33.632069,David Fry,+400,+400,+400,NEW,0,1,none
2025-06-20T09:11:33.632069,Kerry Carpenter,+400,+400,+400,NEW,0,1,none
2025-06-20T09:11:33.632069,Lawrence Butler,+400,+450,+450,NEW,0,2,bearish
2025-06-20T09:11:33.632069,Bo Bichette,+400,+450,+450,NEW,0,2,bearish
2025-06-20T09:11:33.632069,Salvador Perez,+400,+400,+400,NEW,0,1,none
2025-06-20T09:11:33.632069,Michael Toglia,+400,+340,+340,NEW,0,2,bullish
2025-06-20T09:11:33.632069,Christian Walker,+400,+360,+360,NEW,0,2,bullish
2025-06-20T09:11:33.632069,Vinnie Pasquantino,+425,+425,+425,NEW,0,1,none
2025-06-20T09:11:33.632069,Wyatt Langford,+425,+400,+400,NEW,0,2,bullish
2025-06-20T09:11:33.632069,Taylor Ward,+425,+475,+475,NEW,0,2,bearish
2025-06-20T09:11:33.632069,Riley Greene,+425,+500,+500,NEW,0,2,bearish
2025-06-20T09:11:33.632069,Josh Naylor,+425,+425,+425,NEW,0,1,none
2025-06-20T09:11:33.632069,Jarren Duran,+425,+425,+425,NEW,0,1,none
2025-06-20T09:11:33.632069,Spencer Torkelson,+425,+270,+270,NEW,0,2,bullish
2025-06-20T09:11:33.632069,Will Smith (LAD),+425,+340,+340,NEW,0,2,bullish
2025-06-20T09:11:33.632069,Addison Barger,+425,+370,+370,NEW,0,2,bullish
2025-06-20T09:11:33.632069,Willson Contreras,+425,+370,+370,NEW,0,2,bullish
2025-06-20T09:11:33.632069,Kyle Stowers,+425,+1000,+1000,NEW,0,2,bearish
2025-06-20T09:11:33.632069,James Wood,+425,+310,+310,NEW,0,2,bullish
2025-06-20T09:11:33.632069,Andres Chaparro,+425,+425,+425,NEW,0,1,none
2025-06-20T09:11:33.632069,Andy Pages,+425,+300,+300,NEW,0,2,bullish
2025-06-20T09:11:33.632069,Jesus Sanchez,+425,+425,+425,NEW,0,1,none
2025-06-20T09:11:33.632069,Teoscar Hernandez,+425,+350,+350,NEW,0,2,bullish
2025-06-20T09:11:33.632069,Mike Yastrzemski,+450,+425,+425,NEW,0,2,bullish
2025-06-20T09:11:33.632069,Parker Meadows,+450,+650,+650,NEW,0,2,bearish
2025-06-20T09:11:33.632069,Freddie Freeman,+450,+300,+300,NEW,0,2,bullish
2025-06-20T09:11:33.632069,Agustin Ramirez,+450,+750,+750,NEW,0,2,bearish
2025-06-20T09:11:33.632069,Elly De La Cruz,+450,+255,+255,NEW,0,2,bullish
2025-06-20T09:11:33.632069,George Springer,+450,+450,+450,NEW,0,2,stable
2025-06-20T09:11:33.632069,Anthony Volpe,+450,+550,+550,NEW,0,2,bearish
2025-06-20T09:11:33.632069,Lane Thomas,+450,+800,+800,NEW,0,2,bearish
2025-06-20T09:11:33.632069,Alec Burleson,+450,+370,+370,NEW,0,2,bullish
2025-06-20T09:11:33.632069,Rhys Hoskins,+450,+450,+450,NEW,0,1,none
2025-06-20T09:11:33.632069,Christian Yelich,+450,+550,+550,NEW,0,2,bearish
2025-06-20T09:11:33.632069,Marcell Ozuna,+450,+500,+500,NEW,0,2,bearish
2025-06-20T09:11:33.632069,Zach Neto,+475,+450,+450,NEW,0,2,bullish
2025-06-20T09:11:33.632069,Josh Lowe,+475,+425,+425,NEW,0,2,bullish
2025-06-20T09:11:33.632069,Yainer Diaz,+475,+400,+400,NEW,0,2,bullish
2025-06-20T09:11:33.632069,Carlos Santana,+475,+650,+650,NEW,0,2,bearish
2025-06-20T09:11:33.632069,Logan O'Hoppe,+475,+475,+475,NEW,0,1,none
2025-06-20T09:11:33.632069,Jake Burger,+475,+380,+380,NEW,0,2,bullish
2025-06-20T09:11:33.632069,Dylan Moore,+475,+475,+475,NEW,0,1,none
2025-06-20T09:11:33.632069,Mookie Betts,+475,+360,+360,NEW,0,2,bullish
2025-06-20T09:11:33.632069,Vladimir Guerrero Jr.,+475,+450,+450,NEW,0,2,bullish
2025-06-20T09:11:33.632069,Martin Maldonado,+475,+1000,+1000,NEW,0,2,bearish
2025-06-20T09:11:33.632069,Jeff McNeil,+475,+600,+600,NEW,0,2,bearish
2025-06-20T09:11:33.632069,Brenton Doyle,+500,+475,+475,NEW,0,2,bullish
2025-06-20T09:11:33.632069,Gunnar Henderson,+500,+360,+360,NEW,0,2,bullish
2025-06-20T09:11:33.632069,Ramon Laureano,+500,+500,+500,NEW,0,2,stable
2025-06-20T09:11:33.632069,Trea Turner,+500,+750,+750,NEW,0,2,bearish
2025-06-20T09:11:33.632069,Adolis Garcia,+500,+350,+350,NEW,0,2,bullish
2025-06-20T09:11:33.632069,Jac Caglianone,+500,+500,+500,NEW,0,1,none
2025-06-20T09:11:33.632069,Nick Castellanos,+500,+700,+700,NEW,0,2,bearish
2025-06-20T09:11:33.632069,Jordan Westburg,+500,+380,+380,NEW,0,2,bullish
2025-06-20T09:11:33.632069,J.P. Crawford,+500,+500,+500,NEW,0,1,none
2025-06-20T09:11:33.632069,Will Benson,+500,+390,+390,NEW,0,2,bullish
2025-06-20T09:11:33.632069,Jake Cronenworth,+500,+800,+800,NEW,0,2,bearish
2025-06-20T09:11:33.632069,Jo Adell,+500,+475,+475,NEW,0,2,bullish
2025-06-20T09:11:33.632069,Ronny Mauricio,+500,+600,+600,NEW,0,2,bearish
2025-06-20T09:11:33.632069,Mickey Moniak,+500,+425,+425,NEW,0,2,bullish
2025-06-20T09:11:33.632069,Jonathan Aranda,+500,+380,+380,NEW,0,2,bullish
2025-06-20T09:11:33.632069,Jonathan India,+500,+500,+500,NEW,0,1,none
2025-06-20T09:11:33.632069,Tommy Edman,+550,+650,+650,NEW,0,2,bearish
2025-06-20T09:11:33.632069,Jake Mangum,+550,+800,+800,NEW,0,2,bearish
2025-06-20T09:11:33.632069,Javier Baez,+550,+550,+550,NEW,0,2,stable
2025-06-20T09:11:33.632069,Tyler Stephenson,+550,+360,+360,NEW,0,2,bullish
2025-06-20T09:11:33.632069,William Contreras,+550,+500,+500,NEW,0,2,bullish
2025-06-20T09:11:33.632069,Colton Cowser,+550,+425,+425,NEW,0,2,bullish
2025-06-20T09:11:33.632069,Riley Adams,+550,+550,+550,NEW,0,1,none
2025-06-20T09:11:33.632069,Isaac Paredes,+550,+500,+500,NEW,0,2,bullish
2025-06-20T09:11:33.632069,Heliot Ramos,+550,+600,+600,NEW,0,2,bearish
2025-06-20T09:11:33.632069,Willy Adames,+550,+370,+370,NEW,0,2,bullish
2025-06-20T09:11:33.632069,Adley Rutschman,+550,+550,+550,NEW,0,2,stable
2025-06-20T09:11:33.632069,Gleyber Torres,+550,+400,+400,NEW,0,2,bullish
2025-06-20T09:11:33.632069,Nolan Arenado,+550,+380,+380,NEW,0,2,bullish
2025-06-20T09:11:33.632069,Trenton Brooks,+550,+850,+850,NEW,0,2,bearish
2025-06-20T09:11:33.632069,Xander Bogaerts,+550,+750,+750,NEW,0,2,bearish
2025-06-20T09:11:33.632069,J.T. Realmuto,+550,+700,+700,NEW,0,2,bearish
2025-06-20T09:11:33.632069,Marcus Semien,+550,+390,+390,NEW,0,2,bullish
2025-06-20T09:11:33.632069,Gabriel Arias,+550,+950,+950,NEW,0,2,bearish
2025-06-20T09:11:33.632069,Alejandro Kirk,+550,+600,+600,NEW,0,2,bearish
2025-06-20T09:11:33.632069,Cedric Mullins,+550,+450,+450,NEW,0,2,bullish
2025-06-20T09:11:33.632069,Dillon Dingler,+550,+500,+500,NEW,0,2,bullish
2025-06-20T09:11:33.632069,Jackson Holliday,+550,+475,+475,NEW,0,2,bullish
2025-06-20T09:11:33.632069,Miguel Vargas,+550,+450,+450,NEW,0,2,bullish
2025-06-20T09:11:33.632069,Brendan Donovan,+600,+450,+450,NEW,0,2,bullish
2025-06-20T09:11:33.632069,Spencer Horwitz,+600,+1100,+1100,NEW,0,2,bearish
2025-06-20T09:11:33.632069,Evan Carter,+600,+400,+400,NEW,0,2,bullish
2025-06-20T09:11:33.632069,Will Robertson,+600,+600,+600,NEW,0,1,none
2025-06-20T09:11:33.632069,Jose Altuve,+600,+550,+550,NEW,0,2,bullish
2025-06-20T09:11:33.632069,Trevor Story,+600,+600,+600,NEW,0,1,none
2025-06-20T09:11:33.632069,Connor Norby,+600,+900,+900,NEW,0,2,bearish
2025-06-20T09:11:33.632069,Marcelo Mayer,+600,+600,+600,NEW,0,1,none
2025-06-20T09:11:33.632069,Amed Rosario,+600,+600,+600,NEW,0,1,none
2025-06-20T09:11:33.632069,Ivan Herrera,+600,+380,+380,NEW,0,2,bullish
2025-06-20T09:11:33.632069,Ben Williamson,+600,+600,+600,NEW,0,1,none
2025-06-20T09:11:33.632069,Sean Murphy,+600,+650,+650,NEW,0,2,bearish
2025-06-20T09:11:33.632069,Luis Robert,+600,+360,+360,NEW,0,2,bullish
2025-06-20T09:11:33.632069,Pedro Pages,+600,+450,+450,NEW,0,2,bullish
2025-06-20T09:11:33.632069,CJ Abrams,+600,+390,+390,NEW,0,2,bullish
2025-06-20T09:11:33.632069,Cam Smith,+600,+600,+600,NEW,0,2,stable
2025-06-20T09:11:33.632069,Brandon Marsh,+600,+800,+800,NEW,0,2,bearish
2025-06-20T09:11:33.632069,Jorge Soler,+600,+600,+600,NEW,0,1,none
2025-06-20T09:11:33.632069,Yandy Diaz,+600,+450,+450,NEW,0,2,bullish
2025-06-20T09:11:33.632069,Ryan O'Hearn,+600,+500,+500,NEW,0,2,bullish
2025-06-20T09:11:33.632069,Tyler Freeman,+650,+600,+600,NEW,0,2,bullish
2025-06-20T09:11:33.632069,Casey Schmitt,+650,+550,+550,NEW,0,2,bullish
2025-06-20T09:11:33.632069,Kike Hernandez,+650,+650,+650,NEW,0,1,none
2025-06-20T09:11:33.632069,Jackson Chourio,+650,+600,+600,NEW,0,2,bullish
2025-06-20T09:11:33.632069,Roman Anthony,+650,+650,+650,NEW,0,1,none
2025-06-20T09:11:33.632069,Brady House,+650,+650,+650,NEW,0,2,stable
2025-06-20T09:11:33.632069,Andrew McCutchen,+650,+650,+650,NEW,0,2,stable
2025-06-20T09:11:33.632069,Michael Harris,+650,+700,+700,NEW,0,2,bearish
2025-06-20T09:11:33.632069,JJ Bleday,+650,+650,+650,NEW,0,1,none
2025-06-20T09:11:33.632069,Luis Urias,+650,+450,+450,NEW,0,2,bullish
2025-06-20T09:11:33.632069,Spencer Steer,+650,+450,+450,NEW,0,2,bullish
2025-06-20T09:11:33.632069,Nathaniel Lowe,+650,+450,+450,NEW,0,2,bullish
2025-06-20T09:11:33.632069,Zach McKinstry,+650,+1000,+1000,NEW,0,2,bearish
2025-06-20T09:11:33.632069,Alec Bohm,+700,+900,+900,NEW,0,2,bearish
2025-06-20T09:11:33.632069,Kameron Misner,+700,+600,+600,NEW,0,2,bullish
2025-06-20T09:11:33.632069,Josh Jung,+700,+550,+550,NEW,0,2,bullish
2025-06-20T09:11:33.632069,Sal Frelick,+700,+1200,+1200,NEW,0,2,bearish
2025-06-20T09:11:33.632069,Matt Shaw,+700,+700,+700,NEW,0,1,none
2025-06-20T09:11:33.632069,Maikel Garcia,+700,+700,+700,NEW,0,1,none
2025-06-20T09:11:33.632069,Victor Caratini,+700,+550,+550,NEW,0,2,bullish
2025-06-20T09:11:33.632069,Carlos Narvaez,+700,+700,+700,NEW,0,1,none
2025-06-20T09:11:33.632069,Abraham Toro,+700,+700,+700,NEW,0,1,none
2025-06-20T09:11:33.632069,Masyn Winn,+700,+475,+475,NEW,0,2,bullish
2025-06-20T09:11:33.632069,Isaac Collins,+700,+1000,+1000,NEW,0,2,bearish
2025-06-20T09:11:33.632069,John Rave,+700,+700,+700,NEW,0,1,none
2025-06-20T09:11:33.632069,TJ Friedl,+700,+475,+475,NEW,0,2,bullish
2025-06-20T09:11:33.632069,Dane Myers,+700,+850,+850,NEW,0,2,bearish
2025-06-20T09:11:33.632069,Bryson Stott,+700,+1000,+1000,NEW,0,2,bearish
2025-06-20T09:11:33.632069,Jake Meyers,+700,+650,+650,NEW,0,2,bullish
2025-06-20T09:11:33.632069,Matt McLain,+700,+425,+425,NEW,0,2,bullish
2025-06-20T09:11:33.632069,Ozzie Albies,+700,+750,+750,NEW,0,2,bearish
2025-06-20T09:11:33.632069,Luis Arraez,+750,+1500,+1500,NEW,0,2,bearish
2025-06-20T09:11:33.632069,Jeremy Pena,+750,+650,+650,NEW,0,2,bullish
2025-06-20T09:11:33.632069,Thairo Estrada,+750,+750,+750,NEW,0,1,none
2025-06-20T09:11:33.632069,Alexander Canario,+750,+700,+700,NEW,0,2,bullish
2025-06-20T09:11:33.632069,Francisco Alvarez,+750,+550,+550,NEW,0,2,bullish
2025-06-20T09:11:33.632069,Brice Turang,+750,+1100,+1100,NEW,0,2,bearish
2025-06-20T09:11:33.632069,Eric Wagaman,+750,+900,+900,NEW,0,2,bearish
2025-06-20T09:11:33.632069,David Hamilton,+750,+750,+750,NEW,0,1,none
2025-06-20T09:11:33.632069,Donovan Solano,+750,+750,+750,NEW,0,1,none
2025-06-20T09:11:33.632069,Max Muncy (ATH),+750,+450,+450,NEW,0,2,bullish
2025-06-20T09:11:33.632069,Andrew Benintendi,+750,+475,+475,NEW,0,2,bullish
2025-06-20T09:11:33.632069,Colt Keith,+750,+750,+750,NEW,0,1,none
2025-06-20T09:11:33.632069,Ryan Ritter,+750,+700,+700,NEW,0,2,bullish
2025-06-20T09:11:33.632069,Otto Lopez,+750,+1300,+1300,NEW,0,2,bearish
2025-06-20T09:11:33.632069,Reese McGuire,+800,+800,+800,NEW,0,1,none
2025-06-20T09:11:33.632069,Jake Fraley,+800,+550,+550,NEW,0,2,bullish
2025-06-20T09:11:33.632069,Nick Loftin,+800,+800,+800,NEW,0,1,none
2025-06-20T09:11:33.632069,Otto Kemp,+800,+800,+800,NEW,0,1,none
2025-06-20T09:11:33.632069,Coby Mayo,+800,+700,+700,NEW,0,2,bullish
2025-06-20T09:11:33.632069,Ryan Noda,+800,+500,+500,NEW,0,2,bullish
2025-06-20T09:11:33.632069,DJ LeMahieu,+850,+700,+700,NEW,0,2,bullish
2025-06-20T09:11:33.632069,Tyler Wade,+850,+4000,+4000,NEW,0,2,bearish
2025-06-20T09:11:33.632069,Angel Martinez,+850,+1000,+1000,NEW,0,2,bearish
2025-06-20T09:11:33.632069,Jonah Heim,+850,+550,+550,NEW,0,2,bullish
2025-06-20T09:11:33.632069,Dominic Smith,+850,+700,+700,NEW,0,2,bullish
2025-06-20T09:11:33.632069,Jung Hoo Lee,+850,+700,+700,NEW,0,2,bullish
2025-06-20T09:11:33.632069,Tyrone Taylor,+850,+650,+650,NEW,0,2,bullish
2025-06-20T09:11:33.632069,Taylor Walls,+850,+800,+800,NEW,0,2,bullish
2025-06-20T09:11:33.632069,Ernie Clement,+850,+850,+850,NEW,0,2,stable
2025-06-20T09:11:33.632069,Geraldo Perdomo,+850,+850,+850,NEW,0,1,none
2025-06-20T09:11:33.632069,Nico Hoerner,+850,+850,+850,NEW,0,1,none
2025-06-20T09:11:33.632069,Nolan Schanuel,+850,+800,+800,NEW,0,2,bullish
2025-06-20T09:11:33.632069,Mike Tauchman,+850,+550,+550,NEW,0,2,bullish
2025-06-20T09:11:33.632069,Kyle Isbel,+850,+850,+850,NEW,0,1,none
2025-06-20T09:11:33.632069,Alex Verdugo,+850,+950,+950,NEW,0,2,bearish
2025-06-20T09:11:33.632069,Ceddanne Rafaela,+900,+900,+900,NEW,0,1,none
2025-06-20T09:11:33.632069,Tyler Fitzgerald,+900,+600,+600,NEW,0,2,bullish
2025-06-20T09:11:33.632069,Victor Scott II,+900,+800,+800,NEW,0,2,bullish
2025-06-20T09:11:33.632069,Gavin Lux,+900,+500,+500,NEW,0,2,bullish
2025-06-20T09:11:33.632069,Starling Marte,+950,+950,+950,NEW,0,1,none
2025-06-20T09:11:33.632069,Patrick Bailey,+950,+950,+950,NEW,0,1,none
2025-06-20T09:11:33.632069,Edgar Quero,+950,+950,+950,NEW,0,1,none
2025-06-20T09:11:33.632069,Liam Hicks,+1000,+1000,+1000,NEW,0,1,none
2025-06-20T09:11:33.632069,Jacob Wilson,+1000,+600,+600,NEW,0,2,bullish
2025-06-20T09:11:33.632069,Nick Gonzales,+1000,+850,+850,NEW,0,2,bullish
2025-06-20T09:11:33.632069,Austin Hedges,+1000,+1000,+1000,NEW,0,1,none
2025-06-20T09:11:33.632069,Alejandro Osuna,+1000,+1000,+1000,NEW,0,1,none
2025-06-20T09:11:33.632069,Christian Moore,+1000,+1000,+1000,NEW,0,1,none
2025-06-20T09:11:33.632069,Jonatan Clase,+1000,+1000,+1000,NEW,0,1,none
2025-06-20T09:11:33.632069,Austin Wynns,+1000,+1000,+1000,NEW,0,1,none
2025-06-20T09:11:33.632069,Luis Rengifo,+1000,+800,+800,NEW,0,2,bullish
2025-06-20T09:11:33.632069,Joey Bart,+1000,+950,+950,NEW,0,2,bullish
2025-06-20T09:11:33.632069,Steven Kwan,+1000,+1000,+1000,NEW,0,2,stable
2025-06-20T09:11:33.632069,Andres Gimenez,+1100,+1100,+1100,NEW,0,2,stable
2025-06-20T09:11:33.632069,Mauricio Dubon,+1100,+1000,+1000,NEW,0,2,bullish
2025-06-20T09:11:33.632069,Chase Meidroth,+1100,+650,+650,NEW,0,2,bullish
2025-06-20T09:11:33.632069,Kyle Teel,+1100,+550,+550,NEW,0,2,bullish
2025-06-20T09:11:33.632069,Caleb Durbin,+1200,+1100,+1100,NEW,0,2,bullish
2025-06-20T09:11:33.632069,Jose Herrera,+1200,+1200,+1200,NEW,0,1,none
2025-06-20T09:11:33.632069,Joey Ortiz,+1300,+1500,+1500,NEW,0,2,bearish
2025-06-20T09:11:33.632069,Adam Frazier,+1400,+1400,+1400,NEW,0,2,stable
2025-06-20T09:11:33.632069,Miguel Rojas,+1400,+1400,+1400,NEW,0,1,none
2025-06-20T09:11:33.632069,Ke'Bryan Hayes,+1500,+950,+950,NEW,0,2,bullish
2025-06-20T09:11:33.632069,Josh Rojas,+1700,+800,+800,NEW,0,2,bullish
2025-06-20T09:11:33.632069,Isiah Kiner-Falefa,+1800,+1500,+1500,NEW,0,2,bullish
2025-06-20T09:11:33.632069,Jacob Young,+1900,+2000,+2000,NEW,0,2,bearish
2025-06-20T09:11:33.632069,Xavier Edwards,+1900,+2500,+2500,NEW,0,2,bearish
2025-06-20T09:11:33.632069,Nick Allen,+2500,+1700,+1700,NEW,0,2,bullish
2025-06-20T23:15:08.303856,Cal Raleigh,+165,+165,+165,NEW,0,1,none
2025-06-20T23:15:08.303856,Kyle Schwarber,+205,+205,+205,NEW,0,1,none
2025-06-20T23:15:08.303856,Pete Alonso,+205,+205,+205,NEW,0,1,none
2025-06-20T23:15:08.303856,Juan Soto,+220,+220,+220,NEW,0,1,none
2025-06-20T23:15:08.303856,Pete Crow-Armstrong,+225,+225,+225,NEW,0,1,none
2025-06-20T23:15:08.303856,Seiya Suzuki,+225,+225,+225,NEW,0,1,none
2025-06-20T23:15:08.303856,Francisco Lindor,+225,+225,+225,NEW,0,1,none
2025-06-20T23:15:08.303856,Kyle Tucker,+230,+230,+230,NEW,0,1,none
2025-06-20T23:15:08.303856,Ian Happ,+240,+240,+240,NEW,0,1,none
2025-06-20T23:15:08.303856,Matt Olson,+245,+245,+245,NEW,0,1,none
2025-06-20T23:15:08.303856,Brandon Nimmo,+265,+265,+265,NEW,0,1,none
2025-06-20T23:15:08.303856,Michael Busch,+280,+280,+280,NEW,0,1,none
2025-06-20T23:15:08.303856,Kerry Carpenter,+285,+285,+285,NEW,0,1,none
2025-06-20T23:15:08.303856,Oneil Cruz,+285,+285,+285,NEW,0,1,none
2025-06-20T23:15:08.303856,Randy Arozarena,+285,+285,+285,NEW,0,1,none
2025-06-20T23:15:08.303856,Austin Riley,+300,+300,+300,NEW,0,1,none
2025-06-20T23:15:08.303856,Ronald Acuna Jr.,+310,+310,+310,NEW,0,1,none
2025-06-20T23:15:08.303856,Brandon Lowe,+310,+310,+310,NEW,0,1,none
2025-06-20T23:15:08.303856,Max Kepler,+310,+310,+310,NEW,0,1,none
2025-06-20T23:15:08.303856,Dansby Swanson,+310,+310,+310,NEW,0,1,none
2025-06-20T23:15:08.303856,Julio Rodriguez,+320,+320,+320,NEW,0,1,none
2025-06-20T23:15:08.303856,Riley Greene,+320,+320,+320,NEW,0,1,none
2025-06-20T23:15:08.303856,Junior Caminero,+330,+330,+330,NEW,0,1,none
2025-06-20T23:15:08.303856,Jorge Polanco,+340,+340,+340,NEW,0,1,none
2025-06-20T23:15:08.303856,Spencer Torkelson,+350,+350,+350,NEW,0,1,none
2025-06-20T23:15:08.303856,Dominic Canzone,+350,+350,+350,NEW,0,1,none
2025-06-20T23:15:08.303856,Luke Raley,+360,+360,+360,NEW,0,1,none
2025-06-20T23:15:08.303856,Ronny Mauricio,+380,+380,+380,NEW,0,1,none
2025-06-20T23:15:08.303856,Addison Barger,+390,+390,+390,NEW,0,1,none
2025-06-20T23:15:08.303856,Marcell Ozuna,+390,+390,+390,NEW,0,1,none
2025-06-20T23:15:08.303856,Jonathan Aranda,+400,+400,+400,NEW,0,1,none
2025-06-20T23:15:08.303856,Bo Bichette,+400,+400,+400,NEW,0,1,none
2025-06-20T23:15:08.303856,Carson Kelly,+400,+400,+400,NEW,0,1,none
2025-06-20T23:15:08.303856,Jeff McNeil,+400,+400,+400,NEW,0,1,none
2025-06-20T23:15:08.303856,George Springer,+425,+425,+425,NEW,0,1,none
2025-06-20T23:15:08.303856,Jake Rogers,+425,+425,+425,NEW,0,1,none
2025-06-20T23:15:08.303856,Vladimir Guerrero Jr.,+425,+425,+425,NEW,0,1,none
2025-06-20T23:15:08.303856,Parker Meadows,+425,+425,+425,NEW,0,1,none
2025-06-20T23:15:08.303856,Gleyber Torres,+425,+425,+425,NEW,0,1,none
2025-06-20T23:15:08.303856,Francisco Alvarez,+425,+425,+425,NEW,0,1,none
2025-06-20T23:15:08.303856,Trea Turner,+450,+450,+450,NEW,0,1,none
2025-06-20T23:15:08.303856,Josh Lowe,+450,+450,+450,NEW,0,1,none
2025-06-20T23:15:08.303856,Luis Robert,+450,+450,+450,NEW,0,1,none
2025-06-20T23:15:08.303856,Miguel Vargas,+450,+450,+450,NEW,0,1,none
2025-06-20T23:15:08.303856,Brett Baty,+450,+450,+450,NEW,0,1,none
2025-06-20T23:15:08.303856,Nick Castellanos,+450,+450,+450,NEW,0,1,none
2025-06-20T23:15:08.303856,Colt Keith,+475,+475,+475,NEW,0,1,none
2025-06-20T23:15:08.303856,Agustin Ramirez,+475,+475,+475,NEW,0,1,none
2025-06-20T23:15:08.303856,Jesus Sanchez,+475,+475,+475,NEW,0,1,none
2025-06-20T23:15:08.303856,Bryan Reynolds,+475,+475,+475,NEW,0,1,none
2025-06-20T23:15:08.303856,J.T. Realmuto,+475,+475,+475,NEW,0,1,none
2025-06-20T23:15:08.303856,Danny Jansen,+475,+475,+475,NEW,0,1,none
2025-06-20T23:15:08.303856,Kyle Stowers,+500,+500,+500,NEW,0,1,none
2025-06-20T23:15:08.303856,Matt Shaw,+500,+500,+500,NEW,0,1,none
2025-06-20T23:15:08.303856,Andrew McCutchen,+500,+500,+500,NEW,0,1,none
2025-06-20T23:15:08.303856,Brandon Marsh,+500,+500,+500,NEW,0,1,none
2025-06-20T23:15:08.303856,Yandy Diaz,+500,+500,+500,NEW,0,1,none
2025-06-20T23:15:08.303856,Trey Sweeney,+550,+550,+550,NEW,0,1,none
2025-06-20T23:15:08.303856,Drake Baldwin,+550,+550,+550,NEW,0,1,none
2025-06-20T23:15:08.303856,Spencer Horwitz,+550,+550,+550,NEW,0,1,none
2025-06-20T23:15:08.303856,Alec Bohm,+550,+550,+550,NEW,0,1,none
2025-06-20T23:15:08.303856,Alejandro Kirk,+550,+550,+550,NEW,0,1,none
2025-06-20T23:15:08.303856,Zach McKinstry,+600,+600,+600,NEW,0,1,none
2025-06-20T23:15:08.303856,Bryson Stott,+600,+600,+600,NEW,0,1,none
2025-06-20T23:15:08.303856,J.P. Crawford,+600,+600,+600,NEW,0,1,none
2025-06-20T23:15:08.303856,Connor Norby,+600,+600,+600,NEW,0,1,none
2025-06-20T23:15:08.303856,Michael Harris,+600,+600,+600,NEW,0,1,none
2025-06-20T23:15:08.303856,Andrew Benintendi,+600,+600,+600,NEW,0,1,none
2025-06-20T23:15:08.303856,Kameron Misner,+600,+600,+600,NEW,0,1,none
2025-06-20T23:15:08.303856,Ozzie Albies,+600,+600,+600,NEW,0,1,none
2025-06-20T23:15:08.303856,Ryan Noda,+650,+650,+650,NEW,0,1,none
2025-06-20T23:15:08.303856,Otto Kemp,+700,+700,+700,NEW,0,1,none
2025-06-20T23:15:08.303856,Dane Myers,+700,+700,+700,NEW,0,1,none
2025-06-20T23:15:08.303856,Starling Marte,+700,+700,+700,NEW,0,1,none
2025-06-20T23:15:08.303856,Ben Williamson,+750,+750,+750,NEW,0,1,none
2025-06-20T23:15:08.303856,Eric Wagaman,+750,+750,+750,NEW,0,1,none
2025-06-20T23:15:08.303856,Joey Bart,+750,+750,+750,NEW,0,1,none
2025-06-20T23:15:08.303856,Ernie Clement,+750,+750,+750,NEW,0,1,none
2025-06-20T23:15:08.303856,Otto Lopez,+750,+750,+750,NEW,0,1,none
2025-06-20T23:15:08.303856,Mike Tauchman,+750,+750,+750,NEW,0,1,none
2025-06-20T23:15:08.303856,Nick Gonzales,+800,+800,+800,NEW,0,1,none
2025-06-20T23:15:08.303856,Chase Meidroth,+850,+850,+850,NEW,0,1,none
2025-06-20T23:15:08.303856,Alex Verdugo,+850,+850,+850,NEW,0,1,none
2025-06-20T23:15:08.303856,Michael A. Taylor,+850,+850,+850,NEW,0,1,none
2025-06-20T23:15:08.303856,Jake Mangum,+850,+850,+850,NEW,0,1,none
2025-06-20T23:15:08.303856,Cole Young,+850,+850,+850,NEW,0,1,none
2025-06-20T23:15:08.303856,Taylor Walls,+900,+900,+900,NEW,0,1,none
2025-06-20T23:15:08.303856,Kyle Teel,+950,+950,+950,NEW,0,1,none
2025-06-20T23:15:08.303856,Andres Gimenez,+1000,+1000,+1000,NEW,0,1,none
2025-06-20T23:15:08.303856,Nathan Lukes,+1000,+1000,+1000,NEW,0,1,none
2025-06-20T23:15:08.303856,Ke'Bryan Hayes,+1000,+1000,+1000,NEW,0,1,none
2025-06-20T23:15:08.303856,Jonatan Clase,+1000,+1000,+1000,NEW,0,1,none
2025-06-20T23:15:08.303856,Nico Hoerner,+1100,+1100,+1100,NEW,0,1,none
2025-06-20T23:15:08.303856,Nick Fortes,+1100,+1100,+1100,NEW,0,1,none
2025-06-20T23:15:08.303856,Adam Frazier,+1200,+1200,+1200,NEW,0,1,none
2025-06-20T23:15:08.303856,Josh Rojas,+1400,+1400,+1400,NEW,0,1,none
2025-06-20T23:15:08.303856,Isiah Kiner-Falefa,+1600,+1600,+1600,NEW,0,1,none
2025-06-20T23:15:08.303856,Xavier Edwards,+2200,+2200,+2200,NEW,0,1,none
2025-06-20T23:15:08.303856,Nick Allen,+2500,+2500,+2500,NEW,0,1,none
2025-06-21T10:50:33.509889,Cal Raleigh,+165,+165,+165,NEW,0,1,none
2025-06-21T10:50:33.509889,Kyle Schwarber,+205,+205,+205,NEW,0,1,none
2025-06-21T10:50:33.509889,Pete Alonso,+205,+205,+205,NEW,0,1,none
2025-06-21T10:50:33.509889,Juan Soto,+220,+220,+220,NEW,0,1,none
2025-06-21T10:50:33.509889,Pete Crow-Armstrong,+225,+225,+225,NEW,0,1,none
2025-06-21T10:50:33.509889,Seiya Suzuki,+225,+225,+225,NEW,0,1,none
2025-06-21T10:50:33.509889,Francisco Lindor,+225,+225,+225,NEW,0,1,none
2025-06-21T10:50:33.509889,Kyle Tucker,+230,+230,+230,NEW,0,1,none
2025-06-21T10:50:33.509889,Ian Happ,+240,+240,+240,NEW,0,1,none
2025-06-21T10:50:33.509889,Matt Olson,+245,+245,+245,NEW,0,1,none
2025-06-21T10:50:33.509889,Brandon Nimmo,+265,+265,+265,NEW,0,1,none
2025-06-21T10:50:33.509889,Michael Busch,+280,+280,+280,NEW,0,1,none
2025-06-21T10:50:33.509889,Kerry Carpenter,+285,+285,+285,NEW,0,1,none
2025-06-21T10:50:33.509889,Oneil Cruz,+285,+285,+285,NEW,0,1,none
2025-06-21T10:50:33.509889,Randy Arozarena,+285,+285,+285,NEW,0,1,none
2025-06-21T10:50:33.509889,Austin Riley,+300,+300,+300,NEW,0,1,none
2025-06-21T10:50:33.509889,Ronald Acuna Jr.,+310,+310,+310,NEW,0,1,none
2025-06-21T10:50:33.509889,Brandon Lowe,+310,+310,+310,NEW,0,1,none
2025-06-21T10:50:33.509889,Max Kepler,+310,+310,+310,NEW,0,1,none
2025-06-21T10:50:33.509889,Dansby Swanson,+310,+310,+310,NEW,0,1,none
2025-06-21T10:50:33.509889,Julio Rodriguez,+320,+320,+320,NEW,0,1,none
2025-06-21T10:50:33.509889,Riley Greene,+320,+320,+320,NEW,0,1,none
2025-06-21T10:50:33.509889,Junior Caminero,+330,+330,+330,NEW,0,1,none
2025-06-21T10:50:33.509889,Jorge Polanco,+340,+340,+340,NEW,0,1,none
2025-06-21T10:50:33.509889,Spencer Torkelson,+350,+350,+350,NEW,0,1,none
2025-06-21T10:50:33.509889,Dominic Canzone,+350,+350,+350,NEW,0,1,none
2025-06-21T10:50:33.509889,Luke Raley,+360,+360,+360,NEW,0,1,none
2025-06-21T10:50:33.509889,Ronny Mauricio,+380,+380,+380,NEW,0,1,none
2025-06-21T10:50:33.509889,Addison Barger,+390,+390,+390,NEW,0,1,none
2025-06-21T10:50:33.509889,Marcell Ozuna,+390,+390,+390,NEW,0,1,none
2025-06-21T10:50:33.509889,Jonathan Aranda,+400,+400,+400,NEW,0,1,none
2025-06-21T10:50:33.509889,Bo Bichette,+400,+400,+400,NEW,0,1,none
2025-06-21T10:50:33.509889,Carson Kelly,+400,+400,+400,NEW,0,1,none
2025-06-21T10:50:33.509889,Jeff McNeil,+400,+400,+400,NEW,0,1,none
2025-06-21T10:50:33.509889,George Springer,+425,+425,+425,NEW,0,1,none
2025-06-21T10:50:33.509889,Jake Rogers,+425,+425,+425,NEW,0,1,none
2025-06-21T10:50:33.509889,Vladimir Guerrero Jr.,+425,+425,+425,NEW,0,1,none
2025-06-21T10:50:33.509889,Parker Meadows,+425,+425,+425,NEW,0,1,none
2025-06-21T10:50:33.509889,Gleyber Torres,+425,+425,+425,NEW,0,1,none
2025-06-21T10:50:33.509889,Francisco Alvarez,+425,+425,+425,NEW,0,1,none
2025-06-21T10:50:33.509889,Trea Turner,+450,+450,+450,NEW,0,1,none
2025-06-21T10:50:33.509889,Josh Lowe,+450,+450,+450,NEW,0,1,none
2025-06-21T10:50:33.509889,Luis Robert,+450,+450,+450,NEW,0,1,none
2025-06-21T10:50:33.509889,Miguel Vargas,+450,+450,+450,NEW,0,1,none
2025-06-21T10:50:33.509889,Brett Baty,+450,+450,+450,NEW,0,1,none
2025-06-21T10:50:33.509889,Nick Castellanos,+450,+450,+450,NEW,0,1,none
2025-06-21T10:50:33.509889,Colt Keith,+475,+475,+475,NEW,0,1,none
2025-06-21T10:50:33.509889,Agustin Ramirez,+475,+475,+475,NEW,0,1,none
2025-06-21T10:50:33.509889,Jesus Sanchez,+475,+475,+475,NEW,0,1,none
2025-06-21T10:50:33.509889,Bryan Reynolds,+475,+475,+475,NEW,0,1,none
2025-06-21T10:50:33.509889,J.T. Realmuto,+475,+475,+475,NEW,0,1,none
2025-06-21T10:50:33.509889,Danny Jansen,+475,+475,+475,NEW,0,1,none
2025-06-21T10:50:33.509889,Kyle Stowers,+500,+500,+500,NEW,0,1,none
2025-06-21T10:50:33.509889,Matt Shaw,+500,+500,+500,NEW,0,1,none
2025-06-21T10:50:33.509889,Andrew McCutchen,+500,+500,+500,NEW,0,1,none
2025-06-21T10:50:33.509889,Brandon Marsh,+500,+500,+500,NEW,0,1,none
2025-06-21T10:50:33.509889,Yandy Diaz,+500,+500,+500,NEW,0,1,none
2025-06-21T10:50:33.509889,Trey Sweeney,+550,+550,+550,NEW,0,1,none
2025-06-21T10:50:33.509889,Drake Baldwin,+550,+550,+550,NEW,0,1,none
2025-06-21T10:50:33.509889,Spencer Horwitz,+550,+550,+550,NEW,0,1,none
2025-06-21T10:50:33.509889,Alec Bohm,+550,+550,+550,NEW,0,1,none
2025-06-21T10:50:33.509889,Alejandro Kirk,+550,+550,+550,NEW,0,1,none
2025-06-21T10:50:33.509889,Zach McKinstry,+600,+600,+600,NEW,0,1,none
2025-06-21T10:50:33.509889,Bryson Stott,+600,+600,+600,NEW,0,1,none
2025-06-21T10:50:33.509889,J.P. Crawford,+600,+600,+600,NEW,0,1,none
2025-06-21T10:50:33.509889,Connor Norby,+600,+600,+600,NEW,0,1,none
2025-06-21T10:50:33.509889,Michael Harris,+600,+600,+600,NEW,0,1,none
2025-06-21T10:50:33.509889,Andrew Benintendi,+600,+600,+600,NEW,0,1,none
2025-06-21T10:50:33.509889,Kameron Misner,+600,+600,+600,NEW,0,1,none
2025-06-21T10:50:33.509889,Ozzie Albies,+600,+600,+600,NEW,0,1,none
2025-06-21T10:50:33.509889,Ryan Noda,+650,+650,+650,NEW,0,1,none
2025-06-21T10:50:33.509889,Otto Kemp,+700,+700,+700,NEW,0,1,none
2025-06-21T10:50:33.509889,Dane Myers,+700,+700,+700,NEW,0,1,none
2025-06-21T10:50:33.509889,Starling Marte,+700,+700,+700,NEW,0,1,none
2025-06-21T10:50:33.509889,Ben Williamson,+750,+750,+750,NEW,0,1,none
2025-06-21T10:50:33.509889,Eric Wagaman,+750,+750,+750,NEW,0,1,none
2025-06-21T10:50:33.509889,Joey Bart,+750,+750,+750,NEW,0,1,none
2025-06-21T10:50:33.509889,Ernie Clement,+750,+750,+750,NEW,0,1,none
2025-06-21T10:50:33.509889,Otto Lopez,+750,+750,+750,NEW,0,1,none
2025-06-21T10:50:33.509889,Mike Tauchman,+750,+750,+750,NEW,0,1,none
2025-06-21T10:50:33.509889,Nick Gonzales,+800,+800,+800,NEW,0,1,none
2025-06-21T10:50:33.509889,Chase Meidroth,+850,+850,+850,NEW,0,1,none
2025-06-21T10:50:33.509889,Alex Verdugo,+850,+850,+850,NEW,0,1,none
2025-06-21T10:50:33.509889,Michael A. Taylor,+850,+850,+850,NEW,0,1,none
2025-06-21T10:50:33.509889,Jake Mangum,+850,+850,+850,NEW,0,1,none
2025-06-21T10:50:33.509889,Cole Young,+850,+850,+850,NEW,0,1,none
2025-06-21T10:50:33.509889,Taylor Walls,+900,+900,+900,NEW,0,1,none
2025-06-21T10:50:33.509889,Kyle Teel,+950,+950,+950,NEW,0,1,none
2025-06-21T10:50:33.509889,Andres Gimenez,+1000,+1000,+1000,NEW,0,1,none
2025-06-21T10:50:33.509889,Nathan Lukes,+1000,+1000,+1000,NEW,0,1,none
2025-06-21T10:50:33.509889,Ke'Bryan Hayes,+1000,+1000,+1000,NEW,0,1,none
2025-06-21T10:50:33.509889,Jonatan Clase,+1000,+1000,+1000,NEW,0,1,none
2025-06-21T10:50:33.509889,Nico Hoerner,+1100,+1100,+1100,NEW,0,1,none
2025-06-21T10:50:33.509889,Nick Fortes,+1100,+1100,+1100,NEW,0,1,none
2025-06-21T10:50:33.509889,Adam Frazier,+1200,+1200,+1200,NEW,0,1,none
2025-06-21T10:50:33.509889,Josh Rojas,+1400,+1400,+1400,NEW,0,1,none
2025-06-21T10:50:33.509889,Isiah Kiner-Falefa,+1600,+1600,+1600,NEW,0,1,none
2025-06-21T10:50:33.509889,Xavier Edwards,+2200,+2200,+2200,NEW,0,1,none
2025-06-21T10:50:33.509889,Nick Allen,+2500,+2500,+2500,NEW,0,1,none
2025-06-22T08:12:49.679283,Cal Raleigh,+165,+165,+165,NEW,0,1,none
2025-06-22T08:12:49.679283,Kyle Schwarber,+205,+205,+205,NEW,0,1,none
2025-06-22T08:12:49.679283,Pete Alonso,+205,+205,+205,NEW,0,1,none
2025-06-22T08:12:49.679283,Juan Soto,+220,+220,+220,NEW,0,1,none
2025-06-22T08:12:49.679283,Pete Crow-Armstrong,+225,+225,+225,NEW,0,1,none
2025-06-22T08:12:49.679283,Seiya Suzuki,+225,+225,+225,NEW,0,1,none
2025-06-22T08:12:49.679283,Francisco Lindor,+225,+225,+225,NEW,0,1,none
2025-06-22T08:12:49.679283,Kyle Tucker,+230,+230,+230,NEW,0,1,none
2025-06-22T08:12:49.679283,Ian Happ,+240,+240,+240,NEW,0,1,none
2025-06-22T08:12:49.679283,Matt Olson,+245,+245,+245,NEW,0,1,none
2025-06-22T08:12:49.679283,Brandon Nimmo,+265,+265,+265,NEW,0,1,none
2025-06-22T08:12:49.679283,Michael Busch,+280,+280,+280,NEW,0,1,none
2025-06-22T08:12:49.679283,Kerry Carpenter,+285,+285,+285,NEW,0,1,none
2025-06-22T08:12:49.679283,Oneil Cruz,+285,+285,+285,NEW,0,1,none
2025-06-22T08:12:49.679283,Randy Arozarena,+285,+285,+285,NEW,0,1,none
2025-06-22T08:12:49.679283,Austin Riley,+300,+300,+300,NEW,0,1,none
2025-06-22T08:12:49.679283,Ronald Acuna Jr.,+310,+310,+310,NEW,0,1,none
2025-06-22T08:12:49.679283,Brandon Lowe,+310,+310,+310,NEW,0,1,none
2025-06-22T08:12:49.679283,Max Kepler,+310,+310,+310,NEW,0,1,none
2025-06-22T08:12:49.679283,Dansby Swanson,+310,+310,+310,NEW,0,1,none
2025-06-22T08:12:49.679283,Julio Rodriguez,+320,+320,+320,NEW,0,1,none
2025-06-22T08:12:49.679283,Riley Greene,+320,+320,+320,NEW,0,1,none
2025-06-22T08:12:49.679283,Junior Caminero,+330,+330,+330,NEW,0,1,none
2025-06-22T08:12:49.679283,Jorge Polanco,+340,+340,+340,NEW,0,1,none
2025-06-22T08:12:49.679283,Spencer Torkelson,+350,+350,+350,NEW,0,1,none
2025-06-22T08:12:49.679283,Dominic Canzone,+350,+350,+350,NEW,0,1,none
2025-06-22T08:12:49.679283,Luke Raley,+360,+360,+360,NEW,0,1,none
2025-06-22T08:12:49.679283,Ronny Mauricio,+380,+380,+380,NEW,0,1,none
2025-06-22T08:12:49.679283,Addison Barger,+390,+390,+390,NEW,0,1,none
2025-06-22T08:12:49.679283,Marcell Ozuna,+390,+390,+390,NEW,0,1,none
2025-06-22T08:12:49.679283,Jonathan Aranda,+400,+400,+400,NEW,0,1,none
2025-06-22T08:12:49.679283,Bo Bichette,+400,+400,+400,NEW,0,1,none
2025-06-22T08:12:49.679283,Carson Kelly,+400,+400,+400,NEW,0,1,none
2025-06-22T08:12:49.679283,Jeff McNeil,+400,+400,+400,NEW,0,1,none
2025-06-22T08:12:49.679283,George Springer,+425,+425,+425,NEW,0,1,none
2025-06-22T08:12:49.679283,Jake Rogers,+425,+425,+425,NEW,0,1,none
2025-06-22T08:12:49.679283,Vladimir Guerrero Jr.,+425,+425,+425,NEW,0,1,none
2025-06-22T08:12:49.679283,Parker Meadows,+425,+425,+425,NEW,0,1,none
2025-06-22T08:12:49.679283,Gleyber Torres,+425,+425,+425,NEW,0,1,none
2025-06-22T08:12:49.679283,Francisco Alvarez,+425,+425,+425,NEW,0,1,none
2025-06-22T08:12:49.679283,Trea Turner,+450,+450,+450,NEW,0,1,none
2025-06-22T08:12:49.679283,Josh Lowe,+450,+450,+450,NEW,0,1,none
2025-06-22T08:12:49.679283,Luis Robert,+450,+450,+450,NEW,0,1,none
2025-06-22T08:12:49.679283,Miguel Vargas,+450,+450,+450,NEW,0,1,none
2025-06-22T08:12:49.679283,Brett Baty,+450,+450,+450,NEW,0,1,none
2025-06-22T08:12:49.679283,Nick Castellanos,+450,+450,+450,NEW,0,1,none
2025-06-22T08:12:49.679283,Colt Keith,+475,+475,+475,NEW,0,1,none
2025-06-22T08:12:49.679283,Agustin Ramirez,+475,+475,+475,NEW,0,1,none
2025-06-22T08:12:49.679283,Jesus Sanchez,+475,+475,+475,NEW,0,1,none
2025-06-22T08:12:49.679283,Bryan Reynolds,+475,+475,+475,NEW,0,1,none
2025-06-22T08:12:49.679283,J.T. Realmuto,+475,+475,+475,NEW,0,1,none
2025-06-22T08:12:49.679283,Danny Jansen,+475,+475,+475,NEW,0,1,none
2025-06-22T08:12:49.679283,Kyle Stowers,+500,+500,+500,NEW,0,1,none
2025-06-22T08:12:49.679283,Matt Shaw,+500,+500,+500,NEW,0,1,none
2025-06-22T08:12:49.679283,Andrew McCutchen,+500,+500,+500,NEW,0,1,none
2025-06-22T08:12:49.679283,Brandon Marsh,+500,+500,+500,NEW,0,1,none
2025-06-22T08:12:49.679283,Yandy Diaz,+500,+500,+500,NEW,0,1,none
2025-06-22T08:12:49.679283,Trey Sweeney,+550,+550,+550,NEW,0,1,none
2025-06-22T08:12:49.679283,Drake Baldwin,+550,+550,+550,NEW,0,1,none
2025-06-22T08:12:49.679283,Spencer Horwitz,+550,+550,+550,NEW,0,1,none
2025-06-22T08:12:49.679283,Alec Bohm,+550,+550,+550,NEW,0,1,none
2025-06-22T08:12:49.679283,Alejandro Kirk,+550,+550,+550,NEW,0,1,none
2025-06-22T08:12:49.679283,Zach McKinstry,+600,+600,+600,NEW,0,1,none
2025-06-22T08:12:49.679283,Bryson Stott,+600,+600,+600,NEW,0,1,none
2025-06-22T08:12:49.679283,J.P. Crawford,+600,+600,+600,NEW,0,1,none
2025-06-22T08:12:49.679283,Connor Norby,+600,+600,+600,NEW,0,1,none
2025-06-22T08:12:49.679283,Michael Harris,+600,+600,+600,NEW,0,1,none
2025-06-22T08:12:49.679283,Andrew Benintendi,+600,+600,+600,NEW,0,1,none
2025-06-22T08:12:49.679283,Kameron Misner,+600,+600,+600,NEW,0,1,none
2025-06-22T08:12:49.679283,Ozzie Albies,+600,+600,+600,NEW,0,1,none
2025-06-22T08:12:49.679283,Ryan Noda,+650,+650,+650,NEW,0,1,none
2025-06-22T08:12:49.679283,Otto Kemp,+700,+700,+700,NEW,0,1,none
2025-06-22T08:12:49.679283,Dane Myers,+700,+700,+700,NEW,0,1,none
2025-06-22T08:12:49.679283,Starling Marte,+700,+700,+700,NEW,0,1,none
2025-06-22T08:12:49.679283,Ben Williamson,+750,+750,+750,NEW,0,1,none
2025-06-22T08:12:49.679283,Eric Wagaman,+750,+750,+750,NEW,0,1,none
2025-06-22T08:12:49.679283,Joey Bart,+750,+750,+750,NEW,0,1,none
2025-06-22T08:12:49.679283,Ernie Clement,+750,+750,+750,NEW,0,1,none
2025-06-22T08:12:49.679283,Otto Lopez,+750,+750,+750,NEW,0,1,none
2025-06-22T08:12:49.679283,Mike Tauchman,+750,+750,+750,NEW,0,1,none
2025-06-22T08:12:49.679283,Nick Gonzales,+800,+800,+800,NEW,0,1,none
2025-06-22T08:12:49.679283,Chase Meidroth,+850,+850,+850,NEW,0,1,none
2025-06-22T08:12:49.679283,Alex Verdugo,+850,+850,+850,NEW,0,1,none
2025-06-22T08:12:49.679283,Michael A. Taylor,+850,+850,+850,NEW,0,1,none
2025-06-22T08:12:49.679283,Jake Mangum,+850,+850,+850,NEW,0,1,none
2025-06-22T08:12:49.679283,Cole Young,+850,+850,+850,NEW,0,1,none
2025-06-22T08:12:49.679283,Taylor Walls,+900,+900,+900,NEW,0,1,none
2025-06-22T08:12:49.679283,Kyle Teel,+950,+950,+950,NEW,0,1,none
2025-06-22T08:12:49.679283,Andres Gimenez,+1000,+1000,+1000,NEW,0,1,none
2025-06-22T08:12:49.679283,Nathan Lukes,+1000,+1000,+1000,NEW,0,1,none
2025-06-22T08:12:49.679283,Ke'Bryan Hayes,+1000,+1000,+1000,NEW,0,1,none
2025-06-22T08:12:49.679283,Jonatan Clase,+1000,+1000,+1000,NEW,0,1,none
2025-06-22T08:12:49.679283,Nico Hoerner,+1100,+1100,+1100,NEW,0,1,none
2025-06-22T08:12:49.679283,Nick Fortes,+1100,+1100,+1100,NEW,0,1,none
2025-06-22T08:12:49.679283,Adam Frazier,+1200,+1200,+1200,NEW,0,1,none
2025-06-22T08:12:49.679283,Josh Rojas,+1400,+1400,+1400,NEW,0,1,none
2025-06-22T08:12:49.679283,Isiah Kiner-Falefa,+1600,+1600,+1600,NEW,0,1,none
2025-06-22T08:12:49.679283,Xavier Edwards,+2200,+2200,+2200,NEW,0,1,none
2025-06-22T08:12:49.679283,Nick Allen,+2500,+2500,+2500,NEW,0,1,none
